company,row_index,diff
CMA-CGM,0,"Спец: [1, 2, 2, 3, 3, 3, 4, 3, 4] != Общий: [1, 1, 2, 2, 3, 3, 3, 3, 4]"
CMA-CGM,1,"Спец: [1, 3, 4, 3, 4] != Общий: [1, 3, 3, 3, 4]"
CMA-CGM,3,"Спец: [1, 2, 2, 3, 3, 4, 4, 3, 4] != Общий: [1, 1, 2, 2, 3, 3, 3, 3, 4]"
CMA-CGM,4,"Спец: [1, 2, 2, 3, 3, 4, 4, 3, 4] != Общий: [1, 1, 2, 2, 3, 3, 3, 3, 4]"
CMA-CGM,6,"Спец: [1, 2, 2, 3, 3, 4, 3, 4] != Общий: [1, 1, 2, 2, 3, 3, 3, 4]"
CMA-CGM,7,"Спец: [1, 2, 2, 3, 3, 4] != Общий: [1, 1, 2, 2, 3, 4]"
CMA-CGM,8,"Спец: [1, 2, 2, 3, 3, 4] != Общий: [1, 1, 2, 2, 3, 4]"
CMA-CGM,9,"Спец: [1, 2, 2, 3, 3, 4, 4] != Общий: [1, 1, 2, 2, 3, 3, 4]"
CMA-CGM,10,"Спец: [1, 3, 4, 3, 4] != Общий: [1, 3, 3, 3, 4]"
CMA-CGM,11,"Спец: [1, 2, 2, 3, 3, 4, 4, 5] != Общий: [1, 1, 2, 2, 3, 4, 4, 5]"
CMA-CGM,12,"Спец: [1, 2, 2, 3, 3, 4, 4, 4, 3, 4] != Общий: [1, 1, 2, 2, 3, 3, 3, 3, 3, 4]"
CMA-CGM,13,"Спец: [1, 2, 2, 3, 3, 4, 3, 4] != Общий: [1, 1, 2, 2, 3, 3, 3, 4]"
CMA-CGM,14,"Спец: [1, 2, 2, 3, 3, 4] != Общий: [1, 1, 2, 3, 3, 4]"
CMA-CGM,15,"Спец: [1, 2, 2, 3, 3, 3, 4, 4] != Общий: [1, 1, 2, 2, 3, 3, 3, 4]"
CMA-CGM,16,"Спец: [1, 2, 2, 3, 3, 4, 4] != Общий: [1, 1, 2, 2, 3, 4, 4]"
CMA-CGM,17,"Спец: [1, 2, 2, 3, 3, 4] != Общий: [1, 1, 2, 2, 3, 4]"
CMA-CGM,18,"Спец: [1, 2, 2, 3, 3, 4, 4, 5, 5] != Общий: [1, 1, 2, 2, 3, 4, 4, 4, 4]"
CMA-CGM,20,"Спец: [1, 2, 2, 3, 3, 4, 4, 5, 5] != Общий: [1, 1, 2, 3, 3, 4, 4, 5, 5]"
CMA-CGM,21,"Спец: [1, 2, 2, 3, 3, 4, 4, 3, 3, 4] != Общий: [1, 1, 2, 2, 3, 3, 3, 3, 3, 4]"
CMA-CGM,22,"Спец: [1, 2, 2, 3, 3, 4, 3, 4, 3, 4] != Общий: [1, 1, 2, 2, 3, 3, 3, 3, 3, 3]"
CMA-CGM,23,"Спец: [1, 2, 2, 3, 3, 4, 3, 4] != Общий: [1, 1, 2, 2, 3, 3, 3, 4]"
CMA-CGM,24,"Спец: [1, 2, 2, 3, 3, 3, 4, 3, 4] != Общий: [1, 1, 2, 2, 3, 3, 3, 3, 4]"
CMA-CGM,25,"Спец: [1, 2, 2, 3, 3, 4] != Общий: [1, 1, 2, 2, 3, 4]"
CMA-CGM,26,"Спец: [1, 2, 2, 3, 3, 4, 3, 4] != Общий: [1, 1, 2, 2, 3, 3, 3, 4]"
CMA-CGM,27,"Спец: [1, 2, 2, 3, 3, 4, 4, 5, 5] != Общий: [1, 1, 2, 2, 3, 4, 4, 5, 5]"
CMA-CGM,28,"Спец: [1, 2, 2, 3, 3, 4, 3, 4] != Общий: [1, 1, 2, 2, 3, 3, 3, 4]"
CMA-CGM,29,"Спец: [1, 2, 2, 3, 3, 4, 3, 4] != Общий: [1, 1, 2, 2, 3, 3, 3, 4]"
CMA-CGM,30,"Спец: [1, 2, 3, 4] != Общий: [1, 1, 3, 4]"
CMA-CGM,31,"Спец: [1, 2, 2, 3, 3, 4, 4, 3, 4] != Общий: [1, 1, 2, 2, 3, 3, 3, 3, 4]"
CMA-CGM,32,"Спец: [1, 2, 2, 3, 3, 4] != Общий: [1, 1, 2, 2, 3, 4]"
CMA-CGM,33,"Спец: [1, 2, 2, 3, 3, 4, 4, 5, 5] != Общий: [1, 1, 2, 2, 3, 4, 4, 5, 5]"
CMA-CGM,34,"Спец: [1, 2, 2, 3, 3, 4] != Общий: [1, 1, 2, 2, 3, 4]"
CMA-CGM,35,"Спец: [1, 2, 2, 3, 3, 4, 3, 4] != Общий: [1, 1, 2, 2, 3, 3, 3, 4]"
CMA-CGM,36,"Спец: [1, 1, 2, 3, 3, 4, 4, 5] != Общий: [1, 1, 2, 2, 3, 4, 4, 5]"
CMA-CGM,37,"Спец: [1, 2, 2, 3, 3, 4, 4] != Общий: [1, 1, 2, 2, 3, 4, 4]"
CMA-CGM,38,"Спец: [1, 2, 2, 3, 3, 4, 4, 5] != Общий: [1, 1, 2, 2, 3, 4, 4, 4]"
CMA-CGM,39,"Спец: [1, 2, 2, 3, 3, 4, 4, 3, 4] != Общий: [1, 1, 2, 2, 3, 3, 3, 3, 4]"
CMA-CGM,40,"Спец: [1, 2, 2, 3, 3, 4] != Общий: [1, 1, 2, 2, 3, 4]"
CMA-CGM,41,"Спец: [1, 2, 2, 3, 3, 4] != Общий: [1, 1, 2, 2, 3, 4]"
CMA-CGM,42,"Спец: [1, 1, 2, 3, 3, 4, 4] != Общий: [1, 1, 2, 2, 3, 4, 4]"
CMA-CGM,43,"Спец: [1, 2, 2, 3, 3, 4, 4, 3, 4] != Общий: [1, 1, 2, 2, 3, 3, 3, 3, 4]"
CMA-CGM,44,"Спец: [1, 2, 2, 3, 3, 4, 4, 3, 3, 4, 3, 4] != Общий: [1, 1, 2, 2, 3, 3, 3, 3, 3, 3, 3, 4]"
CMA-CGM,45,"Спец: [1, 2, 2, 3, 4] != Общий: [1, 1, 2, 3, 4]"
CMA-CGM,46,"Спец: [1, 2, 2, 3, 3, 4] != Общий: [1, 1, 2, 3, 3, 4]"
CMA-CGM,47,"Спец: [1, 2, 2, 3, 3, 4] != Общий: [1, 1, 2, 2, 3, 4]"
CMA-CGM,48,"Спец: [1, 2, 2, 3, 3, 4, 4, 3, 3, 4] != Общий: [1, 1, 2, 2, 3, 3, 3, 3, 3, 4]"
CMA-CGM,49,"Спец: [1, 2, 2, 3, 3, 4, 3, 4, 3, 4] != Общий: [1, 1, 2, 2, 3, 3, 3, 3, 3, 4]"
CMA-CGM,50,"Спец: [1, 2, 2, 3, 4] != Общий: [1, 1, 2, 3, 4]"
CMA-CGM,51,"Спец: [1, 2, 2, 3, 3, 4] != Общий: [1, 1, 2, 2, 3, 4]"
CMA-CGM,52,"Спец: [1, 2, 2, 3, 3, 4, 4, 3, 4] != Общий: [1, 1, 2, 2, 3, 3, 3, 3, 4]"
CMA-CGM,53,"Спец: [1, 2, 2, 3, 3, 4, 3, 4] != Общий: [1, 1, 2, 3, 3, 3, 3, 4]"
CMA-CGM,54,"Спец: [1, 2, 2, 3, 3, 4] != Общий: [1, 1, 2, 2, 3, 4]"
CMA-CGM,55,"Спец: [1, 2, 2, 3, 3, 4] != Общий: [1, 1, 2, 2, 3, 4]"
CMA-CGM,56,"Спец: [1, 2, 2, 3, 3, 4, 4, 5, 5, 5] != Общий: [1, 1, 2, 2, 3, 4, 4, 5, 5, 5]"
CMA-CGM,57,"Спец: [1, 2, 2, 3, 3, 4, 3, 4] != Общий: [1, 1, 2, 2, 3, 3, 3, 4]"
CMA-CGM,58,"Спец: [1, 2, 2, 3, 3, 4, 4, 4] != Общий: [1, 1, 2, 2, 3, 4, 5, 5]"
CMA-CGM,59,"Спец: [1, 2, 2, 3, 3, 4, 4, 3, 4] != Общий: [1, 1, 2, 2, 3, 3, 3, 3, 4]"
CMA-CGM,60,"Спец: [1, 2, 2, 3, 3, 4] != Общий: [1, 1, 2, 2, 3, 4]"
CMA-CGM,61,"Спец: [1, 2, 2, 3, 3, 4] != Общий: [1, 1, 2, 2, 3, 4]"
CMA-CGM,62,"Спец: [1, 2, 2, 3, 3, 4, 3, 4] != Общий: [1, 1, 2, 2, 3, 3, 3, 4]"
CMA-CGM,63,"Спец: [1, 2, 2, 3, 3, 4, 4, 3, 3, 4, 4, 3, 3, 4, 4, 5, 5] != Общий: [1, 1, 2, 2, 2, 3, 3, 3, 3, 3, 3, 3, 3, 4, 4, 5, 5]"
CMA-CGM,64,"Спец: [1, 2, 2, 3, 3, 4, 4, 3, 3, 4, 4, 5, 5] != Общий: [1, 1, 2, 2, 3, 3, 3, 3, 3, 4, 4, 5, 5]"
CMA-CGM,65,"Спец: [1, 2, 2, 3, 3, 4, 3, 4] != Общий: [1, 1, 2, 2, 3, 3, 3, 4]"
CMA-CGM,66,"Спец: [1, 2, 2, 3, 3, 4, 4] != Общий: [1, 1, 2, 2, 3, 4, 4]"
CMA-CGM,67,"Спец: [1, 2] != Общий: [1, 1]"
CMA-CGM,68,"Спец: [1, 2, 3, 4, 3, 4] != Общий: [1, 1, 3, 3, 3, 4]"
CMA-CGM,69,"Спец: [1, 2, 2, 3, 3, 4, 3, 4] != Общий: [1, 1, 2, 2, 3, 3, 3, 4]"
CMA-CGM,70,"Спец: [1, 2, 2, 3, 3, 4, 4, 3, 3, 4, 4, 5, 5, 5] != Общий: [1, 1, 2, 3, 3, 3, 3, 3, 3, 4, 4, 5, 5, 5]"
CMA-CGM,71,"Спец: [1, 2, 2, 3, 4] != Общий: [1, 1, 2, 3, 4]"
CMA-CGM,72,"Спец: [1, 2, 2, 3, 3, 4, 4, 3, 3, 4, 4, 4] != Общий: [1, 1, 2, 2, 3, 3, 3, 3, 3, 4, 4, 4]"
CMA-CGM,73,"Спец: [1, 2, 2, 3, 3, 4, 4, 3, 3, 4, 3, 4] != Общий: [1, 1, 2, 2, 3, 3, 3, 3, 3, 3, 3, 4]"
CMA-CGM,74,"Спец: [1, 2, 2, 3, 3, 4] != Общий: [1, 1, 2, 2, 3, 4]"
CMA-CGM,75,"Спец: [1, 2, 2, 3, 3, 4] != Общий: [1, 1, 2, 2, 3, 4]"
CMA-CGM,76,"Спец: [1, 2, 2, 3, 3, 4] != Общий: [1, 1, 2, 2, 3, 4]"
CMA-CGM,77,"Спец: [1, 2, 2, 3, 3, 4, 4, 3, 3, 4] != Общий: [1, 1, 2, 2, 3, 3, 3, 3, 3, 4]"
CMA-CGM,78,"Спец: [1, 2, 2, 3, 3, 4] != Общий: [1, 1, 2, 2, 3, 4]"
CMA-CGM,79,"Спец: [1, 2, 2, 3, 3, 4] != Общий: [1, 1, 2, 2, 3, 4]"
CMA-CGM,80,"Спец: [1, 2, 2, 3, 3, 4] != Общий: [1, 1, 2, 2, 3, 4]"
CMA-CGM,81,"Спец: [1, 2, 2, 3, 3, 4] != Общий: [1, 1, 2, 2, 3, 4]"
CMA-CGM,82,"Спец: [1, 2, 2, 3, 3, 4] != Общий: [1, 1, 2, 2, 3, 4]"
CMA-CGM,83,"Спец: [1, 2, 2, 3, 3, 4] != Общий: [1, 1, 2, 2, 3, 4]"
CMA-CGM,84,"Спец: [1, 2, 2, 3, 3, 4, 4, 3, 3, 4] != Общий: [1, 1, 2, 2, 3, 3, 3, 3, 3, 4]"
CMA-CGM,85,"Спец: [1, 2, 2, 3, 3, 4, 3, 4] != Общий: [1, 1, 2, 2, 3, 3, 3, 4]"
CMA-CGM,86,"Спец: [1, 2, 2, 3, 3, 4, 3, 4] != Общий: [1, 1, 2, 2, 3, 3, 3, 4]"
CMA-CGM,87,"Спец: [1, 2, 2, 3, 3, 4, 3, 4] != Общий: [1, 1, 2, 2, 3, 3, 3, 4]"
CMA-CGM,88,"Спец: [1, 2, 2, 3, 3, 4, 3, 4] != Общий: [1, 1, 2, 2, 3, 3, 3, 4]"
CMA-CGM,89,"Спец: [1, 2, 2, 3, 3, 4, 4, 3, 4] != Общий: [1, 1, 2, 2, 3, 3, 3, 3, 4]"
CMA-CGM,90,"Спец: [1, 2, 2, 3, 3, 4] != Общий: [1, 1, 2, 2, 3, 4]"
CMA-CGM,91,"Спец: [1, 2, 2, 3, 3, 4, 3, 4] != Общий: [1, 1, 2, 2, 3, 3, 3, 4]"
CMA-CGM,92,"Спец: [1, 2, 2, 3, 3, 4, 4, 5] != Общий: [1, 1, 2, 2, 3, 4, 4, 5]"
CMA-CGM,93,"Спец: [1, 2, 2, 3, 3, 4, 4] != Общий: [1, 1, 2, 2, 3, 4, 4]"
CMA-CGM,95,"Спец: [1, 2, 2, 3, 3, 4, 3, 4] != Общий: [1, 1, 2, 2, 3, 3, 3, 4]"
CMA-CGM,96,"Спец: [1, 2, 2, 3, 3, 4, 4, 5, 5] != Общий: [1, 1, 2, 3, 3, 4, 4, 5, 5]"
CMA-CGM,97,"Спец: [1, 2, 2, 3, 3, 3, 4, 4] != Общий: [1, 1, 2, 2, 3, 3, 3, 4]"
CMA-CGM,98,"Спец: [1, 2, 2, 3, 3, 4, 3, 4] != Общий: [1, 1, 2, 2, 3, 3, 3, 4]"
CMA-CGM,99,"Спец: [1, 2, 2, 3, 3, 4, 4, 3, 3, 4] != Общий: [1, 1, 2, 2, 3, 3, 3, 3, 3, 4]"
CMA-CGM,100,"Спец: [1, 2, 2, 3, 3, 4, 4, 3, 3, 4] != Общий: [1, 1, 2, 2, 3, 3, 3, 3, 3, 4]"
CMA-CGM,101,"Спец: [1, 2, 2, 3, 3, 4] != Общий: [1, 1, 2, 2, 3, 4]"
CMA-CGM,102,"Спец: [1, 2, 3, 4] != Общий: [1, 1, 3, 4]"
CMA-CGM,103,"Спец: [1, 2, 2, 3, 3, 4, 4, 3, 3, 3, 4] != Общий: [1, 1, 2, 2, 3, 3, 3, 3, 3, 3, 4]"
CMA-CGM,104,"Спец: [1, 2, 2, 3, 3, 4, 4, 3, 3, 4] != Общий: [1, 1, 2, 2, 3, 3, 3, 3, 3, 4]"
CMA-CGM,105,"Спец: [1, 2, 2, 3, 3, 4, 4, 3, 3, 4, 4, 5, 5, 5] != Общий: [1, 1, 2, 2, 3, 3, 3, 3, 3, 4, 4, 5, 5, 5]"
CMA-CGM,106,"Спец: [1, 2, 2, 3, 3, 4] != Общий: [1, 1, 2, 2, 3, 4]"
CMA-CGM,107,"Спец: [1, 2, 2, 3, 3, 4, 3, 4] != Общий: [1, 1, 2, 3, 3, 3, 3, 4]"
CMA-CGM,108,"Спец: [1, 2, 2, 3, 3, 4, 3, 4] != Общий: [1, 1, 2, 2, 3, 3, 3, 3]"
CMA-CGM,109,"Спец: [1, 2, 2, 3, 3, 4, 4, 5, 5] != Общий: [1, 1, 2, 2, 3, 4, 4, 5, 5]"
CMA-CGM,110,"Спец: [1, 2, 2, 3, 3, 4] != Общий: [1, 1, 2, 2, 3, 4]"
CMA-CGM,111,"Спец: [1, 2, 2, 3, 3, 4, 4, 5, 5] != Общий: [1, 1, 2, 2, 3, 4, 4, 5, 5]"
CMA-CGM,113,"Спец: [1, 3, 4, 3, 4] != Общий: [1, 3, 3, 3, 3]"
CMA-CGM,114,"Спец: [1, 2, 2, 3, 3, 4, 4, 5, 5] != Общий: [1, 1, 2, 2, 3, 4, 4, 5, 5]"
CMA-CGM,115,"Спец: [1, 2, 2, 3, 3, 4] != Общий: [1, 1, 2, 3, 3, 4]"
CMA-CGM,116,"Спец: [1, 2, 2, 3, 3, 4] != Общий: [1, 1, 2, 2, 3, 4]"
CMA-CGM,117,"Спец: [1, 2, 2, 3, 3, 4, 3, 4] != Общий: [1, 1, 2, 2, 3, 3, 3, 4]"
CMA-CGM,118,"Спец: [1, 2, 2, 3, 3, 4, 4, 3, 3, 4] != Общий: [1, 1, 2, 2, 3, 3, 3, 3, 3, 4]"
CMA-CGM,119,"Спец: [1, 2, 2, 3, 3, 4] != Общий: [1, 1, 2, 2, 3, 4]"
CMA-CGM,120,"Спец: [1, 2, 2, 3, 3, 4] != Общий: [1, 1, 2, 2, 3, 4]"
CMA-CGM,121,"Спец: [1, 2, 2, 3, 3, 4, 3, 4] != Общий: [1, 1, 2, 2, 3, 3, 3, 4]"
CMA-CGM,122,"Спец: [1, 2, 2, 3, 3, 4] != Общий: [1, 1, 2, 3, 3, 4]"
CMA-CGM,123,"Спец: [1, 2, 2, 3, 3, 4, 4, 3, 3, 4, 4] != Общий: [1, 1, 2, 2, 3, 3, 3, 3, 3, 4, 4]"
CMA-CGM,124,"Спец: [1, 2, 2, 3, 3, 4, 3, 4] != Общий: [1, 1, 2, 2, 3, 3, 3, 4]"
CMA-CGM,125,"Спец: [1, 2, 2, 3, 4, 3, 4] != Общий: [1, 1, 2, 3, 3, 3, 4]"
CMA-CGM,126,"Спец: [1, 2, 2, 3, 3, 3, 4, 3, 4] != Общий: [1, 1, 2, 2, 3, 3, 3, 3, 4]"
CMA-CGM,127,"Спец: [1, 2, 2, 3, 3, 4] != Общий: [1, 1, 2, 2, 3, 4]"
CMA-CGM,129,"Спец: [1, 2, 2, 3, 3, 4, 4, 5, 5] != Общий: [1, 1, 2, 2, 3, 4, 4, 5, 5]"
CMA-CGM,130,"Спец: [1, 2, 2, 3, 3, 4, 3, 4] != Общий: [1, 1, 2, 2, 3, 3, 3, 4]"
CMA-CGM,131,"Спец: [1, 2, 2, 3, 3, 4, 4, 5, 5] != Общий: [1, 1, 2, 2, 3, 4, 4, 5, 5]"
CMA-CGM,132,"Спец: [1, 3, 4, 3, 4] != Общий: [1, 3, 3, 3, 4]"
CMA-CGM,133,"Спец: [1, 2, 2, 3, 3, 4, 4, 5, 5] != Общий: [1, 1, 2, 2, 3, 4, 4, 5, 5]"
CMA-CGM,134,"Спец: [1, 2, 2, 3, 3, 4, 3, 4, 3, 4] != Общий: [1, 1, 2, 2, 3, 3, 3, 3, 3, 3]"
CMA-CGM,135,"Спец: [1, 2, 2, 3, 3, 4, 4, 3, 3, 4, 4, 5, 5] != Общий: [1, 1, 2, 2, 3, 3, 3, 3, 3, 4, 4, 5, 5]"
CMA-CGM,136,"Спец: [1, 2, 2, 3, 3, 4] != Общий: [1, 1, 2, 2, 3, 4]"
CMA-CGM,137,"Спец: [1, 2, 2, 3, 3, 3, 4, 4] != Общий: [1, 1, 2, 2, 3, 3, 3, 4]"
CMA-CGM,138,"Спец: [1, 2, 2, 3, 3, 4] != Общий: [1, 1, 2, 2, 3, 4]"
CMA-CGM,139,"Спец: [1, 2, 2, 3, 3, 4, 3, 4, 3, 4] != Общий: [1, 1, 2, 2, 3, 3, 3, 3, 3, 4]"
CMA-CGM,140,"Спец: [1, 2, 2, 3, 3, 4] != Общий: [1, 1, 2, 2, 3, 4]"
CMA-CGM,141,"Спец: [1, 2, 2, 3, 3, 4, 3, 4] != Общий: [1, 1, 2, 2, 3, 3, 3, 4]"
CMA-CGM,142,"Спец: [1, 2, 2, 3, 3, 4, 3, 4] != Общий: [1, 1, 2, 2, 3, 3, 3, 4]"
CMA-CGM,143,"Спец: [1, 2, 2, 3, 3, 4, 4, 5] != Общий: [1, 1, 2, 2, 3, 4, 4, 5]"
CMA-CGM,144,"Спец: [1, 2, 2, 3, 3, 4, 4] != Общий: [1, 1, 2, 2, 3, 4, 4]"
CMA-CGM,145,"Спец: [1, 2, 2, 3, 3, 4] != Общий: [1, 1, 2, 2, 3, 4]"
CMA-CGM,146,"Спец: [1, 2, 2, 3, 3, 4, 4, 3, 3, 4] != Общий: [1, 1, 2, 2, 3, 3, 3, 3, 3, 4]"
CMA-CGM,147,"Спец: [1, 2, 2, 3, 3, 4, 4, 5, 5] != Общий: [1, 1, 2, 3, 3, 4, 4, 5, 5]"
CMA-CGM,148,"Спец: [1, 2, 2, 3, 3, 4, 4] != Общий: [1, 1, 2, 2, 3, 4, 4]"
CMA-CGM,149,"Спец: [1, 2, 2, 3, 3, 4] != Общий: [1, 1, 2, 2, 3, 4]"
CMA-CGM,150,"Спец: [1, 2, 2, 3, 3, 4] != Общий: [1, 1, 2, 2, 3, 4]"
CMA-CGM,151,"Спец: [1, 2, 2, 3, 3, 4] != Общий: [1, 1, 2, 2, 3, 4]"
CMA-CGM,152,"Спец: [1, 2, 2, 3, 3, 4, 4, 3, 3, 4, 4, 4, 5, 5] != Общий: [1, 1, 2, 2, 3, 3, 3, 3, 3, 4, 4, 4, 4, 4]"
CMA-CGM,153,"Спец: [1, 2, 2, 3, 3, 4, 4, 3, 3, 4, 4, 5, 5, 5, 5] != Общий: [1, 1, 2, 2, 3, 3, 3, 3, 3, 4, 4, 5, 5, 5, 5]"
CMA-CGM,154,"Спец: [1, 2, 2, 3, 3, 4, 4, 5, 5] != Общий: [1, 1, 2, 2, 3, 4, 4, 5, 5]"
CMA-CGM,155,"Спец: [1, 2, 2, 3, 3, 4] != Общий: [1, 1, 2, 2, 3, 4]"
CMA-CGM,156,"Спец: [1, 3, 4, 3, 4] != Общий: [1, 3, 3, 3, 4]"
CMA-CGM,157,"Спец: [1, 2, 2, 3, 3, 4, 4, 3, 3, 4] != Общий: [1, 1, 2, 2, 3, 3, 3, 3, 3, 4]"
CMA-CGM,158,"Спец: [1, 2, 2, 3, 3, 4, 4, 3, 3, 4, 4, 5, 5, 5, 5] != Общий: [1, 1, 2, 2, 3, 3, 3, 3, 3, 4, 4, 5, 5, 5, 5]"
CMA-CGM,159,"Спец: [1, 1, 2, 3, 3, 4, 4, 5] != Общий: [1, 1, 2, 2, 3, 4, 4, 5]"
CMA-CGM,160,"Спец: [1, 2, 3, 4, 3, 4] != Общий: [1, 1, 3, 3, 3, 4]"
CMA-CGM,161,"Спец: [1, 2, 2, 3, 3, 4] != Общий: [1, 1, 2, 2, 3, 4]"
CMA-CGM,162,"Спец: [1, 2, 2, 3, 3, 4, 3, 4] != Общий: [1, 1, 2, 2, 3, 3, 3, 4]"
CMA-CGM,163,"Спец: [1, 2, 2, 3, 3, 4, 4] != Общий: [1, 1, 2, 2, 3, 4, 4]"
CMA-CGM,164,"Спец: [1, 2, 2, 3, 3, 4] != Общий: [1, 1, 2, 3, 3, 4]"
CMA-CGM,165,"Спец: [1, 1, 2, 3, 3, 4, 4, 5] != Общий: [1, 1, 2, 2, 3, 4, 4, 5]"
CMA-CGM,166,"Спец: [1, 2, 2, 3, 3, 4, 4] != Общий: [1, 1, 2, 2, 3, 4, 3]"
CMA-CGM,167,"Спец: [1, 2, 2, 3, 3, 4, 3, 4] != Общий: [1, 1, 2, 2, 3, 3, 3, 4]"
CMA-CGM,168,"Спец: [1, 2, 2, 3, 3, 4] != Общий: [1, 1, 2, 2, 3, 4]"
CMA-CGM,169,"Спец: [1, 2, 2, 3, 3, 4, 4, 3, 3, 4, 3, 4, 3, 4] != Общий: [1, 1, 2, 2, 3, 3, 3, 3, 3, 3, 3, 3, 3, 4]"
CMA-CGM,170,"Спец: [1, 2, 2, 3, 3, 4, 4, 5, 5] != Общий: [1, 1, 2, 2, 3, 4, 4, 5, 5]"
CMA-CGM,171,"Спец: [1, 2, 2, 3, 3, 4, 4, 5, 5, 5, 5] != Общий: [1, 1, 2, 2, 3, 4, 4, 5, 5, 5, 5]"
CMA-CGM,172,"Спец: [1, 2, 2, 3, 3, 4, 3, 4] != Общий: [1, 1, 2, 2, 3, 3, 3, 4]"
CMA-CGM,174,"Спец: [1, 2, 2, 3, 3, 4, 4, 5] != Общий: [1, 1, 2, 2, 3, 4, 4, 5]"
CMA-CGM,175,"Спец: [1, 2, 2, 3, 3, 4, 3, 4] != Общий: [1, 1, 2, 2, 3, 3, 3, 4]"
CMA-CGM,176,"Спец: [1, 2, 2, 3, 3, 4, 4, 5, 5] != Общий: [1, 1, 2, 2, 3, 4, 4, 5, 5]"
CMA-CGM,177,"Спец: [1, 2, 2, 3, 3, 4, 4, 5, 5] != Общий: [1, 1, 2, 2, 3, 4, 4, 5, 5]"
CMA-CGM,178,"Спец: [1, 2, 2, 3, 3, 4, 4, 3, 4] != Общий: [1, 1, 2, 2, 3, 3, 3, 3, 4]"
CMA-CGM,179,"Спец: [1, 2, 2, 3, 3, 4, 4, 3, 3, 4] != Общий: [1, 1, 2, 2, 3, 3, 3, 3, 3, 4]"
CMA-CGM,180,"Спец: [1, 2, 2, 3, 3, 3, 4, 4] != Общий: [1, 1, 2, 2, 3, 3, 3, 4]"
CMA-CGM,181,"Спец: [1, 2, 2, 3, 3, 4, 4, 5] != Общий: [1, 1, 2, 2, 3, 4, 4, 4]"
CMA-CGM,182,"Спец: [1, 2, 2, 3, 3, 4, 3, 4] != Общий: [1, 1, 2, 2, 3, 3, 3, 4]"
CMA-CGM,183,"Спец: [1, 2, 2, 3, 3, 4, 3, 4] != Общий: [1, 1, 2, 2, 3, 3, 3, 4]"
CMA-CGM,184,"Спец: [1, 2, 2, 3, 3, 3, 4, 4] != Общий: [1, 1, 2, 2, 3, 3, 3, 4]"
CMA-CGM,185,"Спец: [1, 2, 2, 3, 3, 4] != Общий: [1, 1, 2, 2, 3, 4]"
CMA-CGM,186,"Спец: [1, 2, 2, 3, 3, 4, 4, 3, 3, 4, 4, 5, 5] != Общий: [1, 1, 2, 2, 3, 3, 3, 3, 3, 4, 4, 5, 5]"
CMA-CGM,187,"Спец: [1, 2, 2, 3, 3, 4, 4, 5, 5] != Общий: [1, 1, 2, 3, 3, 4, 4, 5, 5]"
CMA-CGM,188,"Спец: [1, 2, 2, 3, 3, 4, 4, 3, 4] != Общий: [1, 1, 2, 2, 3, 3, 3, 3, 4]"
CMA-CGM,189,"Спец: [1, 2, 2, 3, 3, 4] != Общий: [1, 1, 2, 2, 3, 4]"
CMA-CGM,190,"Спец: [1, 2, 2, 3, 3, 4, 4] != Общий: [1, 1, 2, 2, 3, 3, 3]"
CMA-CGM,191,"Спец: [1, 2, 2, 3, 3, 4, 3, 4, 3, 4] != Общий: [1, 1, 2, 2, 3, 3, 3, 3, 3, 3]"
CMA-CGM,192,"Спец: [1, 2, 2, 3, 3, 4, 4, 3, 3, 4] != Общий: [1, 1, 2, 2, 3, 3, 3, 3, 3, 4]"
CMA-CGM,193,"Спец: [1, 2, 2, 3, 3, 4, 4, 5] != Общий: [1, 1, 2, 2, 3, 4, 4, 4]"
CMA-CGM,194,"Спец: [1, 2, 2, 3, 3, 4, 4, 5, 5] != Общий: [1, 1, 2, 2, 3, 4, 4, 4, 4]"
CMA-CGM,195,"Спец: [1, 2, 3, 4, 3, 4] != Общий: [1, 1, 3, 3, 3, 4]"
CMA-CGM,196,"Спец: [1, 2, 2, 3, 3, 4] != Общий: [1, 1, 2, 2, 3, 4]"
CMA-CGM,197,"Спец: [1, 2, 2, 3, 3, 4] != Общий: [1, 1, 2, 2, 3, 4]"
CMA-CGM,198,"Спец: [1, 2, 2, 3, 3, 4, 4, 3, 4] != Общий: [1, 1, 2, 2, 3, 4, 4, 5, 5]"
CMA-CGM,199,"Спец: [1, 2, 2, 3, 3, 4] != Общий: [1, 1, 2, 2, 3, 4]"
CMA-CGM,200,"Спец: [1, 2, 2, 3, 3, 4] != Общий: [1, 1, 2, 2, 3, 4]"
CMA-CGM,201,"Спец: [1, 2, 2, 3, 3, 4, 4, 3, 3, 4, 4] != Общий: [1, 1, 2, 2, 3, 3, 3, 3, 3, 4, 4]"
CMA-CGM,202,"Спец: [1, 3, 4, 3, 4] != Общий: [1, 3, 3, 3, 4]"
CMA-CGM,203,"Спец: [1, 2, 2, 3, 3, 4, 4, 5, 5] != Общий: [1, 1, 2, 2, 3, 4, 4, 5, 5]"
CMA-CGM,204,"Спец: [1, 2, 2, 3, 3, 4, 3, 4] != Общий: [1, 1, 2, 2, 3, 3, 3, 4]"
CMA-CGM,205,"Спец: [1, 2, 2, 3, 3, 4, 4, 4, 3, 4] != Общий: [1, 1, 2, 2, 3, 3, 3, 3, 3, 4]"
CMA-CGM,207,"Спец: [1, 2, 2, 3, 3, 4, 4, 3, 3, 4, 4, 5, 5] != Общий: [1, 1, 2, 2, 3, 3, 3, 3, 3, 4, 4, 5, 5]"
CMA-CGM,208,"Спец: [1, 2, 2, 3, 3, 4] != Общий: [1, 1, 2, 2, 3, 4]"
CMA-CGM,209,"Спец: [1, 2, 2, 3, 3, 4, 3, 4] != Общий: [1, 1, 2, 2, 3, 3, 3, 4]"
CMA-CGM,210,"Спец: [1, 2, 2, 3, 3, 4, 4, 5, 5] != Общий: [1, 1, 2, 2, 3, 4, 4, 5, 5]"
CMA-CGM,211,"Спец: [1, 3, 4, 3, 4] != Общий: [1, 3, 3, 3, 4]"
CMA-CGM,212,"Спец: [1, 2, 2, 3, 3, 4, 3, 4, 3, 4] != Общий: [1, 1, 2, 2, 3, 3, 3, 3, 3, 4]"
CMA-CGM,213,"Спец: [1, 2, 2, 3, 3, 4] != Общий: [1, 1, 2, 2, 3, 4]"
CMA-CGM,214,"Спец: [1, 2, 2, 3, 3, 3, 4, 4] != Общий: [1, 1, 2, 2, 3, 3, 4, 4]"
CMA-CGM,215,"Спец: [1, 2, 2, 3, 3, 4, 4, 5, 5] != Общий: [1, 1, 2, 2, 3, 4, 4, 5, 5]"
CMA-CGM,216,"Спец: [1, 2, 2, 3, 3, 4] != Общий: [1, 1, 2, 2, 3, 4]"
CMA-CGM,217,"Спец: [1, 2, 2, 3, 3, 4, 4, 5, 5] != Общий: [1, 1, 2, 2, 3, 4, 4, 5, 5]"
CMA-CGM,218,"Спец: [1, 2, 2, 3, 3, 4, 3, 4] != Общий: [1, 1, 2, 2, 3, 3, 3, 4]"
CMA-CGM,219,"Спец: [1, 2, 3, 3, 4, 4, 3, 4] != Общий: [1, 2, 2, 3, 3, 3, 3, 4]"
CMA-CGM,220,"Спец: [1, 2, 2, 3, 3, 4, 3, 4] != Общий: [1, 1, 2, 2, 3, 3, 3, 4]"
CMA-CGM,221,"Спец: [1, 2, 2, 3, 3, 4, 3, 4, 3, 4, 3, 4] != Общий: [1, 1, 2, 2, 3, 3, 3, 3, 3, 3, 3, 3]"
CMA-CGM,222,"Спец: [1, 2, 2, 3, 3, 4, 4, 3, 3, 4] != Общий: [1, 1, 2, 2, 3, 3, 3, 3, 3, 4]"
CMA-CGM,223,"Спец: [1, 2, 2, 3, 3, 4, 4, 3, 3, 4] != Общий: [1, 1, 2, 2, 3, 3, 3, 3, 3, 4]"
CMA-CGM,224,"Спец: [1, 1, 2, 3, 3, 4, 4, 3, 4, 4, 5] != Общий: [1, 1, 2, 2, 3, 3, 3, 3, 4, 4, 5]"
CMA-CGM,225,"Спец: [1, 2, 2, 3, 3, 4, 3, 4] != Общий: [1, 1, 2, 2, 3, 3, 3, 4]"
CMA-CGM,227,"Спец: [1, 2, 2, 3, 3, 4] != Общий: [1, 1, 2, 2, 3, 4]"
CMA-CGM,228,"Спец: [1, 2, 2, 3, 3, 4] != Общий: [1, 1, 2, 2, 3, 4]"
CMA-CGM,229,"Спец: [1, 2, 2, 3, 3, 4, 4, 5, 5] != Общий: [1, 1, 2, 2, 3, 4, 4, 5, 5]"
CMA-CGM,230,"Спец: [1, 2, 2, 3, 3, 4, 4, 4, 3, 4] != Общий: [1, 1, 2, 2, 3, 3, 3, 3, 3, 4]"
CMA-CGM,231,"Спец: [1, 2, 2, 3, 3, 4] != Общий: [1, 1, 2, 2, 3, 4]"
CMA-CGM,232,"Спец: [1, 2, 2, 3, 3, 4, 4] != Общий: [1, 1, 2, 2, 3, 4, 4]"
CMA-CGM,233,"Спец: [1, 2, 2, 3, 3, 4, 4, 5, 5] != Общий: [1, 1, 2, 2, 3, 4, 4, 5, 5]"
CMA-CGM,234,"Спец: [1, 2, 2, 3, 3, 4] != Общий: [1, 1, 2, 2, 3, 4]"
CMA-CGM,235,"Спец: [1, 3, 4, 3, 4] != Общий: [1, 3, 3, 3, 4]"
CMA-CGM,236,"Спец: [1, 2, 2, 3, 3, 4, 3, 4] != Общий: [1, 1, 2, 2, 3, 3, 3, 4]"
CMA-CGM,237,"Спец: [1, 2, 2, 3, 3, 4, 3, 4] != Общий: [1, 1, 2, 2, 3, 3, 3, 4]"
CMA-CGM,238,"Спец: [1, 2, 2, 3, 3, 4] != Общий: [1, 1, 2, 2, 3, 4]"
CMA-CGM,239,"Спец: [1, 2, 2, 3, 3, 4, 4] != Общий: [1, 1, 2, 2, 3, 4, 4]"
CMA-CGM,240,"Спец: [1, 2, 2, 3, 3, 4, 4, 5, 5] != Общий: [1, 1, 2, 2, 3, 4, 4, 5, 5]"
CMA-CGM,241,"Спец: [1, 2, 2, 3, 3, 4, 4, 3, 3, 4] != Общий: [1, 1, 2, 2, 3, 3, 3, 3, 3, 4]"
CMA-CGM,242,"Спец: [1, 2, 2, 3, 3, 4] != Общий: [1, 1, 2, 2, 3, 4]"
CMA-CGM,243,"Спец: [1, 2, 2, 3, 3, 4, 3, 4] != Общий: [1, 1, 2, 2, 3, 3, 3, 4]"
CMA-CGM,244,"Спец: [1, 2, 2, 3, 3, 4] != Общий: [1, 1, 2, 2, 3, 4]"
CMA-CGM,245,"Спец: [1, 2, 2, 3, 3, 4] != Общий: [1, 1, 2, 2, 3, 4]"
CMA-CGM,246,"Спец: [1, 3, 3, 3, 3, 3, 4, 3, 4] != Общий: [1, 3, 3, 3, 3, 3, 3, 3, 4]"
CMA-CGM,247,"Спец: [1, 2, 2, 3, 3, 4, 4, 3, 4, 4] != Общий: [1, 1, 2, 2, 3, 3, 3, 3, 4, 5]"
CMA-CGM,248,"Спец: [1, 2, 2, 3, 3, 4] != Общий: [1, 1, 2, 2, 3, 4]"
CMA-CGM,249,"Спец: [1, 2, 2, 3, 3, 4, 3, 4] != Общий: [1, 1, 2, 2, 3, 3, 3, 4]"
CMA-CGM,250,"Спец: [1, 1, 2, 3, 3, 4, 4, 5] != Общий: [1, 1, 2, 2, 3, 4, 4, 5]"
CMA-CGM,251,"Спец: [1, 2, 2, 3, 3, 4] != Общий: [1, 1, 2, 2, 3, 4]"
CMA-CGM,252,"Спец: [1, 2, 2, 3, 4, 3, 4] != Общий: [1, 1, 2, 3, 3, 3, 4]"
CMA-CGM,253,"Спец: [1, 2, 2, 3, 3, 4, 4, 3, 4] != Общий: [1, 1, 2, 2, 3, 3, 3, 3, 4]"
CMA-CGM,254,"Спец: [1, 2, 2, 3, 3, 4, 4, 5, 5] != Общий: [1, 1, 2, 2, 3, 4, 4, 5, 5]"
CMA-CGM,255,"Спец: [1, 2, 2, 3, 3, 4, 4, 3, 4] != Общий: [1, 1, 2, 2, 3, 3, 3, 3, 4]"
CMA-CGM,256,"Спец: [1, 2, 2, 3, 3, 4, 4, 3, 4] != Общий: [1, 1, 2, 3, 3, 3, 3, 3, 4]"
CMA-CGM,257,"Спец: [1, 2, 2, 3, 3, 4, 4, 3, 3, 4] != Общий: [1, 1, 2, 2, 3, 3, 3, 3, 3, 4]"
CMA-CGM,258,"Спец: [1, 2, 2, 3, 3, 4] != Общий: [1, 1, 2, 2, 3, 4]"
CMA-CGM,259,"Спец: [1, 2, 2, 3, 3, 4, 4] != Общий: [1, 1, 2, 2, 3, 4, 3]"
CMA-CGM,260,"Спец: [1, 2, 2, 3, 3, 4] != Общий: [1, 1, 2, 2, 3, 4]"
CMA-CGM,261,"Спец: [1, 2, 2, 3, 3, 4, 4] != Общий: [1, 1, 2, 2, 3, 4, 4]"
CMA-CGM,262,"Спец: [1, 2, 2, 3, 3, 4, 4, 5, 5] != Общий: [1, 1, 2, 2, 3, 4, 4, 5, 5]"
CMA-CGM,263,"Спец: [1, 2, 2, 3, 3, 4] != Общий: [1, 1, 2, 2, 3, 4]"
CMA-CGM,264,"Спец: [1, 2, 2, 3, 3, 4, 4, 3, 3, 4, 4, 4] != Общий: [1, 1, 2, 2, 3, 3, 3, 3, 3, 4, 4, 4]"
CMA-CGM,265,"Спец: [1, 2, 2, 3, 3, 4, 4, 5, 5] != Общий: [1, 1, 2, 2, 3, 4, 4, 5, 5]"
CMA-CGM,266,"Спец: [1, 2, 2, 3, 3, 4] != Общий: [1, 1, 2, 3, 3, 4]"
CMA-CGM,267,"Спец: [1, 2, 3, 4] != Общий: [1, 1, 3, 4]"
CMA-CGM,268,"Спец: [1, 2, 2, 3, 3, 4, 4, 3, 3, 4, 4, 5, 5, 5] != Общий: [1, 1, 2, 2, 3, 3, 3, 3, 3, 4, 4, 5, 5, 5]"
CMA-CGM,269,"Спец: [1, 2, 2, 3, 3, 4] != Общий: [1, 1, 2, 2, 3, 4]"
CMA-CGM,270,"Спец: [1, 2, 2, 3, 3, 4, 4, 5, 5, 5] != Общий: [1, 1, 2, 2, 3, 4, 4, 5, 5, 5]"
CMA-CGM,271,"Спец: [1, 2, 2, 3, 3, 4] != Общий: [1, 1, 2, 2, 3, 4]"
CMA-CGM,272,"Спец: [1, 2, 2, 3, 3, 4] != Общий: [1, 1, 2, 2, 3, 4]"
CMA-CGM,273,"Спец: [1, 2, 2, 3, 3, 4, 4, 3, 3, 4, 3, 4] != Общий: [1, 1, 2, 2, 3, 3, 3, 3, 3, 3, 3, 3]"
CMA-CGM,274,"Спец: [1, 2, 2, 3, 3, 4, 4, 5, 5] != Общий: [1, 1, 2, 2, 3, 4, 4, 5, 5]"
CMA-CGM,275,"Спец: [1, 2, 2, 3, 3, 4, 3, 4] != Общий: [1, 1, 2, 2, 3, 3, 3, 4]"
CMA-CGM,276,"Спец: [1, 2, 2, 3, 3, 4, 3, 4] != Общий: [1, 1, 2, 2, 3, 3, 3, 4]"
CMA-CGM,277,"Спец: [1, 2, 2, 3, 3, 4, 4] != Общий: [1, 1, 2, 2, 3, 4, 4]"
CMA-CGM,278,"Спец: [1, 2, 2, 3, 3, 3, 4, 4] != Общий: [1, 1, 2, 2, 3, 3, 3, 4]"
CMA-CGM,279,"Спец: [1, 2, 2, 3, 3, 4, 3, 4] != Общий: [1, 1, 2, 2, 3, 3, 3, 4]"
CMA-CGM,280,"Спец: [1, 2, 2, 3, 3, 4, 4, 5] != Общий: [1, 1, 2, 2, 3, 4, 4, 5]"
CMA-CGM,281,"Спец: [1, 2, 2, 3, 3, 4] != Общий: [1, 1, 2, 2, 3, 4]"
CMA-CGM,282,"Спец: [1, 2, 2, 3, 3, 4, 4, 3, 4] != Общий: [1, 1, 2, 2, 3, 3, 3, 3, 4]"
CMA-CGM,283,"Спец: [1, 2, 2, 3, 3, 3, 4, 4] != Общий: [1, 1, 2, 2, 3, 3, 3, 4]"
CMA-CGM,284,"Спец: [1, 2, 2, 3, 3, 4, 3, 4] != Общий: [1, 1, 2, 2, 3, 3, 3, 4]"
CMA-CGM,285,"Спец: [1, 2, 2, 3, 3, 4, 4, 3, 3, 4] != Общий: [1, 1, 2, 3, 3, 3, 3, 3, 3, 4]"
CMA-CGM,286,"Спец: [1, 1, 2, 3, 3, 4] != Общий: [1, 1, 2, 2, 3, 4]"
CMA-CGM,287,"Спец: [1, 2, 2, 3, 3, 4, 3, 4] != Общий: [1, 1, 2, 3, 3, 3, 3, 4]"
CMA-CGM,288,"Спец: [1, 2, 2, 3, 3, 4] != Общий: [1, 1, 2, 2, 3, 4]"
CMA-CGM,289,"Спец: [1, 2, 2, 3, 3, 4, 4, 3, 3, 4] != Общий: [1, 1, 2, 2, 3, 3, 3, 3, 3, 4]"
CMA-CGM,291,"Спец: [1, 2, 2, 3, 3, 4] != Общий: [1, 1, 2, 2, 3, 4]"
CMA-CGM,292,"Спец: [1, 2, 2, 3, 3, 4] != Общий: [1, 1, 2, 2, 3, 4]"
CMA-CGM,293,"Спец: [1, 2, 2, 3, 3, 4, 3, 4] != Общий: [1, 1, 2, 2, 3, 3, 3, 4]"
CMA-CGM,294,"Спец: [1, 2, 2, 3, 3, 4, 4, 3, 3, 4, 4, 5, 5] != Общий: [1, 1, 2, 2, 3, 3, 3, 3, 3, 4, 4, 5, 5]"
CMA-CGM,295,"Спец: [1, 2, 2, 3, 3, 4] != Общий: [1, 1, 2, 2, 3, 4]"
CMA-CGM,296,"Спец: [1, 2, 2, 3, 3, 4] != Общий: [1, 1, 2, 2, 3, 4]"
CMA-CGM,297,"Спец: [1, 2, 2, 3, 3, 4, 4, 3, 4] != Общий: [1, 1, 2, 2, 3, 3, 3, 3, 4]"
CMA-CGM,298,"Спец: [1, 2, 2, 3, 3, 4, 4, 3, 3, 4, 3, 4] != Общий: [1, 1, 2, 2, 3, 3, 3, 3, 3, 3, 3, 3]"
CMA-CGM,299,"Спец: [1, 2, 2, 3, 3, 4, 4, 5, 5] != Общий: [1, 1, 2, 2, 3, 4, 4, 5, 5]"
CMA-CGM,300,"Спец: [1, 2, 2, 3, 3, 4, 3, 4] != Общий: [1, 1, 2, 2, 3, 3, 3, 4]"
CMA-CGM,302,"Спец: [1, 2, 2, 3, 4] != Общий: [1, 1, 2, 3, 4]"
CMA-CGM,303,"Спец: [1, 2, 2, 3, 3, 4, 4, 3, 3, 4] != Общий: [1, 1, 2, 2, 3, 3, 3, 3, 3, 4]"
CMA-CGM,304,"Спец: [1, 2, 2, 3, 3, 4, 4, 3] != Общий: [1, 1, 2, 2, 3, 4, 4, 5]"
CMA-CGM,305,"Спец: [1, 2, 2, 3, 3, 4, 4, 5, 5] != Общий: [1, 1, 2, 2, 3, 4, 4, 5, 5]"
CMA-CGM,306,"Спец: [1, 2, 2, 3, 3, 4, 4, 5] != Общий: [1, 1, 2, 2, 3, 4, 4, 5]"
CMA-CGM,307,"Спец: [1, 2, 2, 3, 3, 4, 4, 5, 5] != Общий: [1, 1, 2, 2, 3, 4, 4, 5, 5]"
CMA-CGM,308,"Спец: [1, 2, 2, 3, 3, 4] != Общий: [1, 1, 2, 2, 3, 4]"
CMA-CGM,309,"Спец: [1, 2, 2, 3, 3, 4, 3, 4] != Общий: [1, 1, 2, 2, 3, 3, 3, 4]"
CMA-CGM,310,"Спец: [1, 2, 2, 3, 3, 3, 4, 3, 4] != Общий: [1, 1, 2, 2, 3, 3, 3, 3, 4]"
CMA-CGM,311,"Спец: [1, 2, 2, 3, 3, 4, 3, 4] != Общий: [1, 1, 2, 2, 3, 3, 3, 4]"
CMA-CGM,312,"Спец: [1, 2, 2, 3, 3, 4, 3, 4] != Общий: [1, 1, 2, 2, 3, 3, 3, 4]"
CMA-CGM,313,"Спец: [1, 2, 2, 3, 3, 4, 4, 3, 4, 3, 4] != Общий: [1, 1, 2, 2, 3, 3, 3, 3, 3, 3, 4]"
CMA-CGM,314,"Спец: [1, 2, 2, 3, 3, 4, 4, 5, 5] != Общий: [1, 1, 2, 2, 3, 4, 4, 5, 5]"
CMA-CGM,315,"Спец: [1, 2, 2, 3, 3, 4, 3, 4] != Общий: [1, 1, 2, 2, 3, 3, 3, 4]"
CMA-CGM,316,"Спец: [1, 2, 2, 3, 3, 4, 4, 3, 3, 4] != Общий: [1, 1, 2, 2, 3, 3, 3, 3, 3, 4]"
CMA-CGM,317,"Спец: [1, 2, 2, 3, 3, 4, 3, 4] != Общий: [1, 1, 2, 2, 3, 3, 3, 4]"
CMA-CGM,318,"Спец: [1, 2, 2, 3, 3, 4] != Общий: [1, 1, 2, 2, 3, 4]"
CMA-CGM,319,"Спец: [1, 2, 2, 3, 3, 4, 4, 3, 3, 4] != Общий: [1, 1, 2, 2, 3, 3, 3, 3, 3, 4]"
CMA-CGM,320,"Спец: [1, 2, 2, 3, 3, 4, 3, 4] != Общий: [1, 1, 2, 2, 3, 3, 3, 4]"
CMA-CGM,321,"Спец: [1, 2, 2, 3, 3, 4, 4, 5, 5] != Общий: [1, 1, 2, 3, 3, 4, 4, 5, 5]"
CMA-CGM,322,"Спец: [1, 2, 2, 3, 3, 4, 4, 5, 5] != Общий: [1, 1, 2, 3, 3, 4, 4, 5, 5]"
CMA-CGM,323,"Спец: [1, 2, 2, 3, 3, 4, 4, 5, 5] != Общий: [1, 1, 2, 2, 3, 4, 4, 5, 5]"
CMA-CGM,324,"Спец: [1, 2, 2, 3, 3, 4] != Общий: [1, 1, 2, 2, 3, 4]"
CMA-CGM,325,"Спец: [1, 2, 2, 3, 3, 4, 4] != Общий: [1, 1, 2, 2, 3, 4, 4]"
CMA-CGM,327,"Спец: [1, 2, 2, 3, 3, 4] != Общий: [1, 1, 2, 2, 3, 4]"
CMA-CGM,328,"Спец: [1, 2, 2, 3, 3, 4, 3, 4] != Общий: [1, 1, 2, 2, 3, 3, 3, 4]"
CMA-CGM,329,"Спец: [1, 1, 2, 3, 3, 4] != Общий: [1, 1, 2, 2, 3, 4]"
CMA-CGM,330,"Спец: [1, 2, 2, 3, 3, 4] != Общий: [1, 1, 2, 2, 3, 4]"
CMA-CGM,331,"Спец: [1, 2, 2, 3, 3, 4, 4, 5, 5, 5] != Общий: [1, 1, 2, 2, 3, 4, 4, 5, 5, 5]"
CMA-CGM,332,"Спец: [1, 2, 2, 3, 3, 4, 4, 5, 5] != Общий: [1, 1, 2, 2, 3, 4, 4, 5, 5]"
CMA-CGM,333,"Спец: [1, 2, 2, 3, 4] != Общий: [1, 1, 2, 3, 4]"
CMA-CGM,334,"Спец: [1, 3, 4, 3, 4] != Общий: [1, 3, 3, 3, 4]"
CMA-CGM,335,"Спец: [1, 2, 2, 3, 3, 4, 4, 3, 4] != Общий: [1, 1, 2, 2, 3, 3, 3, 3, 4]"
CMA-CGM,336,"Спец: [1, 3, 4, 3, 4] != Общий: [1, 3, 3, 3, 4]"
CMA-CGM,338,"Спец: [1, 2, 2, 3, 3, 4, 4, 3, 4] != Общий: [1, 1, 2, 2, 3, 3, 3, 3, 4]"
CMA-CGM,339,"Спец: [1, 2, 2, 3, 3, 4, 3, 4] != Общий: [1, 1, 2, 2, 3, 3, 3, 4]"
CMA-CGM,340,"Спец: [1, 2, 2, 3, 3, 4, 4] != Общий: [1, 1, 2, 2, 3, 4, 4]"
CMA-CGM,341,"Спец: [1, 1, 2, 3, 3, 4] != Общий: [1, 1, 2, 2, 3, 4]"
CMA-CGM,342,"Спец: [1, 2, 2, 3, 3, 4, 4, 3, 3, 4, 3, 4] != Общий: [1, 1, 2, 2, 3, 3, 3, 3, 3, 3, 3, 4]"
CMA-CGM,343,"Спец: [1, 2, 2, 3, 3, 4] != Общий: [1, 1, 2, 2, 3, 4]"
CMA-CGM,344,"Спец: [1, 2] != Общий: [1, 1]"
CMA-CGM,345,"Спец: [1, 2, 2, 3, 3, 4, 4, 3, 3, 4, 4, 3, 3, 4, 4, 5, 5] != Общий: [1, 1, 2, 2, 2, 3, 3, 3, 3, 3, 3, 3, 3, 4, 4, 5, 5]"
CMA-CGM,346,"Спец: [1, 2, 2, 3, 3, 4, 3, 4] != Общий: [1, 1, 2, 2, 3, 3, 3, 4]"
CMA-CGM,347,"Спец: [1, 2, 2, 3, 3, 4, 4, 3, 3, 4, 4, 5, 5] != Общий: [1, 1, 2, 2, 3, 3, 3, 3, 3, 4, 4, 5, 5]"
CMA-CGM,348,"Спец: [1, 2, 2, 3, 3, 4, 3, 4] != Общий: [1, 1, 2, 2, 3, 3, 3, 4]"
CMA-CGM,349,"Спец: [1, 2, 2, 3, 3, 4, 4] != Общий: [1, 1, 2, 2, 3, 4, 4]"
CMA-CGM,350,"Спец: [1, 2, 3, 4, 3, 4] != Общий: [1, 1, 3, 3, 3, 4]"
CMA-CGM,351,"Спец: [1, 2, 2, 3, 3, 4, 4, 3, 3, 4, 4, 5, 5, 5] != Общий: [1, 1, 2, 3, 3, 3, 3, 3, 3, 4, 4, 5, 5, 5]"
CMA-CGM,352,"Спец: [1, 2, 2, 3, 3, 4] != Общий: [1, 1, 2, 2, 3, 4]"
CMA-CGM,353,"Спец: [1, 2, 2, 3, 3, 4, 4, 3, 3, 4] != Общий: [1, 1, 2, 2, 3, 3, 3, 3, 3, 4]"
CMA-CGM,354,"Спец: [1, 2, 2, 3, 3, 4, 4, 3, 4] != Общий: [1, 1, 2, 2, 3, 3, 3, 3, 4]"
CMA-CGM,355,"Спец: [1, 2, 2, 3, 3, 4, 4, 5, 5, 5, 5] != Общий: [1, 1, 2, 2, 3, 4, 4, 5, 5, 5, 5]"
CMA-CGM,356,"Спец: [1, 2, 2, 3, 3, 4, 4, 3, 3, 4] != Общий: [1, 1, 2, 2, 3, 3, 3, 3, 3, 4]"
CMA-CGM,357,"Спец: [1, 2, 2, 3, 3, 4, 4, 3, 4] != Общий: [1, 1, 2, 2, 3, 3, 3, 3, 4]"
CMA-CGM,358,"Спец: [1, 2, 2, 3, 3, 4, 3, 4] != Общий: [1, 1, 2, 2, 3, 3, 3, 4]"
CMA-CGM,359,"Спец: [1, 2, 2, 3, 3, 4] != Общий: [1, 1, 2, 2, 3, 4]"
CMA-CGM,360,"Спец: [1, 2, 2, 3, 3, 3, 4] != Общий: [1, 1, 2, 2, 3, 3, 4]"
CMA-CGM,361,"Спец: [1, 2, 2, 3, 3, 4, 4, 3, 4] != Общий: [1, 1, 2, 2, 3, 3, 3, 3, 4]"
CMA-CGM,362,"Спец: [1, 2, 2, 3, 3, 4, 3, 4] != Общий: [1, 1, 2, 2, 3, 3, 3, 4]"
CMA-CGM,363,"Спец: [1, 2, 2, 3, 3, 4, 4, 3, 4, 3, 4] != Общий: [1, 1, 2, 2, 3, 3, 3, 3, 3, 3, 4]"
CMA-CGM,364,"Спец: [1, 2, 2, 3, 3, 4] != Общий: [1, 1, 2, 2, 3, 4]"
CMA-CGM,365,"Спец: [1, 2, 2, 3, 3, 4, 4] != Общий: [1, 1, 2, 3, 3, 4, 4]"
CMA-CGM,366,"Спец: [1, 2, 2, 3, 3, 4, 4] != Общий: [1, 1, 2, 2, 3, 4, 4]"
CMA-CGM,367,"Спец: [1, 2, 3, 3, 3, 4, 4, 3, 4] != Общий: [1, 2, 2, 3, 3, 3, 3, 3, 3]"
CMA-CGM,368,"Спец: [1, 2, 2, 3, 3, 4] != Общий: [1, 1, 2, 2, 3, 4]"
CMA-CGM,369,"Спец: [1, 2, 2, 3, 3, 4] != Общий: [1, 1, 2, 2, 3, 4]"
CMA-CGM,370,"Спец: [1, 2, 2, 3, 3, 4, 3, 4] != Общий: [1, 1, 2, 2, 3, 3, 3, 4]"
CMA-CGM,371,"Спец: [1, 2, 2, 3, 3, 4] != Общий: [1, 1, 2, 2, 3, 4]"
CMA-CGM,373,"Спец: [1, 2, 3, 4] != Общий: [1, 1, 3, 4]"
CMA-CGM,375,"Спец: [1, 2, 2, 3, 3, 4, 4, 3, 3, 4, 4, 5, 5] != Общий: [1, 1, 2, 2, 3, 3, 3, 3, 3, 4, 4, 5, 5]"
CMA-CGM,376,"Спец: [1, 2, 2, 3, 3, 4, 4, 5, 5] != Общий: [1, 1, 2, 2, 3, 4, 4, 5, 5]"
CMA-CGM,377,"Спец: [1, 2, 2, 3, 3, 4] != Общий: [1, 1, 2, 2, 3, 4]"
CMA-CGM,378,"Спец: [1, 2, 2, 3, 3, 4, 4, 3, 3, 4, 3, 4] != Общий: [1, 1, 2, 2, 3, 3, 3, 3, 3, 3, 3, 3]"
CMA-CGM,379,"Спец: [1, 2, 2, 3, 3, 4] != Общий: [1, 1, 2, 2, 3, 4]"
CMA-CGM,380,"Спец: [1, 2, 2, 3, 3, 4] != Общий: [1, 1, 2, 2, 3, 4]"
CMA-CGM,381,"Спец: [1, 2, 2, 3, 3, 4, 4, 5] != Общий: [1, 1, 2, 2, 3, 4, 4, 4]"
CMA-CGM,382,"Спец: [1, 2, 2, 3, 3, 4, 4, 3, 3, 4] != Общий: [1, 1, 2, 2, 3, 3, 3, 3, 3, 4]"
CMA-CGM,383,"Спец: [1, 2, 2, 3, 3, 4] != Общий: [1, 1, 2, 2, 3, 4]"
CMA-CGM,384,"Спец: [1, 2, 2, 3, 3, 4, 4] != Общий: [1, 1, 2, 2, 3, 4, 4]"
CMA-CGM,385,"Спец: [1, 2, 2, 3, 3, 4, 4] != Общий: [1, 1, 2, 2, 3, 4, 5]"
CMA-CGM,386,"Спец: [1, 2, 2, 3, 3, 4, 4, 3, 3, 4, 4] != Общий: [1, 1, 2, 2, 3, 3, 3, 3, 3, 4, 4]"
CMA-CGM,387,"Спец: [1, 2, 2, 3, 3, 4] != Общий: [1, 1, 2, 2, 3, 4]"
CMA-CGM,388,"Спец: [1, 1, 2, 3, 3, 4] != Общий: [1, 1, 2, 2, 3, 4]"
CMA-CGM,389,"Спец: [1, 2, 2, 3, 3, 4, 4, 3, 3, 4, 4, 5, 5, 5] != Общий: [1, 1, 2, 2, 3, 3, 3, 3, 3, 4, 4, 5, 5, 5]"
CMA-CGM,390,"Спец: [1, 2, 2, 3, 3, 4] != Общий: [1, 1, 2, 2, 3, 4]"
CMA-CGM,391,"Спец: [1, 2, 2, 3, 3, 4, 4, 5, 5] != Общий: [1, 1, 2, 2, 3, 4, 4, 5, 5]"
CMA-CGM,392,"Спец: [1, 2, 2, 3, 3, 4, 3, 4] != Общий: [1, 1, 2, 2, 3, 3, 3, 4]"
CMA-CGM,394,"Спец: [1, 2, 2, 3, 3, 4, 4, 5] != Общий: [1, 1, 2, 2, 3, 4, 4, 5]"
CMA-CGM,395,"Спец: [1, 2, 2, 3, 3, 4, 3, 4] != Общий: [1, 1, 2, 2, 3, 3, 3, 4]"
CMA-CGM,396,"Спец: [1, 2, 2, 3, 3, 4, 4, 3, 3, 4, 3, 4] != Общий: [1, 1, 2, 2, 3, 3, 3, 3, 3, 3, 3, 3]"
CMA-CGM,397,"Спец: [1, 2, 2, 3, 3, 4, 4, 3, 3, 4, 4, 4, 5, 5] != Общий: [1, 1, 2, 2, 3, 3, 3, 3, 3, 4, 4, 4, 4, 4]"
CMA-CGM,398,"Спец: [1, 2, 2, 3, 3, 4] != Общий: [1, 1, 2, 2, 3, 4]"
CMA-CGM,399,"Спец: [1, 2, 2, 3, 3, 4, 4, 3, 3, 4] != Общий: [1, 1, 2, 2, 3, 3, 3, 3, 3, 4]"
CMA-CGM,400,"Спец: [1, 2, 2, 3, 3, 4] != Общий: [1, 1, 2, 2, 3, 4]"
CMA-CGM,401,"Спец: [1, 2, 2, 3, 3, 4, 3, 4] != Общий: [1, 1, 2, 2, 3, 3, 3, 4]"
CMA-CGM,402,"Спец: [1, 2, 2, 3, 3, 4, 3, 4] != Общий: [1, 1, 2, 2, 3, 3, 3, 3]"
CMA-CGM,403,"Спец: [1, 2, 2, 3, 3, 4, 4, 5, 5] != Общий: [1, 1, 2, 3, 3, 4, 4, 5, 5]"
CMA-CGM,404,"Спец: [1, 2, 2, 3, 3, 4, 4, 3, 3, 4] != Общий: [1, 1, 2, 2, 3, 3, 3, 3, 3, 4]"
CMA-CGM,405,"Спец: [1, 2, 2, 3, 3, 4, 4, 3, 3, 4, 4, 3, 4] != Общий: [1, 1, 2, 2, 3, 3, 3, 3, 3, 3, 3, 3, 4]"
CMA-CGM,406,"Спец: [1, 2, 2, 3, 3, 4, 4, 3, 3, 4] != Общий: [1, 1, 2, 2, 3, 3, 3, 3, 3, 4]"
CMA-CGM,407,"Спец: [1, 2, 2, 3, 3, 4, 4, 5, 5] != Общий: [1, 1, 2, 2, 3, 4, 4, 5, 5]"
CMA-CGM,408,"Спец: [1, 2, 2, 3, 3, 4] != Общий: [1, 1, 2, 2, 3, 4]"
CMA-CGM,409,"Спец: [1, 2, 2, 3, 3, 4, 4, 3, 3, 4] != Общий: [1, 1, 2, 2, 3, 3, 3, 3, 3, 4]"
CMA-CGM,410,"Спец: [1, 2, 2, 3, 3, 4, 3, 4] != Общий: [1, 1, 2, 2, 3, 3, 3, 4]"
CMA-CGM,411,"Спец: [1, 2, 2, 3, 3, 4] != Общий: [1, 1, 2, 2, 3, 4]"
CMA-CGM,412,"Спец: [1, 2, 2, 3, 3, 4, 4, 5] != Общий: [1, 1, 2, 2, 3, 4, 4, 5]"
CMA-CGM,413,"Спец: [1, 1, 2, 3, 3, 4, 3, 4] != Общий: [1, 1, 2, 2, 3, 3, 3, 4]"
CMA-CGM,414,"Спец: [1, 2, 2, 3, 3, 4, 4, 5, 5] != Общий: [1, 1, 2, 3, 3, 4, 4, 5, 5]"
CMA-CGM,415,"Спец: [1, 2, 2, 3, 3, 4] != Общий: [1, 1, 2, 2, 3, 4]"
CMA-CGM,416,"Спец: [1, 2, 2, 3, 4] != Общий: [1, 1, 2, 3, 4]"
CMA-CGM,417,"Спец: [1, 2, 2, 3, 3, 3, 4, 4] != Общий: [1, 1, 2, 2, 3, 3, 3, 4]"
CMA-CGM,418,"Спец: [1, 2, 3, 4, 3, 4, 3, 4] != Общий: [1, 1, 3, 3, 3, 3, 3, 3]"
CMA-CGM,419,"Спец: [1, 2, 2, 3, 3, 4, 3, 4] != Общий: [1, 1, 2, 2, 3, 3, 3, 4]"
CMA-CGM,420,"Спец: [1, 2, 2, 3, 3, 4, 4, 3, 4] != Общий: [1, 1, 2, 2, 3, 4, 4, 5, 5]"
CMA-CGM,421,"Спец: [1, 2, 2, 3, 3, 4, 3, 4] != Общий: [1, 1, 2, 2, 3, 3, 3, 4]"
CMA-CGM,422,"Спец: [1, 3, 4, 3, 4, 3, 4] != Общий: [1, 3, 3, 3, 3, 3, 4]"
CMA-CGM,424,"Спец: [1, 2, 2, 3, 3, 4, 4, 4] != Общий: [1, 1, 2, 2, 3, 4, 4, 4]"
CMA-CGM,425,"Спец: [1, 2, 2, 3, 4] != Общий: [1, 1, 2, 3, 4]"
CMA-CGM,426,"Спец: [1, 2, 2, 3, 3, 4, 4, 3, 4] != Общий: [1, 1, 2, 2, 3, 3, 3, 3, 4]"
CMA-CGM,427,"Спец: [1, 2, 2, 3, 3, 4, 3, 4] != Общий: [1, 1, 2, 2, 3, 3, 3, 4]"
CMA-CGM,428,"Спец: [1, 2, 2, 3, 3, 4, 3, 4] != Общий: [1, 1, 2, 2, 3, 3, 3, 4]"
CMA-CGM,429,"Спец: [1, 2, 2, 3, 3, 4, 4, 3, 4] != Общий: [1, 1, 2, 2, 3, 3, 3, 3, 4]"
CMA-CGM,430,"Спец: [1, 2, 2, 3, 3, 4, 4, 5, 5] != Общий: [1, 1, 2, 3, 3, 4, 4, 5, 5]"
CMA-CGM,431,"Спец: [1, 2, 2, 3, 3, 4] != Общий: [1, 1, 2, 2, 3, 4]"
CMA-CGM,432,"Спец: [1, 2, 2, 3, 3, 4, 3, 4] != Общий: [1, 1, 2, 2, 3, 3, 3, 4]"
CMA-CGM,433,"Спец: [1, 2, 2, 3, 3, 4, 4, 5, 5] != Общий: [1, 1, 2, 2, 3, 4, 4, 5, 5]"
CMA-CGM,434,"Спец: [1, 2, 2, 3, 3, 4, 4, 3, 4] != Общий: [1, 1, 2, 2, 3, 3, 3, 3, 4]"
CMA-CGM,435,"Спец: [1, 2, 2, 3, 3, 4] != Общий: [1, 1, 2, 3, 3, 4]"
CMA-CGM,436,"Спец: [1, 2, 2, 3, 3, 4] != Общий: [1, 1, 2, 2, 3, 4]"
CMA-CGM,438,"Спец: [1, 2, 2, 3, 3, 4] != Общий: [1, 1, 2, 2, 3, 4]"
CMA-CGM,439,"Спец: [1, 2, 2, 3, 3, 4] != Общий: [1, 1, 2, 2, 3, 4]"
CMA-CGM,440,"Спец: [1, 2, 2, 3, 3, 4] != Общий: [1, 1, 2, 2, 3, 4]"
CMA-CGM,441,"Спец: [1, 2, 2, 3, 3, 4] != Общий: [1, 1, 2, 2, 3, 4]"
CMA-CGM,443,"Спец: [1, 2, 2, 3, 3, 4] != Общий: [1, 1, 2, 2, 3, 4]"
CMA-CGM,444,"Спец: [1, 2, 2, 3, 3, 4, 4, 3, 4] != Общий: [1, 1, 2, 3, 3, 3, 3, 3, 4]"
CMA-CGM,445,"Спец: [1, 2, 2, 3, 3, 4] != Общий: [1, 1, 2, 2, 3, 4]"
CMA-CGM,447,"Спец: [1, 2, 2, 3, 3, 4, 3, 4] != Общий: [1, 1, 2, 2, 3, 3, 3, 4]"
CMA-CGM,448,"Спец: [1, 2, 2, 3, 3, 4] != Общий: [1, 1, 2, 3, 3, 4]"
CMA-CGM,449,"Спец: [1, 2, 2, 3, 3, 4, 3, 4] != Общий: [1, 1, 2, 2, 3, 3, 3, 4]"
CMA-CGM,450,"Спец: [1, 3, 4, 3, 4] != Общий: [1, 3, 3, 3, 4]"
CMA-CGM,451,"Спец: [1, 2, 2, 3, 3, 3, 4, 4] != Общий: [1, 1, 2, 2, 3, 3, 3, 4]"
CMA-CGM,452,"Спец: [1, 2, 2, 3, 3, 4] != Общий: [1, 1, 2, 2, 3, 4]"
CMA-CGM,455,"Спец: [1, 2, 2, 3, 3, 4, 3, 4] != Общий: [1, 1, 2, 2, 3, 3, 3, 4]"
CMA-CGM,456,"Спец: [1, 2, 2, 3, 3, 4, 4, 3, 4] != Общий: [1, 1, 2, 2, 3, 3, 3, 3, 4]"
CMA-CGM,457,"Спец: [1, 2, 2, 3, 3, 4, 3, 4, 3, 4] != Общий: [1, 1, 2, 2, 3, 3, 3, 3, 3, 4]"
CMA-CGM,458,"Спец: [1, 2, 2, 3, 3, 4, 4, 3, 3, 4] != Общий: [1, 1, 2, 2, 3, 3, 3, 3, 3, 4]"
CMA-CGM,459,"Спец: [1, 2, 2, 3, 3, 4, 4] != Общий: [1, 1, 2, 2, 3, 4, 4]"
CMA-CGM,460,"Спец: [1, 2, 2, 3, 3, 4, 4, 3, 3, 4, 3, 4] != Общий: [1, 1, 2, 2, 3, 3, 3, 3, 3, 3, 3, 4]"
CMA-CGM,461,"Спец: [1, 2, 2, 3, 3, 4] != Общий: [1, 1, 2, 3, 3, 4]"
CMA-CGM,462,"Спец: [1, 2, 2, 3, 3, 4, 4, 3, 4] != Общий: [1, 1, 2, 2, 3, 3, 3, 3, 4]"
CMA-CGM,463,"Спец: [1, 2, 2, 3, 3, 4] != Общий: [1, 1, 2, 2, 3, 4]"
CMA-CGM,464,"Спец: [1, 2, 3, 4, 3, 4, 3, 4] != Общий: [1, 1, 3, 3, 3, 3, 3, 3]"
CMA-CGM,465,"Спец: [1, 2, 2, 3, 3, 4, 3, 4] != Общий: [1, 1, 2, 2, 3, 3, 3, 4]"
CMA-CGM,466,"Спец: [1, 2, 2, 3, 3, 4, 4, 5, 5] != Общий: [1, 1, 2, 2, 3, 4, 4, 5, 5]"
CMA-CGM,467,"Спец: [1, 2, 2, 3, 3, 4, 4, 5, 5] != Общий: [1, 1, 2, 3, 3, 4, 4, 5, 5]"
CMA-CGM,468,"Спец: [1, 2, 2, 3, 3, 4, 4] != Общий: [1, 1, 2, 2, 3, 4, 4]"
CMA-CGM,469,"Спец: [1, 2, 2, 3, 3, 3, 4, 3, 3, 4, 4, 3, 4] != Общий: [1, 1, 2, 2, 3, 3, 3, 3, 3, 3, 3, 3, 4]"
CMA-CGM,470,"Спец: [1, 2, 2, 3, 3, 4, 3, 4] != Общий: [1, 1, 2, 2, 3, 3, 3, 4]"
CMA-CGM,471,"Спец: [1, 2, 2, 3, 3, 4, 4, 3, 4] != Общий: [1, 1, 2, 2, 3, 3, 3, 3, 4]"
CMA-CGM,472,"Спец: [1, 2, 2, 3, 3, 4, 4, 3, 3, 4, 4, 5, 5] != Общий: [1, 1, 2, 2, 3, 3, 3, 3, 3, 4, 4, 5, 5]"
CMA-CGM,473,"Спец: [1, 2, 2, 3, 3, 4] != Общий: [1, 1, 2, 2, 3, 4]"
CMA-CGM,474,"Спец: [1, 2, 2, 3, 3, 4] != Общий: [1, 1, 2, 2, 3, 4]"
CMA-CGM,475,"Спец: [1, 2, 2, 3, 3, 3, 4, 4] != Общий: [1, 1, 2, 2, 3, 3, 3, 4]"
CMA-CGM,477,"Спец: [1, 2, 2, 3, 3, 4, 3, 4, 4] != Общий: [1, 1, 2, 2, 3, 3, 3, 3, 4]"
CMA-CGM,478,"Спец: [1, 2, 2, 3, 3, 4] != Общий: [1, 1, 2, 2, 3, 4]"
CMA-CGM,479,"Спец: [1, 2, 2, 3, 3, 4] != Общий: [1, 1, 2, 2, 3, 4]"
CMA-CGM,480,"Спец: [1, 2, 2, 3, 3, 4] != Общий: [1, 1, 2, 2, 3, 4]"
CMA-CGM,481,"Спец: [1, 2, 2, 3, 3, 4, 3, 4] != Общий: [1, 1, 2, 2, 3, 3, 3, 4]"
CMA-CGM,482,"Спец: [1, 2, 2, 3, 3, 4, 4, 3, 3, 4, 4, 4, 3, 4] != Общий: [1, 1, 2, 2, 3, 3, 3, 3, 3, 3, 3, 3, 3, 4]"
CMA-CGM,483,"Спец: [1, 2, 2, 3, 3, 4, 4, 5, 5] != Общий: [1, 1, 2, 2, 3, 4, 4, 5, 5]"
CMA-CGM,484,"Спец: [1, 2, 2, 3, 3, 4, 3, 4] != Общий: [1, 1, 2, 2, 3, 3, 3, 4]"
CMA-CGM,485,"Спец: [1, 2, 2, 3, 3, 4, 4] != Общий: [1, 1, 2, 2, 3, 4, 4]"
CMA-CGM,486,"Спец: [1, 2, 2, 3, 3, 4, 3, 4] != Общий: [1, 1, 2, 2, 3, 3, 3, 4]"
CMA-CGM,487,"Спец: [1, 2, 2, 3, 3, 4, 4, 5, 5] != Общий: [1, 1, 2, 2, 3, 4, 4, 5, 5]"
CMA-CGM,488,"Спец: [1, 3, 3, 4] != Общий: [1, 2, 3, 4]"
CMA-CGM,489,"Спец: [1, 2, 2, 3, 3, 4] != Общий: [1, 1, 2, 2, 3, 4]"
CMA-CGM,490,"Спец: [1, 2, 2, 3, 3, 4, 3, 4] != Общий: [1, 1, 2, 2, 3, 3, 3, 4]"
CMA-CGM,491,"Спец: [1, 2, 2, 3, 3, 4, 3, 4] != Общий: [1, 1, 2, 2, 3, 3, 3, 4]"
CMA-CGM,492,"Спец: [1, 2, 3, 4, 3, 4] != Общий: [1, 1, 3, 3, 3, 4]"
CMA-CGM,493,"Спец: [1, 2, 2, 3, 3, 4, 3, 4] != Общий: [1, 1, 2, 2, 3, 3, 3, 4]"
CMA-CGM,494,"Спец: [1, 2, 2, 3, 3, 4] != Общий: [1, 1, 2, 2, 3, 4]"
CMA-CGM,495,"Спец: [1, 2, 2, 3, 3, 4, 3, 4] != Общий: [1, 1, 2, 2, 3, 3, 3, 4]"
CMA-CGM,496,"Спец: [1, 2, 2, 3, 3, 4, 3, 4] != Общий: [1, 1, 2, 2, 3, 3, 3, 4]"
CMA-CGM,497,"Спец: [1, 2, 2, 3, 3, 4] != Общий: [1, 1, 2, 2, 3, 4]"
CMA-CGM,498,"Спец: [1, 2, 2, 3, 3, 3, 4, 4] != Общий: [1, 1, 2, 2, 3, 3, 3, 4]"
CMA-CGM,499,"Спец: [1, 2, 2, 3, 3, 4] != Общий: [1, 1, 2, 2, 3, 4]"
CMA-CGM,500,"Спец: [1, 2, 2, 3, 3, 4, 4] != Общий: [1, 1, 2, 2, 3, 4, 4]"
CMA-CGM,501,"Спец: [1, 2, 2, 3, 3, 4, 4, 3, 4] != Общий: [1, 1, 2, 2, 3, 3, 3, 3, 4]"
CMA-CGM,502,"Спец: [1, 2, 2, 3, 3, 4] != Общий: [1, 1, 2, 2, 3, 4]"
CMA-CGM,503,"Спец: [1, 2, 2, 3, 3, 4, 4, 3, 3, 4] != Общий: [1, 1, 2, 2, 3, 3, 3, 3, 3, 4]"
CMA-CGM,504,"Спец: [1, 2, 2, 3, 3, 4] != Общий: [1, 1, 2, 2, 3, 4]"
CMA-CGM,505,"Спец: [1, 2, 2, 3, 3, 4, 4, 3, 3, 4] != Общий: [1, 1, 2, 2, 3, 3, 3, 3, 3, 4]"
CMA-CGM,506,"Спец: [1, 2, 2, 3, 4] != Общий: [1, 1, 2, 3, 4]"
CMA-CGM,507,"Спец: [1, 2, 2, 3, 3, 4, 4, 3, 4] != Общий: [1, 1, 2, 2, 3, 3, 3, 3, 4]"
CMA-CGM,508,"Спец: [1, 2, 2, 3, 3, 4, 4, 3, 3, 4, 4, 5, 5, 5, 5] != Общий: [1, 1, 2, 2, 3, 3, 3, 3, 3, 4, 4, 5, 5, 5, 5]"
CMA-CGM,509,"Спец: [1, 2, 2, 3, 3, 4, 4, 5, 5] != Общий: [1, 1, 2, 2, 3, 4, 4, 5, 5]"
CMA-CGM,510,"Спец: [1, 2, 2, 3, 3, 4] != Общий: [1, 1, 2, 2, 3, 4]"
CMA-CGM,511,"Спец: [1, 2, 2, 3, 3, 4, 3, 4] != Общий: [1, 1, 2, 2, 3, 3, 3, 4]"
CMA-CGM,512,"Спец: [1, 2, 2, 3, 3, 4, 3, 4] != Общий: [1, 1, 2, 2, 3, 3, 3, 4]"
CMA-CGM,513,"Спец: [1, 2, 2, 3, 3, 4, 3, 4] != Общий: [1, 1, 2, 2, 3, 3, 3, 4]"
CMA-CGM,514,"Спец: [1, 2, 2, 3, 3, 4, 4, 3, 3, 4] != Общий: [1, 1, 2, 2, 3, 3, 3, 3, 3, 4]"
CMA-CGM,515,"Спец: [1, 1, 2, 3, 3, 4] != Общий: [1, 1, 2, 2, 3, 4]"
CMA-CGM,516,"Спец: [1, 2, 2, 3, 3, 4] != Общий: [1, 1, 2, 2, 3, 4]"
CMA-CGM,517,"Спец: [1, 2, 2, 3, 3, 4, 4] != Общий: [1, 1, 2, 2, 3, 4, 4]"
CMA-CGM,518,"Спец: [1, 2, 2, 3, 3, 4, 3, 4] != Общий: [1, 1, 2, 2, 3, 3, 3, 4]"
CMA-CGM,519,"Спец: [1, 2, 2, 3, 3, 4, 3, 4] != Общий: [1, 1, 2, 2, 3, 3, 3, 4]"
CMA-CGM,520,"Спец: [1, 2, 2, 3, 3, 4] != Общий: [1, 1, 2, 2, 3, 4]"
CMA-CGM,521,"Спец: [1, 2, 2, 3, 3, 4, 4, 3, 3, 4] != Общий: [1, 1, 2, 2, 3, 3, 3, 3, 3, 4]"
CMA-CGM,522,"Спец: [1, 2, 2, 3, 3, 4, 3, 4] != Общий: [1, 1, 2, 2, 3, 3, 3, 4]"
CMA-CGM,523,"Спец: [1, 2, 2, 3, 3, 4, 3, 4] != Общий: [1, 1, 2, 2, 3, 3, 3, 4]"
CMA-CGM,524,"Спец: [1, 2, 2, 3, 3, 4] != Общий: [1, 1, 2, 2, 3, 4]"
CMA-CGM,526,"Спец: [1, 2, 2, 3, 4, 5] != Общий: [1, 1, 2, 2, 3, 3]"
CMA-CGM,527,"Спец: [1, 2, 2, 3, 3, 4] != Общий: [1, 1, 2, 2, 3, 4]"
CMA-CGM,528,"Спец: [1, 3, 4, 3, 4] != Общий: [1, 3, 3, 3, 4]"
CMA-CGM,529,"Спец: [1, 2, 2, 3, 3, 4] != Общий: [1, 1, 2, 2, 3, 4]"
CMA-CGM,530,"Спец: [1, 2, 2, 3, 3, 4, 4, 3, 4] != Общий: [1, 1, 2, 2, 3, 3, 3, 3, 4]"
CMA-CGM,531,"Спец: [1, 2, 2, 3, 3, 4, 3, 4, 3, 4] != Общий: [1, 1, 2, 2, 3, 3, 3, 3, 3, 3]"
CMA-CGM,532,"Спец: [1, 2, 2, 3, 3, 4, 4, 3, 3, 4] != Общий: [1, 1, 2, 2, 3, 3, 3, 3, 3, 4]"
CMA-CGM,533,"Спец: [1, 2, 2, 3, 3, 4, 4] != Общий: [1, 1, 2, 2, 3, 4, 4]"
CMA-CGM,534,"Спец: [1, 2, 3, 3, 4, 4, 3, 3, 4] != Общий: [1, 1, 2, 3, 3, 3, 3, 3, 4]"
CMA-CGM,535,"Спец: [1, 2, 2, 3, 3, 3, 3, 4, 4, 3, 3, 4, 3, 4, 4, 3, 4, 3, 4] != Общий: [1, 1, 2, 2, 2, 2, 3, 3, 3, 3, 3, 3, 3, 4, 3, 3, 3, 3, 3]"
CMA-CGM,536,"Спец: [1, 2, 2, 3, 3, 4, 4] != Общий: [1, 1, 2, 2, 3, 4, 4]"
CMA-CGM,537,"Спец: [1, 2, 2, 3, 3, 4, 4] != Общий: [1, 1, 2, 2, 3, 4, 4]"
CMA-CGM,538,"Спец: [1, 2, 2, 3, 3, 4, 4] != Общий: [1, 1, 2, 2, 3, 4, 4]"
CMA-CGM,539,"Спец: [1, 2, 2, 3, 3, 4, 4] != Общий: [1, 1, 2, 2, 3, 4, 4]"
CMA-CGM,540,"Спец: [1, 2, 2, 3, 3, 4, 4] != Общий: [1, 1, 2, 2, 3, 4, 4]"
CMA-CGM,541,"Спец: [1, 2, 2, 3, 3, 4, 4, 3, 3, 4] != Общий: [1, 1, 2, 2, 3, 3, 3, 3, 3, 4]"
CMA-CGM,542,"Спец: [1, 2, 2, 3, 3, 4, 4, 3, 3, 4] != Общий: [1, 1, 2, 2, 3, 3, 3, 3, 3, 4]"
CMA-CGM,543,"Спец: [1, 2, 2, 3, 3, 4, 4, 3, 3, 4] != Общий: [1, 1, 2, 2, 3, 3, 3, 3, 3, 4]"
CMA-CGM,544,"Спец: [1, 2, 2, 3, 3, 4, 4, 3, 3, 4] != Общий: [1, 1, 2, 2, 3, 3, 3, 3, 3, 4]"
CMA-CGM,545,"Спец: [1, 2, 2, 3, 4] != Общий: [1, 1, 2, 3, 4]"
CMA-CGM,546,"Спец: [1, 2, 2, 3, 3, 4, 4, 3, 4, 3, 4] != Общий: [1, 1, 2, 2, 3, 3, 3, 3, 3, 3, 4]"
CMA-CGM,547,"Спец: [1, 2, 2, 3, 3, 4] != Общий: [1, 1, 2, 2, 3, 4]"
CMA-CGM,548,"Спец: [1, 2, 2, 3, 3, 4, 4, 5, 5] != Общий: [1, 1, 2, 2, 3, 4, 4, 5, 5]"
CMA-CGM,550,"Спец: [1, 2, 2, 3, 3, 4, 3, 4] != Общий: [1, 1, 2, 2, 3, 3, 3, 4]"
CMA-CGM,552,"Спец: [1, 2, 2, 3, 3, 4, 3, 4] != Общий: [1, 1, 2, 2, 3, 3, 3, 4]"
CMA-CGM,553,"Спец: [1, 2, 2, 3, 3, 4, 4, 3, 4] != Общий: [1, 1, 2, 2, 3, 3, 3, 3, 4]"
CMA-CGM,554,"Спец: [1, 2, 2, 3, 3, 4, 4, 3, 3, 4, 4] != Общий: [1, 1, 2, 2, 3, 3, 3, 3, 3, 4, 4]"
CMA-CGM,555,"Спец: [1, 2, 2, 3, 3, 4] != Общий: [1, 1, 2, 2, 3, 4]"
CMA-CGM,556,"Спец: [1, 2, 2, 3, 3, 4] != Общий: [1, 1, 2, 2, 3, 4]"
CMA-CGM,557,"Спец: [1, 2, 2, 3, 3, 4] != Общий: [1, 1, 2, 2, 3, 4]"
CMA-CGM,558,"Спец: [1, 2, 2, 3, 3, 4, 3, 4, 3, 4] != Общий: [1, 1, 2, 2, 3, 3, 3, 3, 3, 4]"
CMA-CGM,559,"Спец: [1, 1, 2, 3, 3, 4] != Общий: [1, 1, 2, 2, 3, 4]"
CMA-CGM,560,"Спец: [1, 2, 2, 3, 3, 4, 4, 3, 3, 4, 3, 4] != Общий: [1, 1, 2, 2, 3, 3, 3, 3, 3, 3, 3, 4]"
CMA-CGM,561,"Спец: [1, 2, 2, 3, 3, 4] != Общий: [1, 1, 2, 2, 3, 4]"
CMA-CGM,562,"Спец: [1, 2, 2, 3, 3, 4, 4, 3, 4] != Общий: [1, 1, 2, 2, 3, 3, 3, 3, 4]"
CMA-CGM,563,"Спец: [1, 2, 2, 3, 3, 4] != Общий: [1, 1, 2, 2, 3, 4]"
CMA-CGM,564,"Спец: [1, 2, 2, 3, 3, 4] != Общий: [1, 1, 2, 2, 3, 4]"
CMA-CGM,565,"Спец: [1, 2, 2, 3, 3, 4, 4, 3, 3, 4] != Общий: [1, 1, 2, 2, 3, 3, 3, 3, 3, 4]"
CMA-CGM,567,"Спец: [1, 2, 2, 3, 3, 4, 3, 4] != Общий: [1, 1, 2, 2, 3, 3, 3, 4]"
CMA-CGM,568,"Спец: [1, 2, 2, 3, 3, 3, 3, 4, 4, 3, 3, 4, 4, 3, 4] != Общий: [1, 1, 2, 2, 2, 2, 3, 3, 3, 3, 3, 3, 3, 3, 4]"
CMA-CGM,569,"Спец: [1, 2, 2, 3, 3, 4, 4, 5, 5] != Общий: [1, 1, 2, 2, 3, 4, 4, 5, 5]"
CMA-CGM,570,"Спец: [1, 2, 2, 3, 3, 4, 4] != Общий: [1, 1, 2, 2, 3, 4, 4]"
CMA-CGM,571,"Спец: [1, 2, 2, 3, 3, 3, 4, 4] != Общий: [1, 1, 2, 2, 3, 3, 3, 4]"
CMA-CGM,573,"Спец: [1, 2, 2, 3, 3, 4, 3, 4] != Общий: [1, 1, 2, 2, 3, 3, 3, 4]"
CMA-CGM,574,"Спец: [1, 1, 2, 3, 3, 4, 4, 3, 4] != Общий: [1, 1, 2, 2, 3, 3, 3, 3, 4]"
CMA-CGM,575,"Спец: [1, 2, 2, 3, 3, 4] != Общий: [1, 1, 2, 2, 3, 4]"
CMA-CGM,576,"Спец: [1, 2, 2, 3, 3, 4, 4, 3, 4] != Общий: [1, 1, 2, 2, 3, 3, 3, 3, 4]"
CMA-CGM,577,"Спец: [1, 2, 2, 3, 3, 4, 4, 3, 3, 4] != Общий: [1, 1, 2, 2, 3, 3, 3, 3, 3, 4]"
CMA-CGM,578,"Спец: [1, 2, 2, 3, 3, 4, 4, 3, 3, 4, 4, 4] != Общий: [1, 1, 2, 2, 3, 3, 3, 3, 3, 4, 4, 4]"
CMA-CGM,579,"Спец: [1, 2, 3, 4, 3, 4] != Общий: [1, 1, 3, 3, 3, 4]"
CMA-CGM,580,"Спец: [1, 2, 2, 3, 3, 4] != Общий: [1, 1, 2, 2, 3, 4]"
CMA-CGM,581,"Спец: [1, 2, 2, 3, 3, 4, 4, 5, 5] != Общий: [1, 1, 2, 2, 3, 4, 4, 5, 5]"
CMA-CGM,582,"Спец: [1, 2, 2, 3, 3, 4, 3, 4] != Общий: [1, 1, 2, 2, 3, 3, 3, 4]"
CMA-CGM,583,"Спец: [1, 2, 2, 3, 3, 4, 3, 4] != Общий: [1, 1, 2, 2, 3, 3, 3, 4]"
CMA-CGM,584,"Спец: [1, 2, 2, 3, 3, 3, 4, 3, 4] != Общий: [1, 1, 2, 2, 3, 3, 3, 3, 4]"
CMA-CGM,585,"Спец: [1, 3, 4, 3, 4] != Общий: [1, 3, 3, 3, 4]"
CMA-CGM,586,"Спец: [1, 2, 2, 3, 3, 4, 3, 4] != Общий: [1, 1, 2, 2, 3, 3, 3, 4]"
CMA-CGM,587,"Спец: [1, 2, 2, 3, 3, 4] != Общий: [1, 1, 2, 2, 3, 4]"
CMA-CGM,588,"Спец: [1, 2, 2, 3, 3, 4, 4] != Общий: [1, 1, 2, 2, 3, 4, 4]"
CMA-CGM,589,"Спец: [1, 2, 2, 3, 3, 4, 4, 3, 4] != Общий: [1, 1, 2, 2, 3, 3, 3, 3, 4]"
CMA-CGM,590,"Спец: [1, 2, 2, 3, 3, 4, 4, 3, 4] != Общий: [1, 1, 2, 2, 3, 3, 3, 3, 4]"
CMA-CGM,591,"Спец: [1, 2, 2, 3, 3, 4, 4, 3, 3, 4, 3, 4] != Общий: [1, 1, 2, 2, 3, 3, 3, 3, 3, 3, 3, 4]"
CMA-CGM,592,"Спец: [1, 2, 2, 3, 3, 4, 4, 5] != Общий: [1, 1, 2, 3, 3, 4, 4, 5]"
CMA-CGM,593,"Спец: [1, 2, 2, 3, 3, 4] != Общий: [1, 1, 2, 2, 3, 4]"
CMA-CGM,594,"Спец: [1, 2, 2, 3, 3, 4] != Общий: [1, 1, 2, 2, 3, 4]"
CMA-CGM,595,"Спец: [1, 2, 2, 3, 3, 4, 3, 4, 3, 4] != Общий: [1, 1, 2, 2, 3, 3, 3, 3, 3, 3]"
CMA-CGM,596,"Спец: [1, 2, 2, 3, 3, 4] != Общий: [1, 1, 2, 2, 3, 4]"
CMA-CGM,599,"Спец: [1, 2, 2, 3, 3, 4, 3, 4] != Общий: [1, 1, 2, 2, 3, 3, 3, 4]"
CMA-CGM,600,"Спец: [1, 2, 2, 3, 3, 4, 4, 3, 4] != Общий: [1, 1, 2, 2, 3, 3, 3, 3, 4]"
CMA-CGM,601,"Спец: [1, 2, 2, 3, 3, 4, 4, 5, 5] != Общий: [1, 1, 2, 2, 3, 4, 4, 5, 5]"
CMA-CGM,602,"Спец: [1, 2, 2, 3, 3, 4, 4] != Общий: [1, 1, 2, 3, 3, 4, 5]"
CMA-CGM,603,"Спец: [1, 2, 2, 3, 3, 4, 3, 4] != Общий: [1, 1, 2, 2, 3, 3, 3, 4]"
CMA-CGM,604,"Спец: [1, 2, 2, 3, 3, 4, 4] != Общий: [1, 1, 2, 2, 3, 4, 4]"
CMA-CGM,605,"Спец: [1, 2, 2, 3, 3, 4, 4] != Общий: [1, 1, 2, 2, 3, 4, 4]"
CMA-CGM,606,"Спец: [1, 2, 2, 3, 3, 4, 3, 4] != Общий: [1, 1, 2, 2, 3, 3, 3, 4]"
CMA-CGM,607,"Спец: [1, 2, 2, 3, 3, 4, 4, 3, 3, 4, 4, 5, 5, 5] != Общий: [1, 1, 2, 3, 3, 3, 3, 3, 3, 4, 4, 5, 5, 5]"
CMA-CGM,608,"Спец: [1, 2, 2, 3, 3, 4, 4] != Общий: [1, 1, 2, 2, 3, 4, 4]"
CMA-CGM,609,"Спец: [1, 2, 2, 3, 3, 4, 3, 4] != Общий: [1, 1, 2, 2, 3, 3, 3, 4]"
CMA-CGM,610,"Спец: [1, 2, 2, 3, 3, 4, 4, 3, 3, 4, 4, 5, 5] != Общий: [1, 1, 2, 2, 3, 3, 3, 3, 3, 4, 4, 5, 5]"
CMA-CGM,611,"Спец: [1, 2] != Общий: [1, 1]"
CMA-CGM,612,"Спец: [1, 2, 2, 3, 3, 4, 4, 3, 3, 4, 4, 3, 3, 4, 4, 5, 5] != Общий: [1, 1, 2, 2, 2, 3, 3, 3, 3, 3, 3, 3, 3, 4, 4, 5, 5]"
CMA-CGM,613,"Спец: [1, 2, 3, 4, 3, 4] != Общий: [1, 1, 3, 3, 3, 4]"
CMA-CGM,614,"Спец: [1, 2, 2, 3, 3, 4, 3, 4] != Общий: [1, 1, 2, 2, 3, 3, 3, 4]"
CMA-CGM,615,"Спец: [1, 2, 2, 3, 3, 4, 4, 3, 4] != Общий: [1, 1, 2, 2, 3, 3, 3, 3, 4]"
CMA-CGM,616,"Спец: [1, 2, 2, 3, 3, 4, 4, 3, 3, 4, 4, 4] != Общий: [1, 1, 2, 2, 3, 3, 3, 3, 3, 4, 4, 4]"
CMA-CGM,617,"Спец: [1, 2, 2, 3, 3, 4] != Общий: [1, 1, 2, 2, 3, 4]"
CMA-CGM,619,"Спец: [1, 2, 3, 3, 4] != Общий: [1, 1, 2, 3, 4]"
CMA-CGM,620,"Спец: [1, 2, 2, 3, 3, 4, 4, 3, 3, 4, 4, 3, 3, 4, 4, 4] != Общий: [1, 1, 2, 2, 3, 3, 3, 3, 3, 3, 3, 3, 3, 4, 4, 4]"
CMA-CGM,621,"Спец: [1, 2, 2, 3, 3, 4, 4, 3, 3, 4] != Общий: [1, 1, 2, 2, 3, 3, 3, 3, 3, 4]"
CMA-CGM,622,"Спец: [1, 2, 2, 3, 3, 4, 4, 3, 3, 4, 4, 5, 5, 5, 5] != Общий: [1, 1, 2, 2, 3, 3, 3, 3, 3, 4, 4, 5, 5, 5, 5]"
CMA-CGM,623,"Спец: [1, 2, 2, 3, 3, 4, 4, 5, 5] != Общий: [1, 1, 2, 2, 3, 4, 4, 5, 5]"
CMA-CGM,624,"Спец: [1, 2, 2, 3, 3, 4, 4, 5, 5, 5] != Общий: [1, 1, 2, 2, 3, 4, 4, 5, 5, 5]"
CMA-CGM,625,"Спец: [1, 2, 2, 3, 3, 4, 3, 4] != Общий: [1, 1, 2, 2, 3, 3, 3, 4]"
CMA-CGM,627,"Спец: [1, 2, 2, 3, 3, 4, 3, 4] != Общий: [1, 1, 2, 2, 3, 3, 3, 4]"
CMA-CGM,628,"Спец: [1, 2, 2, 3, 3, 4, 4, 3, 3, 4] != Общий: [1, 1, 2, 2, 3, 3, 3, 3, 3, 4]"
CMA-CGM,629,"Спец: [1, 2, 2, 3, 3, 4, 4, 3, 4] != Общий: [1, 1, 2, 2, 3, 3, 3, 3, 4]"
CMA-CGM,630,"Спец: [1, 2, 2, 3, 3, 4, 3, 4] != Общий: [1, 1, 2, 2, 3, 3, 3, 4]"
CMA-CGM,631,"Спец: [1, 2, 2, 3, 3, 4, 3, 3, 4, 4] != Общий: [1, 1, 2, 2, 3, 3, 3, 3, 4, 4]"
CMA-CGM,632,"Спец: [1, 2, 2, 3, 3, 4, 4, 3, 3, 4, 4, 5, 5] != Общий: [1, 1, 2, 2, 3, 3, 3, 3, 3, 4, 4, 5, 5]"
CMA-CGM,633,"Спец: [1, 2, 2, 3, 3, 4, 4, 3, 4] != Общий: [1, 1, 2, 2, 3, 3, 3, 3, 4]"
CMA-CGM,634,"Спец: [1, 2, 3, 4, 3, 4] != Общий: [1, 1, 3, 3, 3, 4]"
CMA-CGM,635,"Спец: [1, 2, 2, 3, 3, 4] != Общий: [1, 1, 2, 2, 3, 4]"
CMA-CGM,636,"Спец: [1, 2, 2, 3, 3, 4] != Общий: [1, 1, 2, 2, 3, 4]"
CMA-CGM,637,"Спец: [1, 2, 2, 3, 3, 4, 4] != Общий: [1, 1, 2, 2, 3, 4, 4]"
CMA-CGM,638,"Спец: [1, 2, 2, 3, 3, 4] != Общий: [1, 1, 2, 2, 3, 4]"
CMA-CGM,639,"Спец: [1, 2, 2, 3, 3, 4, 4, 3, 3, 4] != Общий: [1, 1, 2, 2, 3, 3, 3, 3, 3, 4]"
CMA-CGM,640,"Спец: [1, 3, 4, 3, 4] != Общий: [1, 3, 3, 3, 4]"
CMA-CGM,641,"Спец: [1, 2, 2, 3, 3, 4, 4, 3, 3, 4] != Общий: [1, 1, 2, 2, 3, 3, 3, 3, 3, 4]"
CMA-CGM,643,"Спец: [1, 2, 2, 3, 3, 4, 3, 4] != Общий: [1, 1, 2, 2, 3, 3, 3, 4]"
CMA-CGM,644,"Спец: [1, 2, 2, 3, 3, 4, 3, 4] != Общий: [1, 1, 2, 2, 3, 3, 3, 3]"
CMA-CGM,645,"Спец: [1, 2, 2, 3, 3, 4, 4, 5, 5] != Общий: [1, 1, 2, 2, 3, 4, 4, 5, 5]"
CMA-CGM,646,"Спец: [1, 2, 2, 3, 3, 4, 4, 5, 5] != Общий: [1, 1, 2, 2, 3, 4, 4, 5, 5]"
CMA-CGM,647,"Спец: [1, 2, 2, 3, 3, 4, 4, 3, 3, 3, 4, 4, 3, 4] != Общий: [1, 1, 2, 2, 3, 3, 3, 3, 3, 3, 3, 3, 3, 4]"
CMA-CGM,648,"Спец: [1, 2, 2, 3, 3, 4, 4, 3, 3, 4] != Общий: [1, 1, 2, 2, 3, 3, 3, 3, 3, 4]"
CMA-CGM,649,"Спец: [1, 3, 4, 3, 4] != Общий: [1, 3, 3, 3, 4]"
CMA-CGM,650,"Спец: [1, 2, 2, 3, 3, 3, 4, 4] != Общий: [1, 1, 2, 2, 3, 3, 3, 4]"
CMA-CGM,651,"Спец: [1, 2, 2, 3, 3, 4, 4, 5] != Общий: [1, 1, 2, 2, 3, 4, 4, 5]"
CMA-CGM,652,"Спец: [1, 2, 2, 3, 3, 3, 4, 4] != Общий: [1, 1, 2, 2, 3, 3, 3, 4]"
CMA-CGM,653,"Спец: [1, 2, 2, 3, 3, 3, 4, 3, 4] != Общий: [1, 1, 2, 2, 3, 3, 3, 3, 4]"
CMA-CGM,654,"Спец: [1, 3, 4, 3, 4] != Общий: [1, 3, 3, 3, 4]"
CMA-CGM,655,"Спец: [1, 2, 2, 3, 3, 4, 4, 3, 4] != Общий: [1, 1, 2, 2, 3, 3, 3, 3, 4]"
CMA-CGM,656,"Спец: [1, 2, 2, 3, 3, 4, 4, 3, 4] != Общий: [1, 1, 2, 2, 3, 3, 3, 3, 4]"
CMA-CGM,657,"Спец: [1, 2, 2, 3, 3, 4] != Общий: [1, 1, 2, 2, 3, 4]"
CMA-CGM,658,"Спец: [1, 3, 4, 3, 4, 3, 4] != Общий: [1, 3, 3, 3, 3, 3, 3]"
CMA-CGM,659,"Спец: [1, 2, 2, 3, 3, 4] != Общий: [1, 1, 2, 2, 3, 4]"
CMA-CGM,660,"Спец: [1, 3, 4, 3, 4, 3, 4] != Общий: [1, 3, 3, 3, 4, 4, 3]"
CMA-CGM,661,"Спец: [1, 2, 2, 3, 3, 4] != Общий: [1, 1, 2, 2, 3, 4]"
CMA-CGM,662,"Спец: [1, 2, 2, 3, 3, 4] != Общий: [1, 1, 2, 3, 3, 4]"
CMA-CGM,663,"Спец: [1, 3, 3, 4, 3, 4, 3, 4] != Общий: [1, 2, 3, 3, 3, 3, 3, 4]"
CMA-CGM,664,"Спец: [1, 2, 2, 3, 3, 4] != Общий: [1, 1, 2, 2, 3, 4]"
CMA-CGM,665,"Спец: [1, 2, 2, 3, 3, 4, 3, 4] != Общий: [1, 1, 2, 2, 3, 3, 3, 4]"
CMA-CGM,666,"Спец: [1, 2, 2, 3, 3, 4, 3, 4] != Общий: [1, 1, 2, 2, 3, 3, 3, 4]"
CMA-CGM,667,"Спец: [1, 2, 2, 3, 3, 4, 4, 5] != Общий: [1, 1, 2, 2, 3, 4, 4, 5]"
CMA-CGM,668,"Спец: [1, 2, 2, 3, 3, 4, 4, 3, 3, 4] != Общий: [1, 1, 2, 2, 3, 3, 3, 3, 3, 4]"
CMA-CGM,669,"Спец: [1, 2, 2, 3, 3, 3, 4, 4] != Общий: [1, 1, 2, 2, 3, 3, 3, 4]"
CMA-CGM,670,"Спец: [1, 2, 2, 3, 3, 4] != Общий: [1, 1, 2, 2, 3, 4]"
CMA-CGM,671,"Спец: [1, 2, 2, 3, 3, 4, 4, 5, 5] != Общий: [1, 1, 2, 2, 3, 4, 4, 5, 5]"
CMA-CGM,672,"Спец: [1, 2, 2, 3, 3, 4, 4, 3, 4] != Общий: [1, 1, 2, 2, 3, 3, 3, 3, 4]"
CMA-CGM,673,"Спец: [1, 2, 2, 3, 3, 4, 4, 3, 4] != Общий: [1, 1, 2, 2, 3, 3, 3, 3, 4]"
CMA-CGM,675,"Спец: [1, 2, 2, 3, 3, 3, 4, 3, 4] != Общий: [1, 1, 2, 2, 3, 3, 3, 3, 4]"
CMA-CGM,676,"Спец: [1, 2, 2, 3, 3, 4, 3, 4, 3, 4] != Общий: [1, 1, 2, 2, 3, 3, 3, 3, 3, 4]"
CMA-CGM,677,"Спец: [1, 2, 2, 3, 3, 4, 4, 3, 4] != Общий: [1, 1, 2, 2, 3, 3, 3, 3, 4]"
CMA-CGM,678,"Спец: [1, 2, 2, 3, 3, 4, 4, 3, 3, 4] != Общий: [1, 1, 2, 2, 3, 3, 3, 3, 3, 4]"
CMA-CGM,679,"Спец: [1, 2, 2, 3, 3, 4, 3, 4] != Общий: [1, 1, 2, 2, 3, 3, 3, 4]"
CMA-CGM,680,"Спец: [1, 1, 2, 3, 3, 4, 4, 5] != Общий: [1, 1, 2, 2, 3, 4, 4, 5]"
CMA-CGM,681,"Спец: [1, 2, 2, 3, 3, 4, 3, 4] != Общий: [1, 1, 2, 2, 3, 3, 3, 4]"
CMA-CGM,682,"Спец: [1, 2, 2, 3, 3, 4, 4, 3, 4] != Общий: [1, 1, 2, 2, 3, 3, 3, 3, 4]"
CMA-CGM,683,"Спец: [1, 2, 2, 3, 3, 4, 4, 3, 3, 4] != Общий: [1, 1, 2, 2, 3, 3, 3, 3, 3, 4]"
CMA-CGM,684,"Спец: [1, 2, 2, 3, 3, 4, 4] != Общий: [1, 1, 2, 2, 3, 4, 4]"
CMA-CGM,685,"Спец: [1, 2, 2, 3, 3, 4] != Общий: [1, 1, 2, 2, 3, 4]"
CMA-CGM,686,"Спец: [1, 2, 2, 3, 3, 4, 4, 5, 5] != Общий: [1, 1, 2, 3, 3, 4, 4, 5, 5]"
CMA-CGM,687,"Спец: [1, 2, 2, 3, 3, 4, 4, 3, 4] != Общий: [1, 1, 2, 2, 3, 3, 3, 3, 4]"
CMA-CGM,688,"Спец: [1, 1, 2, 3, 3, 4, 4, 5] != Общий: [1, 1, 2, 2, 3, 4, 4, 5]"
CMA-CGM,689,"Спец: [1, 2, 2, 3, 4] != Общий: [1, 1, 2, 3, 4]"
CMA-CGM,690,"Спец: [1, 2, 2, 3, 3, 3, 4, 4] != Общий: [1, 1, 2, 2, 3, 3, 3, 4]"
CMA-CGM,691,"Спец: [1, 2, 2, 3, 4] != Общий: [1, 1, 2, 3, 4]"
CMA-CGM,692,"Спец: [1, 2, 2, 3, 3, 4] != Общий: [1, 1, 2, 2, 3, 4]"
CMA-CGM,693,"Спец: [1, 2, 2, 3, 3, 4] != Общий: [1, 1, 2, 2, 3, 4]"
CMA-CGM,694,"Спец: [1, 2, 2, 3, 3, 4, 4, 3, 3, 4] != Общий: [1, 1, 2, 2, 3, 3, 3, 3, 3, 4]"
CMA-CGM,695,"Спец: [1, 2, 2, 3, 3, 3, 4, 4] != Общий: [1, 1, 2, 2, 3, 3, 3, 4]"
CMA-CGM,696,"Спец: [1, 2, 2, 3, 3, 4] != Общий: [1, 1, 2, 2, 3, 4]"
CMA-CGM,697,"Спец: [1, 2, 3, 4, 3, 4, 3, 4] != Общий: [1, 1, 3, 3, 3, 3, 3, 4]"
CMA-CGM,698,"Спец: [1, 2, 2, 3, 3, 4, 3, 4] != Общий: [1, 1, 2, 2, 3, 3, 3, 4]"
CMA-CGM,699,"Спец: [1, 2, 2, 3, 3, 4, 3, 4, 3, 4] != Общий: [1, 1, 2, 2, 3, 3, 3, 3, 3, 4]"
CMA-CGM,700,"Спец: [1, 2, 2, 3, 3, 4, 4, 3, 4] != Общий: [1, 1, 2, 2, 3, 3, 3, 3, 4]"
CMA-CGM,701,"Спец: [1, 2, 2, 3, 3, 4] != Общий: [1, 1, 2, 2, 3, 4]"
CMA-CGM,702,"Спец: [1, 2, 2, 3, 3, 4, 4, 5, 5] != Общий: [1, 1, 2, 3, 3, 4, 4, 5, 5]"
CMA-CGM,703,"Спец: [1, 2, 2, 3, 3, 4, 4] != Общий: [1, 1, 2, 2, 3, 4, 4]"
CMA-CGM,704,"Спец: [1, 2, 2, 3, 3, 4, 4, 3, 3, 4, 3, 4] != Общий: [1, 1, 2, 2, 3, 3, 3, 3, 3, 3, 3, 4]"
CMA-CGM,705,"Спец: [1, 1, 2, 3, 3, 4] != Общий: [1, 1, 2, 2, 3, 4]"
CMA-CGM,706,"Спец: [1, 2, 2, 3, 3, 4] != Общий: [1, 1, 2, 2, 3, 4]"
CMA-CGM,707,"Спец: [1, 2, 2, 3, 3, 4, 3, 4] != Общий: [1, 1, 2, 2, 3, 3, 3, 4]"
CMA-CGM,708,"Спец: [1, 2, 2, 3, 3, 4, 4, 3, 3, 4] != Общий: [1, 1, 2, 2, 3, 3, 3, 3, 3, 4]"
CMA-CGM,709,"Спец: [1, 2, 3, 4, 3, 4, 3, 4] != Общий: [1, 1, 3, 3, 3, 3, 3, 4]"
CMA-CGM,710,"Спец: [1, 2, 2, 3, 3, 4, 3, 4] != Общий: [1, 1, 2, 2, 3, 3, 3, 4]"
CMA-CGM,711,"Спец: [1, 2, 2, 3, 3, 4, 4, 3, 3, 4] != Общий: [1, 1, 2, 2, 3, 3, 3, 3, 3, 4]"
CMA-CGM,712,"Спец: [1, 2, 2, 3, 3, 4, 4, 3, 4] != Общий: [1, 1, 2, 2, 3, 3, 3, 3, 4]"
CMA-CGM,713,"Спец: [1, 2, 2, 3, 3, 4, 3, 4] != Общий: [1, 1, 2, 2, 3, 3, 3, 4]"
CMA-CGM,714,"Спец: [1, 2, 2, 3, 3, 4] != Общий: [1, 1, 2, 2, 3, 4]"
CMA-CGM,715,"Спец: [1, 2, 2, 3, 3, 4, 4, 3, 3, 4] != Общий: [1, 1, 2, 2, 3, 3, 3, 3, 3, 4]"
CMA-CGM,716,"Спец: [1, 2, 2, 3, 3, 4, 4, 3, 3, 4, 3, 4] != Общий: [1, 1, 2, 2, 3, 3, 3, 3, 3, 3, 3, 4]"
CMA-CGM,717,"Спец: [1, 2, 2, 3, 3, 4, 3, 4] != Общий: [1, 1, 2, 2, 3, 3, 3, 4]"
CMA-CGM,718,"Спец: [1, 2, 2, 3, 3, 4, 4, 5, 5] != Общий: [1, 1, 2, 2, 3, 4, 4, 5, 5]"
CMA-CGM,719,"Спец: [1, 2, 2, 3, 3, 4, 3, 4] != Общий: [1, 1, 2, 2, 3, 3, 3, 4]"
CMA-CGM,720,"Спец: [1, 2, 2, 3, 3, 4, 4, 3, 3, 4, 3, 4] != Общий: [1, 1, 2, 2, 3, 3, 3, 3, 3, 3, 3, 4]"
CMA-CGM,721,"Спец: [1, 2, 2, 3, 3, 4, 4, 5] != Общий: [1, 1, 2, 2, 3, 4, 4, 5]"
CMA-CGM,722,"Спец: [1, 2, 2, 3, 3, 4, 4, 5, 5] != Общий: [1, 1, 2, 2, 3, 4, 4, 5, 5]"
CMA-CGM,724,"Спец: [1, 2, 2, 3, 3, 3, 3, 4, 4, 3, 4] != Общий: [1, 1, 2, 2, 2, 2, 3, 3, 3, 3, 4]"
CMA-CGM,725,"Спец: [1, 2, 2, 3, 3, 4, 4, 5, 5] != Общий: [1, 1, 2, 2, 3, 4, 4, 4, 4]"
CMA-CGM,726,"Спец: [1, 2, 2, 3, 3, 4, 4, 3, 4, 3, 3, 4] != Общий: [1, 1, 2, 3, 3, 3, 3, 3, 3, 3, 3, 4]"
CMA-CGM,727,"Спец: [1, 2, 2, 3, 3, 4] != Общий: [1, 1, 2, 2, 3, 4]"
CMA-CGM,728,"Спец: [1, 2, 2, 3, 3, 4, 4] != Общий: [1, 1, 2, 2, 3, 4, 4]"
CMA-CGM,729,"Спец: [1, 2, 2, 3, 3, 4, 4, 3, 3, 4, 4, 3, 4, 3, 4] != Общий: [1, 1, 2, 2, 3, 3, 3, 3, 3, 3, 3, 3, 3, 3, 4]"
CMA-CGM,730,"Спец: [1, 2, 2, 3, 3, 4, 3, 4] != Общий: [1, 1, 2, 2, 3, 3, 3, 4]"
CMA-CGM,731,"Спец: [1, 2, 2, 3, 3, 4, 4] != Общий: [1, 1, 2, 2, 3, 4, 4]"
CMA-CGM,732,"Спец: [1, 2, 2, 3, 3, 4, 3, 4] != Общий: [1, 1, 2, 2, 3, 3, 3, 4]"
CMA-CGM,733,"Спец: [1, 2, 2, 3, 3, 4] != Общий: [1, 1, 2, 2, 3, 4]"
CMA-CGM,734,"Спец: [1, 2, 3, 4, 3, 4] != Общий: [1, 1, 3, 3, 3, 4]"
CMA-CGM,735,"Спец: [1, 2, 2, 3, 3, 4, 3, 4] != Общий: [1, 1, 2, 2, 3, 3, 3, 4]"
CMA-CGM,736,"Спец: [1, 2, 2, 3, 3, 4, 4, 3, 3, 4, 4, 5, 5, 5] != Общий: [1, 1, 2, 2, 3, 3, 3, 3, 3, 4, 4, 5, 5, 5]"
CMA-CGM,737,"Спец: [1, 2, 2, 3, 3, 4, 4, 5, 5, 5] != Общий: [1, 1, 2, 2, 3, 4, 4, 5, 5, 5]"
CMA-CGM,738,"Спец: [1, 2, 2, 3, 3, 4, 4, 3, 3, 4] != Общий: [1, 1, 2, 2, 3, 3, 3, 3, 3, 4]"
CMA-CGM,739,"Спец: [1, 2, 2, 3, 3, 4, 3, 4] != Общий: [1, 1, 2, 2, 3, 3, 3, 4]"
CMA-CGM,741,"Спец: [1, 2, 2, 3, 3, 4, 3, 4] != Общий: [1, 1, 2, 2, 3, 3, 3, 4]"
CMA-CGM,742,"Спец: [1, 2, 2, 3, 3, 4, 4, 5, 5] != Общий: [1, 1, 2, 2, 3, 4, 4, 4, 4]"
CMA-CGM,744,"Спец: [1, 2, 2, 3, 3, 3, 4, 4] != Общий: [1, 1, 2, 2, 3, 3, 3, 4]"
CMA-CGM,745,"Спец: [1, 2, 2, 3, 3, 4, 3, 4, 3, 4] != Общий: [1, 1, 2, 2, 3, 3, 3, 3, 3, 3]"
CMA-CGM,746,"Спец: [1, 2, 2, 3, 3, 4, 4] != Общий: [1, 1, 2, 2, 3, 4, 4]"
CMA-CGM,747,"Спец: [1, 2, 2, 3, 3, 3, 4, 3, 4] != Общий: [1, 1, 2, 2, 3, 3, 3, 3, 4]"
CMA-CGM,748,"Спец: [1, 2, 2, 3, 3, 4, 4, 3, 3, 4] != Общий: [1, 1, 2, 2, 3, 3, 3, 3, 3, 4]"
CMA-CGM,749,"Спец: [1, 2, 2, 3, 3, 4] != Общий: [1, 1, 2, 2, 3, 4]"
CMA-CGM,750,"Спец: [1, 2, 2, 3, 3, 4, 3, 4] != Общий: [1, 1, 2, 2, 3, 3, 3, 4]"
CMA-CGM,751,"Спец: [1, 2, 2, 3, 3, 4, 4, 3, 4, 3, 4] != Общий: [1, 1, 2, 2, 3, 3, 3, 3, 3, 3, 4]"
CMA-CGM,754,"Спец: [1, 2, 2, 3, 3, 4, 4, 3, 3, 4, 4, 4] != Общий: [1, 1, 2, 2, 3, 4, 4, 5, 5, 5, 5, 5]"
CMA-CGM,755,"Спец: [1, 2, 2, 3, 3, 4, 3, 4] != Общий: [1, 1, 2, 2, 3, 3, 3, 4]"
CMA-CGM,756,"Спец: [1, 2, 2, 3, 3, 4, 4, 5, 5] != Общий: [1, 1, 2, 3, 3, 4, 4, 5, 5]"
CMA-CGM,757,"Спец: [1, 2, 2, 3, 3, 4] != Общий: [1, 1, 2, 2, 3, 4]"
CMA-CGM,758,"Спец: [1, 2, 2, 3, 3, 4, 4, 3, 3, 4, 4, 4, 5, 5] != Общий: [1, 1, 2, 2, 3, 3, 3, 3, 3, 4, 4, 4, 4, 4]"
CMA-CGM,759,"Спец: [1, 2, 2, 3, 3, 3, 4, 4] != Общий: [1, 1, 2, 2, 3, 3, 3, 4]"
CMA-CGM,760,"Спец: [1, 2, 2, 3, 3, 4, 4, 3, 4] != Общий: [1, 1, 2, 2, 3, 3, 3, 3, 4]"
CMA-CGM,761,"Спец: [1, 2, 2, 3, 4, 3, 4] != Общий: [1, 1, 2, 3, 3, 3, 4]"
CMA-CGM,762,"Спец: [1, 2, 2, 3, 3, 4, 3, 4] != Общий: [1, 1, 2, 3, 3, 3, 3, 4]"
CMA-CGM,763,"Спец: [1, 2, 2, 3, 3, 4, 4, 3, 3, 4, 4, 5, 5] != Общий: [1, 1, 2, 2, 3, 3, 3, 3, 3, 4, 4, 5, 5]"
CMA-CGM,764,"Спец: [1, 2, 2, 3, 3, 4, 4, 3, 4, 3, 4] != Общий: [1, 1, 2, 2, 3, 4, 4, 5, 5, 5, 5]"
CMA-CGM,765,"Спец: [1, 2, 2, 3, 3, 4] != Общий: [1, 1, 2, 2, 3, 4]"
CMA-CGM,766,"Спец: [1, 2, 2, 3, 3, 4] != Общий: [1, 1, 2, 2, 3, 4]"
CMA-CGM,768,"Спец: [1, 2, 2, 3, 3, 4, 3, 4] != Общий: [1, 1, 2, 2, 3, 3, 3, 4]"
CMA-CGM,769,"Спец: [1, 2, 2, 3, 3, 4, 4, 5, 5] != Общий: [1, 1, 2, 2, 3, 4, 4, 5, 5]"
CMA-CGM,770,"Спец: [1, 2, 2, 3, 3, 4, 3, 4] != Общий: [1, 1, 2, 2, 3, 3, 3, 4]"
CMA-CGM,771,"Спец: [1, 3, 4, 3, 4, 3, 4] != Общий: [1, 3, 3, 3, 4, 4, 3]"
CMA-CGM,772,"Спец: [1, 2, 2, 3, 3, 4, 3, 4] != Общий: [1, 1, 2, 2, 3, 3, 3, 4]"
CMA-CGM,773,"Спец: [1, 2, 2, 3, 3, 4] != Общий: [1, 1, 2, 2, 3, 4]"
CMA-CGM,774,"Спец: [1, 2, 2, 3, 3, 4, 4, 5, 5] != Общий: [1, 1, 2, 2, 3, 4, 4, 5, 5]"
CMA-CGM,775,"Спец: [1, 2, 2, 3, 3, 4] != Общий: [1, 1, 2, 2, 3, 4]"
CMA-CGM,776,"Спец: [1, 2, 2, 3, 3, 4] != Общий: [1, 1, 2, 2, 3, 4]"
CMA-CGM,777,"Спец: [1, 2, 2, 3, 3, 4, 4, 3, 3, 4, 4, 3, 3, 4] != Общий: [1, 1, 2, 2, 3, 3, 3, 3, 3, 3, 3, 3, 3, 4]"
CMA-CGM,778,"Спец: [1, 2, 2, 3, 3, 4, 4] != Общий: [1, 1, 2, 2, 3, 4, 5]"
CMA-CGM,779,"Спец: [1, 2, 2, 3, 3, 4, 3, 4] != Общий: [1, 1, 2, 2, 3, 3, 3, 4]"
CMA-CGM,780,"Спец: [1, 2, 2, 3, 3, 4] != Общий: [1, 1, 2, 2, 3, 4]"
CMA-CGM,781,"Спец: [1, 2, 2, 3, 3, 4] != Общий: [1, 1, 2, 2, 3, 4]"
CMA-CGM,782,"Спец: [1, 2, 2, 3, 3, 4, 4, 3, 4] != Общий: [1, 1, 2, 2, 3, 3, 3, 3, 4]"
CMA-CGM,783,"Спец: [1, 2, 2, 3, 3, 4, 3, 4] != Общий: [1, 1, 2, 2, 3, 3, 3, 4]"
CMA-CGM,784,"Спец: [1, 2, 2, 3, 3, 4] != Общий: [1, 1, 2, 3, 3, 4]"
CMA-CGM,785,"Спец: [1, 2, 2, 3, 3, 4] != Общий: [1, 1, 2, 2, 3, 4]"
CMA-CGM,786,"Спец: [1, 2, 2, 3, 3, 4, 4, 5] != Общий: [1, 1, 2, 2, 3, 4, 4, 5]"
CMA-CGM,787,"Спец: [1, 2, 2, 3, 3, 4, 4, 5, 5] != Общий: [1, 1, 2, 2, 3, 4, 4, 5, 5]"
CMA-CGM,788,"Спец: [1, 2, 2, 3, 3, 3, 4, 4] != Общий: [1, 1, 2, 2, 3, 3, 3, 4]"
CMA-CGM,789,"Спец: [1, 2, 2, 3, 3, 4, 4, 5, 5, 5] != Общий: [1, 1, 2, 2, 3, 4, 4, 5, 5, 5]"
CMA-CGM,790,"Спец: [1, 2, 2, 3, 3, 3, 4, 4] != Общий: [1, 1, 2, 2, 3, 3, 3, 4]"
CMA-CGM,791,"Спец: [1, 2, 2, 3, 3, 4] != Общий: [1, 1, 2, 2, 3, 4]"
CMA-CGM,792,"Спец: [1, 2, 2, 3, 3, 4, 3, 4, 3, 4] != Общий: [1, 1, 2, 2, 3, 3, 3, 3, 3, 4]"
CMA-CGM,793,"Спец: [1, 2, 2, 3, 3, 4, 4, 3, 3, 4, 4, 5, 5] != Общий: [1, 1, 2, 2, 3, 3, 3, 3, 3, 4, 4, 5, 5]"
CMA-CGM,794,"Спец: [1, 2, 2, 3, 3, 4, 4, 3, 4] != Общий: [1, 1, 2, 2, 3, 3, 3, 3, 4]"
CMA-CGM,795,"Спец: [1, 2, 2, 3, 3, 4, 4, 3, 3, 4] != Общий: [1, 1, 2, 3, 3, 3, 3, 3, 3, 4]"
CMA-CGM,796,"Спец: [1, 2, 2, 3, 3, 4, 3, 4] != Общий: [1, 1, 2, 2, 3, 3, 3, 4]"
CMA-CGM,797,"Спец: [1, 2, 2, 3, 3, 4, 4, 3, 3, 4] != Общий: [1, 1, 2, 2, 3, 3, 3, 3, 3, 4]"
CMA-CGM,798,"Спец: [1, 2, 2, 3, 3, 4, 4, 4] != Общий: [1, 1, 2, 2, 3, 4, 4, 5]"
CMA-CGM,799,"Спец: [1, 2, 2, 3, 3, 3, 4, 4] != Общий: [1, 1, 2, 2, 3, 3, 3, 4]"
CMA-CGM,800,"Спец: [1, 2, 2, 3, 3, 4, 4, 3, 3, 4] != Общий: [1, 1, 2, 2, 3, 3, 3, 3, 3, 4]"
CMA-CGM,801,"Спец: [1, 2, 2, 3, 3, 4] != Общий: [1, 1, 2, 3, 3, 4]"
CMA-CGM,802,"Спец: [1, 2, 2, 3, 3, 4, 4, 3, 3, 4, 4, 4, 3, 4] != Общий: [1, 1, 2, 2, 3, 3, 3, 3, 3, 3, 3, 3, 3, 4]"
CMA-CGM,803,"Спец: [1, 2, 2, 3, 3, 4, 4, 3, 4, 3, 3, 4, 3, 4] != Общий: [1, 1, 2, 2, 3, 3, 3, 3, 3, 3, 3, 3, 3, 4]"
CMA-CGM,804,"Спец: [1, 2, 2, 3, 3, 4] != Общий: [1, 1, 2, 2, 3, 4]"
CMA-CGM,806,"Спец: [1, 2, 2, 3, 3, 4, 4] != Общий: [1, 1, 2, 2, 3, 4, 4]"
CMA-CGM,807,"Спец: [1, 1, 3, 3, 4, 4, 3, 3, 4, 4, 5] != Общий: [1, 1, 2, 3, 3, 3, 3, 3, 4, 4, 5]"
CMA-CGM,808,"Спец: [1, 2, 2, 3, 3, 4, 3, 4] != Общий: [1, 1, 2, 2, 3, 3, 3, 4]"
CMA-CGM,809,"Спец: [1, 2, 2, 3, 3, 4, 4, 3, 3, 4] != Общий: [1, 1, 2, 2, 3, 3, 3, 3, 3, 4]"
CMA-CGM,810,"Спец: [1, 2, 2, 3, 3, 4] != Общий: [1, 1, 2, 2, 3, 4]"
CMA-CGM,811,"Спец: [1, 2, 2, 3, 3, 4] != Общий: [1, 1, 2, 2, 3, 4]"
CMA-CGM,812,"Спец: [1, 2, 2, 3, 3, 4] != Общий: [1, 1, 2, 2, 3, 4]"
CMA-CGM,813,"Спец: [1, 2, 2, 3, 3, 4, 4, 5, 5] != Общий: [1, 1, 2, 3, 3, 4, 4, 5, 5]"
CMA-CGM,814,"Спец: [1, 2, 2, 3, 3, 4] != Общий: [1, 1, 2, 2, 3, 4]"
CMA-CGM,815,"Спец: [1, 2, 2, 3, 3, 4, 3, 4] != Общий: [1, 1, 2, 2, 3, 3, 3, 4]"
CMA-CGM,816,"Спец: [1, 2, 2, 3, 3, 4] != Общий: [1, 1, 2, 2, 3, 4]"
CMA-CGM,817,"Спец: [1, 1, 3, 3, 4, 4, 3, 3, 4, 4, 5] != Общий: [1, 1, 2, 3, 3, 3, 3, 3, 4, 4, 5]"
CMA-CGM,818,"Спец: [1, 2, 2, 3, 3, 4] != Общий: [1, 1, 2, 2, 3, 4]"
CMA-CGM,819,"Спец: [1, 2, 2, 3, 3, 4] != Общий: [1, 1, 2, 2, 3, 4]"
CMA-CGM,820,"Спец: [1, 2, 2, 3, 3, 4] != Общий: [1, 1, 2, 2, 3, 4]"
CMA-CGM,821,"Спец: [1, 2, 2, 3, 3, 4, 4, 3, 3, 4] != Общий: [1, 1, 2, 2, 3, 3, 3, 3, 3, 4]"
CMA-CGM,822,"Спец: [1, 2, 2, 3, 3, 4, 3, 4] != Общий: [1, 1, 2, 2, 3, 3, 3, 4]"
CMA-CGM,823,"Спец: [1, 2, 2, 3, 3, 4, 3, 4] != Общий: [1, 1, 2, 2, 3, 3, 3, 4]"
CMA-CGM,824,"Спец: [1, 2, 2, 3, 3, 4, 4] != Общий: [1, 1, 2, 3, 3, 4, 4]"
CMA-CGM,825,"Спец: [1, 2, 2, 3, 3, 4, 3, 4, 3, 4] != Общий: [1, 1, 2, 2, 3, 3, 3, 3, 3, 4]"
CMA-CGM,826,"Спец: [1, 2, 2, 3, 3, 4, 4, 3, 3, 4, 4, 5, 5, 5, 5] != Общий: [1, 1, 2, 2, 3, 3, 3, 3, 3, 4, 4, 5, 5, 5, 5]"
CMA-CGM,827,"Спец: [1, 2, 2, 3, 3, 4, 3, 4] != Общий: [1, 1, 2, 2, 3, 3, 3, 3]"
CMA-CGM,828,"Спец: [1, 2, 2, 3, 3, 4, 4, 3, 3, 4] != Общий: [1, 1, 2, 2, 3, 3, 3, 3, 3, 3]"
CMA-CGM,829,"Спец: [1, 2, 2, 3, 3, 4, 3, 4] != Общий: [1, 1, 2, 2, 3, 3, 3, 4]"
CMA-CGM,830,"Спец: [1, 2, 2, 3, 3, 4, 4, 5, 5] != Общий: [1, 1, 2, 3, 3, 4, 4, 5, 5]"
CMA-CGM,831,"Спец: [1, 2, 2, 3, 3, 4, 4, 3, 4] != Общий: [1, 1, 2, 2, 3, 3, 3, 3, 4]"
CMA-CGM,832,"Спец: [1, 2, 2, 3, 3, 4] != Общий: [1, 1, 2, 2, 3, 4]"
CMA-CGM,833,"Спец: [1, 2, 2, 3, 3, 4, 3, 4] != Общий: [1, 1, 2, 2, 3, 3, 3, 4]"
CMA-CGM,834,"Спец: [1, 2, 3, 4, 3, 4] != Общий: [1, 1, 3, 3, 3, 4]"
CMA-CGM,835,"Спец: [1, 2, 2, 3, 3, 4, 4] != Общий: [1, 1, 2, 2, 3, 4, 4]"
CMA-CGM,836,"Спец: [1, 2, 2, 3, 3, 3, 4, 4] != Общий: [1, 1, 2, 2, 3, 3, 3, 4]"
CMA-CGM,837,"Спец: [1, 2, 2, 3, 3, 4, 4, 5, 5] != Общий: [1, 1, 2, 2, 3, 4, 4, 5, 5]"
CMA-CGM,838,"Спец: [1, 2, 2, 3, 3, 4] != Общий: [1, 1, 2, 2, 3, 4]"
CMA-CGM,839,"Спец: [1, 2, 2, 3, 3, 3, 4, 4] != Общий: [1, 1, 2, 2, 3, 3, 3, 4]"
CMA-CGM,840,"Спец: [1, 2, 2, 3, 3, 4, 4, 5, 5] != Общий: [1, 1, 2, 2, 3, 4, 4, 4, 4]"
CMA-CGM,841,"Спец: [1, 2, 2, 3, 3, 4, 4, 3, 3, 4] != Общий: [1, 1, 2, 2, 3, 3, 3, 3, 3, 4]"
CMA-CGM,842,"Спец: [1, 2, 2, 3, 3, 3, 4, 4] != Общий: [1, 1, 2, 2, 3, 3, 3, 4]"
CMA-CGM,843,"Спец: [1, 2, 2, 3, 3, 4, 4] != Общий: [1, 1, 2, 2, 3, 4, 4]"
CMA-CGM,844,"Спец: [1, 2, 2, 3, 3, 4, 4, 5, 5] != Общий: [1, 1, 2, 2, 3, 4, 4, 5, 5]"
CMA-CGM,845,"Спец: [1, 2, 2, 3, 3, 4] != Общий: [1, 1, 2, 2, 3, 4]"
CMA-CGM,848,"Спец: [1, 2, 2, 3, 3, 4] != Общий: [1, 1, 2, 2, 3, 4]"
CMA-CGM,849,"Спец: [1, 2, 2, 3, 3, 4, 4, 5, 5] != Общий: [1, 1, 2, 2, 3, 4, 4, 5, 5]"
CMA-CGM,850,"Спец: [1, 2, 2, 3, 3, 4, 4, 3, 3, 4, 3, 4] != Общий: [1, 1, 2, 2, 3, 3, 3, 3, 3, 3, 3, 4]"
CMA-CGM,851,"Спец: [1, 2, 2, 3, 3, 4] != Общий: [1, 1, 2, 2, 3, 4]"
CMA-CGM,852,"Спец: [1, 2, 2, 3, 3, 4] != Общий: [1, 1, 2, 2, 3, 4]"
CMA-CGM,853,"Спец: [1, 2, 2, 3, 3, 4] != Общий: [1, 1, 2, 2, 3, 4]"
CMA-CGM,854,"Спец: [1, 2, 3, 3, 4, 3, 4] != Общий: [1, 2, 2, 3, 3, 3, 4]"
CMA-CGM,856,"Спец: [1, 2, 2, 3, 3, 4] != Общий: [1, 1, 2, 2, 3, 4]"
CMA-CGM,857,"Спец: [1, 2, 2, 3, 3, 4, 3, 4] != Общий: [1, 1, 2, 2, 3, 3, 3, 4]"
CMA-CGM,858,"Спец: [1, 2, 2, 3, 3, 4, 3, 4, 3, 4] != Общий: [1, 1, 2, 2, 3, 3, 3, 3, 3, 4]"
CMA-CGM,859,"Спец: [1, 2, 2, 3, 3, 4, 4, 3, 4] != Общий: [1, 1, 2, 2, 3, 4, 4, 5, 5]"
CMA-CGM,860,"Спец: [1, 2, 3, 4, 3, 4] != Общий: [1, 1, 3, 3, 3, 4]"
CMA-CGM,861,"Спец: [1, 2, 2, 3, 3, 4, 3, 4] != Общий: [1, 1, 2, 2, 3, 3, 3, 4]"
CMA-CGM,862,"Спец: [1, 2, 2, 3, 3, 4, 3, 4] != Общий: [1, 1, 2, 2, 3, 3, 3, 4]"
CMA-CGM,863,"Спец: [1, 2, 2, 3, 3, 4, 4, 3, 3, 4, 4, 5, 5, 5] != Общий: [1, 1, 2, 3, 3, 3, 3, 3, 3, 4, 4, 5, 5, 5]"
CMA-CGM,864,"Спец: [1, 2, 2, 3, 3, 3, 3, 4, 4, 3, 4] != Общий: [1, 1, 2, 2, 2, 2, 3, 3, 3, 3, 4]"
CMA-CGM,865,"Спец: [1, 2] != Общий: [1, 1]"
CMA-CGM,866,"Спец: [1, 2, 2, 3, 3, 4, 4] != Общий: [1, 1, 2, 2, 3, 4, 4]"
CMA-CGM,867,"Спец: [1, 2, 2, 3, 3, 4, 4, 3, 3, 4, 4, 5, 5] != Общий: [1, 1, 2, 2, 3, 3, 3, 3, 3, 4, 4, 5, 5]"
CMA-CGM,868,"Спец: [1, 2, 2, 3, 3, 4, 4, 3, 3, 4, 4, 3, 3, 4, 4, 5, 5] != Общий: [1, 1, 2, 2, 2, 3, 3, 3, 3, 3, 3, 3, 3, 4, 4, 5, 5]"
CMA-CGM,869,"Спец: [1, 2, 2, 3, 3, 4, 3, 4, 3, 4] != Общий: [1, 1, 2, 2, 3, 3, 3, 3, 3, 4]"
CMA-CGM,870,"Спец: [1, 2, 2, 3, 3, 4] != Общий: [1, 1, 2, 3, 3, 4]"
CMA-CGM,871,"Спец: [1, 2, 2, 3, 3, 4, 3, 4] != Общий: [1, 1, 2, 2, 3, 3, 3, 4]"
CMA-CGM,872,"Спец: [1, 2, 2, 3, 4] != Общий: [1, 1, 2, 3, 4]"
CMA-CGM,873,"Спец: [1, 2, 2, 3, 3, 4] != Общий: [1, 1, 2, 2, 3, 4]"
CMA-CGM,874,"Спец: [1, 2, 2, 3, 3, 4, 4, 3, 3, 4, 4, 4, 5, 5] != Общий: [1, 1, 2, 2, 3, 3, 3, 3, 3, 4, 4, 4, 4, 4]"
CMA-CGM,875,"Спец: [1, 2, 2, 3, 3, 4, 3, 4] != Общий: [1, 1, 2, 2, 3, 3, 3, 4]"
CMA-CGM,876,"Спец: [1, 2, 2, 3, 3, 4, 4, 5, 5] != Общий: [1, 1, 2, 3, 3, 4, 4, 5, 5]"
CMA-CGM,877,"Спец: [1, 2, 2, 3, 3, 4, 3, 4] != Общий: [1, 1, 2, 2, 3, 3, 3, 4]"
CMA-CGM,878,"Спец: [1, 2, 2, 3, 3, 4, 3, 4] != Общий: [1, 1, 2, 2, 3, 3, 3, 4]"
CMA-CGM,879,"Спец: [1, 2, 2, 3, 3, 4, 4, 5, 5] != Общий: [1, 1, 2, 2, 3, 4, 4, 5, 5]"
CMA-CGM,880,"Спец: [1, 2, 2, 3, 3, 4] != Общий: [1, 1, 2, 3, 3, 4]"
CMA-CGM,881,"Спец: [1, 2, 2, 3, 4] != Общий: [1, 1, 2, 3, 4]"
CMA-CGM,882,"Спец: [1, 1, 2, 3, 3, 4, 4, 5] != Общий: [1, 1, 2, 2, 3, 4, 4, 5]"
CMA-CGM,883,"Спец: [1, 2, 2, 3, 3, 4, 4, 3, 3, 4] != Общий: [1, 1, 2, 3, 3, 3, 3, 3, 3, 4]"
CMA-CGM,884,"Спец: [1, 2, 2, 3, 3, 4, 4, 5] != Общий: [1, 1, 2, 2, 3, 4, 4, 5]"
CMA-CGM,886,"Спец: [1, 2, 2, 3, 3, 4, 4, 3, 3, 4] != Общий: [1, 1, 2, 2, 3, 3, 3, 3, 3, 4]"
CMA-CGM,887,"Спец: [1, 2, 2, 3, 3, 4, 3, 4] != Общий: [1, 1, 2, 2, 3, 3, 3, 4]"
CMA-CGM,889,"Спец: [1, 2, 2, 3, 4] != Общий: [1, 1, 2, 3, 4]"
CMA-CGM,890,"Спец: [1, 2, 2, 3, 3, 4, 3, 4] != Общий: [1, 1, 2, 2, 3, 3, 3, 4]"
CMA-CGM,891,"Спец: [1, 2, 2, 3, 3, 4, 3, 4] != Общий: [1, 1, 2, 2, 3, 3, 3, 4]"
CMA-CGM,892,"Спец: [1, 2, 2, 3, 3, 4, 3, 4] != Общий: [1, 1, 2, 2, 3, 3, 3, 4]"
CMA-CGM,893,"Спец: [1, 2, 2, 3, 3, 4, 4, 5, 5] != Общий: [1, 1, 2, 2, 3, 4, 4, 5, 5]"
CMA-CGM,894,"Спец: [1, 2, 2, 3, 3, 4, 4, 3, 4] != Общий: [1, 1, 2, 2, 3, 3, 3, 3, 4]"
CMA-CGM,895,"Спец: [1, 2, 2, 3, 3, 4] != Общий: [1, 1, 2, 2, 3, 4]"
CMA-CGM,896,"Спец: [1, 2, 2, 3, 3, 4, 3, 4] != Общий: [1, 1, 2, 2, 3, 3, 3, 4]"
CMA-CGM,897,"Спец: [1, 2, 2, 3, 3, 4, 4, 3, 3, 4] != Общий: [1, 1, 2, 2, 3, 3, 3, 3, 3, 4]"
CMA-CGM,898,"Спец: [1, 2, 2, 3, 3, 4, 3, 4] != Общий: [1, 1, 2, 2, 3, 3, 3, 4]"
CMA-CGM,899,"Спец: [1, 2, 2, 3, 3, 4, 3, 4] != Общий: [1, 1, 2, 2, 3, 3, 3, 4]"
CMA-CGM,900,"Спец: [1, 2, 2, 3, 3, 4, 4, 5, 5] != Общий: [1, 1, 2, 2, 3, 4, 4, 5, 5]"
CMA-CGM,901,"Спец: [1, 2, 2, 3, 3, 4, 4, 5, 5, 5, 5] != Общий: [1, 1, 2, 3, 3, 4, 4, 5, 5, 5, 5]"
CMA-CGM,902,"Спец: [1, 2, 2, 3, 3, 4, 3, 4] != Общий: [1, 1, 2, 2, 3, 3, 3, 4]"
CMA-CGM,903,"Спец: [1, 2, 2, 3, 3, 4, 3, 4] != Общий: [1, 1, 2, 2, 3, 3, 3, 4]"
CMA-CGM,904,"Спец: [1, 3, 4, 3, 4, 3, 4] != Общий: [1, 3, 3, 3, 4, 5, 5]"
CMA-CGM,905,"Спец: [1, 2, 2, 3, 3, 4, 3, 4] != Общий: [1, 1, 2, 2, 3, 3, 3, 4]"
CMA-CGM,906,"Спец: [1, 2, 2, 3, 3, 4] != Общий: [1, 1, 2, 2, 3, 4]"
CMA-CGM,907,"Спец: [1, 2, 2, 3, 3, 4, 4, 5, 5] != Общий: [1, 1, 2, 2, 3, 4, 4, 5, 5]"
CMA-CGM,908,"Спец: [1, 2, 2, 3, 3, 4, 4, 5, 5] != Общий: [1, 1, 2, 2, 3, 4, 4, 5, 5]"
CMA-CGM,909,"Спец: [1, 2, 2, 3, 3, 4] != Общий: [1, 1, 2, 2, 3, 4]"
CMA-CGM,910,"Спец: [1, 2, 2, 3, 3, 4, 3, 4, 4] != Общий: [1, 1, 2, 2, 3, 3, 3, 4, 4]"
CMA-CGM,911,"Спец: [1, 2, 2, 3, 3, 4, 3, 4] != Общий: [1, 1, 2, 2, 3, 3, 3, 4]"
CMA-CGM,912,"Спец: [1, 2, 2, 3, 3, 4, 4, 3, 3, 4] != Общий: [1, 1, 2, 2, 3, 4, 4, 5, 5, 5]"
CMA-CGM,913,"Спец: [1, 2, 2, 3, 3, 4, 3, 4] != Общий: [1, 1, 2, 2, 3, 3, 3, 4]"
CMA-CGM,914,"Спец: [1, 2, 3, 4, 3, 4] != Общий: [1, 1, 3, 3, 3, 4]"
CMA-CGM,915,"Спец: [1, 2, 2, 3, 4, 3, 4] != Общий: [1, 1, 2, 3, 3, 3, 4]"
CMA-CGM,916,"Спец: [1, 2, 2, 3, 3, 4, 4, 3, 4] != Общий: [1, 1, 2, 2, 3, 3, 3, 3, 4]"
CMA-CGM,917,"Спец: [1, 2, 2, 3, 3, 4, 3, 4] != Общий: [1, 1, 2, 2, 3, 3, 3, 4]"
CMA-CGM,918,"Спец: [1, 2, 2, 3, 3, 4, 4] != Общий: [1, 1, 2, 2, 3, 4, 4]"
CMA-CGM,919,"Спец: [1, 2, 2, 3, 3, 4, 4, 3, 3, 4, 3, 4] != Общий: [1, 1, 2, 2, 3, 3, 3, 3, 3, 3, 3, 4]"
CMA-CGM,920,"Спец: [1, 2, 2, 3, 3, 4, 4] != Общий: [1, 1, 2, 2, 3, 4, 4]"
CMA-CGM,921,"Спец: [1, 2, 2, 3, 3, 4, 4, 5, 5] != Общий: [1, 1, 2, 2, 3, 4, 4, 5, 5]"
CMA-CGM,922,"Спец: [1, 2, 2, 3, 3, 4] != Общий: [1, 1, 2, 2, 3, 4]"
CMA-CGM,923,"Спец: [1, 2, 3, 3, 4, 3, 4] != Общий: [1, 2, 2, 3, 3, 3, 4]"
CMA-CGM,924,"Спец: [1, 2, 2, 3, 3, 4, 4, 3, 4] != Общий: [1, 1, 2, 2, 3, 3, 3, 3, 4]"
CMA-CGM,925,"Спец: [1, 2, 2, 3, 3, 4] != Общий: [1, 1, 2, 2, 3, 4]"
CMA-CGM,926,"Спец: [1, 2, 2, 3, 3, 4, 4, 5, 5] != Общий: [1, 1, 2, 3, 3, 4, 4, 5, 5]"
CMA-CGM,927,"Спец: [1, 2, 2, 3, 3, 3, 4, 4] != Общий: [1, 1, 2, 2, 3, 3, 3, 4]"
CMA-CGM,928,"Спец: [1, 2, 2, 3, 3, 4, 4, 3, 3, 4] != Общий: [1, 1, 2, 3, 3, 3, 3, 3, 3, 4]"
CMA-CGM,929,"Спец: [1, 2, 2, 3, 4, 3, 4] != Общий: [1, 1, 2, 3, 3, 3, 4]"
CMA-CGM,930,"Спец: [1, 2, 2, 3, 3, 4, 3, 4] != Общий: [1, 1, 2, 2, 3, 3, 3, 4]"
CMA-CGM,931,"Спец: [1, 2, 2, 3, 3, 4, 4, 3, 3, 4] != Общий: [1, 1, 2, 2, 3, 3, 3, 3, 3, 4]"
CMA-CGM,932,"Спец: [1, 2, 2, 3, 3, 4, 4, 5, 5, 5] != Общий: [1, 1, 2, 2, 3, 4, 4, 5, 5, 5]"
CMA-CGM,933,"Спец: [1, 3, 4, 3, 4] != Общий: [1, 3, 3, 3, 4]"
CMA-CGM,934,"Спец: [1, 2, 2, 3, 3, 4, 3, 4] != Общий: [1, 1, 2, 3, 3, 3, 3, 4]"
CMA-CGM,935,"Спец: [1, 3, 4, 3, 4, 3, 4, 3, 4] != Общий: [1, 3, 3, 3, 3, 3, 3, 3, 4]"
CMA-CGM,936,"Спец: [1, 2, 2, 3, 3, 4, 4, 3, 4] != Общий: [1, 1, 2, 2, 3, 3, 3, 3, 4]"
CMA-CGM,937,"Спец: [1, 2, 2, 3, 3, 4, 4, 3, 3, 4] != Общий: [1, 1, 2, 2, 3, 3, 3, 3, 3, 4]"
CMA-CGM,939,"Спец: [1, 2, 2, 3, 3, 4, 4, 5] != Общий: [1, 1, 2, 2, 3, 4, 4, 5]"
CMA-CGM,940,"Спец: [1, 2, 2, 3, 3, 4] != Общий: [1, 1, 2, 2, 3, 4]"
CMA-CGM,941,"Спец: [1, 2, 2, 3, 3, 4, 3, 4, 3, 4] != Общий: [1, 1, 2, 2, 3, 3, 3, 3, 3, 3]"
CMA-CGM,943,"Спец: [1, 2, 2, 3, 3, 3, 4, 4] != Общий: [1, 1, 2, 2, 3, 3, 3, 4]"
CMA-CGM,944,"Спец: [1, 2, 2, 3, 3, 4, 3, 4] != Общий: [1, 1, 2, 2, 3, 3, 3, 4]"
CMA-CGM,945,"Спец: [1, 2, 3, 3, 3, 4, 4, 5, 5] != Общий: [1, 1, 3, 3, 3, 4, 4, 5, 5]"
CMA-CGM,946,"Спец: [1, 2, 2, 3, 3, 4, 4, 3, 4] != Общий: [1, 1, 2, 2, 3, 3, 3, 3, 4]"
CMA-CGM,947,"Спец: [1, 2, 2, 3, 3, 4] != Общий: [1, 1, 2, 2, 3, 4]"
CMA-CGM,948,"Спец: [1, 2, 2, 3, 3, 4, 4, 3, 4, 3, 4] != Общий: [1, 1, 2, 2, 3, 3, 3, 3, 3, 3, 4]"
CMA-CGM,949,"Спец: [1, 2, 2, 3, 3, 4] != Общий: [1, 1, 2, 2, 3, 4]"
CMA-CGM,950,"Спец: [1, 2, 2, 3, 3, 4, 4, 3, 3, 4] != Общий: [1, 1, 2, 2, 3, 3, 3, 3, 3, 4]"
CMA-CGM,951,"Спец: [1, 2, 2, 3, 3, 4, 3, 4] != Общий: [1, 1, 2, 2, 3, 3, 3, 4]"
CMA-CGM,952,"Спец: [1, 2, 2, 3, 3, 4] != Общий: [1, 1, 2, 2, 3, 4]"
CMA-CGM,953,"Спец: [1, 2, 2, 3, 3, 4, 4, 3, 3, 4] != Общий: [1, 1, 2, 2, 3, 3, 3, 3, 3, 4]"
CMA-CGM,954,"Спец: [1, 2, 2, 3, 3, 4, 4, 3, 3, 4] != Общий: [1, 1, 2, 3, 3, 3, 3, 3, 3, 4]"
CMA-CGM,955,"Спец: [1, 2, 2, 3, 3, 4, 3, 4] != Общий: [1, 1, 2, 2, 3, 3, 3, 4]"
CMA-CGM,956,"Спец: [1, 2, 2, 3, 3, 4, 4, 3, 3, 4] != Общий: [1, 1, 2, 2, 3, 3, 3, 3, 3, 4]"
CMA-CGM,957,"Спец: [1, 2, 2, 3, 3, 4, 4, 5, 5] != Общий: [1, 1, 2, 2, 3, 4, 4, 5, 5]"
CMA-CGM,958,"Спец: [1, 2, 2, 3, 3, 4] != Общий: [1, 1, 2, 2, 3, 4]"
CMA-CGM,959,"Спец: [1, 2, 2, 3, 3, 4] != Общий: [1, 1, 2, 3, 3, 4]"
CMA-CGM,960,"Спец: [1, 3, 4, 3, 4] != Общий: [1, 3, 3, 3, 4]"
CMA-CGM,961,"Спец: [1, 2, 2, 3, 3, 4, 4, 3, 4] != Общий: [1, 1, 2, 2, 3, 3, 3, 3, 4]"
CMA-CGM,962,"Спец: [1, 2, 2, 3, 3, 4] != Общий: [1, 1, 2, 2, 3, 4]"
CMA-CGM,963,"Спец: [1, 2, 2, 3, 3, 4, 3, 4] != Общий: [1, 1, 2, 2, 3, 3, 3, 4]"
CMA-CGM,964,"Спец: [1, 2, 2, 3, 3, 4, 4, 3, 4] != Общий: [1, 1, 2, 2, 3, 3, 3, 3, 4]"
CMA-CGM,965,"Спец: [1, 2, 2, 3, 3, 4, 4, 3, 4] != Общий: [1, 1, 2, 3, 3, 3, 3, 3, 4]"
CMA-CGM,966,"Спец: [1, 2, 2, 3, 3, 4, 4, 5, 5] != Общий: [1, 1, 2, 2, 3, 4, 4, 5, 5]"
CMA-CGM,967,"Спец: [1, 2, 2, 3, 3, 4, 4, 3, 4] != Общий: [1, 1, 2, 2, 3, 3, 3, 3, 4]"
CMA-CGM,968,"Спец: [1, 2, 2, 3, 3, 4, 4] != Общий: [1, 1, 2, 2, 3, 4, 4]"
CMA-CGM,969,"Спец: [1, 2, 2, 3, 3, 4, 4, 3, 4] != Общий: [1, 1, 2, 2, 3, 3, 3, 3, 4]"
CMA-CGM,970,"Спец: [1, 2, 2, 3, 3, 4, 4, 3, 4] != Общий: [1, 1, 2, 2, 3, 3, 3, 3, 4]"
CMA-CGM,971,"Спец: [1, 2, 2, 3, 3, 4] != Общий: [1, 1, 2, 2, 3, 4]"
CMA-CGM,972,"Спец: [1, 2, 2, 3, 3, 4] != Общий: [1, 1, 2, 2, 3, 4]"
CMA-CGM,973,"Спец: [1, 2, 2, 3, 3, 4, 3, 4] != Общий: [1, 1, 2, 2, 3, 3, 3, 4]"
CMA-CGM,974,"Спец: [1, 2, 2, 3, 3, 4] != Общий: [1, 1, 2, 2, 3, 4]"
CMA-CGM,975,"Спец: [1, 2, 2, 3, 3, 4, 4, 3, 4, 4] != Общий: [1, 1, 2, 2, 3, 3, 3, 3, 4, 4]"
CMA-CGM,976,"Спец: [1, 3, 3, 3, 3, 4, 4, 5] != Общий: [1, 3, 3, 3, 3, 4, 4, 4]"
CMA-CGM,977,"Спец: [1, 2, 2, 3, 3, 4, 3, 4, 3, 4] != Общий: [1, 1, 2, 2, 3, 3, 3, 3, 3, 4]"
CMA-CGM,978,"Спец: [1, 2, 3, 4] != Общий: [1, 1, 3, 4]"
CMA-CGM,980,"Спец: [1, 2, 2, 3, 3, 4, 3, 4] != Общий: [1, 1, 2, 2, 3, 3, 3, 4]"
CMA-CGM,981,"Спец: [1, 2, 2, 3, 3, 4, 4, 5, 5] != Общий: [1, 1, 2, 3, 3, 4, 4, 5, 5]"
CMA-CGM,982,"Спец: [1, 2, 2, 3, 3, 4, 4, 3, 3, 4] != Общий: [1, 1, 2, 2, 3, 3, 3, 3, 3, 4]"
CMA-CGM,983,"Спец: [1, 2, 2, 3, 3, 4, 4, 4] != Общий: [1, 1, 2, 2, 3, 4, 4, 4]"
CMA-CGM,984,"Спец: [1, 2, 2, 3, 3, 4] != Общий: [1, 1, 2, 2, 3, 4]"
CMA-CGM,985,"Спец: [1, 2, 2, 3, 3, 4] != Общий: [1, 1, 2, 2, 3, 4]"
CMA-CGM,986,"Спец: [1, 2, 2, 3, 3, 4, 4, 5, 5] != Общий: [1, 1, 2, 2, 3, 4, 4, 5, 5]"
CMA-CGM,987,"Спец: [1, 2, 2, 3, 3, 4, 4, 3, 3, 4] != Общий: [1, 1, 2, 2, 3, 3, 3, 3, 3, 4]"
CMA-CGM,988,"Спец: [1, 2, 2, 3, 3, 4, 4, 5, 5] != Общий: [1, 1, 2, 2, 3, 4, 4, 5, 5]"
CMA-CGM,989,"Спец: [1, 2, 2, 3, 3, 4, 4, 3, 3, 4] != Общий: [1, 1, 2, 2, 3, 3, 3, 3, 3, 4]"
CMA-CGM,990,"Спец: [1, 2, 2, 3, 3, 4, 4, 3, 4] != Общий: [1, 1, 2, 2, 3, 3, 3, 3, 4]"
CMA-CGM,991,"Спец: [1, 2, 2, 3, 3, 4] != Общий: [1, 1, 2, 2, 3, 4]"
CMA-CGM,992,"Спец: [1, 2, 2, 3, 3, 4, 4, 5, 5] != Общий: [1, 1, 2, 2, 3, 4, 4, 5, 5]"
CMA-CGM,993,"Спец: [1, 2, 2, 3, 3, 4, 4, 3, 3, 4] != Общий: [1, 1, 2, 2, 3, 3, 3, 3, 3, 4]"
CMA-CGM,994,"Спец: [1, 2, 2, 3, 3, 4] != Общий: [1, 1, 2, 2, 3, 4]"
CMA-CGM,995,"Спец: [1, 2, 2, 3, 3, 4, 4, 3, 4] != Общий: [1, 1, 2, 2, 3, 3, 3, 3, 4]"
CMA-CGM,996,"Спец: [1, 2, 2, 3, 4] != Общий: [1, 1, 2, 3, 4]"
CMA-CGM,997,"Спец: [1, 2, 2, 3, 3, 4, 4] != Общий: [1, 1, 2, 2, 3, 4, 4]"
CMA-CGM,998,"Спец: [1, 1, 2, 3, 3, 4] != Общий: [1, 1, 2, 2, 3, 4]"
CMA-CGM,999,"Спец: [1, 2, 2, 3, 3, 4, 3, 4, 3, 4] != Общий: [1, 1, 2, 2, 3, 3, 3, 3, 3, 4]"
Evergreen,0,"Спец: [1, 5] != Общий: [1, 1]"
Evergreen,1,"Спец: [1, 1] != Общий: [1, 2]"
Evergreen,2,"Спец: [1, 5] != Общий: [1, 1]"
Evergreen,3,"Спец: [1, 1] != Общий: [1, 2]"
Evergreen,4,"Спец: [1, 1] != Общий: [1, 2]"
Evergreen,5,"Спец: [1, 5] != Общий: [1, 1]"
Evergreen,6,"Спец: [1, 1] != Общий: [1, 2]"
Evergreen,8,"Спец: [1, 5] != Общий: [1, 1]"
Evergreen,9,"Спец: [1, 5] != Общий: [1, 1]"
Evergreen,10,"Спец: [1, 5] != Общий: [1, 1]"
Evergreen,11,"Спец: [1, 5] != Общий: [1, 1]"
Evergreen,13,"Спец: [1, 1] != Общий: [1, 2]"
Evergreen,14,"Спец: [1, 1] != Общий: [1, 2]"
Evergreen,15,"Спец: [1, 5] != Общий: [1, 2]"
Evergreen,20,"Спец: [1, 5] != Общий: [1, 2]"
Evergreen,23,"Спец: [1, 5] != Общий: [1, 1]"
Evergreen,24,"Спец: [1, 5] != Общий: [1, 1]"
Evergreen,25,"Спец: [1, 5] != Общий: [1, 1]"
Evergreen,28,"Спец: [1, 2] != Общий: [1, 3]"
Evergreen,35,"Спец: [1, 1] != Общий: [1, 2]"
Evergreen,36,"Спец: [1, 2] != Общий: [1, 3]"
Evergreen,38,"Спец: [1, 1] != Общий: [1, 2]"
Evergreen,41,"Спец: [1, 2] != Общий: [1, 3]"
Evergreen,43,"Спец: [1, 5] != Общий: [1, 1]"
Evergreen,44,"Спец: [1, 5] != Общий: [1, 1]"
Evergreen,45,"Спец: [1, 2] != Общий: [1, 3]"
Evergreen,46,"Спец: [1, 5] != Общий: [1, 1]"
Evergreen,47,"Спец: [1, 5] != Общий: [1, 1]"
Evergreen,48,"Спец: [1, 5] != Общий: [1, 1]"
Evergreen,49,"Спец: [1, 2] != Общий: [1, 3]"
Evergreen,50,"Спец: [1, 2] != Общий: [1, 3]"
Evergreen,51,"Спец: [1, 2] != Общий: [1, 3]"
Evergreen,52,"Спец: [1, 2] != Общий: [1, 3]"
Evergreen,53,"Спец: [1, 2] != Общий: [1, 3]"
Evergreen,54,"Спец: [1, 2] != Общий: [1, 3]"
Evergreen,56,"Спец: [1, 5] != Общий: [1, 1]"
Evergreen,59,"Спец: [1, 5] != Общий: [1, 1]"
Evergreen,60,"Спец: [1, 5] != Общий: [1, 1]"
Evergreen,61,"Спец: [1, 5] != Общий: [1, 1]"
Evergreen,62,"Спец: [1, 5] != Общий: [1, 1]"
Evergreen,63,"Спец: [1, 5] != Общий: [1, 1]"
Evergreen,64,"Спец: [1, 5] != Общий: [1, 1]"
Evergreen,65,"Спец: [1, 5] != Общий: [1, 1]"
Evergreen,66,"Спец: [1, 5] != Общий: [1, 1]"
Evergreen,67,"Спец: [1, 5] != Общий: [1, 1]"
Evergreen,68,"Спец: [1, 5] != Общий: [1, 1]"
Evergreen,69,"Спец: [1, 5] != Общий: [1, 1]"
Evergreen,70,"Спец: [1, 5] != Общий: [1, 1]"
Evergreen,71,"Спец: [1, 5] != Общий: [1, 1]"
Evergreen,73,"Спец: [1, 1] != Общий: [1, 2]"
Evergreen,74,"Спец: [1, 2] != Общий: [1, 3]"
Evergreen,75,"Спец: [1, 5] != Общий: [1, 1]"
Evergreen,76,"Спец: [1, 2] != Общий: [1, 3]"
Evergreen,78,"Спец: [1, 5, 5, 5] != Общий: [1, 2, 2, 3]"
Evergreen,79,"Спец: [1, 2] != Общий: [1, 3]"
Evergreen,80,"Спец: [1, 5] != Общий: [1, 1]"
Evergreen,81,"Спец: [1, 2] != Общий: [1, 3]"
Evergreen,82,"Спец: [1, 5, 5, 5] != Общий: [1, 2, 2, 2]"
Evergreen,83,"Спец: [1, 2] != Общий: [1, 3]"
Evergreen,123,"Спец: [1, 2] != Общий: [1, 3]"
Evergreen,124,"Спец: [1, 2] != Общий: [1, 3]"
Evergreen,125,"Спец: [1, 2] != Общий: [1, 3]"
Evergreen,126,"Спец: [1, 2] != Общий: [1, 3]"
Evergreen,127,"Спец: [1, 5] != Общий: [1, 1]"
Evergreen,128,"Спец: [1, 2] != Общий: [1, 3]"
Evergreen,129,"Спец: [1, 2] != Общий: [1, 3]"
Evergreen,130,"Спец: [1, 5] != Общий: [1, 1]"
Evergreen,131,"Спец: [1, 2] != Общий: [1, 3]"
Evergreen,132,"Спец: [1, 5] != Общий: [1, 1]"
Evergreen,133,"Спец: [1, 5] != Общий: [1, 1]"
Evergreen,134,"Спец: [1, 2] != Общий: [1, 3]"
Evergreen,137,"Спец: [1, 2] != Общий: [1, 3]"
Evergreen,138,"Спец: [1, 5] != Общий: [1, 1]"
Evergreen,139,"Спец: [1, 2] != Общий: [1, 3]"
Evergreen,140,"Спец: [1, 2] != Общий: [1, 3]"
Evergreen,142,"Спец: [1, 2] != Общий: [1, 3]"
Evergreen,143,"Спец: [1, 1] != Общий: [1, 3]"
Evergreen,144,"Спец: [1, 2] != Общий: [1, 3]"
Evergreen,145,"Спец: [1, 2] != Общий: [1, 3]"
Evergreen,147,"Спец: [1, 2] != Общий: [1, 3]"
Evergreen,148,"Спец: [1, 5, 5, 5] != Общий: [1, 2, 2, 2]"
Evergreen,149,"Спец: [1, 2] != Общий: [1, 3]"
Evergreen,150,"Спец: [1, 5] != Общий: [1, 1]"
Evergreen,152,"Спец: [1, 2] != Общий: [1, 3]"
Evergreen,153,"Спец: [1, 2] != Общий: [1, 3]"
Evergreen,154,"Спец: [1, 2] != Общий: [1, 3]"
Evergreen,155,"Спец: [1, 5] != Общий: [1, 1]"
Evergreen,156,"Спец: [1, 2] != Общий: [1, 3]"
Evergreen,157,"Спец: [1, 2] != Общий: [1, 3]"
Evergreen,158,"Спец: [1, 2] != Общий: [1, 3]"
Evergreen,159,"Спец: [1, 2] != Общий: [1, 3]"
Evergreen,160,"Спец: [1, 2] != Общий: [1, 3]"
Evergreen,161,"Спец: [1, 2] != Общий: [1, 3]"
Evergreen,162,"Спец: [1, 2] != Общий: [1, 3]"
Evergreen,163,"Спец: [1, 2] != Общий: [1, 3]"
Evergreen,164,"Спец: [1, 5] != Общий: [1, 1]"
Evergreen,165,"Спец: [1, 5] != Общий: [1, 1]"
Evergreen,166,"Спец: [1, 5] != Общий: [1, 1]"
Evergreen,169,"Спец: [1, 2] != Общий: [1, 3]"
Evergreen,171,"Спец: [1, 2] != Общий: [1, 3]"
Evergreen,173,"Спец: [1, 5] != Общий: [1, 1]"
Evergreen,174,"Спец: [1, 2] != Общий: [1, 3]"
Evergreen,176,"Спец: [1, 2] != Общий: [1, 3]"
Evergreen,179,"Спец: [1, 5] != Общий: [1, 1]"
Evergreen,180,"Спец: [1, 2] != Общий: [1, 3]"
Evergreen,181,"Спец: [1, 2] != Общий: [1, 3]"
Evergreen,182,"Спец: [1, 2] != Общий: [1, 3]"
Evergreen,183,"Спец: [1, 2] != Общий: [1, 3]"
Evergreen,184,"Спец: [1, 2] != Общий: [1, 3]"
Evergreen,185,"Спец: [1, 5] != Общий: [1, 1]"
Evergreen,186,"Спец: [1, 5] != Общий: [1, 1]"
Evergreen,187,"Спец: [1, 2] != Общий: [1, 3]"
Evergreen,188,"Спец: [1, 5] != Общий: [1, 1]"
Evergreen,189,"Спец: [1, 2] != Общий: [1, 3]"
Evergreen,190,"Спец: [1, 5] != Общий: [1, 1]"
Evergreen,191,"Спец: [1, 5] != Общий: [1, 1]"
Evergreen,193,"Спец: [1, 2] != Общий: [1, 3]"
Evergreen,194,"Спец: [1, 2] != Общий: [1, 3]"
Evergreen,197,"Спец: [1, 2] != Общий: [1, 3]"
Evergreen,198,"Спец: [1, 2] != Общий: [1, 3]"
Evergreen,199,"Спец: [1, 1] != Общий: [1, 2]"
Evergreen,200,"Спец: [1, 1] != Общий: [1, 2]"
Evergreen,201,"Спец: [1, 1] != Общий: [1, 2]"
Evergreen,202,"Спец: [1, 5] != Общий: [1, 1]"
Evergreen,203,"Спец: [1, 5] != Общий: [1, 1]"
Evergreen,205,"Спец: [1, 2] != Общий: [1, 3]"
Evergreen,206,"Спец: [1, 1] != Общий: [1, 2]"
Evergreen,210,"Спец: [1, 1] != Общий: [1, 2]"
Evergreen,211,"Спец: [1, 2] != Общий: [1, 3]"
Evergreen,212,"Спец: [1, 2] != Общий: [1, 3]"
Evergreen,214,"Спец: [1, 2] != Общий: [1, 3]"
Evergreen,215,"Спец: [1, 5, 5, 5, 5, 5, 4, 4] != Общий: [1, 2, 2, 2, 2, 2, 3, 3]"
Evergreen,216,"Спец: [1, 5] != Общий: [1, 2]"
Evergreen,217,"Спец: [1, 2] != Общий: [1, 3]"
Evergreen,218,"Спец: [1, 2] != Общий: [1, 3]"
Evergreen,219,"Спец: [1, 2] != Общий: [1, 3]"
Evergreen,221,"Спец: [1, 5] != Общий: [1, 1]"
Evergreen,222,"Спец: [1, 5] != Общий: [1, 1]"
Evergreen,223,"Спец: [1, 5] != Общий: [1, 1]"
Evergreen,224,"Спец: [1, 5] != Общий: [1, 1]"
Evergreen,225,"Спец: [1, 5] != Общий: [1, 1]"
Evergreen,226,"Спец: [1, 5] != Общий: [1, 1]"
Evergreen,227,"Спец: [1, 5] != Общий: [1, 1]"
Evergreen,228,"Спец: [1, 2] != Общий: [1, 3]"
Evergreen,229,"Спец: [1, 5] != Общий: [1, 1]"
Evergreen,230,"Спец: [1, 2] != Общий: [1, 3]"
Evergreen,231,"Спец: [1, 2] != Общий: [1, 3]"
Evergreen,232,"Спец: [1, 5] != Общий: [1, 1]"
Evergreen,233,"Спец: [1, 2] != Общий: [1, 3]"
Evergreen,235,"Спец: [1, 2] != Общий: [1, 3]"
Evergreen,236,"Спец: [1, 2] != Общий: [1, 3]"
Evergreen,237,"Спец: [1, 2] != Общий: [1, 3]"
Evergreen,239,"Спец: [1, 2] != Общий: [1, 3]"
Evergreen,240,"Спец: [1, 2] != Общий: [1, 3]"
Evergreen,241,"Спец: [1, 5] != Общий: [1, 1]"
Evergreen,243,"Спец: [1, 5] != Общий: [1, 1]"
Evergreen,244,"Спец: [1, 5] != Общий: [1, 1]"
Evergreen,245,"Спец: [1, 2] != Общий: [1, 3]"
Evergreen,246,"Спец: [1, 5] != Общий: [1, 1]"
Evergreen,247,"Спец: [1, 5] != Общий: [1, 1]"
Evergreen,248,"Спец: [1, 2] != Общий: [1, 3]"
Evergreen,249,"Спец: [1, 2] != Общий: [1, 3]"
Evergreen,251,"Спец: [1, 2] != Общий: [1, 3]"
Evergreen,253,"Спец: [1, 5] != Общий: [1, 1]"
Evergreen,254,"Спец: [1, 2] != Общий: [1, 3]"
Evergreen,255,"Спец: [1, 2] != Общий: [1, 3]"
Evergreen,256,"Спец: [1, 2] != Общий: [1, 3]"
Evergreen,258,"Спец: [1, 5] != Общий: [1, 2]"
Evergreen,259,"Спец: [1, 2] != Общий: [1, 3]"
Evergreen,264,"Спец: [1, 2] != Общий: [1, 3]"
Evergreen,265,"Спец: [1, 2] != Общий: [1, 3]"
Evergreen,267,"Спец: [1, 2] != Общий: [1, 3]"
Evergreen,268,"Спец: [1, 5] != Общий: [1, 2]"
Evergreen,269,"Спец: [1, 2] != Общий: [1, 3]"
Evergreen,270,"Спец: [1, 2] != Общий: [1, 3]"
Evergreen,271,"Спец: [1, 5] != Общий: [1, 1]"
Evergreen,279,"Спец: [1, 2] != Общий: [1, 3]"
Evergreen,280,"Спец: [1, 2] != Общий: [1, 3]"
Evergreen,283,"Спец: [1, 2] != Общий: [1, 3]"
Evergreen,284,"Спец: [1, 2] != Общий: [1, 3]"
Evergreen,285,"Спец: [1, 2] != Общий: [1, 3]"
Evergreen,286,"Спец: [1, 2] != Общий: [1, 3]"
Evergreen,287,"Спец: [1, 5] != Общий: [1, 1]"
Evergreen,288,"Спец: [1, 2] != Общий: [1, 3]"
Evergreen,290,"Спец: [1, 5] != Общий: [1, 1]"
Evergreen,291,"Спец: [1, 2] != Общий: [1, 3]"
Evergreen,294,"Спец: [1, 2] != Общий: [1, 3]"
Evergreen,296,"Спец: [1, 2] != Общий: [1, 3]"
Evergreen,298,"Спец: [1, 2] != Общий: [1, 3]"
Evergreen,301,"Спец: [1, 5] != Общий: [1, 1]"
Evergreen,302,"Спец: [1, 2] != Общий: [1, 3]"
Evergreen,303,"Спец: [1, 5] != Общий: [1, 1]"
Evergreen,304,"Спец: [1, 5] != Общий: [1, 1]"
Evergreen,305,"Спец: [1, 5] != Общий: [1, 1]"
Evergreen,306,"Спец: [1, 5] != Общий: [1, 1]"
Evergreen,307,"Спец: [1, 2] != Общий: [1, 3]"
Evergreen,308,"Спец: [1, 5] != Общий: [1, 1]"
Evergreen,309,"Спец: [1, 5] != Общий: [1, 1]"
Evergreen,310,"Спец: [1, 5] != Общий: [1, 1]"
Evergreen,311,"Спец: [1, 5] != Общий: [1, 1]"
Evergreen,312,"Спец: [1, 5] != Общий: [1, 1]"
Evergreen,313,"Спец: [1, 5] != Общий: [1, 1]"
Evergreen,316,"Спец: [1, 2] != Общий: [1, 3]"
Evergreen,318,"Спец: [1, 2] != Общий: [1, 3]"
Evergreen,319,"Спец: [1, 2] != Общий: [1, 3]"
Evergreen,320,"Спец: [1, 2] != Общий: [1, 3]"
Evergreen,321,"Спец: [1, 2] != Общий: [1, 3]"
Evergreen,322,"Спец: [1, 2] != Общий: [1, 3]"
Evergreen,327,"Спец: [1, 5] != Общий: [1, 1]"
Evergreen,332,"Спец: [1, 5] != Общий: [1, 1]"
Evergreen,333,"Спец: [1, 2] != Общий: [1, 3]"
Evergreen,335,"Спец: [1, 2] != Общий: [1, 3]"
Evergreen,336,"Спец: [1, 2] != Общий: [1, 3]"
Evergreen,338,"Спец: [1, 2] != Общий: [1, 3]"
Evergreen,340,"Спец: [1, 5, 5, 5] != Общий: [1, 2, 2, 2]"
Evergreen,342,"Спец: [1, 2] != Общий: [1, 3]"
Evergreen,343,"Спец: [1, 5] != Общий: [1, 1]"
Evergreen,344,"Спец: [1, 2] != Общий: [1, 3]"
Evergreen,346,"Спец: [1, 1] != Общий: [1, 2]"
Evergreen,347,"Спец: [1, 2] != Общий: [1, 3]"
Evergreen,348,"Спец: [1, 2] != Общий: [1, 3]"
Evergreen,349,"Спец: [1, 5] != Общий: [1, 1]"
Evergreen,351,"Спец: [1, 5] != Общий: [1, 1]"
Evergreen,352,"Спец: [1, 2] != Общий: [1, 3]"
Evergreen,353,"Спец: [1, 5] != Общий: [1, 1]"
Evergreen,355,"Спец: [1, 5] != Общий: [1, 1]"
Evergreen,356,"Спец: [1, 2] != Общий: [1, 3]"
Evergreen,357,"Спец: [1, 2] != Общий: [1, 3]"
Evergreen,358,"Спец: [1, 2] != Общий: [1, 3]"
Evergreen,359,"Спец: [1, 2] != Общий: [1, 3]"
Evergreen,360,"Спец: [1, 2] != Общий: [1, 3]"
Evergreen,361,"Спец: [1, 2] != Общий: [1, 3]"
Evergreen,362,"Спец: [1, 2] != Общий: [1, 3]"
Evergreen,363,"Спец: [1, 2] != Общий: [1, 3]"
Evergreen,364,"Спец: [1, 5] != Общий: [1, 1]"
Evergreen,365,"Спец: [1, 1] != Общий: [1, 2]"
Evergreen,366,"Спец: [1, 2] != Общий: [1, 3]"
Evergreen,367,"Спец: [1, 5] != Общий: [1, 1]"
Evergreen,368,"Спец: [1, 2] != Общий: [1, 3]"
Evergreen,370,"Спец: [1, 2] != Общий: [1, 3]"
Evergreen,371,"Спец: [1, 2] != Общий: [1, 3]"
Evergreen,372,"Спец: [1, 2] != Общий: [1, 3]"
Evergreen,373,"Спец: [1, 5] != Общий: [1, 1]"
Evergreen,379,"Спец: [1, 2] != Общий: [1, 3]"
Evergreen,382,"Спец: [1, 2] != Общий: [1, 3]"
Evergreen,383,"Спец: [1, 2] != Общий: [1, 3]"
Evergreen,384,"Спец: [1, 2] != Общий: [1, 3]"
Evergreen,387,"Спец: [1, 2] != Общий: [1, 3]"
Evergreen,389,"Спец: [1, 2] != Общий: [1, 3]"
Evergreen,390,"Спец: [1, 5, 5, 5] != Общий: [1, 2, 2, 2]"
Evergreen,391,"Спец: [1, 5, 5, 5, 5, 5, 4] != Общий: [1, 2, 2, 2, 2, 2, 3]"
Evergreen,392,"Спец: [1, 5] != Общий: [1, 1]"
Evergreen,393,"Спец: [1, 5] != Общий: [1, 1]"
Evergreen,394,"Спец: [1, 5] != Общий: [1, 1]"
Evergreen,395,"Спец: [1, 5] != Общий: [1, 1]"
Evergreen,396,"Спец: [1, 2] != Общий: [1, 3]"
Evergreen,397,"Спец: [1, 5] != Общий: [1, 1]"
Evergreen,398,"Спец: [1, 2] != Общий: [1, 3]"
Evergreen,399,"Спец: [1, 5] != Общий: [1, 1]"
Evergreen,400,"Спец: [1, 5, 5, 5, 4] != Общий: [1, 2, 2, 2, 2]"
Evergreen,401,"Спец: [1, 2] != Общий: [1, 3]"
Evergreen,402,"Спец: [1, 2] != Общий: [1, 3]"
Evergreen,403,"Спец: [1, 2] != Общий: [1, 3]"
Evergreen,404,"Спец: [1, 2] != Общий: [1, 3]"
Evergreen,405,"Спец: [1, 5] != Общий: [1, 2]"
Evergreen,406,"Спец: [1, 2] != Общий: [1, 3]"
Evergreen,408,"Спец: [1, 2] != Общий: [1, 3]"
Evergreen,410,"Спец: [1, 2] != Общий: [1, 3]"
Evergreen,411,"Спец: [1, 2] != Общий: [1, 3]"
Evergreen,413,"Спец: [1, 2] != Общий: [1, 3]"
Evergreen,416,"Спец: [1, 2] != Общий: [1, 3]"
Evergreen,417,"Спец: [1, 2] != Общий: [1, 3]"
Evergreen,419,"Спец: [1, 1] != Общий: [1, 2]"
Evergreen,420,"Спец: [1, 2] != Общий: [1, 3]"
Evergreen,421,"Спец: [1, 2] != Общий: [1, 3]"
Evergreen,424,"Спец: [1, 2] != Общий: [1, 3]"
Evergreen,427,"Спец: [1, 2] != Общий: [1, 3]"
Evergreen,428,"Спец: [1, 2] != Общий: [1, 3]"
Evergreen,429,"Спец: [1, 2] != Общий: [1, 3]"
Evergreen,430,"Спец: [1, 2] != Общий: [1, 3]"
Evergreen,431,"Спец: [1, 2] != Общий: [1, 3]"
Evergreen,432,"Спец: [1, 2] != Общий: [1, 3]"
Evergreen,434,"Спец: [1, 2] != Общий: [1, 3]"
Evergreen,435,"Спец: [1, 2] != Общий: [1, 3]"
Evergreen,436,"Спец: [1, 2] != Общий: [1, 3]"
Evergreen,439,"Спец: [1, 1] != Общий: [1, 2]"
Evergreen,440,"Спец: [1, 5] != Общий: [1, 1]"
Evergreen,442,"Спец: [1, 2] != Общий: [1, 3]"
Evergreen,443,"Спец: [1, 5] != Общий: [1, 1]"
Evergreen,446,"Спец: [1, 2] != Общий: [1, 3]"
Evergreen,448,"Спец: [1, 2] != Общий: [1, 3]"
Evergreen,450,"Спец: [1, 5] != Общий: [1, 1]"
Evergreen,451,"Спец: [1, 2] != Общий: [1, 3]"
Evergreen,452,"Спец: [1, 2] != Общий: [1, 3]"
Evergreen,453,"Спец: [1, 2] != Общий: [1, 3]"
Evergreen,454,"Спец: [1, 2] != Общий: [1, 3]"
Evergreen,455,"Спец: [1, 5] != Общий: [1, 1]"
Evergreen,456,"Спец: [1, 5] != Общий: [1, 1]"
Evergreen,459,"Спец: [1, 5] != Общий: [1, 1]"
Evergreen,460,"Спец: [1, 2] != Общий: [1, 3]"
Evergreen,461,"Спец: [1, 2] != Общий: [1, 3]"
Evergreen,462,"Спец: [1, 5] != Общий: [1, 1]"
Evergreen,463,"Спец: [1, 2] != Общий: [1, 3]"
Evergreen,465,"Спец: [1, 2] != Общий: [1, 3]"
Evergreen,466,"Спец: [1, 2] != Общий: [1, 3]"
Evergreen,467,"Спец: [1, 5] != Общий: [1, 1]"
Evergreen,468,"Спец: [1, 2] != Общий: [1, 3]"
Evergreen,469,"Спец: [1, 2] != Общий: [1, 3]"
Evergreen,470,"Спец: [1, 2] != Общий: [1, 3]"
Evergreen,471,"Спец: [1, 5] != Общий: [1, 1]"
Evergreen,472,"Спец: [1, 2] != Общий: [1, 3]"
Evergreen,473,"Спец: [1, 2] != Общий: [1, 3]"
Evergreen,474,"Спец: [1, 5] != Общий: [1, 1]"
Evergreen,475,"Спец: [1, 2] != Общий: [1, 3]"
Evergreen,477,"Спец: [1, 2] != Общий: [1, 3]"
Evergreen,481,"Спец: [1, 2] != Общий: [1, 3]"
Evergreen,483,"Спец: [1, 2] != Общий: [1, 3]"
Evergreen,484,"Спец: [1, 2] != Общий: [1, 3]"
Evergreen,485,"Спец: [1, 2] != Общий: [1, 3]"
Evergreen,486,"Спец: [1, 2] != Общий: [1, 3]"
Evergreen,488,"Спец: [1, 5] != Общий: [1, 1]"
Evergreen,489,"Спец: [1, 2] != Общий: [1, 3]"
Evergreen,492,"Спец: [1, 2] != Общий: [1, 3]"
Evergreen,493,"Спец: [1, 2] != Общий: [1, 3]"
Evergreen,496,"Спец: [1, 2] != Общий: [1, 3]"
Evergreen,499,"Спец: [1, 2] != Общий: [1, 3]"
Evergreen,500,"Спец: [1, 5] != Общий: [1, 1]"
Evergreen,501,"Спец: [1, 2] != Общий: [1, 3]"
Evergreen,502,"Спец: [1, 2] != Общий: [1, 3]"
Evergreen,503,"Спец: [1, 2] != Общий: [1, 3]"
Evergreen,504,"Спец: [1, 2] != Общий: [1, 3]"
Evergreen,515,"Спец: [1, 2] != Общий: [1, 3]"
Evergreen,516,"Спец: [1, 2] != Общий: [1, 3]"
Evergreen,517,"Спец: [1, 2] != Общий: [1, 3]"
Evergreen,518,"Спец: [1, 2] != Общий: [1, 3]"
Evergreen,526,"Спец: [1, 2] != Общий: [1, 3]"
Evergreen,527,"Спец: [1, 2] != Общий: [1, 3]"
Evergreen,528,"Спец: [1, 2] != Общий: [1, 3]"
Evergreen,529,"Спец: [1, 1] != Общий: [1, 3]"
Evergreen,530,"Спец: [1, 2] != Общий: [1, 3]"
Evergreen,531,"Спец: [1, 2] != Общий: [1, 3]"
Evergreen,532,"Спец: [1, 2] != Общий: [1, 3]"
Evergreen,533,"Спец: [1, 2] != Общий: [1, 3]"
Evergreen,534,"Спец: [1, 2] != Общий: [1, 3]"
Evergreen,537,"Спец: [1, 1] != Общий: [1, 2]"
Evergreen,538,"Спец: [1, 1] != Общий: [1, 2]"
Evergreen,539,"Спец: [1, 1] != Общий: [1, 2]"
Evergreen,540,"Спец: [1, 1] != Общий: [1, 2]"
Evergreen,541,"Спец: [1, 1] != Общий: [1, 2]"
Evergreen,542,"Спец: [1, 1] != Общий: [1, 2]"
Evergreen,543,"Спец: [1, 1] != Общий: [1, 2]"
Evergreen,544,"Спец: [1, 1] != Общий: [1, 2]"
Evergreen,545,"Спец: [1, 1] != Общий: [1, 2]"
Evergreen,546,"Спец: [1, 2] != Общий: [1, 3]"
Evergreen,548,"Спец: [1, 1] != Общий: [1, 2]"
Evergreen,549,"Спец: [1, 1] != Общий: [1, 2]"
Evergreen,550,"Спец: [1, 1] != Общий: [1, 2]"
Evergreen,551,"Спец: [1, 1] != Общий: [1, 2]"
Evergreen,553,"Спец: [1, 2] != Общий: [1, 3]"
Evergreen,556,"Спец: [1, 2] != Общий: [1, 3]"
Evergreen,558,"Спец: [1, 2] != Общий: [1, 3]"
Evergreen,563,"Спец: [1, 2] != Общий: [1, 3]"
Evergreen,565,"Спец: [1, 2] != Общий: [1, 3]"
Evergreen,566,"Спец: [1, 2] != Общий: [1, 3]"
Evergreen,567,"Спец: [1, 1] != Общий: [1, 2]"
Evergreen,570,"Спец: [1, 2] != Общий: [1, 3]"
Evergreen,578,"Спец: [1, 2] != Общий: [1, 3]"
Evergreen,579,"Спец: [1, 2] != Общий: [1, 3]"
Evergreen,580,"Спец: [1, 1] != Общий: [1, 2]"
Evergreen,581,"Спец: [1, 5] != Общий: [1, 1]"
Evergreen,583,"Спец: [1, 5] != Общий: [1, 1]"
Evergreen,585,"Спец: [1, 2] != Общий: [1, 3]"
Evergreen,587,"Спец: [1, 2] != Общий: [1, 3]"
Evergreen,589,"Спец: [1, 1] != Общий: [1, 2]"
Evergreen,590,"Спец: [1, 1] != Общий: [1, 2]"
Evergreen,591,"Спец: [1, 1] != Общий: [1, 2]"
Evergreen,592,"Спец: [1, 1] != Общий: [1, 2]"
Evergreen,593,"Спец: [1, 1] != Общий: [1, 2]"
Evergreen,594,"Спец: [1, 1] != Общий: [1, 2]"
Evergreen,595,"Спец: [1, 1] != Общий: [1, 2]"
Evergreen,596,"Спец: [1, 1] != Общий: [1, 2]"
Evergreen,597,"Спец: [1, 1] != Общий: [1, 2]"
Evergreen,600,"Спец: [1, 2] != Общий: [1, 3]"
Evergreen,602,"Спец: [1, 1] != Общий: [1, 2]"
Evergreen,603,"Спец: [1, 1] != Общий: [1, 2]"
Evergreen,604,"Спец: [1, 1] != Общий: [1, 2]"
Evergreen,605,"Спец: [1, 1] != Общий: [1, 2]"
Evergreen,606,"Спец: [1, 1] != Общий: [1, 2]"
Evergreen,607,"Спец: [1, 1] != Общий: [1, 2]"
Evergreen,608,"Спец: [1, 1] != Общий: [1, 2]"
Evergreen,609,"Спец: [1, 1] != Общий: [1, 2]"
Evergreen,610,"Спец: [1, 1] != Общий: [1, 2]"
Evergreen,611,"Спец: [1, 1] != Общий: [1, 2]"
Evergreen,612,"Спец: [1, 1] != Общий: [1, 2]"
Evergreen,613,"Спец: [1, 1] != Общий: [1, 2]"
Evergreen,614,"Спец: [1, 1] != Общий: [1, 2]"
Evergreen,615,"Спец: [1, 1] != Общий: [1, 2]"
Evergreen,616,"Спец: [1, 1] != Общий: [1, 2]"
Evergreen,617,"Спец: [1, 1] != Общий: [1, 2]"
Evergreen,618,"Спец: [1, 1] != Общий: [1, 2]"
Evergreen,619,"Спец: [1, 1] != Общий: [1, 2]"
Evergreen,620,"Спец: [1, 1] != Общий: [1, 2]"
Evergreen,621,"Спец: [1, 1] != Общий: [1, 2]"
Evergreen,622,"Спец: [1, 1] != Общий: [1, 2]"
Evergreen,623,"Спец: [1, 1] != Общий: [1, 2]"
Evergreen,624,"Спец: [1, 1] != Общий: [1, 2]"
Evergreen,625,"Спец: [1, 1] != Общий: [1, 2]"
Evergreen,626,"Спец: [1, 1] != Общий: [1, 2]"
Evergreen,627,"Спец: [1, 2] != Общий: [1, 3]"
Evergreen,628,"Спец: [1, 5] != Общий: [1, 1]"
Evergreen,629,"Спец: [1, 5] != Общий: [1, 1]"
Evergreen,631,"Спец: [1, 2] != Общий: [1, 3]"
Evergreen,635,"Спец: [1, 1] != Общий: [1, 2]"
Evergreen,636,"Спец: [1, 1] != Общий: [1, 2]"
Evergreen,637,"Спец: [1, 1] != Общий: [1, 2]"
Evergreen,645,"Спец: [1, 2] != Общий: [1, 3]"
Evergreen,646,"Спец: [1, 2] != Общий: [1, 3]"
Evergreen,652,"Спец: [1, 1] != Общий: [1, 2]"
Evergreen,653,"Спец: [1, 1] != Общий: [1, 2]"
Evergreen,654,"Спец: [1, 1] != Общий: [1, 2]"
Evergreen,655,"Спец: [1, 1] != Общий: [1, 2]"
Evergreen,656,"Спец: [1, 1] != Общий: [1, 2]"
Evergreen,657,"Спец: [1, 1] != Общий: [1, 2]"
Evergreen,672,"Спец: [1, 1] != Общий: [1, 2]"
Evergreen,673,"Спец: [1, 1] != Общий: [1, 2]"
Evergreen,674,"Спец: [1, 1] != Общий: [1, 2]"
Evergreen,682,"Спец: [1, 2] != Общий: [1, 3]"
Evergreen,683,"Спец: [1, 2] != Общий: [1, 3]"
Evergreen,685,"Спец: [1, 2] != Общий: [1, 3]"
Evergreen,688,"Спец: [1, 5] != Общий: [1, 1]"
Evergreen,690,"Спец: [1, 2] != Общий: [1, 3]"
Evergreen,691,"Спец: [1, 2] != Общий: [1, 3]"
Evergreen,692,"Спец: [1, 2] != Общий: [1, 3]"
Evergreen,693,"Спец: [1, 5] != Общий: [1, 1]"
Evergreen,697,"Спец: [1, 5] != Общий: [1, 1]"
Evergreen,698,"Спец: [1, 2] != Общий: [1, 3]"
Evergreen,700,"Спец: [1, 5] != Общий: [1, 1]"
Evergreen,701,"Спец: [1, 5] != Общий: [1, 1]"
Evergreen,703,"Спец: [1, 5] != Общий: [1, 1]"
Evergreen,705,"Спец: [1, 5] != Общий: [1, 1]"
Evergreen,706,"Спец: [1, 2] != Общий: [1, 3]"
Evergreen,707,"Спец: [1, 5] != Общий: [1, 1]"
Evergreen,709,"Спец: [1, 5] != Общий: [1, 1]"
Evergreen,710,"Спец: [1, 2] != Общий: [1, 3]"
Evergreen,711,"Спец: [1, 2] != Общий: [1, 3]"
Evergreen,712,"Спец: [1, 5] != Общий: [1, 1]"
Evergreen,713,"Спец: [1, 2] != Общий: [1, 3]"
Evergreen,714,"Спец: [1, 2] != Общий: [1, 3]"
Evergreen,720,"Спец: [1, 1] != Общий: [1, 2]"
Evergreen,721,"Спец: [1, 1] != Общий: [1, 2]"
Evergreen,722,"Спец: [1, 1] != Общий: [1, 2]"
Evergreen,723,"Спец: [1, 1] != Общий: [1, 2]"
Evergreen,736,"Спец: [1, 5] != Общий: [1, 1]"
Evergreen,737,"Спец: [1, 5] != Общий: [1, 1]"
Evergreen,738,"Спец: [1, 5] != Общий: [1, 1]"
Evergreen,739,"Спец: [1, 5] != Общий: [1, 1]"
Evergreen,743,"Спец: [1, 1] != Общий: [1, 2]"
Evergreen,744,"Спец: [1, 1] != Общий: [1, 2]"
Evergreen,745,"Спец: [1, 1] != Общий: [1, 2]"
Evergreen,753,"Спец: [1, 5] != Общий: [1, 1]"
Evergreen,757,"Спец: [1, 1] != Общий: [1, 2]"
Evergreen,758,"Спец: [1, 1] != Общий: [1, 2]"
Evergreen,759,"Спец: [1, 1] != Общий: [1, 2]"
Evergreen,760,"Спец: [1, 1] != Общий: [1, 2]"
Evergreen,761,"Спец: [1, 1] != Общий: [1, 2]"
Evergreen,762,"Спец: [1, 1] != Общий: [1, 2]"
Evergreen,775,"Спец: [1, 2] != Общий: [1, 3]"
Evergreen,779,"Спец: [1, 1] != Общий: [1, 2]"
Evergreen,780,"Спец: [1, 1] != Общий: [1, 2]"
Evergreen,781,"Спец: [1, 1] != Общий: [1, 2]"
Evergreen,789,"Спец: [1, 2] != Общий: [1, 3]"
Evergreen,793,"Спец: [1, 1] != Общий: [1, 2]"
Evergreen,794,"Спец: [1, 1] != Общий: [1, 2]"
Evergreen,795,"Спец: [1, 1] != Общий: [1, 2]"
Evergreen,804,"Спец: [1, 2] != Общий: [1, 3]"
Evergreen,808,"Спец: [1, 1] != Общий: [1, 2]"
Evergreen,809,"Спец: [1, 1] != Общий: [1, 2]"
Evergreen,810,"Спец: [1, 1] != Общий: [1, 2]"
Evergreen,818,"Спец: [1, 2] != Общий: [1, 3]"
Evergreen,819,"Спец: [1, 2] != Общий: [1, 3]"
Evergreen,820,"Спец: [1, 2] != Общий: [1, 3]"
Evergreen,825,"Спец: [1, 1] != Общий: [1, 2]"
Evergreen,826,"Спец: [1, 1] != Общий: [1, 2]"
Evergreen,827,"Спец: [1, 1] != Общий: [1, 2]"
Evergreen,838,"Спец: [1, 2] != Общий: [1, 3]"
Evergreen,842,"Спец: [1, 1] != Общий: [1, 2]"
Evergreen,843,"Спец: [1, 1] != Общий: [1, 2]"
Evergreen,844,"Спец: [1, 1] != Общий: [1, 2]"
Evergreen,851,"Спец: [1, 2] != Общий: [1, 3]"
Evergreen,855,"Спец: [1, 1] != Общий: [1, 2]"
Evergreen,856,"Спец: [1, 1] != Общий: [1, 2]"
Evergreen,864,"Спец: [1, 2] != Общий: [1, 3]"
Evergreen,868,"Спец: [1, 1] != Общий: [1, 2]"
Evergreen,869,"Спец: [1, 1] != Общий: [1, 2]"
Evergreen,877,"Спец: [1, 1] != Общий: [1, 2]"
Evergreen,878,"Спец: [1, 2] != Общий: [1, 3]"
Evergreen,879,"Спец: [1, 5, 5, 5, 4, 4] != Общий: [1, 2, 2, 2, 3, 3]"
Evergreen,880,"Спец: [1, 2] != Общий: [1, 3]"
Evergreen,881,"Спец: [1, 1] != Общий: [1, 2]"
Evergreen,887,"Спец: [1, 1] != Общий: [1, 2]"
Evergreen,888,"Спец: [1, 1] != Общий: [1, 2]"
Evergreen,889,"Спец: [1, 1] != Общий: [1, 2]"
Evergreen,890,"Спец: [1, 1] != Общий: [1, 2]"
Evergreen,891,"Спец: [1, 1] != Общий: [1, 2]"
Evergreen,907,"Спец: [1, 1] != Общий: [1, 2]"
Evergreen,908,"Спец: [1, 1] != Общий: [1, 2]"
Evergreen,909,"Спец: [1, 1] != Общий: [1, 2]"
Evergreen,917,"Спец: [1, 5] != Общий: [1, 1]"
Evergreen,918,"Спец: [1, 2] != Общий: [1, 3]"
Evergreen,919,"Спец: [1, 2] != Общий: [1, 3]"
Evergreen,923,"Спец: [1, 1] != Общий: [1, 2]"
Evergreen,924,"Спец: [1, 1] != Общий: [1, 2]"
Evergreen,925,"Спец: [1, 1] != Общий: [1, 2]"
Evergreen,933,"Спец: [1, 2] != Общий: [1, 3]"
Evergreen,934,"Спец: [1, 1] != Общий: [1, 2]"
Evergreen,935,"Спец: [1, 2] != Общий: [1, 3]"
Evergreen,939,"Спец: [1, 1] != Общий: [1, 2]"
Evergreen,951,"Спец: [1, 1] != Общий: [1, 2]"
Evergreen,961,"Спец: [1, 2] != Общий: [1, 3]"
Evergreen,962,"Спец: [1, 2] != Общий: [1, 3]"
Evergreen,963,"Спец: [1, 5] != Общий: [1, 1]"
Evergreen,964,"Спец: [1, 1] != Общий: [1, 2]"
Evergreen,965,"Спец: [1, 2] != Общий: [1, 3]"
Evergreen,969,"Спец: [1, 1] != Общий: [1, 2]"
Evergreen,978,"Спец: [1, 1] != Общий: [1, 2]"
Evergreen,979,"Спец: [1, 5] != Общий: [1, 1]"
Evergreen,982,"Спец: [1, 2] != Общий: [1, 3]"
Evergreen,983,"Спец: [1, 2] != Общий: [1, 3]"
Evergreen,987,"Спец: [1, 1] != Общий: [1, 2]"
Evergreen,996,"Спец: [1, 2] != Общий: [1, 3]"
Maersk,0,"Спец: [1, 2, 2, 2, 3, 4, 4, 4, 4, 4, 3, 4, 3, 4] != Общий: [1, 1, 2, 2, 3, 3, 4, 5, 5, 3, 3, 3, 3, 4]"
Maersk,1,"Спец: [1, 2, 2, 3, 4, 4, 4, 3, 4, 4, 4, 3, 4] != Общий: [1, 2, 2, 3, 3, 3, 3, 3, 3, 4, 3, 3, 4]"
Maersk,2,"Спец: [1, 2, 3, 4, 3, 4] != Общий: [1, 1, 3, 3, 3, 4]"
Maersk,3,"Спец: [1, 2, 3, 4, 3, 4] != Общий: [1, 1, 3, 3, 3, 4]"
Maersk,4,"Спец: [1, 2, 2, 2, 3, 4, 4, 4, 3, 4, 4, 3, 4] != Общий: [1, 1, 2, 2, 3, 3, 3, 3, 3, 3, 4, 3, 4]"
Maersk,5,"Спец: [1, 2, 3, 4, 3, 4] != Общий: [1, 1, 3, 3, 3, 4]"
Maersk,6,"Спец: [1, 2, 3, 4, 3, 4] != Общий: [1, 1, 3, 3, 3, 4]"
Maersk,7,"Спец: [1, 2, 2, 3, 4, 4, 4] != Общий: [1, 2, 2, 3, 4, 4, 5]"
Maersk,8,"Спец: [1, 2, 3, 4, 3, 4, 3, 4] != Общий: [1, 1, 3, 3, 3, 3, 3, 4]"
Maersk,9,"Спец: [1, 2, 2, 3, 4, 4, 4] != Общий: [1, 2, 2, 3, 4, 4, 5]"
Maersk,10,"Спец: [1, 2, 2, 2, 3, 4, 3, 4] != Общий: [1, 1, 2, 2, 3, 3, 3, 4]"
Maersk,11,"Спец: [1, 2, 2, 2, 3, 4, 3, 4] != Общий: [1, 1, 2, 2, 3, 3, 3, 4]"
Maersk,13,"Спец: [1, 2, 3, 4, 4, 4] != Общий: [1, 2, 3, 4, 4, 5]"
Maersk,15,"Спец: [1, 2, 2, 2, 2, 2, 2, 2, 2, 3, 4, 4, 4, 3, 4, 4, 4, 3, 4] != Общий: [1, 1, 2, 2, 2, 2, 2, 2, 2, 3, 3, 3, 3, 3, 3, 4, 3, 3, 4]"
Maersk,16,"Спец: [1, 2, 3, 4, 3, 4, 3, 4, 3, 4] != Общий: [1, 1, 3, 3, 3, 3, 3, 3, 3, 4]"
Maersk,17,"Спец: [1, 2, 2, 2, 3, 4, 4, 3, 4, 3, 4, 3, 4] != Общий: [1, 1, 2, 2, 3, 3, 4, 3, 3, 3, 3, 3, 4]"
Maersk,18,"Спец: [1, 2, 2, 3, 4, 4, 4, 3, 4, 4, 4] != Общий: [1, 2, 2, 3, 3, 3, 3, 3, 4, 4, 5]"
Maersk,19,"Спец: [1, 2, 2, 2, 3, 4] != Общий: [1, 1, 2, 2, 3, 4]"
Maersk,21,"Спец: [1, 2, 2, 3, 4, 4, 4, 3, 4, 4, 4, 3, 4] != Общий: [1, 2, 2, 3, 3, 3, 3, 3, 3, 4, 3, 3, 4]"
Maersk,22,"Спец: [1, 2, 2, 2, 3, 4, 4, 4, 3, 4, 4, 4, 3, 4, 4, 4, 3, 4, 4, 3, 4] != Общий: [1, 1, 2, 2, 3, 3, 3, 3, 3, 3, 3, 3, 3, 3, 3, 3, 3, 3, 4, 3, 4]"
Maersk,23,"Спец: [1, 2, 2, 2, 2, 2, 3, 4, 4, 4, 3, 4, 4, 4] != Общий: [1, 1, 2, 2, 2, 2, 3, 3, 3, 3, 3, 4, 4, 5]"
Maersk,24,"Спец: [1, 2, 2, 3, 4, 4, 4] != Общий: [1, 2, 2, 3, 4, 4, 5]"
Maersk,25,"Спец: [1, 2, 3, 4, 3, 4, 3, 4] != Общий: [1, 1, 3, 3, 3, 3, 3, 4]"
Maersk,26,"Спец: [1, 2, 2, 3, 4, 4, 4] != Общий: [1, 2, 2, 3, 4, 4, 5]"
Maersk,27,"Спец: [1, 2, 2, 2, 3, 4] != Общий: [1, 1, 1, 2, 3, 4]"
Maersk,28,"Спец: [1, 2, 2, 3, 4, 3, 4, 3, 4, 3, 4] != Общий: [1, 2, 2, 3, 3, 3, 3, 3, 3, 3, 4]"
Maersk,29,"Спец: [1, 2, 2, 2, 3, 4, 3, 4] != Общий: [1, 1, 2, 2, 3, 3, 3, 4]"
Maersk,30,"Спец: [1, 2, 2, 2, 3, 4, 4, 4, 3, 4, 4, 4, 3, 4, 4, 3, 4] != Общий: [1, 1, 2, 2, 3, 3, 3, 3, 3, 3, 3, 3, 3, 3, 4, 3, 4]"
Maersk,31,"Спец: [1, 2, 2, 2, 3, 4, 4, 4, 4, 4, 3, 4, 4, 4, 3, 4, 4, 4] != Общий: [1, 1, 2, 2, 3, 3, 4, 5, 5, 3, 3, 3, 3, 3, 3, 4, 5, 5]"
Maersk,32,"Спец: [1, 2, 2, 3, 4, 3, 4] != Общий: [1, 1, 2, 3, 3, 3, 4]"
Maersk,33,"Спец: [1, 2, 2, 2, 3, 4, 4] != Общий: [1, 1, 2, 2, 3, 4, 4]"
Maersk,34,"Спец: [1, 2, 2, 2, 3, 4, 4, 4, 3, 4, 4] != Общий: [1, 1, 2, 2, 3, 3, 3, 3, 3, 4, 4]"
Maersk,35,"Спец: [1, 2, 2, 2, 3, 4] != Общий: [1, 1, 2, 2, 3, 4]"
Maersk,36,"Спец: [1, 2, 2, 2, 3, 4, 3, 4] != Общий: [1, 1, 2, 2, 3, 3, 3, 4]"
Maersk,37,"Спец: [1, 2, 2, 2, 3, 4, 3, 4] != Общий: [1, 1, 2, 2, 3, 3, 3, 4]"
Maersk,38,"Спец: [1, 2, 2, 2, 3, 4, 3, 4] != Общий: [1, 1, 2, 2, 3, 3, 3, 4]"
Maersk,39,"Спец: [1, 2, 3, 4, 3, 4, 3, 4] != Общий: [1, 1, 3, 3, 3, 3, 3, 4]"
Maersk,40,"Спец: [1, 2, 3, 4, 3, 4, 3, 4] != Общий: [1, 1, 3, 3, 3, 3, 3, 4]"
Maersk,41,"Спец: [1, 2, 2, 3, 4, 4, 4] != Общий: [1, 2, 2, 3, 4, 4, 5]"
Maersk,42,"Спец: [1, 2, 2, 3, 4, 4, 4] != Общий: [1, 2, 2, 3, 4, 4, 5]"
Maersk,43,"Спец: [1, 2, 2, 3, 4, 4, 4, 3, 4, 4, 4, 3, 4] != Общий: [1, 2, 2, 3, 3, 3, 3, 3, 3, 4, 3, 3, 4]"
Maersk,44,"Спец: [1, 2, 2, 3, 4, 3, 4, 3, 4, 3, 4] != Общий: [1, 2, 2, 3, 3, 3, 3, 3, 3, 3, 4]"
Maersk,46,"Спец: [1, 2, 3, 4] != Общий: [1, 1, 3, 4]"
Maersk,47,"Спец: [1, 2, 2, 3, 4, 4, 4, 3, 4, 4, 4, 3, 4] != Общий: [1, 2, 2, 3, 3, 3, 3, 3, 3, 4, 3, 3, 4]"
Maersk,48,"Спец: [1, 2, 2, 2, 3, 4, 4, 4, 3, 4, 4, 4] != Общий: [1, 1, 2, 2, 3, 3, 3, 3, 3, 4, 4, 5]"
Maersk,49,"Спец: [1, 2, 2, 2, 3, 4, 4, 4, 3, 4, 4, 4, 3, 4] != Общий: [1, 1, 2, 2, 3, 3, 3, 3, 3, 3, 4, 3, 3, 4]"
Maersk,50,"Спец: [1, 2, 2, 2, 3, 4, 3, 4] != Общий: [1, 1, 2, 2, 3, 3, 3, 4]"
Maersk,52,"Спец: [1, 2, 3, 4, 3, 4, 3, 4] != Общий: [1, 1, 3, 3, 3, 3, 3, 4]"
Maersk,53,"Спец: [1, 2, 2, 3, 4, 4, 4] != Общий: [1, 2, 2, 3, 4, 4, 5]"
Maersk,54,"Спец: [1, 2, 2, 3, 4, 4, 4] != Общий: [1, 2, 2, 3, 4, 4, 5]"
Maersk,55,"Спец: [1, 2, 2, 2, 3, 4, 3, 4, 3, 4, 3, 4] != Общий: [1, 1, 2, 2, 3, 3, 3, 3, 3, 3, 3, 4]"
Maersk,56,"Спец: [1, 2, 2, 3, 4, 3, 4] != Общий: [1, 1, 2, 3, 4, 5, 5]"
Maersk,57,"Спец: [1, 2, 2, 2, 3, 4, 4, 4, 3, 4, 4, 4, 3, 4, 4, 4, 3, 4, 4, 3, 4] != Общий: [1, 1, 2, 2, 3, 3, 3, 3, 3, 3, 3, 3, 3, 3, 3, 3, 3, 3, 4, 3, 4]"
Maersk,58,"Спец: [1, 2, 3, 4] != Общий: [1, 1, 3, 4]"
Maersk,62,"Спец: [1, 2, 2, 3, 4] != Общий: [1, 1, 2, 3, 4]"
Maersk,63,"Спец: [1, 2, 2, 3, 4, 4, 4] != Общий: [1, 2, 2, 3, 4, 4, 5]"
Maersk,64,"Спец: [1, 2, 3, 4, 3, 4, 3, 4] != Общий: [1, 1, 3, 3, 3, 3, 3, 4]"
Maersk,65,"Спец: [1, 2, 2, 3, 4, 4, 4] != Общий: [1, 2, 2, 3, 4, 4, 5]"
Maersk,72,"Спец: [1, 2, 2, 3, 4, 4, 4, 3, 4, 4, 4, 3, 4, 4, 4, 5] != Общий: [1, 2, 2, 3, 3, 3, 3, 3, 3, 3, 3, 3, 4, 4, 5, 5]"
Maersk,73,"Спец: [1, 2, 2, 2, 3, 4, 4, 4, 3, 4, 4, 3, 4] != Общий: [1, 1, 2, 2, 3, 3, 3, 3, 3, 3, 4, 3, 4]"
Maersk,75,"Спец: [1, 2, 2, 2, 3, 4, 4, 4, 3, 4, 4, 3, 4] != Общий: [1, 1, 2, 2, 3, 3, 3, 3, 3, 3, 4, 3, 4]"
Maersk,76,"Спец: [1, 2, 2, 2, 3, 4, 4, 4, 3, 4, 4, 4, 3, 4] != Общий: [1, 1, 2, 2, 3, 3, 3, 3, 3, 3, 4, 3, 3, 4]"
Maersk,77,"Спец: [1, 2, 2, 3, 4, 4, 4, 3, 4, 4, 4, 4] != Общий: [1, 2, 2, 3, 3, 3, 3, 3, 4, 4, 5, 5]"
Maersk,78,"Спец: [1, 2, 2, 2, 3, 4] != Общий: [1, 1, 2, 2, 3, 4]"
Maersk,79,"Спец: [1, 2, 2, 3, 4, 3, 4] != Общий: [1, 1, 2, 3, 3, 3, 4]"
Maersk,80,"Спец: [1, 2, 3, 4, 3, 4, 3, 4] != Общий: [1, 1, 3, 3, 3, 3, 3, 4]"
Maersk,81,"Спец: [1, 2, 2, 2, 3, 4, 4, 4, 3, 4, 3, 4, 3, 4, 3, 4] != Общий: [1, 1, 2, 2, 3, 3, 4, 3, 3, 3, 3, 3, 3, 3, 3, 4]"
Maersk,82,"Спец: [1, 2, 2, 2, 3, 4, 4, 4] != Общий: [1, 1, 2, 2, 3, 4, 4, 5]"
Maersk,83,"Спец: [1, 2, 2, 3, 4, 3, 4] != Общий: [1, 1, 2, 3, 3, 3, 4]"
Maersk,84,"Спец: [1, 2, 2, 3, 3, 4, 4] != Общий: [1, 2, 2, 3, 3, 3, 4]"
Maersk,85,"Спец: [1, 2, 2, 3, 4, 3, 4] != Общий: [1, 1, 2, 3, 3, 3, 4]"
Maersk,86,"Спец: [1, 2, 2, 3, 4, 3, 4] != Общий: [1, 1, 2, 3, 3, 3, 4]"
Maersk,87,"Спец: [1, 2, 2, 3, 4, 4, 4, 3, 4, 4, 4, 3, 4, 4, 4, 3, 4, 4, 4, 5] != Общий: [1, 2, 2, 3, 3, 3, 3, 3, 3, 3, 3, 3, 3, 3, 3, 3, 4, 4, 5, 5]"
Maersk,88,"Спец: [1, 2, 2, 3, 4, 3, 4] != Общий: [1, 1, 2, 3, 3, 3, 4]"
Maersk,93,"Спец: [1, 2, 2, 3, 4, 4, 4] != Общий: [1, 2, 2, 3, 4, 4, 5]"
Maersk,94,"Спец: [1, 2, 3, 4, 3, 4, 3, 4] != Общий: [1, 1, 3, 3, 3, 3, 3, 4]"
Maersk,95,"Спец: [1, 2, 2, 3, 4, 4, 4] != Общий: [1, 2, 2, 3, 4, 4, 5]"
Maersk,98,"Спец: [1, 2, 3, 4] != Общий: [1, 1, 3, 4]"
Maersk,100,"Спец: [1, 2, 2, 3, 4, 4, 4] != Общий: [1, 2, 2, 3, 4, 4, 5]"
Maersk,102,"Спец: [1, 2, 2, 2, 3, 4, 3, 4] != Общий: [1, 1, 2, 2, 3, 3, 3, 4]"
Maersk,103,"Спец: [1, 2, 2, 2, 3, 4, 4, 4, 3, 4, 4, 4, 3, 4, 4] != Общий: [1, 1, 2, 2, 3, 3, 3, 3, 3, 3, 3, 3, 3, 4, 4]"
Maersk,104,"Спец: [1, 2, 2, 2, 2, 2, 3, 4, 3, 4] != Общий: [1, 1, 2, 2, 2, 2, 3, 3, 3, 4]"
Maersk,105,"Спец: [1, 2, 2, 2, 2, 2, 3, 4, 3, 4] != Общий: [1, 1, 2, 2, 2, 2, 3, 3, 3, 4]"
Maersk,106,"Спец: [1, 2, 2, 2, 3, 4, 4, 3, 4, 3, 4] != Общий: [1, 1, 2, 2, 3, 4, 3, 3, 3, 3, 4]"
Maersk,107,"Спец: [1, 2, 2, 2, 2, 2, 3, 4, 3, 4] != Общий: [1, 1, 2, 2, 2, 2, 3, 3, 3, 4]"
Maersk,108,"Спец: [1, 2, 2, 2, 2, 2, 3, 4, 3, 4] != Общий: [1, 1, 2, 2, 2, 2, 3, 3, 3, 4]"
Maersk,109,"Спец: [1, 2, 2, 2, 2, 2, 3, 4, 3, 4] != Общий: [1, 1, 2, 2, 2, 2, 3, 3, 3, 4]"
Maersk,110,"Спец: [1, 2, 2, 2, 2, 2, 3, 4, 3, 4] != Общий: [1, 1, 2, 2, 2, 2, 3, 3, 3, 4]"
Maersk,111,"Спец: [1, 2, 2, 2, 3, 4, 4, 3, 4, 3, 4] != Общий: [1, 1, 2, 2, 3, 4, 3, 3, 3, 3, 4]"
Maersk,112,"Спец: [1, 2, 2, 2, 3, 4, 4, 3, 4, 3, 4] != Общий: [1, 1, 2, 2, 3, 4, 3, 3, 3, 3, 4]"
Maersk,113,"Спец: [1, 2, 2, 2, 2, 2, 3, 4, 3, 4] != Общий: [1, 1, 2, 2, 2, 2, 3, 3, 3, 4]"
Maersk,114,"Спец: [1, 2, 2, 2, 3, 4, 4, 3, 4, 3, 4] != Общий: [1, 1, 2, 2, 3, 4, 3, 3, 3, 3, 4]"
Maersk,115,"Спец: [1, 2, 2, 2, 2, 2, 3, 4, 3, 4] != Общий: [1, 1, 2, 2, 2, 2, 3, 3, 3, 4]"
Maersk,116,"Спец: [1, 2, 2, 2, 2, 2, 3, 4, 3, 4] != Общий: [1, 1, 2, 2, 2, 2, 3, 3, 3, 4]"
Maersk,117,"Спец: [1, 2, 2, 2, 2, 2, 3, 4, 3, 4] != Общий: [1, 1, 2, 2, 2, 2, 3, 3, 3, 4]"
Maersk,118,"Спец: [1, 2, 2, 2, 2, 2, 3, 4, 4, 4, 3, 4] != Общий: [1, 1, 2, 2, 2, 2, 3, 3, 4, 3, 3, 4]"
Maersk,119,"Спец: [1, 2, 2, 2, 2, 2, 3, 4, 3, 4] != Общий: [1, 1, 2, 2, 2, 2, 3, 3, 3, 4]"
Maersk,120,"Спец: [1, 2, 2, 2, 2, 2, 3, 4, 3, 4] != Общий: [1, 1, 2, 2, 2, 2, 3, 3, 3, 4]"
Maersk,121,"Спец: [1, 2, 2, 2, 2, 2, 3, 4, 3, 4] != Общий: [1, 1, 2, 2, 2, 2, 3, 3, 3, 4]"
Maersk,122,"Спец: [1, 2, 2, 2, 2, 2, 3, 4, 3, 4] != Общий: [1, 1, 2, 2, 2, 2, 3, 3, 3, 4]"
Maersk,123,"Спец: [1, 2, 2, 2, 2, 2, 3, 4, 3, 4] != Общий: [1, 1, 2, 2, 2, 2, 3, 3, 3, 4]"
Maersk,124,"Спец: [1, 2, 2, 2, 2, 2, 3, 4, 4, 4, 3, 4] != Общий: [1, 1, 2, 2, 2, 2, 3, 3, 4, 3, 3, 4]"
Maersk,125,"Спец: [1, 2, 2, 2, 2, 2, 3, 4, 3, 4] != Общий: [1, 1, 2, 2, 2, 2, 3, 3, 3, 4]"
Maersk,126,"Спец: [1, 2, 2, 2, 2, 2, 3, 4, 4, 4, 3, 4] != Общий: [1, 1, 2, 2, 2, 2, 3, 3, 4, 3, 3, 4]"
Maersk,127,"Спец: [1, 2, 2, 2, 2, 2, 3, 4, 3, 4] != Общий: [1, 1, 2, 2, 2, 2, 3, 3, 3, 4]"
Maersk,128,"Спец: [1, 2, 2, 2, 2, 2, 3, 4, 4, 4, 3, 4] != Общий: [1, 1, 2, 2, 2, 2, 3, 3, 4, 3, 3, 4]"
Maersk,129,"Спец: [1, 2, 2, 2, 2, 2, 3, 4, 3, 4] != Общий: [1, 1, 2, 2, 2, 2, 3, 3, 3, 4]"
Maersk,130,"Спец: [1, 2, 2, 2, 2, 2, 3, 4, 4, 4, 3, 4] != Общий: [1, 1, 2, 2, 2, 2, 3, 3, 4, 3, 3, 4]"
Maersk,131,"Спец: [1, 2, 2, 2, 2, 2, 3, 4, 4, 4, 3, 4] != Общий: [1, 1, 2, 2, 2, 2, 3, 3, 4, 3, 3, 4]"
Maersk,132,"Спец: [1, 2, 2, 2, 2, 2, 3, 4, 4, 4, 3, 4] != Общий: [1, 1, 2, 2, 2, 2, 3, 3, 4, 3, 3, 4]"
Maersk,133,"Спец: [1, 2, 2, 2, 2, 2, 3, 4, 4, 4, 3, 4] != Общий: [1, 1, 2, 2, 2, 2, 3, 3, 4, 3, 3, 4]"
Maersk,134,"Спец: [1, 2, 2, 2, 2, 2, 3, 4, 4, 4, 3, 4] != Общий: [1, 1, 2, 2, 2, 2, 3, 3, 4, 3, 3, 4]"
Maersk,135,"Спец: [1, 2, 2, 2, 2, 2, 3, 4, 4, 4, 3, 4] != Общий: [1, 1, 2, 2, 2, 2, 3, 3, 4, 3, 3, 4]"
Maersk,136,"Спец: [1, 2, 2, 2, 2, 2, 3, 4, 3, 4] != Общий: [1, 1, 2, 2, 2, 2, 3, 3, 3, 4]"
Maersk,137,"Спец: [1, 2, 2, 2, 3, 4, 4, 3, 4, 3, 4] != Общий: [1, 1, 2, 2, 3, 4, 3, 3, 3, 3, 4]"
Maersk,138,"Спец: [1, 2, 2, 2, 2, 2, 3, 4, 3, 4] != Общий: [1, 1, 2, 2, 2, 2, 3, 3, 3, 4]"
Maersk,139,"Спец: [1, 2, 2, 2, 2, 2, 3, 4, 4, 4, 3, 4] != Общий: [1, 1, 2, 2, 2, 2, 3, 3, 4, 3, 3, 4]"
Maersk,140,"Спец: [1, 2, 2, 2, 3, 4, 4, 3, 4, 3, 4] != Общий: [1, 1, 2, 2, 3, 4, 3, 3, 3, 3, 4]"
Maersk,141,"Спец: [1, 2, 2, 2, 3, 4, 4, 3, 4, 3, 4] != Общий: [1, 1, 2, 2, 3, 4, 3, 3, 3, 3, 4]"
Maersk,142,"Спец: [1, 2, 2, 2, 2, 2, 3, 4, 4, 4, 3, 4] != Общий: [1, 1, 2, 2, 2, 2, 3, 3, 4, 3, 3, 4]"
Maersk,143,"Спец: [1, 2, 2, 2, 2, 2, 3, 4, 3, 4] != Общий: [1, 1, 2, 2, 2, 2, 3, 3, 3, 4]"
Maersk,144,"Спец: [1, 2, 2, 2, 2, 2, 3, 4, 4, 4, 3, 4] != Общий: [1, 1, 2, 2, 2, 2, 3, 3, 4, 3, 3, 4]"
Maersk,145,"Спец: [1, 2, 2, 2, 3, 4, 4, 3, 4, 3, 4] != Общий: [1, 1, 2, 2, 3, 4, 3, 3, 3, 3, 4]"
Maersk,146,"Спец: [1, 2, 2, 2, 3, 4, 4, 3, 4, 3, 4] != Общий: [1, 1, 2, 2, 3, 4, 3, 3, 3, 3, 4]"
Maersk,147,"Спец: [1, 2, 2, 2, 3, 4, 4, 3, 4, 3, 4] != Общий: [1, 1, 2, 2, 3, 4, 3, 3, 3, 3, 4]"
Maersk,148,"Спец: [1, 2, 2, 2, 2, 2, 3, 4, 3, 4] != Общий: [1, 1, 2, 2, 2, 2, 3, 3, 3, 4]"
Maersk,149,"Спец: [1, 2, 2, 2, 3, 4, 4, 3, 4, 3, 4] != Общий: [1, 1, 2, 2, 3, 4, 3, 3, 3, 3, 4]"
Maersk,150,"Спец: [1, 2, 2, 2, 2, 2, 3, 4, 4, 4, 3, 4] != Общий: [1, 1, 2, 2, 2, 2, 3, 3, 4, 3, 3, 4]"
Maersk,151,"Спец: [1, 2, 2, 2, 3, 4, 4, 3, 4, 3, 4] != Общий: [1, 1, 2, 2, 3, 4, 3, 3, 3, 3, 4]"
Maersk,152,"Спец: [1, 2, 2, 2, 3, 4, 4, 4, 3, 4, 4, 3, 4] != Общий: [1, 1, 2, 2, 3, 3, 3, 3, 3, 3, 4, 3, 4]"
Maersk,154,"Спец: [1, 2, 2, 3, 4, 4, 4] != Общий: [1, 2, 2, 3, 4, 4, 5]"
Maersk,155,"Спец: [1, 2, 2, 2, 3, 4, 4, 4, 3, 4, 4, 4, 5] != Общий: [1, 1, 2, 2, 3, 3, 3, 3, 3, 4, 4, 5, 5]"
Maersk,156,"Спец: [1, 2, 2, 2, 3, 4, 4, 4, 3, 4, 3, 4] != Общий: [1, 1, 2, 2, 3, 3, 4, 3, 3, 3, 3, 4]"
Maersk,159,"Спец: [1, 1, 3, 4, 3, 4, 3, 4] != Общий: [1, 2, 3, 3, 3, 3, 3, 4]"
Maersk,160,"Спец: [1, 2, 2, 2, 2, 3, 4, 4, 5, 5, 5, 5, 5, 5, 5] != Общий: [1, 1, 2, 2, 2, 3, 3, 3, 3, 3, 3, 4, 4, 5, 5]"
Maersk,161,"Спец: [1, 2, 2, 3, 4, 4, 4] != Общий: [1, 2, 2, 3, 4, 4, 5]"
Maersk,162,"Спец: [1, 2, 2, 3, 4, 4, 4] != Общий: [1, 2, 2, 3, 4, 4, 5]"
Maersk,163,"Спец: [1, 2, 2, 2, 3, 4, 4, 4, 3, 4, 4, 4, 5] != Общий: [1, 1, 2, 2, 3, 3, 3, 3, 3, 4, 4, 5, 5]"
Maersk,164,"Спец: [1, 2, 2, 2, 3, 4, 4, 4, 4, 4, 3, 4, 4] != Общий: [1, 1, 2, 2, 3, 3, 3, 3, 3, 3, 3, 4, 4]"
Maersk,165,"Спец: [1, 2, 2, 3, 4, 3, 4] != Общий: [1, 1, 2, 3, 3, 3, 4]"
Maersk,166,"Спец: [1, 2, 2, 3, 4, 3, 4] != Общий: [1, 1, 2, 3, 3, 3, 4]"
Maersk,167,"Спец: [1, 2, 2, 3, 4, 3, 4] != Общий: [1, 1, 2, 3, 3, 3, 4]"
Maersk,168,"Спец: [1, 2, 2, 3, 4, 3, 4] != Общий: [1, 1, 2, 3, 3, 3, 4]"
Maersk,169,"Спец: [1, 2, 2, 3, 4, 3, 4] != Общий: [1, 1, 2, 3, 3, 3, 4]"
Maersk,170,"Спец: [1, 2, 3, 4, 3, 4] != Общий: [1, 1, 3, 3, 3, 4]"
Maersk,171,"Спец: [1, 2, 2, 2, 3, 4, 3, 4] != Общий: [1, 1, 2, 2, 3, 3, 3, 4]"
Maersk,172,"Спец: [1, 2, 2, 2, 3, 4, 4, 4, 3, 4] != Общий: [1, 1, 2, 2, 3, 3, 4, 3, 3, 4]"
Maersk,173,"Спец: [1, 2, 2, 2, 3, 4, 4, 4, 3, 4] != Общий: [1, 1, 2, 2, 3, 3, 4, 3, 3, 4]"
Maersk,174,"Спец: [1, 2, 2, 2, 2, 3, 4, 4, 3, 4] != Общий: [1, 1, 2, 2, 2, 3, 3, 4, 3, 4]"
Maersk,175,"Спец: [1, 2, 2, 2, 3, 4, 4, 4, 3, 4] != Общий: [1, 1, 2, 2, 3, 3, 4, 3, 3, 4]"
Maersk,176,"Спец: [1, 2, 2, 2, 3, 4] != Общий: [1, 1, 2, 2, 3, 4]"
Maersk,177,"Спец: [1, 2, 2, 2, 3, 4, 4, 3, 4] != Общий: [1, 1, 2, 2, 3, 3, 4, 3, 4]"
Maersk,178,"Спец: [1, 2, 2, 2, 3, 4, 3, 4] != Общий: [1, 1, 2, 2, 3, 3, 3, 4]"
Maersk,179,"Спец: [1, 2, 2, 2, 3, 4, 4, 3, 4] != Общий: [1, 1, 2, 2, 3, 3, 4, 3, 4]"
Maersk,180,"Спец: [1, 2, 2, 2, 3, 4, 4, 4, 5] != Общий: [1, 1, 2, 2, 3, 4, 4, 5, 5]"
Maersk,181,"Спец: [1, 2, 3, 3, 4, 4, 4] != Общий: [1, 2, 3, 3, 4, 4, 5]"
Maersk,182,"Спец: [1, 2, 2, 3, 4, 4, 4] != Общий: [1, 2, 2, 3, 4, 4, 5]"
Maersk,183,"Спец: [1, 2, 2, 3, 4, 4, 4] != Общий: [1, 2, 2, 3, 4, 4, 5]"
Maersk,184,"Спец: [1, 2, 2, 2, 3, 4, 4, 4, 3, 4, 4, 4, 5] != Общий: [1, 1, 2, 2, 3, 3, 3, 3, 3, 4, 4, 5, 5]"
Maersk,185,"Спец: [1, 2, 2, 2, 3, 4, 4, 4, 3, 4, 3, 4] != Общий: [1, 1, 2, 2, 3, 3, 4, 3, 3, 3, 3, 4]"
Maersk,186,"Спец: [1, 2, 2, 2, 3, 4] != Общий: [1, 1, 2, 2, 3, 4]"
Maersk,187,"Спец: [1, 2, 2, 2, 3, 4] != Общий: [1, 1, 2, 2, 3, 4]"
Maersk,188,"Спец: [1, 2, 3, 4] != Общий: [1, 1, 3, 4]"
Maersk,189,"Спец: [1, 2, 2, 2, 3, 4, 4, 4, 3, 4] != Общий: [1, 1, 2, 2, 3, 3, 4, 3, 3, 4]"
Maersk,190,"Спец: [1, 2, 2, 2, 3, 4] != Общий: [1, 1, 2, 2, 3, 4]"
Maersk,191,"Спец: [1, 2, 2, 3, 4, 4, 4] != Общий: [1, 2, 2, 3, 4, 4, 5]"
Maersk,192,"Спец: [1, 2, 2, 3, 4, 4, 4] != Общий: [1, 2, 2, 3, 4, 4, 5]"
Maersk,193,"Спец: [1, 2, 2, 2, 3, 4, 4, 4, 3, 4, 4, 4, 5] != Общий: [1, 1, 2, 2, 3, 3, 3, 3, 3, 4, 4, 5, 5]"
Maersk,194,"Спец: [1, 2, 2, 2, 3, 4, 4, 3, 4] != Общий: [1, 1, 2, 2, 3, 3, 4, 3, 4]"
Maersk,197,"Спец: [1, 2, 2, 2, 3, 4] != Общий: [1, 1, 2, 2, 3, 4]"
Maersk,198,"Спец: [1, 2, 2, 2, 3, 4, 4, 4, 3, 4, 4, 4, 3, 4] != Общий: [1, 1, 2, 2, 3, 3, 3, 3, 3, 3, 4, 3, 3, 4]"
Maersk,199,"Спец: [1, 2, 2, 2, 3, 4, 4, 4, 3, 4, 3, 4] != Общий: [1, 1, 2, 2, 3, 3, 4, 3, 3, 3, 3, 4]"
Maersk,200,"Спец: [1, 2, 2, 3, 4, 4, 4, 3, 4, 4, 4, 3, 4] != Общий: [1, 2, 2, 3, 3, 3, 3, 3, 3, 4, 3, 3, 4]"
Maersk,201,"Спец: [1, 2, 2, 2, 3, 4, 4, 3, 4] != Общий: [1, 1, 2, 2, 3, 3, 4, 3, 4]"
Maersk,202,"Спец: [1, 2, 2, 2, 3, 4, 3, 4] != Общий: [1, 1, 2, 2, 3, 3, 3, 4]"
Maersk,203,"Спец: [1, 2, 2, 2, 3, 4, 3, 4] != Общий: [1, 1, 2, 2, 3, 3, 3, 4]"
Maersk,204,"Спец: [1, 2, 2, 2, 3, 4, 4, 4, 4, 3, 4] != Общий: [1, 1, 2, 2, 3, 3, 4, 5, 5, 3, 4]"
Maersk,205,"Спец: [1, 2, 2, 2, 3, 4, 4, 4, 3, 4, 4, 4, 5] != Общий: [1, 1, 2, 2, 3, 3, 3, 3, 3, 4, 4, 5, 5]"
Maersk,206,"Спец: [1, 2, 2, 3, 4, 4, 4] != Общий: [1, 2, 2, 3, 4, 4, 5]"
Maersk,207,"Спец: [1, 2, 2, 3, 4, 4, 4] != Общий: [1, 2, 2, 3, 4, 4, 5]"
Maersk,208,"Спец: [1, 2, 2, 2, 3, 4] != Общий: [1, 1, 2, 2, 3, 4]"
Maersk,209,"Спец: [1, 2, 2, 2, 2, 2] != Общий: [1, 1, 2, 2, 2, 2]"
Maersk,210,"Спец: [1, 2, 2, 2, 3, 4, 4, 4, 4, 3, 4] != Общий: [1, 1, 2, 2, 3, 3, 4, 5, 5, 3, 4]"
Maersk,211,"Спец: [1, 2, 2, 2, 3, 4, 4, 4, 3, 4, 4, 4, 3, 4] != Общий: [1, 1, 2, 2, 3, 3, 3, 3, 3, 3, 4, 3, 3, 4]"
Maersk,212,"Спец: [1, 2, 2, 2, 3, 4, 4, 4, 3, 4, 4, 4, 3, 4, 4] != Общий: [1, 1, 2, 2, 3, 3, 3, 3, 3, 3, 3, 3, 3, 4, 4]"
Maersk,214,"Спец: [1, 2, 2, 3, 4, 4, 4, 3, 4] != Общий: [1, 2, 2, 3, 3, 3, 3, 3, 4]"
Maersk,215,"Спец: [1, 2, 2, 3, 4] != Общий: [1, 1, 2, 3, 4]"
Maersk,216,"Спец: [1, 2, 2, 2, 3, 4, 4, 3, 4] != Общий: [1, 1, 2, 2, 3, 3, 4, 3, 4]"
Maersk,217,"Спец: [1, 2, 2, 2, 3, 4, 3, 4] != Общий: [1, 1, 2, 2, 3, 3, 3, 4]"
Maersk,218,"Спец: [1, 2, 2, 2, 3, 4, 4, 4] != Общий: [1, 1, 2, 2, 3, 4, 4, 5]"
Maersk,219,"Спец: [1, 2, 2, 2, 3, 4, 3, 4] != Общий: [1, 1, 2, 2, 3, 3, 3, 4]"
Maersk,220,"Спец: [1, 2, 2, 2, 3, 4, 4, 4, 3, 4, 4, 4, 3, 4, 4, 4, 5] != Общий: [1, 1, 2, 2, 3, 3, 3, 3, 3, 3, 3, 3, 3, 4, 4, 5, 5]"
Maersk,221,"Спец: [1, 2, 2, 3, 4, 4, 4] != Общий: [1, 2, 2, 3, 4, 4, 5]"
Maersk,222,"Спец: [1, 2, 2, 3, 4, 4, 4] != Общий: [1, 2, 2, 3, 4, 4, 5]"
Maersk,223,"Спец: [1, 2, 2, 2, 3, 4, 4, 4, 3, 4] != Общий: [1, 1, 2, 2, 3, 3, 4, 3, 3, 4]"
Maersk,224,"Спец: [1, 2, 2, 2, 3, 4, 4, 4, 3, 4, 4, 4, 5] != Общий: [1, 1, 2, 2, 3, 3, 3, 3, 3, 4, 4, 5, 5]"
Maersk,225,"Спец: [1, 2, 2, 2, 3, 4, 3, 4] != Общий: [1, 1, 2, 2, 3, 3, 3, 4]"
Maersk,226,"Спец: [1, 2, 2, 2, 3, 4, 3, 4] != Общий: [1, 1, 2, 2, 3, 3, 3, 4]"
Maersk,227,"Спец: [1, 2, 2, 3, 4, 4, 4, 3, 4] != Общий: [1, 2, 2, 3, 3, 3, 3, 3, 4]"
Maersk,228,"Спец: [1, 3, 4, 3, 4, 3, 4] != Общий: [1, 3, 3, 3, 3, 3, 4]"
Maersk,229,"Спец: [1, 2, 2, 2, 3, 4, 4, 4, 4, 3, 4] != Общий: [1, 1, 2, 2, 3, 3, 4, 5, 5, 3, 4]"
Maersk,230,"Спец: [1, 2, 2, 2, 3, 4, 4, 4, 3, 4, 4, 4, 4, 4] != Общий: [1, 1, 2, 2, 3, 3, 3, 3, 3, 4, 4, 5, 5, 5]"
Maersk,231,"Спец: [1, 2, 2, 2, 3, 4, 4, 4, 3, 4, 4, 4, 4, 4] != Общий: [1, 1, 2, 2, 3, 3, 3, 3, 3, 4, 4, 5, 5, 5]"
Maersk,232,"Спец: [1, 2, 2, 2, 3, 4, 4, 3, 4] != Общий: [1, 1, 2, 2, 3, 3, 4, 3, 4]"
Maersk,233,"Спец: [1, 2, 2, 3, 4, 4, 4] != Общий: [1, 2, 2, 3, 4, 4, 5]"
Maersk,234,"Спец: [1, 2, 2, 2, 3, 4, 4, 4, 3, 4, 4, 4, 5] != Общий: [1, 1, 2, 2, 3, 3, 3, 3, 3, 4, 4, 5, 5]"
Maersk,235,"Спец: [1, 2, 2, 3, 4, 4, 4] != Общий: [1, 2, 2, 3, 4, 4, 5]"
Maersk,236,"Спец: [1, 2, 2, 2, 3, 4] != Общий: [1, 1, 2, 2, 3, 4]"
Maersk,237,"Спец: [1, 2, 2, 2, 3, 4, 4, 4, 4, 4, 3, 4, 3, 4] != Общий: [1, 1, 2, 2, 3, 3, 4, 5, 5, 3, 3, 3, 3, 4]"
Maersk,238,"Спец: [1, 2, 2, 3, 4, 4, 4, 3, 4] != Общий: [1, 2, 2, 3, 3, 4, 3, 3, 4]"
Maersk,239,"Спец: [1, 2, 2, 2, 3, 4, 3, 4] != Общий: [1, 1, 2, 2, 3, 3, 3, 4]"
Maersk,240,"Спец: [1, 2, 2, 2, 3, 4, 4, 4, 3, 4, 4, 4, 5] != Общий: [1, 1, 2, 2, 3, 3, 3, 3, 3, 4, 4, 5, 5]"
Maersk,241,"Спец: [1, 2, 2, 3, 4, 4, 4] != Общий: [1, 2, 2, 3, 4, 4, 5]"
Maersk,242,"Спец: [1, 2, 2, 3, 4, 4, 4] != Общий: [1, 2, 2, 3, 4, 4, 5]"
Maersk,243,"Спец: [1, 2, 2, 2, 3, 4, 4, 3, 4] != Общий: [1, 1, 2, 2, 3, 3, 4, 3, 4]"
Maersk,244,"Спец: [1, 2, 2, 3, 4, 4, 3, 4] != Общий: [1, 2, 2, 3, 3, 4, 3, 4]"
Maersk,245,"Спец: [1, 2, 2, 2, 3, 4, 3, 4] != Общий: [1, 1, 2, 2, 3, 3, 3, 4]"
Maersk,247,"Спец: [1, 2, 2, 2, 3, 4] != Общий: [1, 1, 2, 2, 3, 4]"
Maersk,248,"Спец: [1, 2, 2, 2, 3, 4, 4, 3, 4, 3, 4] != Общий: [1, 1, 2, 2, 3, 3, 4, 3, 3, 3, 4]"
Maersk,249,"Спец: [1, 2, 2, 3, 3, 3, 4, 4, 4, 4, 4, 3, 4, 4, 3, 4] != Общий: [1, 1, 2, 2, 2, 2, 2, 2, 2, 2, 2, 3, 3, 4, 3, 4]"
Maersk,250,"Спец: [1, 2, 2, 3, 4] != Общий: [1, 1, 2, 3, 4]"
Maersk,251,"Спец: [1, 2, 2, 2, 3, 4, 4, 4, 3, 4, 4, 4, 5] != Общий: [1, 1, 2, 2, 3, 3, 3, 3, 3, 4, 4, 5, 5]"
Maersk,252,"Спец: [1, 2, 2, 3, 4, 4, 4] != Общий: [1, 2, 2, 3, 4, 4, 5]"
Maersk,253,"Спец: [1, 2, 2, 3, 4, 4, 4] != Общий: [1, 2, 2, 3, 4, 4, 5]"
Maersk,254,"Спец: [1, 2, 2, 3, 4, 4, 4, 3, 4, 4, 4, 3, 4] != Общий: [1, 2, 2, 3, 3, 3, 3, 3, 3, 4, 3, 3, 4]"
Maersk,255,"Спец: [1, 2, 2, 2, 3, 4] != Общий: [1, 1, 2, 2, 3, 4]"
Maersk,256,"Спец: [1, 2, 2, 2, 3, 4, 3, 4] != Общий: [1, 1, 2, 2, 3, 3, 3, 4]"
Maersk,257,"Спец: [1, 2, 2, 2, 3, 4, 3, 4] != Общий: [1, 1, 2, 2, 3, 3, 3, 4]"
Maersk,258,"Спец: [1, 2, 2, 2, 3, 4] != Общий: [1, 1, 2, 2, 3, 4]"
Maersk,259,"Спец: [1, 2, 2, 3, 4, 3, 4] != Общий: [1, 1, 2, 3, 3, 3, 4]"
Maersk,260,"Спец: [1, 2, 2, 3, 4, 4, 3, 4] != Общий: [1, 2, 2, 3, 3, 4, 3, 4]"
Maersk,261,"Спец: [1, 2, 2, 2, 3, 4, 4, 4, 5] != Общий: [1, 2, 2, 2, 3, 4, 4, 5, 5]"
Maersk,262,"Спец: [1, 2, 2, 2, 3, 4] != Общий: [1, 1, 2, 2, 3, 4]"
Maersk,263,"Спец: [1, 2, 2, 2, 3, 4, 4, 4, 3, 4, 4, 4, 3, 4] != Общий: [1, 1, 2, 2, 3, 3, 3, 3, 3, 3, 4, 3, 3, 4]"
Maersk,264,"Спец: [1, 2, 2, 2, 3, 4, 4, 4, 3, 4, 3, 4] != Общий: [1, 1, 2, 2, 3, 3, 4, 3, 3, 3, 3, 4]"
Maersk,265,"Спец: [1, 2, 2, 2, 3, 4, 4, 3, 4, 3, 4] != Общий: [1, 1, 2, 2, 3, 3, 4, 3, 3, 3, 4]"
Maersk,266,"Спец: [1, 2, 2, 2, 3, 4, 3, 4, 3, 4] != Общий: [1, 1, 2, 2, 3, 3, 3, 3, 3, 4]"
Maersk,267,"Спец: [1, 3, 4, 3, 3, 4, 4] != Общий: [1, 3, 3, 3, 3, 3, 4]"
Maersk,268,"Спец: [1, 2, 2, 2, 3, 4, 4, 4, 3, 4, 4, 4, 5] != Общий: [1, 1, 2, 2, 3, 3, 3, 3, 3, 4, 4, 5, 5]"
Maersk,269,"Спец: [1, 2, 2, 3, 4, 4, 4] != Общий: [1, 2, 2, 3, 4, 4, 5]"
Maersk,270,"Спец: [1, 2, 2, 3, 4, 4, 4] != Общий: [1, 2, 2, 3, 4, 4, 5]"
Maersk,271,"Спец: [1, 2, 2, 3, 4, 3, 4] != Общий: [1, 2, 2, 3, 3, 3, 4]"
Maersk,272,"Спец: [1, 2, 2, 2, 3, 4, 4, 4, 3, 4] != Общий: [1, 1, 2, 2, 3, 3, 4, 3, 3, 4]"
Maersk,273,"Спец: [1, 2, 2, 2, 3, 4] != Общий: [1, 1, 2, 2, 3, 4]"
Maersk,274,"Спец: [1, 2, 2, 2, 3, 4] != Общий: [1, 1, 2, 2, 3, 4]"
Maersk,275,"Спец: [1, 2, 2, 2, 3, 4] != Общий: [1, 1, 2, 2, 3, 4]"
Maersk,276,"Спец: [1, 2, 2, 2, 3, 4] != Общий: [1, 1, 2, 2, 3, 4]"
Maersk,277,"Спец: [1, 2, 2, 3, 4] != Общий: [1, 1, 2, 3, 4]"
Maersk,278,"Спец: [1, 2, 2, 2, 2, 2, 3, 4, 4, 4, 3, 4, 4, 4, 4, 4, 4] != Общий: [1, 1, 2, 2, 2, 2, 3, 3, 3, 3, 3, 4, 4, 5, 5, 5, 5]"
Maersk,279,"Спец: [1, 2, 2, 2, 3, 4, 4, 4, 3, 4, 4, 4, 4, 4, 3, 4, 3, 4, 4, 4, 4, 4] != Общий: [1, 1, 2, 2, 3, 3, 3, 3, 3, 3, 4, 5, 5, 3, 3, 3, 3, 4, 5, 5, 5, 5]"
Maersk,280,"Спец: [1, 2, 2, 2, 3, 4, 4, 3, 4, 3, 4] != Общий: [1, 1, 2, 2, 3, 3, 4, 3, 3, 3, 4]"
Maersk,281,"Спец: [1, 2, 2, 2, 2, 2, 3, 4, 3, 4, 4, 4, 4, 4] != Общий: [1, 1, 2, 2, 2, 2, 3, 3, 3, 4, 5, 5, 5, 5]"
Maersk,282,"Спец: [1, 2, 2, 3, 4, 3, 4, 3, 4, 3, 4] != Общий: [1, 2, 2, 3, 3, 3, 3, 3, 3, 3, 4]"
Maersk,283,"Спец: [1, 2, 2, 2, 2, 2, 3, 4, 4, 4, 3, 4, 4, 3, 4] != Общий: [1, 1, 2, 2, 2, 2, 3, 3, 3, 3, 3, 3, 4, 3, 4]"
Maersk,284,"Спец: [1, 2, 2, 2, 3, 4, 4, 4, 3, 4, 4, 4, 5] != Общий: [1, 1, 2, 2, 3, 3, 3, 3, 3, 4, 4, 5, 5]"
Maersk,285,"Спец: [1, 2, 2, 3, 4, 4, 4] != Общий: [1, 2, 2, 3, 4, 4, 5]"
Maersk,286,"Спец: [1, 2, 2, 3, 4, 4, 4] != Общий: [1, 2, 2, 3, 4, 4, 5]"
Maersk,287,"Спец: [1, 2, 2, 2, 2, 2, 3, 4, 3, 4] != Общий: [1, 1, 2, 2, 3, 3, 3, 3, 3, 4]"
Maersk,288,"Спец: [1, 2, 2, 2, 3, 4, 4, 4, 3, 4, 3, 4] != Общий: [1, 1, 2, 2, 3, 3, 4, 3, 3, 3, 3, 4]"
Maersk,289,"Спец: [1, 2, 2, 2, 3, 4] != Общий: [1, 1, 2, 2, 3, 4]"
Maersk,290,"Спец: [1, 2, 2, 2, 2, 2, 3, 4] != Общий: [1, 1, 2, 2, 3, 3, 3, 4]"
Maersk,291,"Спец: [1, 2, 2, 2, 3, 4, 4, 4, 3, 4, 4, 4, 4, 3, 4, 3, 4] != Общий: [1, 1, 2, 2, 3, 3, 3, 3, 3, 3, 4, 5, 5, 3, 3, 3, 4]"
Maersk,292,"Спец: [1, 2, 2, 2, 3, 4] != Общий: [1, 1, 2, 2, 3, 4]"
Maersk,293,"Спец: [1, 2, 2, 2, 3, 4] != Общий: [1, 1, 2, 2, 3, 4]"
Maersk,294,"Спец: [1, 2, 2, 2, 3, 4, 4, 4, 3, 4, 4, 4, 4, 4] != Общий: [1, 1, 2, 2, 3, 3, 3, 3, 3, 4, 4, 5, 5, 4]"
Maersk,295,"Спец: [1, 2, 2, 2, 3, 4, 4, 4, 3, 4] != Общий: [1, 1, 2, 2, 3, 3, 4, 3, 3, 4]"
Maersk,296,"Спец: [1, 2, 2, 2, 3, 4, 4, 4, 3, 4, 4, 4, 5] != Общий: [1, 1, 2, 2, 3, 3, 3, 3, 3, 4, 4, 5, 5]"
Maersk,297,"Спец: [1, 2, 2, 3, 4, 4, 4] != Общий: [1, 2, 2, 3, 4, 4, 5]"
Maersk,298,"Спец: [1, 2, 2, 3, 4, 4, 4] != Общий: [1, 2, 2, 3, 4, 4, 5]"
Maersk,299,"Спец: [1, 2, 2, 2, 3, 4, 4, 4, 3, 4, 4, 4, 3, 4, 3, 4, 3, 4] != Общий: [1, 1, 2, 2, 3, 3, 3, 3, 3, 3, 4, 3, 3, 3, 3, 3, 3, 4]"
Maersk,300,"Спец: [1, 2, 2, 2, 3, 4, 4, 4, 3, 4, 4, 3, 4] != Общий: [1, 1, 2, 2, 3, 3, 3, 3, 3, 3, 4, 3, 4]"
Maersk,301,"Спец: [1, 2, 2, 2, 3, 4, 4, 3, 4] != Общий: [1, 1, 2, 2, 3, 3, 4, 3, 4]"
Maersk,302,"Спец: [1, 2, 2, 2, 3, 4, 4, 4, 3, 4, 4, 3, 4] != Общий: [1, 1, 2, 2, 3, 3, 3, 3, 3, 3, 4, 3, 4]"
Maersk,303,"Спец: [1, 2, 2, 2, 3, 4, 4, 4, 3, 4, 4, 3, 4] != Общий: [1, 1, 2, 2, 3, 3, 3, 3, 3, 3, 4, 3, 4]"
Maersk,304,"Спец: [1, 2, 2, 2, 3, 4] != Общий: [1, 1, 2, 2, 3, 4]"
Maersk,305,"Спец: [1, 2, 2, 2, 3, 4, 4, 4, 4, 4, 3, 4] != Общий: [1, 1, 2, 2, 3, 3, 4, 5, 5, 3, 3, 4]"
Maersk,306,"Спец: [1, 2, 2, 2, 3, 4, 4, 4, 4, 4, 3, 4] != Общий: [1, 1, 2, 2, 3, 3, 4, 5, 5, 3, 3, 4]"
Maersk,307,"Спец: [1, 2, 2, 2, 3, 4] != Общий: [1, 1, 2, 2, 3, 4]"
Maersk,308,"Спец: [1, 2, 2, 2, 3, 4, 4, 4, 3, 4, 3, 4] != Общий: [1, 1, 2, 2, 3, 3, 4, 3, 3, 3, 3, 4]"
Maersk,309,"Спец: [1, 2, 2, 2, 3, 4, 4, 4, 3, 4, 3, 4] != Общий: [1, 1, 2, 2, 3, 3, 4, 3, 3, 3, 3, 4]"
Maersk,310,"Спец: [1, 2, 2, 3, 4, 4, 3, 4, 3, 4] != Общий: [1, 1, 2, 2, 2, 2, 3, 3, 3, 4]"
Maersk,311,"Спец: [1, 2, 2, 2, 3, 3, 4, 4, 4, 3, 4] != Общий: [1, 1, 2, 2, 3, 3, 3, 4, 3, 3, 4]"
Maersk,312,"Спец: [1, 2, 2, 2, 3, 4, 3, 4, 3, 4] != Общий: [1, 1, 2, 2, 3, 3, 3, 3, 3, 4]"
Maersk,313,"Спец: [1, 2, 2, 2, 3, 4, 4, 4, 3, 4, 3, 4] != Общий: [1, 1, 2, 2, 3, 3, 4, 3, 3, 3, 3, 4]"
Maersk,314,"Спец: [1, 2, 2, 2, 3, 4, 3, 4, 3, 4] != Общий: [1, 1, 2, 2, 3, 3, 3, 3, 3, 4]"
Maersk,315,"Спец: [1, 2, 2, 2, 3, 4] != Общий: [1, 1, 2, 2, 3, 4]"
Maersk,316,"Спец: [1, 2, 2, 2, 3, 4] != Общий: [1, 1, 2, 2, 3, 4]"
Maersk,317,"Спец: [1, 2, 2, 2, 3, 4] != Общий: [1, 1, 2, 2, 3, 4]"
Maersk,318,"Спец: [1, 2, 2, 3, 4, 4, 4, 4, 3, 4, 4, 4, 3, 4, 3, 4, 3, 4] != Общий: [1, 2, 2, 3, 3, 4, 5, 5, 3, 3, 3, 3, 3, 3, 3, 3, 3, 4]"
Maersk,319,"Спец: [1, 2, 2, 3, 4, 4, 4, 3, 4, 4, 3, 4] != Общий: [1, 2, 2, 3, 3, 3, 3, 3, 3, 4, 3, 4]"
Maersk,320,"Спец: [1, 2, 2, 2, 3, 4] != Общий: [1, 1, 2, 2, 3, 4]"
Maersk,321,"Спец: [1, 2, 2, 2, 3, 4] != Общий: [1, 1, 2, 2, 3, 4]"
Maersk,322,"Спец: [1, 2, 2, 2, 3, 4] != Общий: [1, 1, 2, 2, 3, 4]"
Maersk,323,"Спец: [1, 2, 2, 2, 3, 4] != Общий: [1, 1, 2, 2, 3, 4]"
Maersk,324,"Спец: [1, 2, 2, 2, 3, 4, 3, 4, 3, 4] != Общий: [1, 1, 2, 2, 3, 3, 3, 3, 3, 4]"
Maersk,325,"Спец: [1, 2, 2, 2, 3, 4, 3, 4, 3, 4] != Общий: [1, 1, 2, 2, 3, 3, 3, 3, 3, 4]"
Maersk,326,"Спец: [1, 2, 2, 2, 3, 4, 4, 4, 3, 4, 3, 4] != Общий: [1, 1, 2, 2, 3, 3, 4, 3, 3, 3, 3, 4]"
Maersk,327,"Спец: [1, 2, 2, 2, 3, 4, 4, 4, 3, 4, 4, 4, 5] != Общий: [1, 1, 2, 2, 3, 3, 3, 3, 3, 4, 4, 5, 5]"
Maersk,328,"Спец: [1, 2, 2, 3, 4, 4, 4] != Общий: [1, 2, 2, 3, 4, 4, 5]"
Maersk,329,"Спец: [1, 2, 2, 3, 4, 4, 4] != Общий: [1, 2, 2, 3, 4, 4, 5]"
Maersk,330,"Спец: [1, 2, 2, 3, 3, 3, 4, 4, 4, 4, 3, 4, 4, 3, 4] != Общий: [1, 1, 2, 2, 2, 2, 2, 2, 2, 2, 3, 3, 4, 3, 4]"
Maersk,331,"Спец: [1, 2, 2, 2, 3, 4, 4, 4, 5] != Общий: [1, 1, 2, 2, 3, 4, 4, 5, 5]"
Maersk,332,"Спец: [1, 2, 2, 2, 2, 3, 4, 4, 3, 4, 3, 4] != Общий: [1, 1, 2, 2, 2, 3, 3, 4, 3, 3, 3, 4]"
Maersk,333,"Спец: [1, 2, 2, 2, 2, 2, 2, 3, 4, 4, 5, 5, 5, 5, 5] != Общий: [1, 1, 2, 2, 2, 2, 2, 3, 3, 3, 3, 3, 3, 4, 4]"
Maersk,334,"Спец: [1, 2, 2, 2, 3, 4, 4, 4, 3, 4, 4, 4] != Общий: [1, 1, 2, 2, 3, 3, 3, 3, 3, 4, 4, 5]"
Maersk,335,"Спец: [1, 2, 2, 2, 3, 4] != Общий: [1, 1, 2, 2, 3, 4]"
Maersk,336,"Спец: [1, 2, 2, 3, 4, 4, 4] != Общий: [1, 2, 2, 3, 4, 4, 5]"
Maersk,337,"Спец: [1, 2, 2, 2, 3, 4, 4, 4, 3, 4, 4, 4, 5] != Общий: [1, 1, 2, 2, 3, 3, 3, 3, 3, 4, 4, 5, 5]"
Maersk,338,"Спец: [1, 2, 2, 3, 4, 4, 4] != Общий: [1, 2, 2, 3, 4, 4, 5]"
Maersk,339,"Спец: [1, 2, 2, 2, 3, 4, 4, 4, 4, 3, 4, 4] != Общий: [1, 2, 2, 2, 3, 4, 4, 5, 5, 5, 5, 5]"
Maersk,340,"Спец: [1, 2, 2, 2, 3, 4, 4, 4, 3, 4, 4, 4, 4, 4] != Общий: [1, 1, 2, 2, 3, 3, 3, 3, 3, 4, 4, 5, 5, 4]"
Maersk,341,"Спец: [1, 2, 2, 2, 3, 4, 4, 4, 3, 4] != Общий: [1, 1, 2, 2, 3, 3, 4, 3, 3, 4]"
Maersk,342,"Спец: [1, 2, 2, 2, 3, 4, 4, 4, 3, 4, 4] != Общий: [1, 1, 2, 2, 3, 3, 3, 3, 3, 4, 4]"
Maersk,343,"Спец: [1, 2, 2, 2, 2, 2, 3, 4] != Общий: [1, 1, 2, 2, 2, 2, 3, 4]"
Maersk,344,"Спец: [1, 2, 2, 2, 3, 4, 4, 3, 4] != Общий: [1, 2, 2, 2, 3, 4, 4, 5, 5]"
Maersk,345,"Спец: [1, 2, 2, 2, 2, 2, 3, 4] != Общий: [1, 1, 2, 2, 2, 2, 3, 4]"
Maersk,346,"Спец: [1, 2, 2, 2, 2, 2, 3, 4] != Общий: [1, 1, 2, 2, 2, 2, 3, 4]"
Maersk,347,"Спец: [1, 2, 2, 3, 4, 3, 4] != Общий: [1, 2, 2, 3, 4, 5, 5]"
Maersk,348,"Спец: [1, 2, 2, 2, 3, 4, 4, 3, 4, 4] != Общий: [1, 2, 2, 2, 3, 4, 4, 5, 5, 5]"
Maersk,349,"Спец: [1, 2, 2, 2, 3, 4, 5, 5, 5, 5, 5, 5, 5, 5, 5, 5, 5, 5, 5, 5, 5, 5, 5, 5, 5, 5, 5, 5] != Общий: [1, 2, 2, 2, 3, 3, 3, 3, 3, 3, 4, 4, 5, 5, 5, 5, 5, 5, 5, 5, 5, 5, 5, 5, 5, 5, 5, 5]"
Maersk,350,"Спец: [1, 2, 2, 3, 4, 4, 4] != Общий: [1, 2, 2, 3, 4, 4, 5]"
Maersk,351,"Спец: [1, 2, 2, 2, 3, 4, 4, 4, 3, 4, 4, 4, 5] != Общий: [1, 1, 2, 2, 3, 3, 3, 3, 3, 4, 4, 5, 5]"
Maersk,352,"Спец: [1, 2, 2, 3, 4, 4, 4] != Общий: [1, 2, 2, 3, 4, 4, 5]"
Maersk,353,"Спец: [1, 2, 2, 2, 3, 4, 4, 4, 3, 4] != Общий: [1, 1, 2, 2, 3, 3, 4, 3, 3, 4]"
Maersk,354,"Спец: [1, 2, 2, 2, 3, 4, 4, 4, 3, 4, 4, 3, 4] != Общий: [1, 1, 2, 2, 3, 3, 3, 3, 3, 3, 4, 3, 4]"
Maersk,355,"Спец: [1, 2, 2, 2, 3, 4, 4, 4, 3, 4, 3, 4] != Общий: [1, 1, 2, 2, 3, 3, 4, 3, 3, 3, 3, 4]"
Maersk,356,"Спец: [1, 2, 2, 3, 4, 4, 4, 3, 4, 4, 4] != Общий: [1, 2, 2, 3, 3, 3, 3, 3, 4, 4, 5]"
Maersk,358,"Спец: [1, 2, 2, 2, 3, 4, 4, 3, 4] != Общий: [1, 1, 2, 2, 3, 3, 4, 3, 4]"
Maersk,359,"Спец: [1, 2, 2, 2, 3, 4, 3, 4, 3, 4] != Общий: [1, 1, 2, 2, 3, 3, 3, 3, 3, 4]"
Maersk,360,"Спец: [1, 2, 2, 2, 3, 4] != Общий: [1, 1, 2, 2, 3, 4]"
Maersk,361,"Спец: [1, 2, 2, 2, 3, 4, 3, 4] != Общий: [1, 1, 2, 2, 3, 3, 3, 4]"
Maersk,362,"Спец: [1, 2, 2, 2, 3, 4, 4, 3, 4, 3, 4] != Общий: [1, 1, 2, 2, 3, 3, 4, 3, 3, 3, 4]"
Maersk,363,"Спец: [1, 2, 2, 2, 3, 4, 4, 3, 4] != Общий: [1, 1, 2, 2, 3, 3, 4, 3, 4]"
Maersk,364,"Спец: [1, 2, 2, 2, 3, 4, 4, 4, 3, 4] != Общий: [1, 1, 2, 2, 3, 3, 4, 3, 3, 4]"
Maersk,365,"Спец: [1, 2, 2, 2, 2, 3, 4, 3, 4] != Общий: [1, 2, 2, 2, 2, 3, 3, 3, 4]"
Maersk,366,"Спец: [1, 2, 2, 2, 2, 2, 3, 4, 3, 4] != Общий: [1, 1, 2, 2, 2, 2, 3, 3, 3, 4]"
Maersk,367,"Спец: [1, 2, 2, 2, 3, 4] != Общий: [1, 1, 2, 2, 3, 4]"
Maersk,368,"Спец: [1, 2, 2, 2, 2, 2, 3, 4, 3, 4] != Общий: [1, 1, 2, 2, 2, 2, 3, 3, 3, 4]"
Maersk,369,"Спец: [1, 2, 2, 2, 2, 2, 3, 4, 3, 4] != Общий: [1, 1, 2, 2, 2, 2, 3, 3, 3, 4]"
Maersk,370,"Спец: [1, 2, 2, 2, 3, 4, 3, 4] != Общий: [1, 1, 2, 2, 3, 3, 3, 4]"
Maersk,371,"Спец: [1, 2, 2, 2, 3, 4, 4, 4, 3, 4, 4, 4, 3, 4] != Общий: [1, 1, 2, 2, 3, 3, 3, 3, 3, 3, 4, 3, 3, 4]"
Maersk,372,"Спец: [1, 2, 2, 2, 3, 4, 3, 4] != Общий: [1, 1, 2, 2, 3, 3, 3, 4]"
Maersk,373,"Спец: [1, 2, 2, 2, 3, 4] != Общий: [1, 1, 2, 2, 3, 4]"
Maersk,374,"Спец: [1, 2, 2, 2, 2, 3, 4, 4, 4, 3, 4, 4, 5, 5, 5, 5, 5, 5, 5] != Общий: [1, 1, 2, 2, 2, 3, 3, 3, 3, 3, 3, 3, 3, 3, 3, 4, 4, 5, 5]"
Maersk,375,"Спец: [1, 2, 2, 3, 4, 4, 4, 4, 4, 3, 4, 4, 4, 3, 4, 4, 4, 3, 4, 4, 4, 4] != Общий: [1, 2, 2, 3, 3, 3, 3, 3, 3, 3, 3, 3, 3, 3, 3, 3, 3, 3, 4, 4, 5, 5]"
Maersk,376,"Спец: [1, 2, 2, 2, 3, 4, 4, 4, 3, 4, 4, 4, 5] != Общий: [1, 1, 2, 2, 3, 3, 3, 3, 3, 4, 4, 5, 5]"
Maersk,377,"Спец: [1, 2, 2, 2, 3, 4, 4, 4, 3, 4] != Общий: [1, 1, 2, 2, 3, 3, 4, 3, 3, 4]"
Maersk,378,"Спец: [1, 2, 2, 2, 3, 4, 4, 4, 3, 4, 4, 4, 5] != Общий: [1, 1, 2, 2, 3, 3, 3, 3, 3, 4, 4, 5, 5]"
Maersk,379,"Спец: [1, 2, 2, 3, 4, 4, 4] != Общий: [1, 2, 2, 3, 4, 4, 5]"
Maersk,380,"Спец: [1, 2, 2, 2, 3, 4, 4, 5, 5, 5, 5, 5, 5, 5, 5] != Общий: [1, 1, 2, 2, 3, 3, 3, 3, 3, 3, 3, 4, 3, 3, 4]"
Maersk,381,"Спец: [1, 2, 3, 4, 3, 4, 3, 4] != Общий: [1, 1, 3, 3, 3, 3, 3, 4]"
Maersk,382,"Спец: [1, 2, 2, 2, 3, 4, 4, 4, 3, 4, 4, 4, 3, 4] != Общий: [1, 1, 2, 2, 3, 3, 3, 3, 3, 3, 4, 3, 3, 4]"
Maersk,383,"Спец: [1, 2, 2, 2, 3, 4, 4, 4, 3, 4] != Общий: [1, 1, 2, 2, 3, 3, 4, 3, 3, 4]"
Maersk,384,"Спец: [1, 2, 2, 2, 3, 4, 4, 4, 3, 4] != Общий: [1, 1, 2, 2, 3, 3, 4, 3, 3, 4]"
Maersk,385,"Спец: [1, 2, 2, 2, 3, 4, 4, 4, 3, 4] != Общий: [1, 1, 2, 2, 3, 3, 4, 3, 3, 4]"
Maersk,386,"Спец: [1, 2, 2, 2, 3, 4, 4, 4, 3, 4, 4, 4, 3, 4, 4, 4, 5] != Общий: [1, 1, 2, 2, 3, 3, 3, 3, 3, 3, 3, 3, 3, 4, 4, 5, 5]"
Maersk,387,"Спец: [1, 2, 2, 3, 4, 4, 4] != Общий: [1, 2, 2, 3, 4, 4, 5]"
Maersk,388,"Спец: [1, 2, 2, 2, 3, 4, 4, 4, 3, 4, 4, 3, 4] != Общий: [1, 1, 2, 2, 3, 3, 3, 3, 3, 3, 4, 3, 4]"
Maersk,389,"Спец: [1, 2, 2, 2, 3, 4, 4, 4, 3, 4] != Общий: [1, 1, 2, 2, 3, 3, 4, 3, 3, 4]"
Maersk,390,"Спец: [1, 2, 2, 2, 3, 4, 4, 4, 3, 4, 3, 4] != Общий: [1, 1, 2, 2, 3, 3, 4, 3, 3, 3, 3, 4]"
Maersk,392,"Спец: [1, 2, 2, 2, 3, 4, 4, 4, 3, 4, 4, 4, 3, 4, 3, 4, 3, 4] != Общий: [1, 1, 2, 2, 3, 3, 3, 3, 3, 3, 4, 3, 3, 3, 3, 3, 3, 4]"
Maersk,393,"Спец: [1, 2, 2, 3, 4, 3, 4, 3, 4] != Общий: [1, 2, 2, 3, 3, 3, 3, 3, 4]"
Maersk,394,"Спец: [1, 2, 2, 2, 3, 4, 3, 4] != Общий: [1, 1, 2, 2, 3, 3, 3, 4]"
Maersk,395,"Спец: [1, 2, 2, 2, 3, 4] != Общий: [1, 1, 2, 2, 3, 4]"
Maersk,396,"Спец: [1, 2, 2, 3, 4, 4, 4, 3, 4, 4, 4, 3, 4] != Общий: [1, 2, 2, 3, 3, 3, 3, 3, 3, 4, 3, 3, 4]"
Maersk,397,"Спец: [1, 2, 2, 2, 3, 4] != Общий: [1, 1, 2, 2, 3, 4]"
Maersk,398,"Спец: [1, 2, 2, 3, 4, 3, 4] != Общий: [1, 1, 2, 3, 3, 3, 4]"
Maersk,399,"Спец: [1, 2, 2, 3, 4, 4, 4] != Общий: [1, 2, 2, 3, 4, 4, 5]"
Maersk,400,"Спец: [1, 2, 2, 2, 3, 4, 4, 4, 3, 4, 4, 4, 5] != Общий: [1, 1, 2, 2, 3, 3, 3, 3, 3, 4, 4, 5, 5]"
Maersk,401,"Спец: [1, 2, 2, 3, 4, 4, 4] != Общий: [1, 2, 2, 3, 4, 4, 5]"
Maersk,402,"Спец: [1, 2, 2, 2, 3, 4, 4, 3, 4] != Общий: [1, 1, 2, 2, 3, 3, 4, 3, 4]"
Maersk,403,"Спец: [1, 2, 2, 2, 2, 3, 4, 4, 4, 5] != Общий: [1, 1, 2, 2, 2, 3, 4, 4, 5, 5]"
Maersk,404,"Спец: [1, 2, 2, 2, 2, 2, 3, 4] != Общий: [1, 1, 1, 1, 2, 2, 3, 4]"
Maersk,405,"Спец: [1, 2, 2, 2, 3, 4, 4, 4, 3, 4] != Общий: [1, 1, 2, 2, 3, 3, 4, 3, 3, 4]"
Maersk,406,"Спец: [1, 2, 2, 2, 3, 4, 3, 4] != Общий: [1, 1, 2, 2, 3, 3, 3, 4]"
Maersk,407,"Спец: [1, 2, 2, 2, 2, 3, 4] != Общий: [1, 1, 2, 2, 2, 3, 4]"
Maersk,408,"Спец: [1, 2, 2, 2, 3, 4, 4, 4, 4, 4, 3, 4, 4, 4] != Общий: [1, 1, 2, 2, 3, 3, 3, 3, 3, 3, 3, 4, 4, 5]"
Maersk,409,"Спец: [1, 2, 2, 2, 2, 2, 3, 4, 3, 4, 3, 4] != Общий: [1, 1, 1, 1, 2, 2, 3, 3, 3, 3, 3, 4]"
Maersk,410,"Спец: [1, 2, 2, 2, 3, 4, 4, 4, 3, 4, 4, 4, 5] != Общий: [1, 1, 2, 2, 3, 3, 3, 3, 3, 4, 4, 5, 5]"
Maersk,411,"Спец: [1, 2, 2, 3, 4, 4, 4] != Общий: [1, 2, 2, 3, 4, 4, 5]"
Maersk,412,"Спец: [1, 2, 2, 3, 4, 4, 4] != Общий: [1, 2, 2, 3, 4, 4, 5]"
Maersk,413,"Спец: [1, 2, 2, 2, 3, 4, 4, 4, 3, 4, 4, 4, 4, 4] != Общий: [1, 1, 2, 2, 3, 3, 3, 3, 3, 4, 4, 5, 5, 4]"
Maersk,416,"Спец: [1, 2, 2, 2, 3, 4, 4, 3, 4] != Общий: [1, 1, 2, 2, 3, 3, 4, 3, 4]"
Maersk,417,"Спец: [1, 2, 2, 2, 3, 4, 4, 4, 3, 4] != Общий: [1, 1, 2, 2, 3, 3, 4, 3, 3, 4]"
Maersk,418,"Спец: [1, 2, 2, 2, 3, 4, 4, 4, 3, 4] != Общий: [1, 1, 2, 2, 3, 3, 4, 3, 3, 4]"
Maersk,420,"Спец: [1, 2, 2, 2, 3, 4, 4, 3, 4, 3, 4] != Общий: [1, 1, 2, 2, 3, 3, 4, 3, 3, 3, 4]"
Maersk,421,"Спец: [1, 2, 2, 2, 2, 3, 4, 4, 3, 4, 3, 4] != Общий: [1, 1, 2, 2, 2, 3, 3, 4, 3, 3, 3, 4]"
Maersk,422,"Спец: [1, 2, 2, 2, 3, 4, 3, 4] != Общий: [1, 1, 2, 2, 3, 3, 3, 4]"
Maersk,423,"Спец: [1, 2, 2, 2, 3, 4, 4, 3, 4, 3, 4] != Общий: [1, 1, 2, 2, 3, 3, 4, 3, 3, 3, 4]"
Maersk,424,"Спец: [1, 2, 2, 2, 3, 4, 3, 4] != Общий: [1, 1, 2, 2, 3, 3, 3, 4]"
Maersk,425,"Спец: [1, 2, 2, 2, 3, 4, 4, 4, 3, 4] != Общий: [1, 1, 2, 2, 3, 3, 4, 3, 3, 4]"
Maersk,426,"Спец: [1, 2, 2, 2, 2, 2, 2, 2, 3, 4, 3, 4] != Общий: [1, 2, 2, 2, 2, 2, 2, 2, 3, 3, 3, 4]"
Maersk,427,"Спец: [1, 2, 2, 2, 3, 4, 4, 4, 3, 4, 4, 4, 5] != Общий: [1, 1, 2, 2, 3, 3, 3, 3, 3, 4, 4, 5, 5]"
Maersk,428,"Спец: [1, 2, 2, 3, 4, 4, 4] != Общий: [1, 2, 2, 3, 4, 4, 5]"
Maersk,429,"Спец: [1, 2, 2, 3, 4, 4, 4] != Общий: [1, 2, 2, 3, 4, 4, 5]"
Maersk,430,"Спец: [1, 2, 2, 2, 3, 4] != Общий: [1, 1, 1, 2, 3, 4]"
Maersk,431,"Спец: [1, 2, 2, 2, 2, 3, 4] != Общий: [1, 1, 2, 2, 2, 3, 4]"
Maersk,432,"Спец: [1, 2, 2, 2, 3, 4] != Общий: [1, 1, 2, 2, 3, 4]"
Maersk,433,"Спец: [1, 2, 2, 2, 3, 4, 4, 4, 3, 4] != Общий: [1, 1, 2, 2, 3, 3, 4, 3, 3, 4]"
Maersk,434,"Спец: [1, 2, 2, 2, 3, 4, 4, 4, 3, 4, 3, 4] != Общий: [1, 1, 2, 2, 3, 3, 4, 3, 3, 3, 3, 4]"
Maersk,435,"Спец: [1, 2, 2, 3, 4, 4, 4] != Общий: [1, 2, 2, 3, 4, 4, 5]"
Maersk,436,"Спец: [1, 2, 2, 2, 3, 4, 4, 4, 3, 4, 4, 4, 5] != Общий: [1, 1, 2, 2, 3, 3, 3, 3, 3, 4, 4, 5, 5]"
Maersk,437,"Спец: [1, 2, 2, 3, 4, 4, 4] != Общий: [1, 2, 2, 3, 4, 4, 5]"
Maersk,438,"Спец: [1, 2, 2, 2, 2, 2, 3, 4, 4, 4, 3, 4] != Общий: [1, 1, 2, 2, 2, 2, 3, 3, 4, 3, 3, 4]"
Maersk,439,"Спец: [1, 2, 2, 2, 2, 2, 3, 4, 4, 4, 3, 4, 4, 4, 3, 4] != Общий: [1, 1, 2, 2, 2, 2, 3, 3, 3, 3, 3, 3, 4, 3, 3, 4]"
Maersk,440,"Спец: [1, 2, 2, 2, 3, 4, 4, 4, 3, 4, 4, 4, 5] != Общий: [1, 1, 2, 2, 3, 3, 3, 3, 3, 4, 4, 5, 5]"
Maersk,441,"Спец: [1, 2, 2, 3, 4, 4, 4] != Общий: [1, 2, 2, 3, 4, 4, 5]"
Maersk,442,"Спец: [1, 2, 2, 3, 4, 4, 4] != Общий: [1, 2, 2, 3, 4, 4, 5]"
Maersk,444,"Спец: [1, 2, 2, 2, 3, 4, 4, 3, 4] != Общий: [1, 1, 2, 2, 3, 3, 4, 3, 4]"
Maersk,446,"Спец: [1, 2, 2, 3, 4, 4, 4] != Общий: [1, 2, 2, 3, 4, 4, 5]"
Maersk,447,"Спец: [1, 2, 2, 3, 4, 4, 4] != Общий: [1, 2, 2, 3, 4, 4, 5]"
Maersk,448,"Спец: [1, 2, 2, 2, 3, 4, 4, 4, 3, 4, 4, 4, 5] != Общий: [1, 1, 2, 2, 3, 3, 3, 3, 3, 4, 4, 5, 5]"
Maersk,449,"Спец: [1, 2, 2, 2, 3, 4] != Общий: [1, 1, 2, 2, 3, 4]"
Maersk,450,"Спец: [1, 2, 2, 2, 3, 4, 4, 4, 3, 4, 4, 4, 5] != Общий: [1, 1, 2, 2, 3, 3, 3, 3, 3, 4, 4, 5, 5]"
Maersk,451,"Спец: [1, 2, 2, 3, 4, 4, 4] != Общий: [1, 2, 2, 3, 4, 4, 5]"
Maersk,452,"Спец: [1, 2, 2, 3, 4, 4, 4] != Общий: [1, 2, 2, 3, 4, 4, 5]"
Maersk,453,"Спец: [1, 2, 2, 2, 3, 4] != Общий: [1, 1, 2, 2, 3, 4]"
Maersk,454,"Спец: [1, 2, 2, 2, 3, 4, 4, 4] != Общий: [1, 1, 2, 2, 3, 4, 4, 5]"
Maersk,455,"Спец: [1, 2, 2, 3, 4, 4, 4] != Общий: [1, 2, 2, 3, 4, 4, 5]"
Maersk,456,"Спец: [1, 2, 2, 3, 4, 4, 4] != Общий: [1, 2, 2, 3, 4, 4, 5]"
Maersk,457,"Спец: [1, 2, 2, 2, 3, 4, 4, 4, 3, 4, 4, 4, 5] != Общий: [1, 1, 2, 2, 3, 3, 3, 3, 3, 4, 4, 5, 5]"
Maersk,458,"Спец: [1, 2, 2, 2, 2, 2, 3, 4, 4, 4, 3, 4, 4, 4, 3, 4, 4] != Общий: [1, 1, 2, 2, 2, 2, 3, 3, 3, 3, 3, 3, 3, 3, 3, 4, 4]"
Maersk,459,"Спец: [1, 2, 2, 2, 2, 2, 3, 4, 3, 4, 3, 4] != Общий: [1, 1, 2, 2, 2, 2, 3, 3, 3, 3, 3, 4]"
Maersk,460,"Спец: [1, 2, 2, 2, 2, 2, 3, 4, 4, 4, 3, 4, 4, 4, 3, 4] != Общий: [1, 1, 2, 2, 2, 2, 3, 3, 3, 3, 3, 3, 4, 3, 3, 4]"
Maersk,461,"Спец: [1, 2, 2, 2, 2, 2, 3, 4, 3, 4, 3, 4] != Общий: [1, 1, 2, 2, 2, 2, 3, 3, 3, 3, 3, 4]"
Maersk,462,"Спец: [1, 2, 2, 2, 2, 2, 3, 4, 3, 4, 3, 4] != Общий: [1, 1, 2, 2, 2, 2, 3, 3, 3, 3, 3, 4]"
Maersk,463,"Спец: [1, 2, 2, 2, 2, 2, 3, 4, 3, 4, 3, 4] != Общий: [1, 1, 2, 2, 2, 2, 3, 3, 3, 3, 3, 4]"
Maersk,464,"Спец: [1, 2, 2, 2, 2, 2, 3, 4, 3, 4, 3, 4] != Общий: [1, 1, 2, 2, 2, 2, 3, 3, 3, 3, 3, 4]"
Maersk,465,"Спец: [1, 2, 2, 2, 2, 2, 3, 4, 3, 4, 3, 4] != Общий: [1, 1, 2, 2, 2, 2, 3, 3, 3, 3, 3, 4]"
Maersk,466,"Спец: [1, 2, 2, 2, 2, 2, 3, 4, 3, 4, 3, 4] != Общий: [1, 1, 2, 2, 2, 2, 3, 3, 3, 3, 3, 4]"
Maersk,467,"Спец: [1, 2, 2, 2, 2, 2, 3, 4, 3, 4, 3, 4] != Общий: [1, 1, 2, 2, 2, 2, 3, 3, 3, 3, 3, 4]"
Maersk,468,"Спец: [1, 2, 2, 2, 2, 2, 3, 4, 3, 4, 3, 4] != Общий: [1, 1, 2, 2, 2, 2, 3, 3, 3, 3, 3, 4]"
Maersk,469,"Спец: [1, 2, 2, 2, 2, 2, 3, 4, 4, 4, 3, 4, 4, 4, 3, 4] != Общий: [1, 1, 2, 2, 2, 2, 3, 3, 3, 3, 3, 3, 4, 3, 3, 4]"
Maersk,470,"Спец: [1, 2, 2, 3, 4] != Общий: [1, 1, 2, 3, 4]"
Maersk,471,"Спец: [1, 2, 2, 2, 2, 2, 3, 4, 3, 4, 3, 4] != Общий: [1, 1, 2, 2, 2, 2, 3, 3, 3, 3, 3, 4]"
Maersk,472,"Спец: [1, 2, 2, 2, 2, 2, 3, 4, 3, 4, 3, 4] != Общий: [1, 1, 2, 2, 2, 2, 3, 3, 3, 3, 3, 4]"
Maersk,473,"Спец: [1, 2, 2, 2, 2, 2, 3, 4, 3, 4, 3, 4] != Общий: [1, 1, 2, 2, 2, 2, 3, 3, 3, 3, 3, 4]"
Maersk,474,"Спец: [1, 2, 2, 2, 2, 2, 3, 4, 4, 4, 3, 4, 4, 4, 3, 4, 4] != Общий: [1, 1, 2, 2, 2, 2, 3, 3, 3, 3, 3, 3, 3, 3, 3, 4, 4]"
Maersk,475,"Спец: [1, 2, 2, 2, 2, 2, 3, 4, 4, 4, 3, 4, 4, 4, 3, 4] != Общий: [1, 1, 2, 2, 2, 2, 3, 3, 3, 3, 3, 3, 4, 3, 3, 4]"
Maersk,476,"Спец: [1, 2, 2, 2, 2, 3, 4] != Общий: [1, 1, 2, 2, 2, 3, 4]"
Maersk,477,"Спец: [1, 2, 2, 2, 2, 2, 3, 4, 3, 4, 3, 4] != Общий: [1, 1, 2, 2, 2, 2, 3, 3, 3, 3, 3, 4]"
Maersk,478,"Спец: [1, 2, 2, 2, 2, 2, 3, 4, 3, 4, 3, 4] != Общий: [1, 1, 2, 2, 2, 2, 3, 3, 3, 3, 3, 4]"
Maersk,479,"Спец: [1, 2, 2, 2, 2, 2, 3, 4, 3, 4, 3, 4] != Общий: [1, 1, 2, 2, 2, 2, 3, 3, 3, 3, 3, 4]"
Maersk,480,"Спец: [1, 2, 2, 2, 2, 2, 3, 4, 4, 4, 3, 4, 4, 4, 3, 4, 4] != Общий: [1, 1, 2, 2, 2, 2, 3, 3, 3, 3, 3, 3, 3, 3, 3, 4, 4]"
Maersk,481,"Спец: [1, 2, 2, 2, 3, 4, 4, 4, 3, 4] != Общий: [1, 1, 2, 2, 3, 3, 4, 3, 3, 4]"
Maersk,482,"Спец: [1, 2, 2, 2, 3, 4, 4, 4, 3, 4] != Общий: [1, 1, 2, 2, 3, 3, 4, 3, 3, 4]"
Maersk,483,"Спец: [1, 2, 2, 2, 2, 2, 3, 4, 4, 4, 3, 4, 4, 4, 3, 4] != Общий: [1, 1, 2, 2, 2, 2, 3, 3, 3, 3, 3, 3, 4, 3, 3, 4]"
Maersk,484,"Спец: [1, 2, 2, 2, 3, 4, 4, 4, 3, 4, 4] != Общий: [1, 1, 2, 2, 3, 3, 3, 3, 3, 4, 4]"
Maersk,485,"Спец: [1, 2, 2, 2, 2, 2, 3, 4, 4, 4, 3, 4, 4, 4, 3, 4, 4] != Общий: [1, 1, 2, 2, 2, 2, 3, 3, 3, 3, 3, 3, 3, 3, 3, 4, 4]"
Maersk,486,"Спец: [1, 2, 2, 2, 2, 2, 3, 4, 4, 4, 3, 4, 4, 4, 3, 4] != Общий: [1, 1, 2, 2, 2, 2, 3, 3, 3, 3, 3, 3, 4, 3, 3, 4]"
Maersk,487,"Спец: [1, 2, 2, 3, 4, 4, 4] != Общий: [1, 2, 2, 3, 4, 4, 5]"
Maersk,488,"Спец: [1, 2, 3, 3, 3, 4, 3, 4, 4, 4, 4, 4, 3, 4, 4, 4, 5] != Общий: [1, 2, 2, 2, 2, 2, 2, 2, 2, 2, 2, 2, 3, 4, 4, 5, 5]"
Maersk,489,"Спец: [1, 2, 2, 3, 4, 4, 4] != Общий: [1, 2, 2, 3, 4, 4, 5]"
Maersk,490,"Спец: [1, 2, 2, 2, 3, 4, 4, 4, 3, 4, 4, 4, 5] != Общий: [1, 1, 2, 2, 3, 3, 3, 3, 3, 4, 4, 5, 5]"
Maersk,491,"Спец: [1, 2, 2, 3, 4, 4, 4] != Общий: [1, 2, 2, 3, 4, 4, 5]"
Maersk,492,"Спец: [1, 2, 2, 3, 4, 4, 4] != Общий: [1, 2, 2, 3, 4, 4, 5]"
Maersk,494,"Спец: [1, 2, 2, 2, 3, 4, 3, 4] != Общий: [1, 1, 2, 2, 3, 3, 3, 4]"
Maersk,495,"Спец: [1, 2, 2, 2, 3, 4] != Общий: [1, 1, 2, 2, 3, 4]"
Maersk,496,"Спец: [1, 2, 2, 2, 3, 4, 4, 3, 4] != Общий: [1, 1, 2, 2, 3, 3, 4, 3, 4]"
Maersk,497,"Спец: [1, 2, 2, 2, 3, 4, 4, 4, 3, 4] != Общий: [1, 1, 2, 2, 3, 3, 4, 3, 3, 4]"
Maersk,498,"Спец: [1, 2, 2, 2, 3, 4, 4, 4, 3, 4] != Общий: [1, 1, 2, 2, 3, 3, 4, 3, 3, 4]"
Maersk,499,"Спец: [1, 2, 2, 2, 3, 4, 4, 4, 3, 4, 3, 4] != Общий: [1, 1, 2, 2, 3, 3, 4, 3, 3, 3, 3, 4]"
Maersk,500,"Спец: [1, 2, 2, 2, 3, 4, 4, 4, 3, 4] != Общий: [1, 1, 2, 2, 3, 3, 4, 3, 3, 4]"
Maersk,501,"Спец: [1, 2, 2, 2, 3, 4, 4, 4, 3, 4, 4] != Общий: [1, 1, 2, 2, 3, 3, 3, 3, 3, 4, 4]"
Maersk,503,"Спец: [1, 2, 3, 3, 3, 4, 4, 4, 3, 4, 4, 4, 3, 4, 4, 4, 3, 4, 4] != Общий: [1, 1, 3, 3, 3, 3, 3, 3, 3, 3, 3, 3, 3, 3, 3, 3, 3, 4, 4]"
Maersk,504,"Спец: [1, 2, 2, 3, 3, 4, 4, 4, 3, 4, 4, 4, 3, 4, 4, 4, 3, 4, 4] != Общий: [1, 1, 2, 3, 3, 3, 3, 3, 3, 3, 3, 3, 3, 3, 3, 3, 3, 4, 4]"
Maersk,505,"Спец: [1, 2, 2, 3, 3, 4, 4, 4, 3, 4, 4, 4, 3, 4, 4, 4, 3, 4, 4] != Общий: [1, 1, 2, 3, 3, 3, 3, 3, 3, 3, 3, 3, 3, 3, 3, 3, 3, 4, 4]"
Maersk,507,"Спец: [1, 2, 2, 2, 3, 4, 4, 4, 3, 4, 4] != Общий: [1, 1, 2, 2, 3, 3, 3, 3, 3, 4, 4]"
Maersk,508,"Спец: [1, 2, 2, 2, 3, 4, 4, 4, 3, 4, 3, 4] != Общий: [1, 1, 2, 2, 3, 3, 4, 3, 3, 3, 3, 4]"
Maersk,509,"Спец: [1, 2, 2, 2, 2, 2, 3, 4, 4, 4, 3, 4, 4, 4, 3, 4, 4] != Общий: [1, 1, 2, 2, 2, 2, 3, 3, 3, 3, 3, 3, 3, 3, 3, 4, 4]"
Maersk,510,"Спец: [1, 2, 2, 2, 3, 4, 3, 4, 3, 4] != Общий: [1, 1, 2, 2, 3, 3, 3, 3, 3, 4]"
Maersk,511,"Спец: [1, 2, 2, 2, 2, 2, 3, 4, 4, 4, 3, 4, 4, 4, 3, 4] != Общий: [1, 1, 2, 2, 2, 2, 3, 3, 3, 3, 3, 3, 4, 3, 3, 4]"
Maersk,512,"Спец: [1, 2, 2, 2, 2, 2, 3, 4, 4, 4, 3, 4, 4, 4, 3, 4, 4] != Общий: [1, 1, 2, 2, 2, 2, 3, 3, 3, 3, 3, 3, 3, 3, 3, 4, 4]"
Maersk,513,"Спец: [1, 2, 2, 2, 2, 2, 3, 4, 4, 4, 3, 4, 4, 4, 3, 4, 4] != Общий: [1, 1, 2, 2, 2, 2, 3, 3, 3, 3, 3, 3, 3, 3, 3, 4, 4]"
Maersk,514,"Спец: [1, 2, 2, 3, 4, 4, 3, 4] != Общий: [1, 2, 2, 3, 3, 4, 3, 4]"
Maersk,515,"Спец: [1, 2, 2, 2, 3, 4, 4, 3, 4, 3, 4] != Общий: [1, 1, 2, 2, 3, 3, 4, 3, 3, 3, 4]"
Maersk,516,"Спец: [1, 2, 2, 3, 4, 4, 3, 4] != Общий: [1, 2, 2, 3, 3, 4, 3, 4]"
Maersk,517,"Спец: [1, 2, 2, 2, 2, 2, 3, 4, 4, 4, 3, 4, 4, 4, 3, 4, 4] != Общий: [1, 1, 2, 2, 2, 2, 3, 3, 3, 3, 3, 3, 3, 3, 3, 4, 4]"
Maersk,518,"Спец: [1, 2, 2, 2, 2, 2, 3, 4, 4, 4, 3, 4, 4, 4, 3, 4, 4] != Общий: [1, 1, 2, 2, 2, 2, 3, 3, 3, 3, 3, 3, 3, 3, 3, 4, 4]"
Maersk,519,"Спец: [1, 2, 2, 2, 2, 2, 3, 4, 4, 4, 3, 4, 4, 4, 3, 4, 4] != Общий: [1, 1, 2, 2, 2, 2, 3, 3, 3, 3, 3, 3, 3, 3, 3, 4, 4]"
Maersk,520,"Спец: [1, 2, 2, 2, 2, 2, 3, 4, 4, 4, 3, 4, 4, 4, 3, 4, 4] != Общий: [1, 1, 2, 2, 2, 2, 3, 3, 3, 3, 3, 3, 3, 3, 3, 4, 4]"
Maersk,521,"Спец: [1, 2, 2, 2, 2, 2, 3, 4, 4, 4, 3, 4, 4, 4, 3, 4, 4] != Общий: [1, 1, 2, 2, 2, 2, 3, 3, 3, 3, 3, 3, 3, 3, 3, 4, 4]"
Maersk,522,"Спец: [1, 2, 2, 2, 2, 2, 3, 4, 4, 4, 3, 4, 4, 4, 3, 4, 4] != Общий: [1, 1, 2, 2, 2, 2, 3, 3, 3, 3, 3, 3, 3, 3, 3, 4, 4]"
Maersk,523,"Спец: [1, 2, 2, 2, 2, 2, 3, 4, 4, 4, 3, 4, 4, 4, 3, 4] != Общий: [1, 1, 2, 2, 2, 2, 3, 3, 3, 3, 3, 3, 4, 3, 3, 4]"
Maersk,524,"Спец: [1, 2, 2, 2, 2, 2, 3, 4, 4, 4, 3, 4, 4, 4, 3, 4, 4] != Общий: [1, 1, 2, 2, 2, 2, 3, 3, 3, 3, 3, 3, 3, 3, 3, 4, 4]"
Maersk,525,"Спец: [1, 2, 2, 2, 2, 2, 3, 4, 4, 4, 3, 4, 4, 4, 3, 4] != Общий: [1, 1, 2, 2, 2, 2, 3, 3, 3, 3, 3, 3, 4, 3, 3, 4]"
Maersk,526,"Спец: [1, 2, 2, 2, 2, 2, 3, 4, 4, 4, 3, 4, 4, 4, 3, 4, 4] != Общий: [1, 1, 2, 2, 2, 2, 3, 3, 3, 3, 3, 3, 3, 3, 3, 4, 4]"
Maersk,527,"Спец: [1, 2, 2, 2, 2, 2, 3, 4, 4, 4, 3, 4, 4, 4, 3, 4, 4] != Общий: [1, 1, 2, 2, 2, 2, 3, 3, 3, 3, 3, 3, 3, 3, 3, 4, 4]"
Maersk,528,"Спец: [1, 2, 2, 2, 2, 2, 3, 4, 4, 4, 3, 4, 4, 4, 3, 4, 4] != Общий: [1, 1, 2, 2, 2, 2, 3, 3, 3, 3, 3, 3, 3, 3, 3, 4, 4]"
Maersk,529,"Спец: [1, 2, 2, 2, 2, 2, 3, 4, 4, 4, 3, 4, 4, 4, 3, 4, 4] != Общий: [1, 1, 2, 2, 2, 2, 3, 3, 3, 3, 3, 3, 3, 3, 3, 4, 4]"
Maersk,530,"Спец: [1, 2, 2, 2, 2, 2, 3, 4, 4, 4, 3, 4, 4, 4, 3, 4, 4] != Общий: [1, 1, 2, 2, 2, 2, 3, 3, 3, 3, 3, 3, 3, 3, 3, 4, 4]"
Maersk,531,"Спец: [1, 2, 2, 2, 2, 2, 3, 4, 4, 4, 3, 4, 4, 4, 3, 4, 4] != Общий: [1, 1, 2, 2, 2, 2, 3, 3, 3, 3, 3, 3, 3, 3, 3, 4, 4]"
Maersk,532,"Спец: [1, 2, 2, 2, 2, 2, 3, 4, 4, 4, 3, 4, 4, 4, 3, 4] != Общий: [1, 1, 2, 2, 2, 2, 3, 3, 3, 3, 3, 3, 4, 3, 3, 4]"
Maersk,534,"Спец: [1, 2, 2, 3, 4, 4, 4] != Общий: [1, 2, 2, 3, 4, 4, 5]"
Maersk,535,"Спец: [1, 2, 2, 2, 2, 2, 3, 4, 4, 4, 3, 4, 4, 4, 3, 4] != Общий: [1, 1, 2, 2, 2, 2, 3, 3, 3, 3, 3, 3, 4, 3, 3, 4]"
Maersk,536,"Спец: [1, 2, 2, 2, 2, 2, 3, 4, 4, 4, 3, 4, 4, 4, 3, 4] != Общий: [1, 1, 2, 2, 2, 2, 3, 3, 3, 3, 3, 3, 4, 3, 3, 4]"
Maersk,537,"Спец: [1, 2, 2, 2, 2, 2, 3, 4, 4, 4, 3, 4, 4, 4, 3, 4] != Общий: [1, 1, 2, 2, 2, 2, 3, 3, 3, 3, 3, 3, 4, 3, 3, 4]"
Maersk,538,"Спец: [1, 2, 2, 2, 2, 2, 3, 4, 4, 4, 3, 4, 4, 4, 3, 4] != Общий: [1, 1, 2, 2, 2, 2, 3, 3, 3, 3, 3, 3, 4, 3, 3, 4]"
Maersk,539,"Спец: [1, 2, 2, 2, 2, 2, 3, 4, 4, 4, 3, 4, 4, 4, 3, 4] != Общий: [1, 1, 2, 2, 2, 2, 3, 3, 3, 3, 3, 3, 4, 3, 3, 4]"
Maersk,540,"Спец: [1, 2, 2, 2, 2, 2, 3, 4, 4, 4, 3, 4, 4, 4, 3, 4, 4] != Общий: [1, 1, 2, 2, 2, 2, 3, 3, 3, 3, 3, 3, 3, 3, 3, 4, 4]"
Maersk,541,"Спец: [1, 2, 2, 2, 3, 4, 4, 4, 3, 4, 4, 4, 5] != Общий: [1, 1, 2, 2, 3, 3, 3, 3, 3, 4, 4, 5, 5]"
Maersk,542,"Спец: [1, 2, 2, 3, 4, 4, 4] != Общий: [1, 2, 2, 3, 4, 4, 5]"
Maersk,543,"Спец: [1, 2, 2, 3, 4, 4, 4] != Общий: [1, 2, 2, 3, 4, 4, 5]"
Maersk,544,"Спец: [1, 2, 2, 2, 2, 2, 3, 4, 4, 4, 3, 4, 4, 4, 3, 4, 4] != Общий: [1, 1, 2, 2, 2, 2, 3, 3, 3, 3, 3, 3, 3, 3, 3, 4, 4]"
Maersk,545,"Спец: [1, 2, 2, 2, 2, 2, 3, 4, 4, 4, 3, 4, 4, 4, 3, 4, 4] != Общий: [1, 1, 2, 2, 2, 2, 3, 3, 3, 3, 3, 3, 3, 3, 3, 4, 4]"
Maersk,547,"Спец: [1, 2, 2, 2, 2, 2, 3, 4, 4, 4, 3, 4, 4, 4, 3, 4, 4] != Общий: [1, 1, 2, 2, 2, 2, 3, 3, 3, 3, 3, 3, 3, 3, 3, 4, 4]"
Maersk,548,"Спец: [1, 2, 2, 2, 3, 4, 3, 4, 3, 4] != Общий: [1, 1, 2, 2, 3, 3, 3, 3, 3, 4]"
Maersk,549,"Спец: [1, 2, 2, 2, 3, 4] != Общий: [1, 1, 2, 2, 3, 4]"
Maersk,550,"Спец: [1, 2, 2, 2, 3, 4, 3, 4, 3, 4] != Общий: [1, 1, 2, 2, 3, 3, 3, 3, 3, 4]"
Maersk,551,"Спец: [1, 2, 2, 2, 2, 2, 3, 4, 4, 4, 3, 4, 4, 4, 3, 4, 4] != Общий: [1, 1, 2, 2, 2, 2, 3, 3, 3, 3, 3, 3, 3, 3, 3, 4, 4]"
Maersk,552,"Спец: [1, 2, 2, 2, 2, 2, 3, 4, 4, 4, 3, 4, 4, 4, 3, 4, 4] != Общий: [1, 1, 2, 2, 2, 2, 3, 3, 3, 3, 3, 3, 3, 3, 3, 4, 4]"
Maersk,553,"Спец: [1, 2, 2, 2, 2, 2, 3, 4, 3, 4, 3, 4] != Общий: [1, 1, 2, 2, 2, 2, 3, 3, 3, 3, 3, 4]"
Maersk,554,"Спец: [1, 2, 2, 2, 3, 4, 3, 4, 3, 4] != Общий: [1, 1, 2, 2, 3, 3, 3, 3, 3, 4]"
Maersk,555,"Спец: [1, 2, 2, 2, 2, 2, 3, 4, 3, 4, 3, 4] != Общий: [1, 1, 2, 2, 2, 2, 3, 3, 3, 3, 3, 4]"
Maersk,556,"Спец: [1, 2, 2, 2, 3, 4, 4, 4, 3, 4, 4, 3, 4] != Общий: [1, 1, 2, 2, 3, 3, 3, 3, 3, 3, 4, 3, 4]"
Maersk,557,"Спец: [1, 2, 3, 4, 3, 4] != Общий: [1, 1, 3, 3, 3, 4]"
Maersk,558,"Спец: [1, 2, 3, 4, 3, 4] != Общий: [1, 1, 3, 3, 3, 4]"
Maersk,559,"Спец: [1, 2, 2, 2, 3, 4, 4, 4, 3, 4, 4, 4, 5] != Общий: [1, 1, 2, 2, 3, 3, 3, 3, 3, 4, 4, 5, 5]"
Maersk,560,"Спец: [1, 2, 2, 3, 4, 4, 4] != Общий: [1, 2, 2, 3, 4, 4, 5]"
Maersk,561,"Спец: [1, 2, 2, 3, 4, 4, 4] != Общий: [1, 2, 2, 3, 4, 4, 5]"
Maersk,562,"Спец: [1, 2, 2, 2, 3, 4, 4, 4, 3, 4, 4, 4, 5] != Общий: [1, 1, 2, 2, 3, 3, 3, 3, 3, 4, 4, 5, 5]"
Maersk,563,"Спец: [1, 2, 2, 2, 3, 4, 4, 4, 4, 4] != Общий: [1, 1, 2, 2, 3, 4, 4, 5, 5, 4]"
Maersk,564,"Спец: [1, 1, 1, 2, 2, 3, 4, 4, 4, 3, 4, 4, 4, 5] != Общий: [1, 2, 2, 2, 2, 3, 3, 3, 3, 3, 4, 4, 5, 5]"
Maersk,565,"Спец: [1, 2, 2, 2, 3, 4, 4, 4, 3, 4, 4, 4] != Общий: [1, 1, 2, 2, 3, 3, 3, 3, 3, 4, 4, 4]"
Maersk,566,"Спец: [1, 2, 2, 2, 3, 4, 4, 4, 3, 4, 4, 4, 5] != Общий: [1, 1, 2, 2, 3, 3, 3, 3, 3, 4, 4, 5, 5]"
Maersk,567,"Спец: [1, 2, 2, 2, 3, 4, 4, 4, 3, 4, 4, 4, 5] != Общий: [1, 1, 2, 2, 3, 3, 3, 3, 3, 4, 4, 5, 5]"
Maersk,568,"Спец: [1, 2, 2, 3, 4, 4, 4] != Общий: [1, 2, 2, 3, 4, 4, 5]"
Maersk,569,"Спец: [1, 2, 2, 3, 4, 4, 4] != Общий: [1, 2, 2, 3, 4, 4, 5]"
Maersk,570,"Спец: [1, 2, 2, 2, 3, 4, 4, 4, 3, 4, 4, 4, 5] != Общий: [1, 1, 2, 2, 3, 3, 3, 3, 3, 4, 4, 5, 5]"
Maersk,571,"Спец: [1, 2, 2, 2, 3, 4, 4, 4, 3, 4, 4, 4, 5] != Общий: [1, 1, 2, 2, 3, 3, 3, 3, 3, 4, 4, 5, 5]"
Maersk,572,"Спец: [1, 2, 2, 2, 3, 4] != Общий: [1, 1, 2, 2, 3, 4]"
Maersk,573,"Спец: [1, 2, 2, 2, 3, 4, 4, 4, 3, 4, 4, 4, 5] != Общий: [1, 1, 2, 2, 3, 3, 3, 3, 3, 4, 4, 5, 5]"
Maersk,574,"Спец: [1, 2, 2, 2, 3, 4, 4, 4, 3, 4, 4, 4, 5] != Общий: [1, 1, 2, 2, 3, 3, 3, 3, 3, 4, 4, 5, 5]"
Maersk,575,"Спец: [1, 2, 2, 2, 3, 4, 4, 4, 3, 4, 4, 4, 5] != Общий: [1, 1, 2, 2, 3, 3, 3, 3, 3, 4, 4, 5, 5]"
Maersk,576,"Спец: [1, 2, 2, 2, 3, 4, 4, 4, 3, 4, 4, 4, 5] != Общий: [1, 1, 2, 2, 3, 3, 3, 3, 3, 4, 4, 5, 5]"
Maersk,577,"Спец: [1, 2, 2, 2, 3, 4, 4, 4, 3, 4, 4, 4, 5] != Общий: [1, 1, 2, 2, 3, 3, 3, 3, 3, 4, 4, 5, 5]"
Maersk,578,"Спец: [1, 2, 2, 3, 4, 4, 4] != Общий: [1, 2, 2, 3, 4, 4, 5]"
Maersk,579,"Спец: [1, 2, 2, 3, 4, 4, 4] != Общий: [1, 2, 2, 3, 4, 4, 5]"
Maersk,580,"Спец: [1, 2, 2, 2, 3, 4] != Общий: [1, 1, 2, 2, 3, 4]"
Maersk,581,"Спец: [1, 2, 2, 3, 4, 4, 4, 3, 4, 3, 4] != Общий: [1, 2, 2, 3, 3, 4, 3, 3, 3, 3, 4]"
Maersk,582,"Спец: [1, 2, 2, 2, 3, 4] != Общий: [1, 1, 2, 2, 3, 4]"
Maersk,583,"Спец: [1, 2, 2, 2, 3, 4, 4, 4, 3, 4, 3, 4] != Общий: [1, 1, 2, 2, 3, 3, 4, 3, 3, 3, 3, 4]"
Maersk,584,"Спец: [1, 2, 2, 2, 3, 4] != Общий: [1, 1, 2, 2, 3, 4]"
Maersk,585,"Спец: [1, 2, 2, 2, 3, 4, 4, 3, 3, 4, 4, 4] != Общий: [1, 1, 2, 2, 3, 3, 3, 3, 3, 4, 4, 4]"
Maersk,586,"Спец: [1, 2, 2, 2, 3, 4, 3, 4, 3, 4, 3, 4] != Общий: [1, 1, 2, 2, 3, 3, 3, 3, 3, 3, 3, 4]"
Maersk,587,"Спец: [1, 2, 2, 2, 3, 4, 3, 4] != Общий: [1, 1, 2, 2, 3, 3, 3, 4]"
Maersk,588,"Спец: [1, 2, 2, 3, 4, 4, 4, 4, 4, 3, 4, 4, 4, 3, 4, 4, 3, 4] != Общий: [1, 2, 2, 3, 3, 3, 3, 3, 3, 3, 3, 3, 3, 3, 3, 4, 3, 4]"
Maersk,589,"Спец: [1, 2, 2, 2, 2, 2, 3, 4, 3, 4] != Общий: [1, 1, 2, 2, 2, 2, 3, 3, 3, 4]"
Maersk,590,"Спец: [1, 2, 2, 2, 3, 4] != Общий: [1, 1, 2, 2, 3, 4]"
Maersk,591,"Спец: [1, 2, 2, 2, 3, 4, 4, 3, 4] != Общий: [1, 1, 2, 2, 3, 3, 4, 3, 4]"
Maersk,592,"Спец: [1, 2, 2, 2, 3, 4, 4, 4, 3, 4, 3, 4] != Общий: [1, 1, 2, 2, 3, 3, 4, 3, 3, 3, 3, 4]"
Maersk,593,"Спец: [1, 2, 2, 2, 3, 4, 4, 4, 3, 4, 4, 4, 3, 4, 4] != Общий: [1, 1, 2, 2, 3, 3, 3, 3, 3, 3, 3, 3, 3, 4, 4]"
Maersk,594,"Спец: [1, 2, 2, 2, 3, 4] != Общий: [1, 1, 2, 2, 3, 4]"
Maersk,595,"Спец: [1, 2, 2, 2, 3, 4, 4, 3, 4] != Общий: [1, 1, 2, 2, 3, 3, 4, 3, 4]"
Maersk,596,"Спец: [1, 2, 2, 2, 3, 4, 4, 4, 3, 4, 3, 4] != Общий: [1, 1, 2, 2, 3, 3, 4, 3, 3, 3, 3, 4]"
Maersk,597,"Спец: [1, 2, 2, 2, 3, 4, 4, 4, 3, 4, 4, 4, 3, 4, 4, 4, 5] != Общий: [1, 1, 2, 2, 3, 3, 3, 3, 3, 3, 3, 3, 3, 4, 4, 5, 5]"
Maersk,598,"Спец: [1, 2, 2, 2, 3, 4, 3, 4, 3, 4] != Общий: [1, 1, 2, 2, 3, 3, 3, 3, 3, 4]"
Maersk,599,"Спец: [1, 2, 2, 2, 3, 4, 4, 4, 3, 4, 4, 3, 4] != Общий: [1, 1, 2, 2, 3, 3, 3, 3, 3, 3, 4, 3, 4]"
Maersk,600,"Спец: [1, 2, 2, 3, 4, 4, 4] != Общий: [1, 2, 2, 3, 4, 4, 5]"
Maersk,601,"Спец: [1, 2, 2, 2, 2, 2, 3, 4, 3, 4] != Общий: [1, 1, 2, 2, 2, 2, 3, 3, 3, 4]"
Maersk,602,"Спец: [1, 2, 2, 2, 3, 4, 4, 3, 4] != Общий: [1, 1, 2, 2, 3, 3, 4, 3, 4]"
Maersk,603,"Спец: [1, 2, 2, 2, 2, 2, 3, 4, 3, 4] != Общий: [1, 1, 2, 2, 2, 2, 3, 3, 3, 4]"
Maersk,604,"Спец: [1, 2, 2, 2, 2, 3, 4, 3, 4] != Общий: [1, 2, 2, 2, 2, 3, 3, 3, 4]"
Maersk,605,"Спец: [1, 2, 2, 2, 2, 3, 4, 4, 4, 4, 4, 3, 4, 3, 4] != Общий: [1, 2, 2, 2, 2, 3, 3, 4, 5, 5, 3, 3, 4, 5, 5]"
Maersk,606,"Спец: [1, 2, 2, 3, 4, 3, 4] != Общий: [1, 1, 2, 3, 3, 3, 4]"
Maersk,607,"Спец: [1, 2, 2, 2, 3, 4, 4, 4, 3, 4, 4, 4, 5] != Общий: [1, 1, 2, 2, 3, 3, 3, 3, 3, 4, 4, 5, 5]"
Maersk,608,"Спец: [1, 2, 2, 2, 3, 4, 4, 4, 3, 4, 4] != Общий: [1, 1, 2, 2, 3, 3, 3, 3, 3, 4, 4]"
Maersk,609,"Спец: [1, 2, 2, 2, 3, 4, 4, 5, 5, 5, 5, 5, 5, 5, 5, 5] != Общий: [1, 1, 2, 2, 3, 3, 3, 3, 3, 3, 3, 4, 4, 3, 3, 4]"
Maersk,610,"Спец: [1, 2, 2, 2, 3, 4, 4, 3, 4] != Общий: [1, 1, 2, 2, 3, 3, 4, 3, 4]"
Maersk,611,"Спец: [1, 2, 2, 2, 3, 4, 4, 4, 3, 4, 4, 3, 4] != Общий: [1, 1, 2, 2, 3, 3, 3, 3, 3, 3, 4, 3, 4]"
Maersk,612,"Спец: [1, 2, 2, 3, 4, 4, 4] != Общий: [1, 2, 2, 3, 4, 4, 5]"
Maersk,613,"Спец: [1, 2, 2, 3, 4, 3, 4, 3, 4] != Общий: [1, 2, 2, 3, 3, 3, 4, 5, 5]"
Maersk,614,"Спец: [1, 2, 2, 3, 4, 4, 4, 4, 4, 3, 4] != Общий: [1, 2, 2, 3, 3, 4, 5, 5, 3, 3, 4]"
Maersk,615,"Спец: [1, 2, 2, 2, 3, 4] != Общий: [1, 1, 2, 2, 3, 4]"
Maersk,616,"Спец: [1, 2, 2, 3, 4, 4, 4, 3, 4, 4, 4, 3, 4, 4, 4, 3, 4, 4] != Общий: [1, 2, 2, 3, 3, 3, 3, 3, 3, 3, 3, 3, 3, 3, 3, 3, 4, 4]"
Maersk,617,"Спец: [1, 2, 2, 2, 3, 4, 4, 4, 3, 4, 4, 4, 5] != Общий: [1, 1, 2, 2, 3, 3, 3, 3, 3, 4, 4, 5, 5]"
Maersk,618,"Спец: [1, 2, 2, 3, 4, 4, 4] != Общий: [1, 2, 2, 3, 4, 4, 5]"
Maersk,619,"Спец: [1, 2, 2, 3, 4, 4, 4] != Общий: [1, 2, 2, 3, 4, 4, 5]"
Maersk,620,"Спец: [1, 2, 2, 2, 3, 4, 4, 4, 3, 4, 4, 4, 3, 4, 3, 4, 3, 4] != Общий: [1, 1, 2, 2, 3, 3, 3, 3, 3, 3, 4, 3, 3, 3, 3, 3, 3, 4]"
Maersk,621,"Спец: [1, 2, 2, 2, 3, 4] != Общий: [1, 1, 2, 2, 3, 4]"
Maersk,622,"Спец: [1, 2, 2, 2, 3, 4, 4, 4, 3, 4, 4, 4, 5] != Общий: [1, 1, 2, 2, 3, 3, 3, 3, 3, 4, 4, 5, 5]"
Maersk,623,"Спец: [1, 2, 2, 3, 4, 4, 4] != Общий: [1, 2, 2, 3, 4, 4, 5]"
Maersk,624,"Спец: [1, 2, 2, 3, 4, 4, 4] != Общий: [1, 2, 2, 3, 4, 4, 5]"
Maersk,625,"Спец: [1, 2, 2, 3, 4, 4, 4] != Общий: [1, 2, 2, 3, 4, 4, 5]"
Maersk,626,"Спец: [1, 2, 2, 2, 3, 4, 4, 4, 3, 4, 4, 4, 5] != Общий: [1, 1, 2, 2, 3, 3, 3, 3, 3, 4, 4, 5, 5]"
Maersk,627,"Спец: [1, 2, 2, 3, 4, 4, 4] != Общий: [1, 2, 2, 3, 4, 4, 5]"
Maersk,628,"Спец: [1, 2, 2, 2, 3, 4] != Общий: [1, 1, 2, 2, 3, 4]"
Maersk,629,"Спец: [1, 2, 2, 3, 4, 3, 4, 3, 4, 4, 4] != Общий: [1, 1, 2, 3, 3, 3, 4, 5, 5, 5, 5]"
Maersk,630,"Спец: [1, 2, 2, 2, 3, 4, 4, 4, 3, 4, 3, 4] != Общий: [1, 1, 2, 2, 3, 4, 3, 3, 3, 3, 3, 4]"
Maersk,631,"Спец: [1, 2, 2, 2, 3, 4, 4, 4, 3, 4, 4, 4, 3, 4, 4] != Общий: [1, 1, 2, 2, 3, 3, 3, 3, 3, 3, 3, 3, 3, 4, 4]"
Maersk,632,"Спец: [1, 2, 2, 3, 4, 4, 4] != Общий: [1, 2, 2, 3, 4, 4, 5]"
Maersk,633,"Спец: [1, 2, 2, 2, 2, 3, 4, 3, 4] != Общий: [1, 1, 2, 2, 2, 3, 3, 3, 4]"
Maersk,634,"Спец: [1, 2, 2, 3, 4, 4, 4] != Общий: [1, 2, 2, 3, 4, 4, 5]"
Maersk,635,"Спец: [1, 2, 2, 2, 3, 4, 4, 4, 3, 4, 4, 4, 5] != Общий: [1, 1, 2, 2, 3, 3, 3, 3, 3, 4, 4, 5, 5]"
Maersk,636,"Спец: [1, 2, 2, 3, 4, 4, 4] != Общий: [1, 2, 2, 3, 4, 4, 5]"
Maersk,637,"Спец: [1, 2, 2, 3, 4, 4, 4] != Общий: [1, 2, 2, 3, 4, 4, 5]"
Maersk,638,"Спец: [1, 2, 2, 2, 2, 2, 3, 4, 4, 4, 3, 4, 4, 4, 3, 4] != Общий: [1, 1, 2, 2, 2, 2, 3, 3, 3, 3, 3, 3, 4, 3, 3, 4]"
Maersk,639,"Спец: [1, 2, 2, 2, 2, 3, 4, 3, 4, 3, 4] != Общий: [1, 1, 2, 2, 2, 3, 3, 3, 3, 3, 4]"
Maersk,640,"Спец: [1, 2, 2, 2, 2, 2, 3, 4, 4, 4, 3, 4, 4, 4, 3, 4] != Общий: [1, 1, 2, 2, 2, 2, 3, 3, 3, 3, 3, 3, 4, 3, 3, 4]"
Maersk,641,"Спец: [1, 2, 2, 2, 2, 3, 4, 3, 4, 3, 4] != Общий: [1, 1, 2, 2, 2, 3, 3, 3, 3, 3, 4]"
Maersk,642,"Спец: [1, 2, 2, 2, 2, 3, 4, 3, 4, 3, 4] != Общий: [1, 1, 2, 2, 2, 3, 3, 3, 3, 3, 4]"
Maersk,643,"Спец: [1, 2, 2, 2, 2, 3, 4, 3, 4, 3, 4] != Общий: [1, 1, 2, 2, 2, 3, 3, 3, 3, 3, 4]"
Maersk,644,"Спец: [1, 2, 2, 2, 2, 3, 4, 3, 4, 3, 4] != Общий: [1, 1, 2, 2, 2, 3, 3, 3, 3, 3, 4]"
Maersk,645,"Спец: [1, 2, 2, 2, 2, 2, 3, 4, 4, 4, 3, 4, 4, 4, 3, 4] != Общий: [1, 1, 2, 2, 2, 2, 3, 3, 3, 3, 3, 3, 4, 3, 3, 4]"
Maersk,646,"Спец: [1, 2, 2, 2, 2, 3, 4, 3, 4, 3, 4] != Общий: [1, 1, 2, 2, 2, 3, 3, 3, 3, 3, 4]"
Maersk,647,"Спец: [1, 2, 2, 2, 2, 3, 4, 3, 4, 3, 4] != Общий: [1, 1, 2, 2, 2, 3, 3, 3, 3, 3, 4]"
Maersk,648,"Спец: [1, 2, 2, 2, 2, 3, 4, 3, 4, 3, 4] != Общий: [1, 1, 2, 2, 2, 3, 3, 3, 3, 3, 4]"
Maersk,649,"Спец: [1, 2, 2, 2, 2, 3, 4, 3, 4, 3, 4] != Общий: [1, 1, 2, 2, 2, 3, 3, 3, 3, 3, 4]"
Maersk,650,"Спец: [1, 2, 2, 2, 2, 3, 4, 3, 4, 3, 4] != Общий: [1, 1, 2, 2, 2, 3, 3, 3, 3, 3, 4]"
Maersk,651,"Спец: [1, 2, 2, 2, 2, 3, 4, 3, 4, 3, 4] != Общий: [1, 1, 2, 2, 2, 3, 3, 3, 3, 3, 4]"
Maersk,652,"Спец: [1, 2, 2, 2, 2, 3, 4, 3, 4, 3, 4] != Общий: [1, 1, 2, 2, 2, 3, 3, 3, 3, 3, 4]"
Maersk,653,"Спец: [1, 2, 2, 2, 2, 2, 3, 4, 4, 4, 3, 4, 4, 4, 3, 4] != Общий: [1, 1, 2, 2, 2, 2, 3, 3, 3, 3, 3, 3, 4, 3, 3, 4]"
Maersk,654,"Спец: [1, 2, 2, 2, 2, 2, 3, 4, 4, 4, 3, 4, 4, 4, 3, 4] != Общий: [1, 1, 2, 2, 2, 2, 3, 3, 3, 3, 3, 3, 4, 3, 3, 4]"
Maersk,655,"Спец: [1, 2, 2, 3, 4, 4, 4, 3, 4, 3, 4] != Общий: [1, 2, 2, 3, 3, 4, 3, 3, 3, 3, 4]"
Maersk,656,"Спец: [1, 2, 2, 2, 2, 3, 4, 4, 3, 4, 3, 4] != Общий: [1, 1, 2, 2, 2, 3, 3, 4, 3, 4, 5, 5]"
Maersk,657,"Спец: [1, 2, 2, 2, 2, 3, 4] != Общий: [1, 1, 2, 2, 2, 3, 4]"
Maersk,658,"Спец: [1, 2, 2, 2, 2, 3, 4, 3, 4, 3, 4] != Общий: [1, 1, 2, 2, 2, 3, 3, 3, 3, 3, 4]"
Maersk,659,"Спец: [1, 2, 2, 2, 3, 4, 3, 4] != Общий: [1, 1, 2, 2, 3, 3, 3, 4]"
Maersk,660,"Спец: [1, 2, 2, 2, 2, 3, 4, 3, 4, 3, 4] != Общий: [1, 1, 2, 2, 2, 3, 3, 3, 3, 3, 4]"
Maersk,661,"Спец: [1, 2, 2, 2, 2, 3, 4, 3, 4, 3, 4] != Общий: [1, 1, 2, 2, 2, 3, 3, 3, 3, 3, 4]"
Maersk,662,"Спец: [1, 2, 2, 2, 2, 2, 3, 4, 4, 4, 3, 4, 4, 4, 3, 4] != Общий: [1, 1, 2, 2, 2, 2, 3, 3, 3, 3, 3, 3, 4, 3, 3, 4]"
Maersk,663,"Спец: [1, 2, 2, 2, 3, 4, 3, 4] != Общий: [1, 1, 2, 2, 3, 3, 3, 4]"
Maersk,664,"Спец: [1, 2, 2, 2, 3, 4, 4, 4, 3, 4] != Общий: [1, 1, 2, 2, 3, 3, 4, 3, 3, 4]"
Maersk,665,"Спец: [1, 2, 2, 2, 3, 4, 4, 4, 3, 4] != Общий: [1, 1, 2, 2, 3, 3, 4, 3, 3, 4]"
Maersk,666,"Спец: [1, 2, 2, 2, 2, 2, 3, 4, 4, 4, 3, 4, 4, 4, 3, 4] != Общий: [1, 1, 2, 2, 2, 2, 3, 3, 3, 3, 3, 3, 4, 3, 3, 4]"
Maersk,667,"Спец: [1, 2, 2, 2, 2, 2, 3, 4, 4, 4, 3, 4, 4, 4, 3, 4] != Общий: [1, 1, 2, 2, 2, 2, 3, 3, 3, 3, 3, 3, 4, 3, 3, 4]"
Maersk,668,"Спец: [1, 2, 2, 2, 2, 2, 3, 4, 4, 4, 3, 4, 4, 4, 3, 4] != Общий: [1, 1, 2, 2, 2, 2, 3, 3, 3, 3, 3, 3, 4, 3, 3, 4]"
Maersk,669,"Спец: [1, 2, 2, 3, 4, 4, 4] != Общий: [1, 2, 2, 3, 4, 4, 5]"
Maersk,670,"Спец: [1, 2, 2, 2, 3, 4] != Общий: [1, 1, 2, 2, 3, 4]"
Maersk,671,"Спец: [1, 2, 2, 3, 4, 4, 4] != Общий: [1, 2, 2, 3, 4, 4, 5]"
Maersk,672,"Спец: [1, 2, 2, 2, 3, 4, 4, 4, 3, 4, 4, 4] != Общий: [1, 1, 2, 2, 3, 3, 3, 3, 3, 4, 4, 5]"
Maersk,673,"Спец: [1, 2, 2, 3, 4, 4, 4] != Общий: [1, 2, 2, 3, 4, 4, 5]"
Maersk,674,"Спец: [1, 2, 2, 3, 4, 4, 4] != Общий: [1, 2, 2, 3, 4, 4, 5]"
Maersk,676,"Спец: [1, 1, 2, 2, 2, 2, 2, 2, 3, 4, 4, 4, 3, 4] != Общий: [1, 1, 2, 2, 2, 2, 2, 2, 3, 3, 4, 3, 3, 4]"
Maersk,677,"Спец: [1, 2, 2, 2, 3, 4, 4, 4, 3, 4] != Общий: [1, 1, 2, 2, 3, 3, 4, 3, 3, 4]"
Maersk,678,"Спец: [1, 2, 2, 2, 3, 4] != Общий: [1, 1, 2, 2, 3, 4]"
Maersk,679,"Спец: [1, 2, 2, 2, 3, 4] != Общий: [1, 1, 2, 2, 3, 4]"
Maersk,680,"Спец: [1, 2, 2, 2, 3, 4, 3, 4] != Общий: [1, 1, 2, 2, 3, 3, 3, 4]"
Maersk,681,"Спец: [1, 2, 2, 2, 3, 4, 4, 4, 3, 4, 4, 4, 5] != Общий: [1, 1, 2, 2, 3, 3, 3, 3, 3, 4, 4, 5, 5]"
Maersk,682,"Спец: [1, 2, 2, 2, 3, 4, 4, 4, 3, 4, 4, 4, 5] != Общий: [1, 1, 2, 2, 3, 3, 3, 3, 3, 4, 4, 5, 5]"
Maersk,683,"Спец: [1, 2, 2, 2, 3, 4] != Общий: [1, 1, 2, 2, 3, 4]"
Maersk,684,"Спец: [1, 2, 2, 2, 3, 4, 4, 4, 3, 4, 4, 4, 5] != Общий: [1, 1, 2, 2, 3, 3, 3, 3, 3, 4, 4, 5, 5]"
Maersk,685,"Спец: [1, 2, 2, 2, 3, 4, 4, 4, 3, 4, 4, 4, 5] != Общий: [1, 1, 2, 2, 3, 3, 3, 3, 3, 4, 4, 5, 5]"
Maersk,686,"Спец: [1, 2, 2, 2, 3, 4, 4, 4, 3, 4, 4, 4, 5] != Общий: [1, 1, 2, 2, 3, 3, 3, 3, 3, 4, 4, 5, 5]"
Maersk,687,"Спец: [1, 2, 2, 2, 3, 4, 4, 4, 3, 4, 4, 4, 5] != Общий: [1, 1, 2, 2, 3, 3, 3, 3, 3, 4, 4, 5, 5]"
Maersk,688,"Спец: [1, 2, 2, 2, 3, 4, 3, 4] != Общий: [1, 1, 2, 2, 3, 3, 3, 4]"
Maersk,689,"Спец: [1, 2, 2, 2, 3, 4, 4, 4, 3, 4] != Общий: [1, 1, 2, 2, 3, 3, 4, 3, 3, 4]"
Maersk,690,"Спец: [1, 2, 2, 2, 3, 4, 4, 4, 3, 4, 4, 4, 5] != Общий: [1, 1, 2, 2, 3, 3, 3, 3, 3, 4, 4, 5, 5]"
Maersk,692,"Спец: [1, 2, 2, 2, 3, 4, 4, 4, 3, 4, 4, 4] != Общий: [1, 1, 2, 2, 3, 3, 3, 3, 3, 4, 4, 5]"
Maersk,694,"Спец: [1, 2, 2, 3, 4, 4, 4, 3, 4, 4] != Общий: [1, 2, 2, 3, 3, 3, 3, 3, 4, 4]"
Maersk,695,"Спец: [1, 2, 2, 2, 3, 4, 4, 3, 4, 3, 4] != Общий: [1, 1, 2, 2, 3, 3, 4, 3, 3, 3, 4]"
Maersk,696,"Спец: [1, 2, 2, 2, 3, 4, 4, 4, 3, 4] != Общий: [1, 1, 2, 2, 3, 3, 4, 3, 3, 4]"
Maersk,697,"Спец: [1, 2, 2, 2, 3, 4, 4, 4, 3, 4] != Общий: [1, 1, 2, 2, 3, 3, 4, 3, 3, 4]"
Maersk,698,"Спец: [1, 2, 2, 2, 3, 4, 4, 4, 3, 4] != Общий: [1, 1, 2, 2, 3, 3, 4, 3, 3, 4]"
Maersk,699,"Спец: [1, 2, 2, 2, 3, 4, 4, 4, 3, 4, 3, 4] != Общий: [1, 1, 2, 2, 3, 3, 4, 3, 3, 3, 3, 4]"
Maersk,700,"Спец: [1, 2, 2, 3, 4, 3, 4] != Общий: [1, 2, 2, 3, 3, 3, 4]"
Maersk,702,"Спец: [1, 2, 2, 2, 2, 2, 3, 4, 4, 4, 3, 4, 4, 4, 3, 4] != Общий: [1, 1, 2, 2, 2, 2, 3, 3, 3, 3, 3, 3, 4, 3, 3, 4]"
Maersk,703,"Спец: [1, 2, 2, 2, 3, 4, 3, 4, 3, 4] != Общий: [1, 1, 2, 2, 3, 3, 3, 3, 3, 4]"
Maersk,704,"Спец: [1, 2, 2, 2, 2, 2, 3, 4, 4, 4, 3, 4, 4, 4, 3, 4] != Общий: [1, 1, 2, 2, 2, 2, 3, 3, 3, 3, 3, 3, 4, 3, 3, 4]"
Maersk,705,"Спец: [1, 2, 2, 3, 4, 3, 4] != Общий: [1, 2, 2, 3, 3, 3, 4]"
Maersk,706,"Спец: [1, 2, 2, 2, 2, 2, 3, 4, 4, 4, 3, 4, 4, 4, 3, 4] != Общий: [1, 1, 2, 2, 2, 2, 3, 3, 3, 3, 3, 3, 4, 3, 3, 4]"
Maersk,707,"Спец: [1, 2, 2, 2, 3, 4, 3, 4, 3, 4] != Общий: [1, 1, 2, 2, 3, 3, 3, 3, 3, 4]"
Maersk,708,"Спец: [1, 2, 2, 2, 2, 2, 3, 4, 4, 4, 3, 4, 4, 4, 3, 4] != Общий: [1, 1, 2, 2, 2, 2, 3, 3, 3, 3, 3, 3, 4, 3, 3, 4]"
Maersk,709,"Спец: [1, 2, 2, 2, 2, 2, 3, 4, 4, 4, 3, 4, 4, 4, 3, 4] != Общий: [1, 1, 2, 2, 2, 2, 3, 3, 3, 3, 3, 3, 4, 3, 3, 4]"
Maersk,710,"Спец: [1, 2, 2, 2, 2, 2, 3, 4, 4, 4, 3, 4, 4, 4, 3, 4] != Общий: [1, 1, 2, 2, 2, 2, 3, 3, 3, 3, 3, 3, 4, 3, 3, 4]"
Maersk,711,"Спец: [1, 2, 2, 2, 2, 2, 3, 4, 4, 4, 3, 4, 4, 4, 3, 4] != Общий: [1, 1, 2, 2, 2, 2, 3, 3, 3, 3, 3, 3, 4, 3, 3, 4]"
Maersk,712,"Спец: [1, 2, 3, 4] != Общий: [1, 1, 3, 4]"
Maersk,713,"Спец: [1, 2, 2, 2, 2, 2, 3, 4, 4, 4, 3, 4, 4, 4, 3, 4] != Общий: [1, 1, 2, 2, 2, 2, 3, 3, 3, 3, 3, 3, 4, 3, 3, 4]"
Maersk,714,"Спец: [1, 2, 3, 3, 3, 3, 3, 4, 4, 4, 4, 3, 4, 4, 4, 3, 4, 4] != Общий: [1, 2, 2, 2, 2, 2, 2, 2, 2, 2, 2, 3, 3, 3, 3, 3, 4, 4]"
Maersk,715,"Спец: [1, 2, 2, 2, 2, 2, 3, 4, 4, 4, 3, 4, 4, 4, 3, 4] != Общий: [1, 1, 2, 2, 2, 2, 3, 3, 3, 3, 3, 3, 4, 3, 3, 4]"
Maersk,716,"Спец: [1, 2, 2, 2, 2, 2, 3, 4, 4, 4, 3, 4, 4, 4, 3, 4] != Общий: [1, 1, 2, 2, 2, 2, 3, 3, 3, 3, 3, 3, 4, 3, 3, 4]"
Maersk,717,"Спец: [1, 2, 2, 2, 2, 2, 3, 4, 4, 4, 3, 4, 4, 4, 3, 4] != Общий: [1, 1, 2, 2, 2, 2, 3, 3, 3, 3, 3, 3, 4, 3, 3, 4]"
Maersk,718,"Спец: [1, 2, 2, 2, 2, 2, 3, 4, 4, 4, 3, 4, 4, 4, 3, 4] != Общий: [1, 1, 2, 2, 2, 2, 3, 3, 3, 3, 3, 3, 4, 3, 3, 4]"
Maersk,719,"Спец: [1, 2, 2, 2, 2, 2, 3, 4, 4, 4, 3, 4, 4, 4, 3, 4] != Общий: [1, 1, 2, 2, 2, 2, 3, 3, 3, 3, 3, 3, 4, 3, 3, 4]"
Maersk,720,"Спец: [1, 2, 2, 2, 2, 2, 3, 4, 4, 4, 3, 4, 4, 4, 3, 4] != Общий: [1, 1, 2, 2, 2, 2, 3, 3, 3, 3, 3, 3, 4, 3, 3, 4]"
Maersk,721,"Спец: [1, 2, 2, 2, 2, 2, 3, 4, 4, 4, 3, 4, 4, 4, 3, 4] != Общий: [1, 1, 2, 2, 2, 2, 3, 3, 3, 3, 3, 3, 4, 3, 3, 4]"
Maersk,722,"Спец: [1, 2, 2, 2, 2, 2, 3, 4, 4, 4, 3, 4, 4, 4, 3, 4] != Общий: [1, 1, 2, 2, 2, 2, 3, 3, 3, 3, 3, 3, 4, 3, 3, 4]"
Maersk,723,"Спец: [1, 2, 2, 2, 2, 2, 3, 4, 4, 4, 3, 4, 4, 4, 3, 4] != Общий: [1, 1, 2, 2, 2, 2, 3, 3, 3, 3, 3, 3, 4, 3, 3, 4]"
Maersk,724,"Спец: [1, 2, 2, 2, 2, 2, 3, 4, 4, 4, 3, 4, 4, 4, 3, 4] != Общий: [1, 1, 2, 2, 2, 2, 3, 3, 3, 3, 3, 3, 4, 3, 3, 4]"
Maersk,725,"Спец: [1, 2, 2, 2, 2, 2, 3, 4, 4, 4, 3, 4, 4, 4, 3, 4] != Общий: [1, 1, 2, 2, 2, 2, 3, 3, 3, 3, 3, 3, 4, 3, 3, 4]"
Maersk,726,"Спец: [1, 2, 2, 2, 2, 2, 3, 4, 4, 4, 3, 4, 4, 4, 3, 4] != Общий: [1, 1, 2, 2, 2, 2, 3, 3, 3, 3, 3, 3, 4, 3, 3, 4]"
Maersk,727,"Спец: [1, 2, 2, 2, 2, 2, 3, 4, 4, 4, 3, 4, 4, 4, 3, 4] != Общий: [1, 1, 2, 2, 2, 2, 3, 3, 3, 3, 3, 3, 4, 3, 3, 4]"
Maersk,728,"Спец: [1, 2, 2, 3, 4, 4, 4, 3, 4, 4, 4] != Общий: [1, 2, 2, 3, 3, 3, 3, 3, 4, 4, 5]"
Maersk,729,"Спец: [1, 2, 2, 3, 4, 4, 4] != Общий: [1, 2, 2, 3, 4, 4, 5]"
Maersk,730,"Спец: [1, 2, 2, 2, 3, 4, 4, 4, 3, 4, 4, 4] != Общий: [1, 1, 2, 2, 3, 3, 3, 3, 3, 4, 4, 5]"
Maersk,731,"Спец: [1, 2, 2, 3, 4, 4, 4] != Общий: [1, 2, 2, 3, 4, 4, 5]"
Maersk,732,"Спец: [1, 2, 2, 2, 2, 2, 3, 4, 4, 4, 3, 4, 4, 4, 3, 4] != Общий: [1, 1, 2, 2, 2, 2, 3, 3, 3, 3, 3, 3, 4, 3, 3, 4]"
Maersk,733,"Спец: [1, 2, 2, 2, 2, 2, 3, 4, 4, 4, 3, 4, 4, 4, 3, 4] != Общий: [1, 1, 2, 2, 2, 2, 3, 3, 3, 3, 3, 3, 4, 3, 3, 4]"
Maersk,735,"Спец: [1, 2, 2, 2, 2, 2, 3, 4, 4, 4, 3, 4, 4, 4, 3, 4] != Общий: [1, 1, 2, 2, 2, 2, 3, 3, 3, 3, 3, 3, 4, 3, 3, 4]"
Maersk,736,"Спец: [1, 2, 2, 2, 2, 2, 3, 4, 4, 4, 3, 4, 4, 4, 3, 4] != Общий: [1, 1, 2, 2, 2, 2, 3, 3, 3, 3, 3, 3, 4, 3, 3, 4]"
Maersk,737,"Спец: [1, 2, 2, 2, 2, 2, 3, 4, 4, 4, 3, 4, 4, 4, 3, 4] != Общий: [1, 1, 2, 2, 2, 2, 3, 3, 3, 3, 3, 3, 4, 3, 3, 4]"
Maersk,739,"Спец: [1, 2, 2, 2, 2, 2, 3, 4, 4, 4, 3, 4, 4, 4, 3, 4] != Общий: [1, 1, 2, 2, 2, 2, 3, 3, 3, 3, 3, 3, 4, 3, 3, 4]"
Maersk,740,"Спец: [1, 2, 2, 2, 2, 2, 3, 4, 4, 4, 3, 4, 4, 4, 3, 4] != Общий: [1, 1, 2, 2, 2, 2, 3, 3, 3, 3, 3, 3, 4, 3, 3, 4]"
Maersk,741,"Спец: [1, 2, 2, 2, 3, 4, 3, 4, 3, 4] != Общий: [1, 1, 2, 2, 3, 3, 3, 3, 3, 4]"
Maersk,742,"Спец: [1, 2, 2, 2, 3, 4] != Общий: [1, 1, 2, 2, 3, 4]"
Maersk,743,"Спец: [1, 2, 2, 2, 3, 4, 3, 4, 3, 4] != Общий: [1, 1, 2, 2, 3, 3, 3, 3, 3, 4]"
Maersk,744,"Спец: [1, 2, 2, 2, 3, 4] != Общий: [1, 1, 2, 2, 3, 4]"
Maersk,745,"Спец: [1, 2, 2, 2, 2, 2, 3, 4, 4, 4, 3, 4, 4, 4, 3, 4] != Общий: [1, 1, 2, 2, 2, 2, 3, 3, 3, 3, 3, 3, 4, 3, 3, 4]"
Maersk,746,"Спец: [1, 2, 2, 3, 4, 3, 4, 3, 4] != Общий: [1, 1, 2, 3, 3, 3, 3, 3, 4]"
Maersk,747,"Спец: [1, 2, 2, 2, 2, 3, 4, 3, 4, 3, 4] != Общий: [1, 1, 2, 2, 2, 3, 3, 3, 3, 3, 4]"
Maersk,748,"Спец: [1, 2, 2, 2, 2, 3, 3, 4] != Общий: [1, 1, 2, 2, 2, 3, 3, 4]"
Maersk,749,"Спец: [1, 2, 2, 2, 2, 3, 4, 3, 4, 3, 4] != Общий: [1, 1, 2, 2, 2, 3, 3, 3, 3, 3, 4]"
Maersk,750,"Спец: [1, 2, 2, 2, 2, 2, 3, 4, 4, 4, 3, 4, 4, 4, 3, 4] != Общий: [1, 1, 2, 2, 2, 2, 3, 3, 3, 3, 3, 3, 4, 3, 3, 4]"
Maersk,751,"Спец: [1, 2, 2, 2, 2, 2, 3, 4, 4, 4, 3, 4] != Общий: [1, 1, 2, 2, 3, 3, 3, 3, 4, 3, 3, 4]"
Maersk,752,"Спец: [1, 2, 2, 2, 3, 4, 4] != Общий: [1, 1, 2, 2, 3, 4, 4]"
Maersk,753,"Спец: [1, 2, 2, 2, 2, 2, 2, 2, 3, 4, 4, 5, 5, 5, 5] != Общий: [1, 1, 2, 2, 2, 2, 2, 2, 3, 3, 4, 4, 3, 3, 4]"
Maersk,754,"Спец: [1, 2, 2, 2, 3, 4, 4, 4, 3, 4, 4, 4, 3, 4, 4, 4, 4, 4, 4] != Общий: [1, 1, 2, 2, 3, 3, 3, 3, 3, 3, 3, 3, 3, 4, 4, 5, 5, 5, 5]"
Maersk,755,"Спец: [1, 2, 2, 2, 3, 4, 4, 3, 4] != Общий: [1, 1, 2, 2, 3, 3, 4, 3, 4]"
Maersk,756,"Спец: [1, 2, 2, 2, 2, 2, 2, 2, 3, 4, 4, 5, 5, 5, 5] != Общий: [1, 1, 2, 2, 2, 2, 2, 2, 3, 3, 4, 4, 3, 3, 4]"
Maersk,757,"Спец: [1, 2, 2, 2, 3, 4, 3, 4] != Общий: [1, 1, 2, 2, 3, 3, 3, 4]"
Maersk,758,"Спец: [1, 2, 2, 3, 4, 4, 4] != Общий: [1, 2, 2, 3, 4, 4, 5]"
Maersk,759,"Спец: [1, 2, 2, 3, 4, 4, 4] != Общий: [1, 2, 2, 3, 4, 4, 5]"
Maersk,760,"Спец: [1, 2, 2, 2, 3, 4, 4, 4, 3, 4, 4, 4] != Общий: [1, 1, 2, 2, 3, 3, 3, 3, 3, 4, 4, 5]"
Maersk,761,"Спец: [1, 2, 2, 2, 3, 4, 4, 4, 3, 4] != Общий: [1, 1, 2, 2, 3, 3, 4, 3, 3, 4]"
Maersk,762,"Спец: [1, 2, 2, 2, 3, 4, 4, 4, 3, 4, 4, 4, 3, 4, 3, 4] != Общий: [1, 1, 2, 2, 3, 3, 3, 3, 3, 3, 4, 3, 3, 3, 3, 4]"
Maersk,763,"Спец: [1, 2, 2, 2, 3, 4, 4, 4] != Общий: [1, 1, 2, 2, 3, 4, 4, 5]"
Maersk,764,"Спец: [1, 2, 2, 2, 3, 4] != Общий: [1, 1, 2, 2, 3, 4]"
Maersk,765,"Спец: [1, 2, 2, 2, 3, 4, 4, 4, 3, 4, 3, 4, 3, 4] != Общий: [1, 1, 2, 2, 3, 3, 4, 3, 3, 3, 3, 3, 3, 4]"
Maersk,766,"Спец: [1, 2, 3, 4, 3, 4] != Общий: [1, 2, 3, 3, 3, 4]"
Maersk,767,"Спец: [1, 2, 2, 3, 4, 4, 4] != Общий: [1, 2, 2, 3, 4, 4, 5]"
Maersk,768,"Спец: [1, 2, 2, 2, 3, 4, 4, 4, 3, 4, 4, 4] != Общий: [1, 1, 2, 2, 3, 3, 3, 3, 3, 4, 4, 5]"
Maersk,769,"Спец: [1, 2, 2, 3, 4, 4, 4] != Общий: [1, 2, 2, 3, 4, 4, 5]"
Maersk,770,"Спец: [1, 2, 2, 2, 3, 4, 4] != Общий: [1, 1, 2, 2, 3, 4, 4]"
Maersk,771,"Спец: [1, 2, 2, 2, 3, 4, 4] != Общий: [1, 1, 2, 2, 3, 4, 4]"
Maersk,772,"Спец: [1, 2, 2, 2, 3, 4, 4, 4, 3, 4, 4, 4, 3, 4, 3, 4, 3, 4] != Общий: [1, 1, 2, 2, 3, 3, 3, 3, 3, 3, 4, 3, 3, 3, 3, 3, 3, 4]"
Maersk,773,"Спец: [1, 2, 2, 2, 3, 4, 4, 3, 4] != Общий: [1, 1, 2, 2, 3, 3, 4, 3, 4]"
Maersk,774,"Спец: [1, 2, 3, 4, 3, 4, 3, 4] != Общий: [1, 1, 3, 3, 3, 3, 3, 4]"
Maersk,775,"Спец: [1, 2, 2, 2, 3, 4, 4, 4, 3, 4, 3, 4, 3, 4] != Общий: [1, 1, 2, 2, 3, 3, 4, 3, 3, 3, 3, 3, 3, 4]"
Maersk,776,"Спец: [1, 2, 2, 2, 3, 4, 4, 4, 3, 4, 4, 4] != Общий: [1, 1, 2, 2, 3, 3, 3, 3, 3, 4, 4, 5]"
Maersk,777,"Спец: [1, 2, 2, 3, 4, 4, 4] != Общий: [1, 2, 2, 3, 4, 4, 5]"
Maersk,778,"Спец: [1, 2, 2, 3, 4, 4, 4] != Общий: [1, 2, 2, 3, 4, 4, 5]"
Maersk,779,"Спец: [1, 2, 2, 3, 4, 4, 4] != Общий: [1, 2, 2, 3, 4, 4, 5]"
Maersk,780,"Спец: [1, 2, 2, 2, 3, 4] != Общий: [1, 1, 2, 2, 3, 4]"
Maersk,781,"Спец: [1, 2, 2, 3, 4, 3, 4] != Общий: [1, 1, 2, 3, 3, 3, 4]"
Maersk,782,"Спец: [1, 2, 2, 2, 3, 4, 4, 3, 4, 3, 4] != Общий: [1, 1, 2, 2, 3, 3, 4, 3, 3, 3, 4]"
Maersk,783,"Спец: [1, 2, 2, 2, 3, 4, 4, 4, 3, 4] != Общий: [1, 1, 2, 2, 3, 3, 4, 3, 3, 4]"
Maersk,784,"Спец: [1, 2, 2, 2, 3, 4, 4, 4, 3, 4] != Общий: [1, 1, 2, 2, 3, 3, 4, 3, 3, 4]"
Maersk,785,"Спец: [1, 2, 2, 2, 3, 4, 4] != Общий: [1, 1, 2, 2, 3, 4, 4]"
Maersk,786,"Спец: [1, 2, 2, 2, 3, 4] != Общий: [1, 1, 2, 2, 3, 4]"
Maersk,787,"Спец: [1, 2, 2, 2, 3, 4, 4, 4, 3, 4, 3, 4] != Общий: [1, 1, 2, 2, 3, 3, 4, 3, 3, 3, 3, 4]"
Maersk,788,"Спец: [1, 2, 2, 2, 3, 4] != Общий: [1, 1, 2, 2, 3, 4]"
Maersk,789,"Спец: [1, 2, 2, 3, 4, 4, 4] != Общий: [1, 2, 2, 3, 4, 4, 5]"
Maersk,790,"Спец: [1, 2, 2, 2, 3, 4, 4, 4, 3, 4, 4, 4] != Общий: [1, 1, 2, 2, 3, 3, 3, 3, 3, 4, 4, 5]"
Maersk,791,"Спец: [1, 2, 2, 3, 4, 4, 4] != Общий: [1, 2, 2, 3, 4, 4, 5]"
Maersk,792,"Спец: [1, 2, 2, 3, 4, 5, 5, 5, 5, 5] != Общий: [1, 2, 2, 3, 3, 3, 4, 3, 3, 4]"
Maersk,793,"Спец: [1, 2, 2, 3, 4, 3, 4] != Общий: [1, 2, 2, 3, 3, 3, 4]"
Maersk,794,"Спец: [1, 2, 2, 3, 4, 3, 4] != Общий: [1, 2, 2, 3, 3, 3, 4]"
Maersk,795,"Спец: [1, 2, 2, 2, 3, 4, 4, 4, 3, 4, 3, 4] != Общий: [1, 1, 2, 2, 3, 3, 4, 3, 3, 3, 3, 4]"
Maersk,796,"Спец: [1, 2, 2, 2, 3, 4, 4, 4, 3, 4] != Общий: [1, 1, 2, 2, 3, 3, 4, 3, 3, 4]"
Maersk,797,"Спец: [1, 2, 3, 4] != Общий: [1, 1, 3, 4]"
Maersk,798,"Спец: [1, 2, 2, 2, 2, 3, 4, 4, 5, 5, 5, 5] != Общий: [1, 1, 2, 2, 2, 3, 3, 4, 4, 3, 3, 4]"
Maersk,799,"Спец: [1, 2, 2, 2, 3, 4, 4, 4, 3, 4, 3, 4] != Общий: [1, 1, 2, 2, 3, 3, 4, 3, 3, 3, 3, 4]"
Maersk,800,"Спец: [1, 2, 2, 2, 2, 3, 4, 4, 5, 5, 5, 5] != Общий: [1, 1, 2, 2, 2, 3, 3, 4, 4, 3, 3, 4]"
Maersk,801,"Спец: [1, 2, 2, 3, 4, 5, 5, 5, 5, 5] != Общий: [1, 2, 2, 3, 3, 3, 4, 3, 3, 4]"
Maersk,802,"Спец: [1, 2, 2, 2, 3, 4, 4, 4, 3, 4, 4, 4, 3, 4, 3, 4, 3, 4] != Общий: [1, 1, 2, 2, 3, 3, 3, 3, 3, 3, 4, 3, 3, 3, 3, 3, 3, 4]"
Maersk,803,"Спец: [1, 2, 2, 2, 3, 4, 4, 4, 3, 4] != Общий: [1, 1, 2, 2, 3, 3, 4, 3, 3, 4]"
Maersk,804,"Спец: [1, 2, 2, 3, 4, 5, 5, 5, 5, 5] != Общий: [1, 2, 2, 3, 3, 3, 4, 3, 3, 4]"
Maersk,805,"Спец: [1, 2, 2, 2, 2, 3, 4, 4, 5, 5, 5, 5] != Общий: [1, 1, 2, 2, 2, 3, 3, 4, 4, 3, 3, 4]"
Maersk,806,"Спец: [1, 2, 2, 2, 3, 4, 3, 4] != Общий: [1, 1, 2, 2, 3, 3, 3, 4]"
Maersk,807,"Спец: [1, 2, 2, 2, 3, 4, 4, 4, 3, 4, 4, 4, 3, 4, 4, 4, 3, 4] != Общий: [1, 1, 2, 2, 3, 3, 3, 3, 3, 3, 3, 3, 3, 3, 4, 3, 3, 4]"
Maersk,808,"Спец: [1, 2, 2, 2, 2, 3, 4, 4, 4, 4, 4, 3, 4, 3, 4] != Общий: [1, 2, 2, 2, 2, 3, 3, 4, 5, 5, 3, 3, 4, 5, 5]"
Maersk,809,"Спец: [1, 2, 2, 2, 2, 2, 3, 4, 3, 4] != Общий: [1, 1, 2, 2, 2, 2, 3, 3, 3, 4]"
Maersk,810,"Спец: [1, 2, 2, 2, 3, 4, 3, 4, 3, 4] != Общий: [1, 1, 2, 2, 3, 3, 3, 3, 3, 4]"
Maersk,811,"Спец: [1, 2, 2, 2, 3, 4, 4, 3, 4, 3, 4] != Общий: [1, 1, 2, 2, 3, 3, 4, 3, 3, 3, 4]"
Maersk,812,"Спец: [1, 2, 2, 2, 3, 4] != Общий: [1, 1, 2, 2, 3, 4]"
Maersk,813,"Спец: [1, 2, 2, 2, 2, 2, 3, 4, 4, 4, 3, 4, 3, 4, 3, 4] != Общий: [1, 1, 2, 2, 2, 2, 3, 3, 4, 3, 3, 3, 3, 3, 3, 4]"
Maersk,814,"Спец: [1, 2, 2, 2, 3, 4, 4, 4, 3, 4, 3, 4] != Общий: [1, 1, 2, 2, 3, 3, 4, 3, 3, 3, 3, 4]"
Maersk,815,"Спец: [1, 2, 2, 2, 3, 4, 4, 4, 3, 4, 3, 4] != Общий: [1, 1, 2, 2, 3, 3, 4, 3, 3, 3, 3, 4]"
Maersk,816,"Спец: [1, 2, 2, 2, 3, 4, 4, 4, 3, 4, 4, 4, 3, 4, 4, 4, 3, 4] != Общий: [1, 1, 2, 2, 3, 3, 3, 3, 3, 3, 3, 3, 3, 3, 4, 3, 3, 4]"
Maersk,817,"Спец: [1, 2, 2, 3, 4, 4, 4, 3, 4, 3, 4] != Общий: [1, 2, 2, 3, 3, 4, 3, 3, 3, 3, 4]"
Maersk,818,"Спец: [1, 2, 2, 2, 3, 4] != Общий: [1, 1, 2, 2, 3, 4]"
Maersk,819,"Спец: [1, 2, 2, 2, 3, 4, 4, 4, 3, 4, 3, 4] != Общий: [1, 1, 2, 2, 3, 3, 4, 3, 3, 3, 3, 4]"
Maersk,820,"Спец: [1, 2, 2, 3, 4, 4, 4, 3, 4, 4, 4, 4, 4] != Общий: [1, 2, 2, 3, 3, 3, 3, 3, 4, 4, 5, 5, 4]"
Maersk,821,"Спец: [1, 2, 2, 3, 4, 4, 4, 3, 4, 4, 4] != Общий: [1, 2, 2, 3, 3, 3, 3, 3, 4, 4, 5]"
Maersk,822,"Спец: [1, 2, 2, 2, 3, 4, 4, 4, 3, 4, 4, 4, 5] != Общий: [1, 1, 2, 2, 3, 3, 3, 3, 3, 4, 4, 5, 5]"
Maersk,823,"Спец: [1, 2, 2, 2, 3, 4] != Общий: [1, 1, 2, 2, 3, 4]"
Maersk,824,"Спец: [1, 2, 2, 3, 4] != Общий: [1, 1, 2, 3, 4]"
Maersk,825,"Спец: [1, 2, 2, 3, 4, 4, 4, 4, 4, 3, 4, 4, 4, 3, 4, 4, 3, 4] != Общий: [1, 2, 2, 3, 3, 3, 3, 3, 3, 3, 3, 3, 3, 3, 3, 4, 3, 4]"
Maersk,826,"Спец: [1, 2, 2, 2, 3, 4, 3, 4, 3, 4, 3, 4] != Общий: [1, 1, 2, 2, 3, 3, 3, 3, 3, 3, 3, 4]"
Maersk,827,"Спец: [1, 2, 2, 2, 3, 4, 4, 3, 3, 4, 4, 4] != Общий: [1, 1, 2, 2, 3, 3, 3, 3, 3, 4, 4, 4]"
Maersk,828,"Спец: [1, 2, 2, 2, 3, 4, 4, 4, 3, 4, 4, 4, 3, 4, 4, 4, 3, 4, 4, 4, 4] != Общий: [1, 1, 2, 2, 3, 3, 3, 3, 3, 3, 3, 3, 3, 3, 3, 3, 3, 4, 4, 5, 5]"
Maersk,829,"Спец: [1, 2, 2, 2, 3, 4, 4, 4, 3, 4, 4, 3, 4] != Общий: [1, 1, 2, 2, 3, 3, 3, 3, 3, 3, 4, 3, 4]"
Maersk,830,"Спец: [1, 2, 2, 2, 3, 4, 4, 3, 4] != Общий: [1, 1, 2, 2, 3, 3, 4, 3, 4]"
Maersk,831,"Спец: [1, 2, 2, 2, 3, 4, 4, 4, 3, 4, 4, 4, 3, 4, 4, 4, 5] != Общий: [1, 1, 2, 2, 3, 3, 3, 3, 3, 3, 3, 3, 3, 4, 4, 5, 5]"
Maersk,832,"Спец: [1, 2, 2, 2, 3, 4, 4, 4, 3, 4, 4] != Общий: [1, 1, 2, 2, 3, 3, 3, 3, 3, 4, 4]"
Maersk,833,"Спец: [1, 2, 2, 2, 3, 4, 4, 4, 3, 4, 4, 4, 3, 4] != Общий: [1, 1, 2, 2, 3, 3, 3, 3, 3, 3, 4, 3, 3, 4]"
Maersk,834,"Спец: [1, 2, 2, 2, 3, 4, 4, 3, 4] != Общий: [1, 1, 2, 2, 3, 3, 4, 3, 4]"
Maersk,835,"Спец: [1, 2, 2, 3, 4, 4, 4, 3, 4, 3, 4] != Общий: [1, 2, 2, 3, 3, 4, 3, 3, 3, 3, 4]"
Maersk,836,"Спец: [1, 2, 2, 2, 3, 4, 4, 3, 4] != Общий: [1, 1, 2, 2, 3, 3, 4, 3, 4]"
Maersk,837,"Спец: [1, 2, 2, 2, 3, 4, 3, 4] != Общий: [1, 1, 2, 2, 3, 3, 3, 4]"
Maersk,838,"Спец: [1, 2, 2, 2, 3, 4, 4, 3, 4] != Общий: [1, 1, 2, 2, 3, 3, 4, 3, 4]"
Maersk,839,"Спец: [1, 2, 2, 2, 3, 4, 4, 4, 3, 4, 4, 4] != Общий: [1, 1, 2, 2, 3, 3, 3, 3, 3, 4, 4, 5]"
Maersk,840,"Спец: [1, 2, 2, 2, 3, 4, 4, 4, 3, 4, 4, 3, 4] != Общий: [1, 1, 2, 2, 3, 3, 3, 3, 3, 3, 4, 3, 4]"
Maersk,841,"Спец: [1, 2, 2, 2, 3, 4, 4, 3, 3, 4, 4, 4, 5] != Общий: [1, 1, 2, 2, 3, 3, 3, 3, 3, 4, 4, 5, 5]"
Maersk,842,"Спец: [1, 2, 2, 2, 3, 4, 4, 5, 5, 5, 5, 5, 5, 5, 5, 5] != Общий: [1, 1, 2, 2, 3, 3, 3, 3, 3, 3, 3, 4, 4, 3, 3, 4]"
Maersk,843,"Спец: [1, 2, 2, 3, 4, 4, 4] != Общий: [1, 2, 2, 3, 4, 4, 5]"
Maersk,844,"Спец: [1, 2, 2, 3, 4, 4, 4, 4, 4, 3, 4, 3, 4] != Общий: [1, 2, 2, 3, 3, 4, 5, 5, 3, 3, 3, 3, 4]"
Maersk,845,"Спец: [1, 2, 2, 2, 3, 4, 4, 4, 3, 4, 4, 4, 3, 4] != Общий: [1, 1, 2, 2, 3, 3, 3, 3, 3, 3, 4, 3, 3, 4]"
Maersk,846,"Спец: [1, 2, 2, 3, 4, 4, 4] != Общий: [1, 2, 2, 3, 4, 4, 5]"
Maersk,847,"Спец: [1, 2, 2, 3, 4, 3, 4] != Общий: [1, 1, 2, 3, 3, 3, 4]"
Maersk,848,"Спец: [1, 2, 2, 2, 3, 4, 4, 4, 3, 4, 4, 3, 4] != Общий: [1, 1, 2, 2, 3, 3, 3, 3, 3, 3, 4, 3, 4]"
Maersk,849,"Спец: [1, 2, 2, 2, 3, 4, 4, 4, 3, 4, 4, 4, 3, 4] != Общий: [1, 1, 2, 2, 3, 3, 3, 3, 3, 3, 4, 3, 3, 4]"
Maersk,850,"Спец: [1, 2, 2, 2, 3, 4, 4, 4, 3, 4, 4, 4, 3, 4, 4, 4, 5] != Общий: [1, 1, 2, 2, 3, 3, 3, 3, 3, 3, 3, 3, 3, 4, 4, 5, 5]"
Maersk,851,"Спец: [1, 2, 2, 2, 2, 3, 4, 4, 5, 5, 5, 5] != Общий: [1, 1, 2, 2, 2, 3, 3, 4, 4, 3, 3, 4]"
Maersk,852,"Спец: [1, 2, 2, 2, 2, 3, 4, 4, 5, 5, 5, 5] != Общий: [1, 1, 2, 2, 2, 3, 3, 4, 4, 3, 3, 4]"
Maersk,853,"Спец: [1, 2, 2, 2, 2, 3, 4, 4, 5, 5, 5, 5] != Общий: [1, 1, 2, 2, 2, 3, 3, 4, 4, 3, 3, 4]"
Maersk,854,"Спец: [1, 2, 2, 2, 2, 3, 4, 4, 5, 5, 5, 5] != Общий: [1, 1, 2, 2, 2, 3, 3, 4, 4, 3, 3, 4]"
Maersk,855,"Спец: [1, 2, 2, 2, 2, 3, 4, 4, 5, 5, 5, 5] != Общий: [1, 1, 2, 2, 2, 3, 3, 4, 4, 3, 3, 4]"
Maersk,856,"Спец: [1, 2, 2, 2, 2, 3, 4, 4, 5, 5, 5, 5] != Общий: [1, 1, 2, 2, 2, 3, 3, 4, 4, 3, 3, 4]"
Maersk,857,"Спец: [1, 2, 2, 3, 3, 3, 4, 4, 4, 4, 3, 4, 3, 4] != Общий: [1, 1, 2, 2, 2, 2, 2, 2, 2, 2, 3, 3, 3, 4]"
Maersk,858,"Спец: [1, 2, 3, 4, 3, 4] != Общий: [1, 2, 3, 3, 3, 4]"
Maersk,859,"Спец: [1, 2, 3, 4] != Общий: [1, 1, 3, 4]"
Maersk,860,"Спец: [1, 2, 2, 2, 3, 4] != Общий: [1, 1, 2, 2, 3, 4]"
Maersk,861,"Спец: [1, 2, 2, 2, 3, 4, 4, 4, 3, 4] != Общий: [1, 1, 2, 2, 3, 3, 4, 3, 3, 4]"
Maersk,862,"Спец: [1, 2, 2, 2, 3, 4, 4, 4, 3, 4, 4, 4] != Общий: [1, 1, 2, 2, 3, 3, 3, 3, 3, 4, 4, 5]"
Maersk,863,"Спец: [1, 2, 2, 3, 4, 4, 4] != Общий: [1, 2, 2, 3, 4, 4, 5]"
Maersk,864,"Спец: [1, 2, 2, 3, 4, 4, 4] != Общий: [1, 2, 2, 3, 4, 4, 5]"
Maersk,865,"Спец: [1, 2, 2, 2, 3, 4] != Общий: [1, 1, 2, 2, 3, 4]"
Maersk,866,"Спец: [1, 2, 2, 3, 4] != Общий: [1, 1, 2, 3, 4]"
Maersk,867,"Спец: [1, 2, 2, 2, 3, 4] != Общий: [1, 1, 2, 2, 3, 4]"
Maersk,868,"Спец: [1, 2, 2, 3, 4, 3, 4] != Общий: [1, 1, 2, 3, 3, 3, 4]"
Maersk,869,"Спец: [1, 2, 2, 3, 4, 4, 4] != Общий: [1, 2, 2, 3, 4, 4, 5]"
Maersk,870,"Спец: [1, 2, 2, 2, 3, 4, 4, 4, 3, 4, 4, 4, 5] != Общий: [1, 1, 2, 2, 3, 3, 3, 3, 3, 4, 4, 5, 5]"
Maersk,871,"Спец: [1, 2, 2, 3, 4, 4, 4] != Общий: [1, 2, 2, 3, 4, 4, 5]"
Maersk,872,"Спец: [1, 2, 2, 2, 3, 4, 4, 4, 3, 4, 3, 4] != Общий: [1, 1, 2, 2, 3, 3, 4, 3, 3, 3, 3, 4]"
Maersk,873,"Спец: [1, 1, 2, 2, 2, 2, 3, 4, 4, 4, 3, 4, 4] != Общий: [1, 1, 1, 2, 2, 2, 3, 3, 3, 3, 3, 4, 4]"
Maersk,874,"Спец: [1, 2, 2, 3, 4, 3, 4] != Общий: [1, 1, 2, 3, 3, 3, 4]"
Maersk,875,"Спец: [1, 2, 2, 2, 3, 4, 4, 5, 5, 5] != Общий: [1, 2, 2, 2, 3, 3, 4, 4, 3, 4]"
Maersk,876,"Спец: [1, 2, 2, 3, 4] != Общий: [1, 1, 2, 3, 4]"
Maersk,877,"Спец: [1, 2, 2, 3, 4] != Общий: [1, 1, 2, 3, 4]"
Maersk,878,"Спец: [1, 2, 2, 2, 3, 4, 4, 4, 3, 4] != Общий: [1, 1, 2, 2, 3, 3, 4, 3, 3, 4]"
Maersk,879,"Спец: [1, 2, 3, 4, 3, 4, 4, 3, 3, 4, 4, 4] != Общий: [1, 2, 3, 3, 3, 4, 5, 5, 5, 5, 5, 5]"
Maersk,880,"Спец: [1, 2, 2, 2, 2, 2, 3, 4, 4, 4, 4, 5, 5, 5, 5, 5, 5, 5] != Общий: [1, 1, 1, 2, 2, 2, 3, 3, 3, 3, 3, 3, 3, 3, 4, 4, 5, 5]"
Maersk,881,"Спец: [1, 2, 2, 2, 3, 4, 4, 3, 4] != Общий: [1, 1, 2, 2, 3, 3, 4, 3, 4]"
Maersk,882,"Спец: [1, 2, 2, 3, 4, 3, 4, 3, 4, 3, 4] != Общий: [1, 2, 2, 3, 3, 3, 3, 3, 3, 3, 4]"
Maersk,883,"Спец: [1, 2, 3, 3, 4, 4, 4] != Общий: [1, 2, 3, 3, 4, 4, 5]"
Maersk,884,"Спец: [1, 2, 2, 2, 3, 4, 4, 4, 3, 4, 3, 4] != Общий: [1, 1, 2, 2, 3, 3, 4, 3, 3, 3, 3, 4]"
Maersk,885,"Спец: [1, 2, 3, 4, 3, 4, 3, 4] != Общий: [1, 1, 3, 3, 3, 3, 3, 4]"
Maersk,886,"Спец: [1, 2, 2, 3, 4, 4, 4] != Общий: [1, 2, 2, 3, 4, 4, 5]"
Maersk,887,"Спец: [1, 2, 2, 3, 4, 4, 4] != Общий: [1, 2, 2, 3, 4, 4, 5]"
Maersk,888,"Спец: [1, 2, 2, 2, 3, 4, 4, 4, 3, 4, 4, 3, 4] != Общий: [1, 1, 2, 2, 3, 3, 3, 3, 3, 3, 4, 3, 4]"
Maersk,889,"Спец: [1, 2, 2, 2, 3, 4, 4, 4, 3, 4] != Общий: [1, 1, 2, 2, 3, 3, 4, 3, 3, 4]"
Maersk,890,"Спец: [1, 2, 2, 3, 4, 3, 4, 3, 4] != Общий: [1, 2, 2, 3, 3, 3, 3, 3, 4]"
Maersk,891,"Спец: [1, 2, 2, 3, 4, 4, 4] != Общий: [1, 2, 2, 3, 4, 4, 5]"
Maersk,892,"Спец: [1, 2, 3, 4, 3, 4, 3, 4] != Общий: [1, 1, 3, 3, 3, 3, 3, 4]"
Maersk,893,"Спец: [1, 2, 2, 3, 4, 4, 4] != Общий: [1, 2, 2, 3, 4, 4, 5]"
Maersk,894,"Спец: [1, 2, 3, 4, 3, 4, 3, 4] != Общий: [1, 1, 3, 3, 3, 3, 3, 4]"
Maersk,895,"Спец: [1, 2, 2, 3, 4, 4, 4] != Общий: [1, 2, 2, 3, 4, 4, 5]"
Maersk,896,"Спец: [1, 2, 2, 3, 4, 4, 4] != Общий: [1, 2, 2, 3, 4, 4, 5]"
Maersk,897,"Спец: [1, 2, 2, 2, 3, 4, 3, 4, 3, 4] != Общий: [1, 1, 2, 2, 3, 3, 3, 3, 3, 4]"
Maersk,898,"Спец: [1, 2, 2, 2, 3, 4, 3, 4, 3, 4, 3, 4] != Общий: [1, 1, 2, 2, 3, 3, 3, 3, 3, 3, 3, 4]"
Maersk,899,"Спец: [1, 2, 3, 4, 3, 4, 3, 4] != Общий: [1, 1, 3, 3, 3, 3, 3, 4]"
Maersk,900,"Спец: [1, 2, 2, 3, 4, 4, 4] != Общий: [1, 2, 2, 3, 4, 4, 5]"
Maersk,901,"Спец: [1, 2, 2, 3, 4, 4, 4] != Общий: [1, 2, 2, 3, 4, 4, 5]"
Maersk,902,"Спец: [1, 2, 2, 2, 3, 4, 3, 4] != Общий: [1, 1, 2, 2, 3, 3, 3, 4]"
Maersk,903,"Спец: [1, 2, 2, 2, 3, 4, 3, 4] != Общий: [1, 1, 2, 2, 3, 3, 3, 4]"
Maersk,904,"Спец: [1, 2, 3, 4, 3, 4, 3, 4] != Общий: [1, 1, 3, 3, 3, 3, 3, 4]"
Maersk,905,"Спец: [1, 2, 2, 3, 4, 4, 4] != Общий: [1, 2, 2, 3, 4, 4, 5]"
Maersk,906,"Спец: [1, 2, 2, 3, 4, 4, 4] != Общий: [1, 2, 2, 3, 4, 4, 5]"
Maersk,907,"Спец: [1, 2, 2, 3, 4, 4, 4] != Общий: [1, 2, 2, 3, 4, 4, 5]"
Maersk,908,"Спец: [1, 2, 2, 3, 4, 4, 4] != Общий: [1, 2, 2, 3, 4, 4, 5]"
Maersk,909,"Спец: [1, 2, 3, 4, 3, 4, 3, 4] != Общий: [1, 1, 3, 3, 3, 3, 3, 4]"
Maersk,910,"Спец: [1, 2, 2, 2, 3, 4, 4, 4, 3, 4, 4] != Общий: [1, 1, 2, 2, 3, 3, 3, 3, 3, 4, 4]"
Maersk,911,"Спец: [1, 2, 2, 3, 4, 4, 4] != Общий: [1, 2, 2, 3, 4, 4, 5]"
Maersk,912,"Спец: [1, 2, 3, 4, 3, 4, 3, 4] != Общий: [1, 1, 3, 3, 3, 3, 3, 4]"
Maersk,913,"Спец: [1, 2, 2, 3, 4, 4, 4] != Общий: [1, 2, 2, 3, 4, 4, 5]"
Maersk,914,"Спец: [1, 2, 3, 4, 3, 4, 3, 4] != Общий: [1, 1, 3, 3, 3, 3, 3, 4]"
Maersk,915,"Спец: [1, 2, 2, 3, 4, 4, 4] != Общий: [1, 2, 2, 3, 4, 4, 5]"
Maersk,916,"Спец: [1, 2, 2, 3, 4, 4, 4] != Общий: [1, 2, 2, 3, 4, 4, 5]"
Maersk,918,"Спец: [1, 2, 2, 3, 4, 4, 4] != Общий: [1, 2, 2, 3, 4, 4, 5]"
Maersk,919,"Спец: [1, 2, 3, 4, 3, 4, 3, 4] != Общий: [1, 1, 3, 3, 3, 3, 3, 4]"
Maersk,920,"Спец: [1, 2, 2, 3, 4, 4, 4] != Общий: [1, 2, 2, 3, 4, 4, 5]"
Maersk,921,"Спец: [1, 2, 2, 3, 4, 4, 4] != Общий: [1, 2, 2, 3, 4, 4, 5]"
Maersk,922,"Спец: [1, 2, 2, 3, 4, 4, 4] != Общий: [1, 2, 2, 3, 4, 4, 5]"
Maersk,923,"Спец: [1, 2, 3, 4, 3, 4, 3, 4] != Общий: [1, 1, 3, 3, 3, 3, 3, 4]"
Maersk,925,"Спец: [1, 2, 2, 3, 4, 4, 4] != Общий: [1, 2, 2, 3, 4, 4, 5]"
Maersk,926,"Спец: [1, 2, 2, 3, 4, 4, 4] != Общий: [1, 2, 2, 3, 4, 4, 5]"
Maersk,927,"Спец: [1, 2, 3, 4, 3, 4, 3, 4] != Общий: [1, 1, 3, 3, 3, 3, 3, 4]"
Maersk,928,"Спец: [1, 2, 2, 2, 3, 4] != Общий: [1, 1, 2, 2, 3, 4]"
Maersk,929,"Спец: [1, 2, 2, 3, 3, 3, 4, 4, 4, 4, 4, 3, 4, 4, 4, 4] != Общий: [1, 1, 2, 2, 2, 2, 2, 2, 2, 2, 2, 3, 3, 4, 3, 4]"
Maersk,930,"Спец: [1, 2, 2, 2, 3, 4, 4, 4, 3, 4, 4, 4, 4] != Общий: [1, 1, 2, 2, 3, 3, 3, 3, 3, 4, 4, 5, 5]"
Maersk,931,"Спец: [1, 2, 2, 2, 3, 4, 4, 4, 3, 4] != Общий: [1, 1, 2, 2, 3, 3, 4, 3, 3, 4]"
Maersk,932,"Спец: [1, 2, 2, 3, 3, 4, 4, 4, 4] != Общий: [1, 1, 2, 3, 3, 3, 4, 5, 5]"
Maersk,933,"Спец: [1, 2, 2, 2, 2, 2, 2, 2, 3, 4] != Общий: [1, 1, 1, 2, 2, 2, 2, 2, 3, 4]"
Maersk,934,"Спец: [1, 2, 2, 2, 3, 4, 4, 5, 5, 5, 5, 5, 5, 5, 5] != Общий: [1, 1, 2, 2, 3, 3, 3, 3, 3, 3, 3, 4, 3, 3, 4]"
Maersk,936,"Спец: [1, 2, 3, 4, 3, 4] != Общий: [1, 1, 3, 3, 3, 4]"
Maersk,937,"Спец: [1, 2, 2, 2, 3, 4, 3, 4] != Общий: [1, 1, 2, 2, 3, 3, 3, 4]"
Maersk,938,"Спец: [1, 2, 2, 2, 3, 4] != Общий: [1, 1, 2, 2, 3, 4]"
Maersk,939,"Спец: [1, 2, 2, 2, 3, 4, 3, 4] != Общий: [1, 1, 2, 2, 3, 3, 3, 4]"
Maersk,940,"Спец: [1, 2, 3, 4, 3, 4] != Общий: [1, 1, 3, 3, 3, 4]"
Maersk,941,"Спец: [1, 2, 2, 2, 3, 4, 3, 4] != Общий: [1, 1, 2, 2, 3, 3, 3, 4]"
Maersk,942,"Спец: [1, 2, 2, 2, 3, 4, 4, 3, 4, 3, 4] != Общий: [1, 1, 2, 2, 3, 3, 4, 3, 3, 3, 4]"
Maersk,943,"Спец: [1, 2, 2, 2, 3, 4, 3, 4, 3, 4] != Общий: [1, 1, 2, 2, 3, 3, 3, 3, 3, 4]"
Maersk,944,"Спец: [1, 2, 3, 4, 3, 4, 3, 4] != Общий: [1, 2, 3, 3, 3, 3, 3, 4]"
Maersk,945,"Спец: [1, 2, 2, 2, 3, 4] != Общий: [1, 1, 2, 2, 3, 4]"
Maersk,946,"Спец: [1, 2, 2, 3, 4, 3, 4] != Общий: [1, 2, 2, 3, 3, 3, 4]"
Maersk,947,"Спец: [1, 2, 2, 2, 3, 4, 3, 4, 3, 4] != Общий: [1, 1, 2, 2, 3, 3, 3, 3, 3, 4]"
Maersk,948,"Спец: [1, 2, 2, 2, 2, 2, 2, 3, 4, 4, 4, 5] != Общий: [1, 1, 1, 1, 2, 2, 2, 3, 4, 4, 5, 5]"
Maersk,949,"Спец: [1, 2, 2, 2, 2, 2, 2, 2, 3, 4] != Общий: [1, 1, 1, 2, 2, 2, 2, 2, 3, 4]"
Maersk,950,"Спец: [1, 2, 2, 2, 3, 4, 4, 4, 3, 4, 4, 4, 3, 4, 4, 4, 5] != Общий: [1, 1, 2, 2, 3, 3, 3, 3, 3, 3, 3, 3, 3, 4, 4, 5, 5]"
Maersk,951,"Спец: [1, 2, 3, 4, 3, 4] != Общий: [1, 1, 3, 3, 3, 4]"
Maersk,952,"Спец: [1, 2, 2, 3, 4, 4, 4] != Общий: [1, 2, 2, 3, 4, 4, 5]"
Maersk,953,"Спец: [1, 2, 2, 3, 4, 3, 4, 3, 4] != Общий: [1, 1, 2, 3, 3, 3, 3, 3, 4]"
Maersk,954,"Спец: [1, 2, 3, 4, 3, 4, 3, 4] != Общий: [1, 1, 3, 3, 3, 3, 3, 4]"
Maersk,955,"Спец: [1, 2, 2, 3, 4, 4, 4] != Общий: [1, 2, 2, 3, 4, 4, 5]"
Maersk,956,"Спец: [1, 2, 2, 2, 3, 4, 3, 4, 3, 4, 3, 4] != Общий: [1, 1, 2, 2, 3, 3, 3, 3, 3, 3, 3, 4]"
Maersk,957,"Спец: [1, 2, 2, 2, 3, 4, 3, 4, 3, 4, 3, 4] != Общий: [1, 1, 2, 2, 3, 3, 3, 3, 3, 3, 3, 4]"
Maersk,958,"Спец: [1, 2, 3, 4, 3, 4, 3, 4] != Общий: [1, 1, 3, 3, 3, 3, 3, 4]"
Maersk,959,"Спец: [1, 2, 2, 3, 4, 4, 4] != Общий: [1, 2, 2, 3, 4, 4, 5]"
Maersk,960,"Спец: [1, 2, 2, 3, 4, 4, 4] != Общий: [1, 2, 2, 3, 4, 4, 5]"
Maersk,961,"Спец: [1, 2, 2, 2, 3, 4, 3, 4] != Общий: [1, 2, 2, 2, 3, 3, 3, 4]"
Maersk,962,"Спец: [1, 2, 2, 2, 3, 4, 4, 4, 3, 4, 4, 4, 3, 4, 4, 4, 3, 4, 4, 3, 4] != Общий: [1, 1, 2, 2, 3, 3, 3, 3, 3, 3, 3, 3, 3, 3, 3, 3, 3, 3, 4, 3, 4]"
Maersk,963,"Спец: [1, 2, 3, 4, 3, 4, 3, 4] != Общий: [1, 1, 3, 3, 3, 3, 3, 4]"
Maersk,964,"Спец: [1, 2, 2, 3, 4, 4, 4] != Общий: [1, 2, 2, 3, 4, 4, 5]"
Maersk,965,"Спец: [1, 2, 2, 3, 4, 4, 4] != Общий: [1, 2, 2, 3, 4, 4, 5]"
Maersk,966,"Спец: [1, 2, 2, 2, 3, 4, 3, 4] != Общий: [1, 1, 2, 2, 3, 3, 3, 4]"
Maersk,967,"Спец: [1, 2, 2, 2, 3, 4, 4, 4, 3, 4, 4] != Общий: [1, 1, 2, 2, 3, 3, 3, 3, 3, 4, 4]"
Maersk,968,"Спец: [1, 2, 3, 4, 3, 4, 3, 4] != Общий: [1, 1, 3, 3, 3, 3, 3, 4]"
Maersk,969,"Спец: [1, 2, 2, 3, 4, 4, 4] != Общий: [1, 2, 2, 3, 4, 4, 5]"
Maersk,970,"Спец: [1, 2, 2, 3, 4, 4, 4] != Общий: [1, 2, 2, 3, 4, 4, 5]"
Maersk,971,"Спец: [1, 2, 2, 2, 3, 4, 4, 4, 3, 4, 4, 4, 5] != Общий: [1, 1, 2, 2, 3, 3, 3, 3, 3, 4, 4, 5, 5]"
Maersk,972,"Спец: [1, 2, 2, 3, 4, 4, 4] != Общий: [1, 2, 2, 3, 4, 4, 5]"
Maersk,973,"Спец: [1, 2, 3, 4, 3, 4, 3, 4] != Общий: [1, 1, 3, 3, 3, 3, 3, 4]"
Maersk,974,"Спец: [1, 2, 2, 3, 4, 4, 4] != Общий: [1, 2, 2, 3, 4, 4, 5]"
Maersk,975,"Спец: [1, 2, 2, 2, 3, 4, 4, 4, 3, 4, 4, 3, 4, 3, 4, 3, 4, 3, 4] != Общий: [1, 1, 2, 2, 3, 3, 3, 3, 3, 3, 4, 3, 3, 3, 3, 3, 3, 3, 4]"
Maersk,976,"Спец: [1, 2, 2, 2, 3, 4, 4, 4, 3, 4, 4, 3, 4, 3, 4, 3, 4, 3, 4] != Общий: [1, 1, 2, 2, 3, 3, 3, 3, 3, 3, 4, 3, 3, 3, 3, 3, 3, 3, 4]"
Maersk,977,"Спец: [1, 2, 2, 2, 3, 4, 4, 4, 3, 4, 4, 3, 4, 3, 4, 3, 4, 3, 4] != Общий: [1, 1, 2, 2, 3, 3, 3, 3, 3, 3, 4, 3, 3, 3, 3, 3, 3, 3, 4]"
Maersk,978,"Спец: [1, 2, 2, 2, 2, 2, 3, 4, 4, 4, 3, 4, 3, 4] != Общий: [1, 1, 2, 2, 2, 2, 3, 3, 4, 3, 3, 3, 3, 4]"
Maersk,979,"Спец: [1, 2, 2, 2, 2, 2, 3, 4, 4, 4, 3, 4, 3, 4] != Общий: [1, 1, 2, 2, 2, 2, 3, 3, 4, 3, 3, 3, 3, 4]"
Maersk,980,"Спец: [1, 2, 2, 2, 2, 2, 3, 4, 4, 3, 3, 4, 4] != Общий: [1, 1, 2, 2, 2, 2, 3, 3, 4, 3, 3, 3, 4]"
Maersk,981,"Спец: [1, 2, 2, 2, 2, 2, 3, 4, 4, 3, 3, 4, 4] != Общий: [1, 1, 2, 2, 2, 2, 3, 3, 4, 3, 3, 3, 4]"
Maersk,982,"Спец: [1, 2, 2, 2, 3, 4, 4, 4, 3, 4, 4, 3, 4, 3, 4, 3, 4, 3, 4] != Общий: [1, 1, 2, 2, 3, 3, 3, 3, 3, 3, 4, 3, 3, 3, 3, 3, 3, 3, 4]"
Maersk,983,"Спец: [1, 2, 2, 2, 2, 2, 3, 4, 4, 4, 3, 4, 3, 4] != Общий: [1, 1, 2, 2, 2, 2, 3, 3, 4, 3, 3, 3, 3, 4]"
Maersk,984,"Спец: [1, 2, 2, 2, 2, 2, 3, 4, 4, 4, 3, 4, 3, 4] != Общий: [1, 1, 2, 2, 2, 2, 3, 3, 4, 3, 3, 3, 3, 4]"
Maersk,985,"Спец: [1, 2, 2, 2, 2, 2, 3, 4, 4, 4, 3, 4, 3, 4] != Общий: [1, 1, 2, 2, 2, 2, 3, 3, 4, 3, 3, 3, 3, 4]"
Maersk,986,"Спец: [1, 2, 2, 2, 2, 2, 3, 4, 4, 4, 3, 4, 3, 4] != Общий: [1, 1, 2, 2, 2, 2, 3, 3, 4, 3, 3, 3, 3, 4]"
Maersk,987,"Спец: [1, 2, 2, 2, 3, 4, 3, 4, 3, 4, 3, 4, 3, 4] != Общий: [1, 1, 2, 2, 3, 3, 3, 3, 3, 3, 3, 3, 3, 4]"
Maersk,988,"Спец: [1, 2, 2, 2, 2, 2, 3, 4, 4, 4, 3, 4, 3, 4] != Общий: [1, 1, 2, 2, 2, 2, 3, 3, 4, 3, 3, 3, 3, 4]"
Maersk,989,"Спец: [1, 2, 2, 2, 2, 2, 3, 4, 4, 4, 3, 4, 3, 4] != Общий: [1, 1, 2, 2, 2, 2, 3, 3, 4, 3, 3, 3, 3, 4]"
Maersk,990,"Спец: [1, 2, 2, 2, 2, 2, 3, 4, 4, 4, 3, 4, 3, 4] != Общий: [1, 1, 2, 2, 2, 2, 3, 3, 4, 3, 3, 3, 3, 4]"
Maersk,991,"Спец: [1, 2, 2, 2, 2, 2, 3, 4, 4, 4, 3, 4, 3, 4] != Общий: [1, 1, 2, 2, 2, 2, 3, 3, 4, 3, 3, 3, 3, 4]"
Maersk,992,"Спец: [1, 2, 2, 2, 2, 2, 3, 4, 4, 4, 3, 4, 3, 4] != Общий: [1, 1, 2, 2, 2, 2, 3, 3, 4, 3, 3, 3, 3, 4]"
Maersk,993,"Спец: [1, 2, 2, 2, 2, 2, 3, 4, 4, 4, 3, 4, 3, 4] != Общий: [1, 1, 2, 2, 2, 2, 3, 3, 4, 3, 3, 3, 3, 4]"
Maersk,994,"Спец: [1, 2, 2, 2, 3, 4, 3, 4, 3, 4, 3, 4, 3, 4] != Общий: [1, 1, 2, 2, 3, 3, 3, 3, 3, 3, 3, 3, 3, 4]"
Maersk,995,"Спец: [1, 2, 2, 2, 2, 2, 3, 4, 4, 4, 3, 4, 4, 4, 3, 4, 4, 4, 5] != Общий: [1, 1, 2, 2, 2, 2, 3, 3, 3, 3, 3, 3, 3, 3, 3, 4, 4, 5, 5]"
Maersk,996,"Спец: [1, 2, 2, 2, 2, 3, 4, 4, 4, 5] != Общий: [1, 1, 2, 2, 2, 3, 4, 4, 5, 5]"
Maersk,997,"Спец: [1, 2, 2, 2, 2, 2, 3, 4, 4, 4, 3, 4, 3, 4] != Общий: [1, 1, 2, 2, 2, 2, 3, 3, 4, 3, 3, 3, 3, 4]"
Maersk,998,"Спец: [1, 2, 2, 2, 2, 2, 3, 4, 4, 4, 3, 4, 3, 4] != Общий: [1, 1, 2, 2, 2, 2, 3, 3, 4, 3, 3, 3, 3, 4]"
Maersk,999,"Спец: [1, 2, 2, 2, 2, 2, 3, 4, 4, 4, 3, 4, 3, 4] != Общий: [1, 1, 2, 2, 2, 2, 3, 3, 4, 3, 3, 3, 3, 4]"
MSC,0,"Спец: [1, 1, 2, 2, 3] != Общий: [1, 1, 2, 2, 2]"
MSC,7,"Спец: [1, 1, 2, 2, 2, 3, 4] != Общий: [1, 1, 2, 2, 3, 3, 4]"
MSC,8,"Спец: [1, 1, 2, 2, 2, 3, 4] != Общий: [1, 1, 2, 2, 3, 3, 4]"
MSC,9,"Спец: [1, 1, 2, 2, 2, 3, 4] != Общий: [1, 1, 2, 2, 3, 3, 4]"
MSC,10,"Спец: [1, 1, 2, 2, 2, 3, 4] != Общий: [1, 1, 2, 2, 3, 3, 4]"
MSC,11,"Спец: [1, 1, 2, 2, 2, 3, 4] != Общий: [1, 1, 2, 2, 3, 3, 4]"
MSC,12,"Спец: [1, 1, 2, 2, 2, 3, 4] != Общий: [1, 1, 2, 2, 3, 3, 4]"
MSC,13,"Спец: [1, 1, 2, 2, 2, 3, 4] != Общий: [1, 1, 2, 2, 3, 3, 4]"
MSC,14,"Спец: [1, 1, 2, 2, 2, 3, 4] != Общий: [1, 1, 2, 2, 3, 3, 4]"
MSC,15,"Спец: [1, 1, 2, 2, 2, 3, 4] != Общий: [1, 1, 2, 2, 3, 3, 4]"
MSC,16,"Спец: [1, 1, 2, 2, 2, 3, 4] != Общий: [1, 1, 2, 2, 3, 3, 4]"
MSC,17,"Спец: [1, 1, 2, 2, 3, 3, 4] != Общий: [1, 1, 2, 2, 3, 3, 3]"
MSC,18,"Спец: [1, 1, 2, 2, 3, 3, 4, 3, 4] != Общий: [1, 1, 2, 2, 3, 3, 3, 3, 4]"
MSC,21,"Спец: [1, 1, 2, 2, 3, 3, 4, 3, 4] != Общий: [1, 1, 2, 2, 3, 3, 3, 3, 4]"
MSC,22,"Спец: [1, 1, 2, 2, 3, 3, 4, 3, 4] != Общий: [1, 1, 2, 2, 3, 3, 3, 3, 4]"
MSC,23,"Спец: [1, 1, 2, 2, 3, 3, 4, 3, 4] != Общий: [1, 1, 2, 2, 3, 3, 3, 3, 4]"
MSC,25,"Спец: [1, 1, 2, 2, 3, 3, 3, 3, 4, 3, 4, 3, 4, 3, 4] != Общий: [1, 1, 2, 2, 3, 3, 3, 3, 3, 3, 3, 3, 3, 3, 4]"
MSC,26,"Спец: [1, 1, 2, 2, 3, 3, 4, 3, 4] != Общий: [1, 1, 2, 2, 3, 3, 3, 3, 4]"
MSC,27,"Спец: [1, 1, 1, 2, 3, 3, 4, 3, 4] != Общий: [1, 1, 3, 3, 3, 3, 3, 3, 4]"
MSC,28,"Спец: [1, 1, 1, 2, 3, 3, 4, 3, 4] != Общий: [1, 1, 3, 3, 3, 3, 3, 3, 4]"
MSC,29,"Спец: [1, 1, 1, 2, 3, 3, 4, 3, 4] != Общий: [1, 1, 3, 3, 3, 3, 3, 3, 4]"
MSC,30,"Спец: [1, 1, 1, 2, 3, 3, 4, 3, 4] != Общий: [1, 1, 3, 3, 3, 3, 3, 3, 4]"
MSC,31,"Спец: [1, 1, 1, 2, 3, 3, 4, 3, 4] != Общий: [1, 1, 3, 3, 3, 3, 3, 3, 4]"
MSC,32,"Спец: [1, 1, 2, 2, 3, 3, 4, 3, 4] != Общий: [1, 1, 2, 2, 3, 3, 3, 3, 4]"
MSC,33,"Спец: [1, 1, 2, 2, 3, 3, 4, 3, 4] != Общий: [1, 1, 2, 2, 3, 3, 3, 3, 4]"
MSC,34,"Спец: [1, 1, 2, 2, 3, 3, 4, 3, 4] != Общий: [1, 1, 2, 2, 3, 3, 3, 3, 4]"
MSC,36,"Спец: [1, 1, 2, 2, 3, 3, 4, 3, 4] != Общий: [1, 1, 2, 2, 3, 3, 3, 3, 4]"
MSC,37,"Спец: [1, 1, 2, 2, 3, 3, 4, 3, 4] != Общий: [1, 1, 2, 2, 3, 3, 3, 3, 4]"
MSC,39,"Спец: [1, 1, 2, 3, 3, 4] != Общий: [1, 1, 2, 2, 3, 4]"
MSC,43,"Спец: [1, 1, 2, 2, 3, 3, 4] != Общий: [1, 1, 2, 2, 2, 2, 2]"
MSC,44,"Спец: [1, 1, 2, 2, 2, 3, 4] != Общий: [1, 1, 2, 2, 3, 3, 4]"
MSC,45,"Спец: [1, 1, 2, 2, 3, 3, 4, 3, 4, 4] != Общий: [1, 1, 2, 2, 3, 3, 3, 3, 4, 5]"
MSC,46,"Спец: [1, 1, 2, 3, 4] != Общий: [1, 1, 2, 2, 2]"
MSC,47,"Спец: [1, 1, 2, 3, 4] != Общий: [1, 1, 2, 2, 2]"
MSC,48,"Спец: [1, 1, 2, 2, 3, 3, 4] != Общий: [1, 1, 2, 2, 2, 2, 2]"
MSC,50,"Спец: [1, 1, 2, 2, 2] != Общий: [1, 1, 2, 2, 3]"
MSC,51,"Спец: [1, 1, 2, 3, 3, 4] != Общий: [1, 1, 2, 2, 3, 4]"
MSC,52,"Спец: [1, 1, 2, 2, 3, 3, 4, 3, 4, 4, 4, 4] != Общий: [1, 1, 2, 2, 3, 3, 3, 3, 4, 5, 5, 5]"
MSC,55,"Спец: [1, 1, 2, 2, 3, 3, 4, 3, 4] != Общий: [1, 1, 2, 2, 3, 3, 3, 3, 4]"
MSC,57,"Спец: [1, 1, 2, 2, 3, 3, 4, 3, 4] != Общий: [1, 1, 2, 2, 3, 3, 3, 3, 4]"
MSC,58,"Спец: [1, 1, 2, 2, 2, 3, 4] != Общий: [1, 1, 2, 2, 3, 3, 4]"
MSC,59,"Спец: [1, 1, 2, 2, 3, 3, 4] != Общий: [1, 1, 2, 2, 3, 3, 3]"
MSC,61,"Спец: [1, 1, 2, 3, 3, 4] != Общий: [1, 1, 2, 2, 3, 4]"
MSC,62,"Спец: [1, 1, 1, 2, 3, 3, 3, 4] != Общий: [1, 1, 3, 3, 3, 3, 3, 4]"
MSC,63,"Спец: [1, 1, 2, 3, 4] != Общий: [1, 1, 2, 2, 2]"
MSC,66,"Спец: [1, 1, 2, 2, 3, 3, 4, 3, 4] != Общий: [1, 1, 2, 3, 3, 3, 3, 3, 4]"
MSC,75,"Спец: [1, 1, 2, 2, 2, 3, 4] != Общий: [1, 1, 2, 2, 3, 3, 4]"
MSC,76,"Спец: [1, 1, 2, 2, 2, 3, 4] != Общий: [1, 1, 2, 2, 3, 3, 4]"
MSC,77,"Спец: [1, 1, 2, 2, 2, 3, 4] != Общий: [1, 1, 2, 2, 3, 3, 4]"
MSC,80,"Спец: [1, 1, 2, 3, 3, 4] != Общий: [1, 1, 2, 2, 3, 4]"
MSC,81,"Спец: [1, 1, 2, 3, 3, 4] != Общий: [1, 1, 2, 2, 3, 4]"
MSC,82,"Спец: [1, 1, 2, 3, 4] != Общий: [1, 1, 2, 2, 2]"
MSC,85,"Спец: [1, 1, 2, 2, 3, 3, 4, 5, 5] != Общий: [1, 1, 2, 2, 2, 2, 3, 3, 3]"
MSC,86,"Спец: [1, 1, 2, 2, 3, 3, 4, 3, 4, 5] != Общий: [1, 1, 2, 2, 3, 3, 3, 3, 4, 5]"
MSC,90,"Спец: [1, 1, 2, 3, 3, 3, 4] != Общий: [1, 1, 2, 2, 3, 3, 4]"
MSC,91,"Спец: [1, 1, 2, 3, 3, 3, 4] != Общий: [1, 1, 2, 2, 3, 3, 4]"
MSC,92,"Спец: [1, 1, 2, 3, 4] != Общий: [1, 1, 2, 2, 2]"
MSC,93,"Спец: [1, 1, 1, 2, 3, 3, 4] != Общий: [1, 1, 3, 3, 3, 3, 4]"
MSC,94,"Спец: [1, 1, 2, 3, 4] != Общий: [1, 1, 2, 2, 2]"
MSC,97,"Спец: [1, 1, 3, 4] != Общий: [1, 1, 1, 3]"
MSC,98,"Спец: [1, 1, 2, 2, 3, 3, 4, 3, 4] != Общий: [1, 1, 2, 2, 3, 3, 3, 3, 4]"
MSC,100,"Спец: [1, 1, 2, 2, 2, 3, 4] != Общий: [1, 1, 2, 2, 3, 3, 4]"
MSC,102,"Спец: [1, 1, 2, 2, 2, 2, 3, 3, 4, 3, 4] != Общий: [1, 1, 2, 2, 2, 2, 3, 3, 3, 3, 4]"
MSC,107,"Спец: [1, 1, 2, 2, 2, 2, 3, 3, 4, 3, 4] != Общий: [1, 1, 2, 2, 2, 2, 3, 3, 3, 3, 4]"
MSC,108,"Спец: [1, 1, 1, 2, 3, 3, 4] != Общий: [1, 1, 3, 3, 3, 3, 4]"
MSC,111,"Спец: [1, 1, 2, 2, 3, 3, 4] != Общий: [1, 1, 2, 2, 3, 3, 3]"
MSC,112,"Спец: [1, 1, 2, 2, 3, 3, 4] != Общий: [1, 1, 2, 2, 3, 3, 3]"
MSC,115,"Спец: [1, 1, 1, 2, 3] != Общий: [1, 1, 3, 3, 3]"
MSC,117,"Спец: [1, 1, 2, 2, 2] != Общий: [1, 1, 2, 2, 3]"
MSC,118,"Спец: [1, 1, 2, 3, 3, 4] != Общий: [1, 1, 2, 2, 3, 4]"
MSC,119,"Спец: [1, 1, 2, 2, 3, 3, 4, 3, 4] != Общий: [1, 1, 2, 2, 3, 3, 3, 3, 4]"
MSC,120,"Спец: [1, 1, 2, 2, 2] != Общий: [1, 1, 2, 2, 3]"
MSC,122,"Спец: [1, 1, 2, 2, 2] != Общий: [1, 1, 2, 2, 3]"
MSC,123,"Спец: [1, 1, 2, 2, 2, 3, 4] != Общий: [1, 1, 2, 2, 3, 3, 4]"
MSC,127,"Спец: [1, 1, 2, 2, 2, 3, 4] != Общий: [1, 1, 2, 2, 3, 3, 4]"
MSC,128,"Спец: [1, 1, 1, 2, 3, 3, 4] != Общий: [1, 1, 3, 3, 3, 3, 3]"
MSC,133,"Спец: [1, 1, 3, 4] != Общий: [1, 1, 1, 1]"
MSC,134,"Спец: [1, 1, 2, 2, 2] != Общий: [1, 1, 2, 2, 3]"
MSC,137,"Спец: [1, 1, 2, 3, 4] != Общий: [1, 1, 2, 2, 2]"
MSC,140,"Спец: [1, 2, 2, 3, 3, 4, 3, 4, 3, 4] != Общий: [1, 2, 2, 3, 3, 3, 3, 3, 3, 4]"
MSC,141,"Спец: [1, 1, 2, 2, 3, 3] != Общий: [1, 1, 2, 2, 2, 2]"
MSC,142,"Спец: [1, 1, 2, 2, 3, 3, 3, 3, 4] != Общий: [1, 1, 2, 2, 3, 3, 3, 3, 3]"
MSC,143,"Спец: [1, 1, 3, 4] != Общий: [1, 1, 1, 1]"
MSC,146,"Спец: [1, 1, 2, 3, 3, 4] != Общий: [1, 1, 2, 2, 3, 4]"
MSC,149,"Спец: [1, 1, 2, 3, 3, 4] != Общий: [1, 1, 2, 2, 3, 4]"
MSC,163,"Спец: [1, 1, 3, 4] != Общий: [1, 1, 1, 3]"
MSC,164,"Спец: [1, 1, 2, 3, 4] != Общий: [1, 1, 2, 2, 3]"
MSC,165,"Спец: [1, 1, 2, 2, 3, 3, 4, 3, 4, 4, 4, 4] != Общий: [1, 1, 2, 2, 3, 3, 3, 3, 4, 5, 5, 5]"
MSC,173,"Спец: [1, 1, 3, 4] != Общий: [1, 1, 1, 3]"
MSC,180,"Спец: [1, 1, 2, 2, 3, 3, 4, 3, 4] != Общий: [1, 1, 2, 2, 3, 3, 3, 3, 4]"
MSC,181,"Спец: [1, 1, 2, 2, 3, 4, 4, 4, 3, 4] != Общий: [1, 1, 2, 2, 2, 2, 2, 3, 3, 4]"
MSC,182,"Спец: [1, 1, 2, 2, 3, 3, 4, 3, 4] != Общий: [1, 1, 2, 2, 3, 3, 3, 3, 4]"
MSC,183,"Спец: [1, 1, 2, 2, 2, 3, 4] != Общий: [1, 1, 2, 2, 3, 3, 4]"
MSC,186,"Спец: [1, 1, 2, 2, 3, 3, 4, 4, 4] != Общий: [1, 1, 2, 2, 2, 2, 2, 2, 3]"
MSC,187,"Спец: [1, 1, 2, 2, 3, 3, 4, 4, 4] != Общий: [1, 1, 2, 2, 2, 2, 2, 2, 3]"
MSC,188,"Спец: [1, 1, 2, 2, 3, 3, 4, 3, 4, 3, 4] != Общий: [1, 1, 2, 2, 3, 3, 3, 3, 3, 3, 4]"
MSC,189,"Спец: [1, 1, 2, 2, 2, 3, 4] != Общий: [1, 1, 2, 2, 3, 3, 4]"
MSC,191,"Спец: [1, 1, 2, 2, 3, 3, 4, 3, 4] != Общий: [1, 1, 2, 2, 3, 3, 3, 3, 4]"
MSC,193,"Спец: [1, 1, 2, 2, 3, 4, 4, 4] != Общий: [1, 1, 2, 2, 2, 2, 2, 3]"
MSC,194,"Спец: [1, 1, 2, 2, 2, 3, 4] != Общий: [1, 1, 2, 2, 3, 3, 4]"
MSC,195,"Спец: [1, 1, 2, 2, 3, 4, 4, 4] != Общий: [1, 1, 2, 2, 2, 2, 2, 3]"
MSC,196,"Спец: [1, 1, 2, 2, 3, 3, 4, 3, 4] != Общий: [1, 1, 2, 2, 3, 3, 3, 3, 4]"
MSC,198,"Спец: [1, 1, 2, 2, 2, 3, 4] != Общий: [1, 1, 2, 2, 3, 3, 4]"
MSC,199,"Спец: [1, 1, 2, 2, 3, 3, 4] != Общий: [1, 1, 2, 2, 3, 3, 3]"
MSC,200,"Спец: [1, 1, 2, 2, 3, 3, 4, 3, 4] != Общий: [1, 1, 2, 2, 3, 3, 3, 3, 4]"
MSC,201,"Спец: [1, 1, 2, 2, 3, 3, 4, 3, 4] != Общий: [1, 1, 2, 2, 3, 3, 3, 3, 4]"
MSC,202,"Спец: [1, 1, 2, 2, 2, 3, 4] != Общий: [1, 1, 2, 2, 3, 3, 4]"
MSC,203,"Спец: [1, 1, 2, 2, 2] != Общий: [1, 1, 2, 2, 3]"
MSC,204,"Спец: [1, 1, 2, 2, 2, 3, 4] != Общий: [1, 1, 2, 2, 3, 3, 3]"
MSC,205,"Спец: [1, 1, 2, 2, 3, 3, 4] != Общий: [1, 1, 2, 2, 3, 3, 3]"
MSC,206,"Спец: [1, 1, 2, 2, 2, 3, 4] != Общий: [1, 1, 2, 2, 3, 3, 4]"
MSC,208,"Спец: [1, 1, 2, 2, 2] != Общий: [1, 1, 2, 2, 3]"
MSC,209,"Спец: [1, 1, 2, 2, 2] != Общий: [1, 1, 2, 2, 3]"
MSC,210,"Спец: [1, 1, 2, 2, 3, 3, 4, 4, 4] != Общий: [1, 1, 2, 2, 2, 2, 2, 2, 3]"
MSC,213,"Спец: [1, 1, 2, 2, 3, 3, 4, 3, 4] != Общий: [1, 1, 2, 2, 3, 3, 3, 3, 4]"
MSC,214,"Спец: [1, 1, 2, 2, 3, 3, 4, 3, 4] != Общий: [1, 1, 2, 2, 3, 3, 3, 3, 4]"
MSC,215,"Спец: [1, 1, 2, 2, 3, 3, 4, 3, 4, 3, 4, 3, 4] != Общий: [1, 1, 2, 2, 3, 3, 3, 3, 3, 3, 3, 3, 4]"
MSC,216,"Спец: [1, 1, 2, 2, 2, 3, 4] != Общий: [1, 1, 2, 2, 3, 3, 4]"
MSC,218,"Спец: [1, 1, 2, 2, 3, 4, 4, 4, 3, 4, 3, 4] != Общий: [1, 1, 2, 2, 2, 2, 2, 3, 3, 3, 3, 4]"
MSC,221,"Спец: [1, 1, 2, 2, 3, 3, 4, 3, 4, 3, 4, 3, 4] != Общий: [1, 1, 2, 2, 3, 3, 3, 3, 3, 3, 3, 3, 4]"
MSC,222,"Спец: [1, 1, 2, 2, 3, 3, 4, 4, 4, 4] != Общий: [1, 1, 2, 2, 3, 3, 4, 5, 5, 5]"
MSC,223,"Спец: [1, 1, 2, 2, 3, 3, 4, 3, 4] != Общий: [1, 1, 2, 2, 3, 3, 3, 3, 4]"
MSC,224,"Спец: [1, 1, 2, 2, 3, 3, 4, 4, 4, 4] != Общий: [1, 1, 2, 2, 3, 3, 4, 5, 5, 5]"
MSC,225,"Спец: [1, 1, 2, 2, 3, 3, 4, 3, 4, 3, 3, 3, 4, 3, 4] != Общий: [1, 1, 2, 2, 3, 3, 3, 3, 3, 3, 3, 3, 3, 3, 4]"
MSC,226,"Спец: [1, 1, 2, 2, 3, 3, 4, 3, 4] != Общий: [1, 1, 2, 2, 3, 3, 3, 3, 4]"
MSC,228,"Спец: [1, 1, 2, 2, 3, 3, 4, 3, 4] != Общий: [1, 1, 2, 2, 3, 3, 3, 3, 4]"
MSC,229,"Спец: [1, 1, 2, 2, 3, 3, 4, 3, 4] != Общий: [1, 1, 2, 2, 3, 3, 3, 3, 4]"
MSC,230,"Спец: [1, 1, 2, 2, 3, 3, 4, 4, 4] != Общий: [1, 1, 2, 2, 3, 3, 4, 5, 5]"
MSC,231,"Спец: [1, 1, 2, 2, 3, 3, 4, 3, 4] != Общий: [1, 1, 2, 2, 3, 3, 3, 3, 4]"
MSC,232,"Спец: [1, 1, 2, 2, 2, 3, 4] != Общий: [1, 1, 2, 2, 3, 3, 4]"
MSC,233,"Спец: [1, 1, 2, 2, 2, 3, 4] != Общий: [1, 1, 2, 2, 3, 3, 4]"
MSC,234,"Спец: [1, 1, 2, 2, 3, 3, 4, 3, 4, 3, 3, 3, 4, 3, 4] != Общий: [1, 1, 2, 2, 3, 3, 3, 3, 3, 3, 3, 3, 3, 3, 4]"
MSC,235,"Спец: [1, 1, 2, 2, 3, 3, 4, 3, 4] != Общий: [1, 1, 2, 2, 3, 3, 3, 3, 4]"
MSC,237,"Спец: [1, 1, 2, 2, 3, 3, 4, 3, 4] != Общий: [1, 1, 2, 2, 3, 3, 3, 3, 4]"
MSC,239,"Спец: [1, 1, 2, 2, 2] != Общий: [1, 1, 2, 2, 3]"
MSC,240,"Спец: [1, 1, 2, 2, 3, 3, 4] != Общий: [1, 1, 2, 2, 3, 3, 3]"
MSC,241,"Спец: [1, 1, 2, 2, 3, 4, 4, 4, 3, 4] != Общий: [1, 1, 2, 2, 2, 2, 2, 3, 3, 4]"
MSC,242,"Спец: [1, 1, 2, 2, 3, 3, 4, 3, 4] != Общий: [1, 1, 2, 2, 3, 3, 3, 3, 4]"
MSC,244,"Спец: [1, 1, 2, 2, 3, 3, 4, 3, 4] != Общий: [1, 1, 2, 2, 3, 3, 3, 3, 4]"
MSC,246,"Спец: [1, 1, 2, 3, 4] != Общий: [1, 1, 2, 2, 2]"
MSC,247,"Спец: [1, 1, 2, 3, 4] != Общий: [1, 1, 2, 2, 2]"
MSC,248,"Спец: [1, 1, 2, 3, 3, 4, 4, 4, 4] != Общий: [1, 1, 2, 2, 2, 2, 2, 2, 2]"
MSC,249,"Спец: [1, 1, 2, 2, 3, 3, 4, 4, 4, 3, 4] != Общий: [1, 1, 2, 2, 2, 2, 2, 2, 3, 3, 4]"
MSC,250,"Спец: [1, 1, 2, 2, 3, 3, 4, 3, 4, 3, 4] != Общий: [1, 1, 2, 2, 3, 3, 3, 3, 3, 3, 4]"
MSC,251,"Спец: [1, 1, 2, 2, 3, 3, 4] != Общий: [1, 1, 2, 2, 3, 3, 3]"
MSC,252,"Спец: [1, 1, 2, 2, 2, 2, 3, 3, 4, 3, 4] != Общий: [1, 1, 2, 2, 2, 2, 3, 3, 3, 3, 4]"
MSC,253,"Спец: [1, 1, 2, 2, 3, 3, 4, 3, 4] != Общий: [1, 1, 2, 2, 3, 3, 3, 3, 4]"
MSC,254,"Спец: [1, 1, 2, 2, 3, 3, 4, 3, 4] != Общий: [1, 1, 2, 2, 3, 3, 3, 3, 4]"
MSC,255,"Спец: [1, 1, 2, 2, 3, 3, 4, 3, 4] != Общий: [1, 1, 2, 2, 3, 3, 3, 3, 4]"
MSC,257,"Спец: [1, 1, 2, 2, 3, 3, 4, 3, 4] != Общий: [1, 1, 2, 2, 3, 3, 3, 3, 4]"
MSC,258,"Спец: [1, 1, 2, 2, 3, 3, 4, 3, 4] != Общий: [1, 1, 2, 2, 3, 3, 3, 3, 4]"
MSC,259,"Спец: [1, 1, 2, 2, 3, 3, 4, 3, 4] != Общий: [1, 1, 2, 2, 3, 3, 3, 3, 4]"
MSC,260,"Спец: [1, 1, 2, 2, 3, 3, 4, 3, 4] != Общий: [1, 1, 2, 2, 3, 3, 3, 3, 4]"
MSC,261,"Спец: [1, 1, 2, 2, 3, 3, 4, 3, 4] != Общий: [1, 1, 2, 2, 3, 3, 3, 3, 4]"
MSC,262,"Спец: [1, 1, 2, 2, 3, 3, 4, 3, 3, 3, 4, 5] != Общий: [1, 1, 2, 2, 3, 3, 3, 3, 3, 3, 4, 5]"
MSC,263,"Спец: [1, 1, 2, 2, 3, 3, 4, 3, 4] != Общий: [1, 1, 2, 2, 3, 3, 3, 3, 4]"
MSC,264,"Спец: [1, 1, 2, 2, 3, 3, 4, 3, 4] != Общий: [1, 1, 2, 2, 3, 3, 3, 3, 4]"
MSC,266,"Спец: [1, 1, 2, 2, 3, 3, 4, 3, 4] != Общий: [1, 1, 2, 2, 3, 3, 3, 3, 4]"
MSC,267,"Спец: [1, 1, 2, 2, 3, 3, 4] != Общий: [1, 1, 2, 2, 3, 3, 3]"
MSC,268,"Спец: [1, 1, 2, 2, 2, 3, 4] != Общий: [1, 1, 2, 2, 3, 3, 4]"
MSC,269,"Спец: [1, 1, 2, 2, 3, 3, 4, 3, 4] != Общий: [1, 1, 2, 2, 3, 3, 3, 3, 4]"
MSC,270,"Спец: [1, 1, 2, 2, 3, 3, 4, 3, 4] != Общий: [1, 1, 2, 2, 3, 3, 3, 3, 4]"
MSC,271,"Спец: [1, 1, 2, 2, 3, 3, 4, 3, 4] != Общий: [1, 1, 2, 2, 3, 3, 3, 3, 4]"
MSC,272,"Спец: [1, 1, 2, 2, 3, 3, 4, 3, 4] != Общий: [1, 1, 2, 2, 3, 3, 3, 3, 4]"
MSC,273,"Спец: [1, 1, 2, 3, 4] != Общий: [1, 1, 2, 2, 3]"
MSC,276,"Спец: [1, 1, 2, 2, 3, 3, 4] != Общий: [1, 1, 2, 2, 3, 3, 3]"
MSC,277,"Спец: [1, 1, 2, 2, 3] != Общий: [1, 1, 2, 2, 2]"
MSC,278,"Спец: [1, 1, 2, 2, 2, 2, 2, 2, 3] != Общий: [1, 1, 2, 2, 2, 2, 2, 2, 2]"
MSC,279,"Спец: [1, 1, 2, 2, 2, 3, 4] != Общий: [1, 1, 2, 2, 3, 3, 4]"
MSC,280,"Спец: [1, 1, 2, 2, 3, 3, 3, 3, 4, 3, 4] != Общий: [1, 1, 2, 2, 3, 3, 3, 3, 3, 3, 4]"
MSC,283,"Спец: [1, 1, 2, 2, 3, 3, 4, 3, 4, 4, 4] != Общий: [1, 1, 2, 2, 3, 3, 3, 3, 4, 5, 5]"
MSC,284,"Спец: [1, 1, 2, 2, 3, 3, 4, 3, 4] != Общий: [1, 1, 2, 2, 3, 3, 3, 3, 4]"
MSC,285,"Спец: [1, 1, 2, 2, 3, 3, 4, 3, 4] != Общий: [1, 1, 2, 2, 3, 3, 3, 3, 4]"
MSC,286,"Спец: [1, 1, 2, 2, 2, 3, 4] != Общий: [1, 1, 2, 2, 3, 3, 4]"
MSC,290,"Спец: [1, 1, 2, 2, 3, 3, 3, 3, 4] != Общий: [1, 1, 2, 2, 3, 3, 3, 4, 4]"
MSC,295,"Спец: [1, 1, 2, 2, 2, 2, 3, 3, 4, 3, 4] != Общий: [1, 1, 2, 2, 2, 2, 3, 3, 3, 3, 4]"
MSC,297,"Спец: [1, 1, 2, 2, 2, 3, 4] != Общий: [1, 1, 2, 2, 3, 3, 4]"
MSC,298,"Спец: [1, 1, 2, 2, 2, 2, 2, 3] != Общий: [1, 1, 2, 2, 2, 2, 2, 2]"
MSC,299,"Спец: [1, 1, 2, 2, 3, 3, 3, 4] != Общий: [1, 1, 2, 3, 3, 3, 3, 4]"
MSC,301,"Спец: [1, 1, 2, 2, 3, 3, 4] != Общий: [1, 1, 2, 2, 3, 3, 3]"
MSC,303,"Спец: [1, 1, 2, 2, 2, 3, 4] != Общий: [1, 1, 2, 2, 3, 3, 4]"
MSC,306,"Спец: [1, 1, 2, 2, 3, 3, 4, 3, 4] != Общий: [1, 1, 2, 2, 3, 3, 3, 3, 4]"
MSC,308,"Спец: [1, 1, 2, 2, 3, 3, 3, 3, 3, 4, 4, 5, 5] != Общий: [1, 1, 2, 2, 3, 3, 3, 3, 4, 4, 5, 5, 5]"
MSC,309,"Спец: [1, 1, 1, 2, 3, 3, 4, 5, 5, 5] != Общий: [1, 1, 3, 3, 3, 3, 4, 5, 5, 5]"
MSC,312,"Спец: [1, 1, 2, 3, 3, 4] != Общий: [1, 1, 2, 2, 3, 4]"
MSC,313,"Спец: [1, 1, 2, 2, 2, 3, 4] != Общий: [1, 1, 2, 2, 3, 3, 4]"
MSC,314,"Спец: [1, 2, 2, 2, 3, 4] != Общий: [1, 2, 2, 3, 3, 4]"
MSC,315,"Спец: [1, 2, 2, 2, 3, 4] != Общий: [1, 2, 2, 3, 3, 4]"
MSC,317,"Спец: [1, 1, 2, 2, 2, 3, 4, 3, 4] != Общий: [1, 1, 2, 2, 3, 3, 3, 3, 4]"
MSC,322,"Спец: [1, 1, 2, 2, 3, 3, 4, 3, 4] != Общий: [1, 1, 2, 2, 3, 3, 3, 3, 4]"
MSC,325,"Спец: [1, 1, 2, 2, 2, 2] != Общий: [1, 1, 2, 2, 2, 3]"
MSC,326,"Спец: [1, 1, 2, 2, 3, 3, 3, 4] != Общий: [1, 1, 2, 2, 2, 2, 2, 2]"
MSC,327,"Спец: [1, 1, 2, 2, 3, 3, 3, 3, 4, 3, 4] != Общий: [1, 1, 2, 2, 3, 3, 3, 3, 3, 3, 4]"
MSC,329,"Спец: [1, 1, 2, 2, 3, 3, 4] != Общий: [1, 1, 2, 2, 3, 3, 3]"
MSC,330,"Спец: [1, 1, 2, 2, 2] != Общий: [1, 1, 2, 2, 3]"
MSC,331,"Спец: [1, 1, 2, 2, 3, 3, 4, 3, 4] != Общий: [1, 1, 2, 2, 3, 3, 3, 3, 4]"
MSC,333,"Спец: [1, 1, 2, 2, 3, 3, 4, 3, 4] != Общий: [1, 1, 2, 2, 3, 3, 3, 3, 4]"
MSC,334,"Спец: [1, 1, 2, 2, 2, 3, 4] != Общий: [1, 1, 2, 2, 3, 3, 4]"
MSC,335,"Спец: [1, 1, 2, 3, 4] != Общий: [1, 1, 2, 2, 3]"
MSC,336,"Спец: [1, 1, 2, 3, 4] != Общий: [1, 1, 2, 2, 3]"
MSC,337,"Спец: [1, 1, 2, 3, 4] != Общий: [1, 1, 2, 2, 3]"
MSC,338,"Спец: [1, 1, 2, 3, 4] != Общий: [1, 1, 2, 2, 3]"
MSC,339,"Спец: [1, 1, 2, 3, 4] != Общий: [1, 1, 2, 2, 3]"
MSC,340,"Спец: [1, 1, 3, 4] != Общий: [1, 1, 1, 3]"
MSC,341,"Спец: [1, 1, 2, 3, 4] != Общий: [1, 1, 2, 2, 3]"
MSC,342,"Спец: [1, 1, 2, 2, 2, 3, 4] != Общий: [1, 1, 2, 2, 2, 2, 3]"
MSC,343,"Спец: [1, 1, 2, 3, 4] != Общий: [1, 1, 2, 2, 3]"
MSC,344,"Спец: [1, 1, 2, 3, 4] != Общий: [1, 1, 2, 2, 3]"
MSC,345,"Спец: [1, 1, 2, 3, 4] != Общий: [1, 1, 2, 2, 3]"
MSC,348,"Спец: [1, 1, 3, 4] != Общий: [1, 1, 1, 3]"
MSC,349,"Спец: [1, 1, 2, 3, 4] != Общий: [1, 1, 2, 2, 3]"
MSC,350,"Спец: [1, 1, 2, 3, 4] != Общий: [1, 1, 2, 2, 3]"
MSC,352,"Спец: [1, 1, 2, 3, 4] != Общий: [1, 1, 2, 2, 3]"
MSC,353,"Спец: [1, 1, 2, 3, 4] != Общий: [1, 1, 2, 2, 3]"
MSC,354,"Спец: [1, 1, 2, 3, 4] != Общий: [1, 1, 2, 2, 3]"
MSC,355,"Спец: [1, 1, 2, 3, 4] != Общий: [1, 1, 2, 2, 3]"
MSC,356,"Спец: [1, 1, 2, 3, 3, 4] != Общий: [1, 1, 2, 2, 3, 4]"
MSC,357,"Спец: [1, 1, 3, 3, 4] != Общий: [1, 1, 1, 3, 4]"
MSC,358,"Спец: [1, 1, 2, 3, 4] != Общий: [1, 1, 2, 2, 3]"
MSC,359,"Спец: [1, 1, 3, 4] != Общий: [1, 1, 1, 3]"
MSC,360,"Спец: [1, 1, 2, 3, 4] != Общий: [1, 1, 2, 2, 3]"
MSC,361,"Спец: [1, 1, 2, 2, 2, 3, 4] != Общий: [1, 1, 2, 2, 2, 2, 3]"
MSC,362,"Спец: [1, 1, 2, 3, 4] != Общий: [1, 1, 2, 2, 3]"
MSC,364,"Спец: [1, 1, 2, 2, 3, 3, 4, 3, 4] != Общий: [1, 1, 2, 2, 3, 3, 3, 3, 4]"
MSC,365,"Спец: [1, 1, 2, 2, 3, 3, 4, 3, 4] != Общий: [1, 1, 2, 2, 3, 3, 3, 3, 4]"
MSC,366,"Спец: [1, 1, 2, 2, 3, 3, 4, 3, 4] != Общий: [1, 1, 2, 2, 3, 3, 3, 3, 4]"
MSC,367,"Спец: [1, 3, 3, 4, 5, 5] != Общий: [1, 1, 3, 4, 5, 5]"
MSC,368,"Спец: [1, 1, 2, 2, 3, 3, 4, 3, 4] != Общий: [1, 1, 2, 2, 3, 3, 3, 3, 4]"
MSC,369,"Спец: [1, 1, 2, 3, 4] != Общий: [1, 1, 2, 2, 3]"
MSC,370,"Спец: [1, 1, 2, 2, 3, 3, 4, 3, 4] != Общий: [1, 1, 2, 2, 3, 3, 3, 3, 4]"
MSC,371,"Спец: [1, 1, 2, 2, 3, 3, 4, 3, 4] != Общий: [1, 1, 2, 2, 3, 3, 3, 3, 4]"
MSC,372,"Спец: [1, 1, 2, 2, 3, 3, 4, 3, 4] != Общий: [1, 1, 2, 2, 3, 3, 3, 3, 4]"
MSC,373,"Спец: [1, 1, 2, 2, 3, 3, 4, 3, 4] != Общий: [1, 1, 2, 2, 3, 3, 3, 3, 4]"
MSC,374,"Спец: [1, 1, 2, 2, 3, 3, 4, 3, 4] != Общий: [1, 1, 2, 2, 3, 3, 3, 3, 4]"
MSC,375,"Спец: [1, 1, 2, 2, 3, 3, 4, 3, 4] != Общий: [1, 1, 2, 2, 3, 3, 3, 3, 4]"
MSC,376,"Спец: [1, 1, 2, 2, 3, 3, 4, 3, 4] != Общий: [1, 1, 2, 2, 3, 3, 3, 3, 4]"
MSC,377,"Спец: [1, 1, 2, 2, 3, 3, 4, 3, 4] != Общий: [1, 1, 2, 2, 3, 3, 3, 3, 4]"
MSC,378,"Спец: [1, 1, 2, 2, 3, 3, 4, 3, 4] != Общий: [1, 1, 2, 2, 3, 3, 3, 3, 4]"
MSC,379,"Спец: [1, 1, 2, 2, 3, 3, 4, 3, 4] != Общий: [1, 1, 2, 2, 3, 3, 3, 3, 4]"
MSC,380,"Спец: [1, 1, 2, 2, 3, 3, 4, 3, 4] != Общий: [1, 1, 2, 2, 3, 3, 3, 3, 4]"
MSC,381,"Спец: [1, 1, 2, 2, 3, 3, 4, 3, 4] != Общий: [1, 1, 2, 2, 3, 3, 3, 3, 4]"
MSC,382,"Спец: [1, 1, 2, 2, 3, 3, 4, 3, 4] != Общий: [1, 1, 2, 2, 3, 3, 3, 3, 4]"
MSC,383,"Спец: [1, 1, 2, 2, 3, 3, 4, 3, 4] != Общий: [1, 1, 2, 2, 3, 3, 3, 3, 4]"
MSC,384,"Спец: [1, 1, 2, 2, 2, 3, 3, 4] != Общий: [1, 1, 2, 2, 3, 3, 3, 4]"
MSC,386,"Спец: [1, 1, 2, 2, 3, 3, 4, 3, 4] != Общий: [1, 1, 2, 2, 3, 3, 3, 3, 4]"
MSC,387,"Спец: [1, 1, 2, 2, 3, 3, 4, 3, 4] != Общий: [1, 1, 2, 2, 3, 3, 3, 3, 4]"
MSC,388,"Спец: [1, 1, 2, 2, 3, 3, 4, 3, 4] != Общий: [1, 1, 2, 2, 3, 3, 3, 3, 4]"
MSC,389,"Спец: [1, 1, 2, 2, 3, 3, 4, 3, 4] != Общий: [1, 1, 2, 2, 3, 3, 3, 3, 4]"
MSC,390,"Спец: [1, 1, 2, 3, 4] != Общий: [1, 1, 2, 2, 2]"
MSC,391,"Спец: [1, 1, 2, 2, 2] != Общий: [1, 1, 2, 2, 3]"
MSC,392,"Спец: [1, 1, 2, 2, 2, 3, 4] != Общий: [1, 1, 2, 2, 3, 3, 4]"
MSC,396,"Спец: [1, 1, 2, 2, 3, 3, 4, 3, 4, 3, 4] != Общий: [1, 1, 2, 2, 3, 3, 3, 3, 3, 3, 4]"
MSC,400,"Спец: [1, 1, 2, 2, 3, 3, 4, 4, 4] != Общий: [1, 1, 2, 2, 3, 3, 4, 5, 5]"
MSC,401,"Спец: [1, 1, 2, 2, 3, 3, 4, 3, 3, 3, 4] != Общий: [1, 1, 2, 2, 3, 3, 3, 3, 3, 3, 4]"
MSC,402,"Спец: [1, 1, 2, 3, 4] != Общий: [1, 1, 2, 2, 2]"
MSC,405,"Спец: [1, 1, 2, 2, 3, 3, 4, 3, 4] != Общий: [1, 1, 2, 2, 3, 3, 3, 3, 4]"
MSC,406,"Спец: [1, 1, 2, 2, 3, 3, 4, 3, 4] != Общий: [1, 1, 2, 2, 3, 3, 3, 3, 4]"
MSC,407,"Спец: [1, 1, 2, 2, 3, 4, 4] != Общий: [1, 1, 2, 2, 2, 2, 2]"
MSC,408,"Спец: [1, 1, 2, 2, 3, 3, 4, 3, 4] != Общий: [1, 1, 2, 2, 3, 3, 3, 3, 4]"
MSC,409,"Спец: [1, 1, 2, 2, 3, 3, 4, 3, 4] != Общий: [1, 1, 2, 2, 3, 3, 3, 3, 4]"
MSC,410,"Спец: [1, 1, 2, 2, 3, 4, 4] != Общий: [1, 1, 2, 2, 2, 2, 2]"
MSC,411,"Спец: [1, 1, 2, 2, 3, 3, 3, 3, 4] != Общий: [1, 1, 2, 2, 3, 3, 3, 3, 3]"
MSC,412,"Спец: [1, 1, 2, 2, 2] != Общий: [1, 1, 2, 2, 3]"
MSC,413,"Спец: [1, 1, 2, 2, 2, 3, 4] != Общий: [1, 1, 2, 2, 3, 3, 4]"
MSC,414,"Спец: [1, 1, 2, 2, 2, 3, 4] != Общий: [1, 1, 2, 2, 3, 3, 4]"
MSC,415,"Спец: [1, 1, 2, 2, 3, 4, 4, 4, 3, 4] != Общий: [1, 1, 2, 2, 2, 2, 2, 3, 3, 4]"
MSC,418,"Спец: [1, 1, 2, 2, 3, 3, 4, 3, 4] != Общий: [1, 1, 2, 2, 3, 3, 3, 3, 4]"
MSC,419,"Спец: [1, 1, 2, 2, 3, 3, 4, 3, 4] != Общий: [1, 1, 2, 2, 3, 3, 3, 3, 4]"
MSC,420,"Спец: [1, 1, 2, 2, 2] != Общий: [1, 1, 2, 2, 3]"
MSC,421,"Спец: [1, 1, 2, 2, 3, 3, 4, 4, 4] != Общий: [1, 1, 2, 2, 2, 2, 2, 2, 3]"
MSC,422,"Спец: [1, 1, 2, 2, 2, 3, 4] != Общий: [1, 1, 2, 2, 3, 3, 4]"
MSC,423,"Спец: [1, 1, 2, 2, 3, 3, 4, 3, 4] != Общий: [1, 1, 2, 2, 3, 3, 3, 3, 4]"
MSC,425,"Спец: [1, 1, 2, 2, 3, 3, 4] != Общий: [1, 1, 2, 2, 3, 3, 3]"
MSC,426,"Спец: [1, 1, 3, 4] != Общий: [1, 1, 1, 1]"
MSC,427,"Спец: [1, 1, 2, 2, 3, 3, 4, 3, 4] != Общий: [1, 1, 2, 2, 3, 3, 3, 3, 4]"
MSC,428,"Спец: [1, 1, 2, 2, 2] != Общий: [1, 1, 2, 2, 3]"
MSC,429,"Спец: [1, 1, 2, 2, 3, 4, 4, 4, 3, 4, 3, 4] != Общий: [1, 1, 2, 2, 2, 2, 2, 3, 3, 3, 3, 4]"
MSC,430,"Спец: [1, 1, 2, 2, 2, 3, 4] != Общий: [1, 1, 2, 2, 3, 3, 4]"
MSC,432,"Спец: [1, 1, 2, 3, 3, 4] != Общий: [1, 1, 2, 2, 3, 4]"
MSC,435,"Спец: [1, 1, 2, 2, 3, 3, 4, 3, 4] != Общий: [1, 1, 2, 2, 3, 3, 3, 3, 4]"
MSC,436,"Спец: [1, 1, 2, 2, 3, 3, 4] != Общий: [1, 1, 2, 2, 3, 3, 3]"
MSC,437,"Спец: [1, 1, 2, 2, 3, 3, 4] != Общий: [1, 1, 2, 2, 3, 3, 3]"
MSC,439,"Спец: [1, 1, 2, 2, 2, 3, 4] != Общий: [1, 1, 2, 2, 3, 3, 4]"
MSC,440,"Спец: [1, 1, 2, 2, 2, 3, 4] != Общий: [1, 1, 2, 2, 3, 3, 4]"
MSC,442,"Спец: [1, 1, 2, 2, 2, 3, 4] != Общий: [1, 1, 2, 2, 3, 3, 4]"
MSC,443,"Спец: [1, 1, 2, 2, 3, 3, 4] != Общий: [1, 1, 2, 2, 3, 3, 3]"
MSC,445,"Спец: [1, 1, 2, 2, 3, 3, 4, 3, 4] != Общий: [1, 1, 2, 2, 3, 3, 3, 3, 4]"
MSC,446,"Спец: [1, 1, 2, 2, 3, 3, 4, 4, 4, 4] != Общий: [1, 1, 2, 2, 3, 3, 4, 5, 5, 5]"
MSC,447,"Спец: [1, 1, 2, 2, 3, 4, 4, 4, 3, 4, 5, 5] != Общий: [1, 1, 2, 2, 2, 2, 2, 3, 3, 4, 5, 5]"
MSC,448,"Спец: [1, 1, 2, 2, 3, 3, 4, 3, 4] != Общий: [1, 1, 2, 2, 3, 3, 3, 3, 4]"
MSC,449,"Спец: [1, 1, 2, 2, 3, 3, 4, 3, 4, 5, 5] != Общий: [1, 1, 2, 2, 3, 3, 3, 3, 4, 5, 5]"
MSC,450,"Спец: [1, 1, 2, 2, 3, 3, 4, 4, 4, 4] != Общий: [1, 1, 2, 2, 3, 3, 4, 5, 5, 5]"
MSC,451,"Спец: [1, 1, 2, 2, 2, 2, 3, 3, 4, 4] != Общий: [1, 1, 2, 3, 3, 3, 3, 3, 4, 5]"
MSC,452,"Спец: [1, 1, 2, 2, 3, 3, 4, 3, 4, 4] != Общий: [1, 1, 2, 2, 3, 3, 3, 3, 4, 5]"
MSC,453,"Спец: [1, 1, 2, 2, 3, 3, 4, 3, 4, 4, 4, 4] != Общий: [1, 1, 2, 2, 3, 3, 3, 3, 4, 5, 5, 5]"
MSC,454,"Спец: [1, 1, 2, 2, 3, 3, 4, 3, 4, 4, 4, 4] != Общий: [1, 1, 2, 2, 3, 3, 3, 3, 4, 5, 5, 5]"
MSC,455,"Спец: [1, 1, 2, 2, 3, 3, 4, 4, 4, 4] != Общий: [1, 1, 2, 2, 3, 3, 4, 5, 5, 5]"
MSC,456,"Спец: [1, 1, 2, 2, 3, 3, 4, 4] != Общий: [1, 1, 2, 2, 3, 3, 4, 5]"
MSC,457,"Спец: [1, 1, 2, 2, 3, 3, 4, 3, 3, 3, 4, 5] != Общий: [1, 1, 2, 2, 3, 3, 3, 3, 3, 3, 4, 5]"
MSC,458,"Спец: [1, 1, 2, 2, 3, 3, 4] != Общий: [1, 1, 2, 2, 2, 2, 2]"
MSC,459,"Спец: [1, 1, 2, 2, 3, 3, 4, 4, 4, 4] != Общий: [1, 1, 2, 2, 3, 3, 4, 5, 5, 5]"
MSC,460,"Спец: [1, 1, 2, 2, 2, 3, 4] != Общий: [1, 1, 2, 2, 3, 3, 4]"
MSC,461,"Спец: [1, 1, 2, 2, 3, 3, 4, 3, 3, 4] != Общий: [1, 1, 2, 2, 2, 2, 2, 2, 3, 4]"
MSC,462,"Спец: [1, 1, 3, 3, 4] != Общий: [1, 1, 1, 3, 4]"
MSC,463,"Спец: [1, 1, 2, 2, 3, 3, 4, 4, 4, 3, 4] != Общий: [1, 1, 2, 2, 2, 2, 2, 2, 3, 3, 4]"
MSC,464,"Спец: [1, 1, 2, 3, 3, 3, 4] != Общий: [1, 1, 2, 2, 3, 3, 4]"
MSC,465,"Спец: [1, 1, 2, 3, 3, 3, 4] != Общий: [1, 1, 2, 2, 3, 3, 4]"
MSC,467,"Спец: [1, 1, 2, 2, 2, 3, 4] != Общий: [1, 1, 2, 2, 3, 3, 4]"
MSC,468,"Спец: [1, 1, 2, 2, 2] != Общий: [1, 1, 2, 2, 3]"
MSC,471,"Спец: [1, 1, 2, 2, 3, 3, 4, 3, 4, 3, 4] != Общий: [1, 1, 2, 2, 3, 3, 3, 3, 3, 3, 4]"
MSC,472,"Спец: [1, 1, 2, 2, 3, 3, 4, 3, 4, 3, 4] != Общий: [1, 1, 2, 2, 3, 3, 3, 3, 3, 3, 4]"
MSC,473,"Спец: [1, 1, 2, 2, 2, 3, 4] != Общий: [1, 1, 2, 2, 3, 3, 4]"
MSC,474,"Спец: [1, 1, 2, 2, 2, 3, 4] != Общий: [1, 1, 2, 2, 3, 3, 4]"
MSC,475,"Спец: [1, 1, 2, 2, 2, 3, 4] != Общий: [1, 1, 2, 2, 3, 3, 4]"
MSC,476,"Спец: [1, 1, 2, 2, 3, 3, 4, 3, 4] != Общий: [1, 1, 2, 2, 3, 3, 3, 3, 4]"
MSC,477,"Спец: [1, 1, 2, 2, 3, 3, 4, 3, 4, 4, 4] != Общий: [1, 1, 2, 2, 3, 3, 3, 3, 4, 5, 5]"
MSC,479,"Спец: [1, 1, 2, 3, 4] != Общий: [1, 1, 2, 2, 2]"
MSC,481,"Спец: [1, 1, 2, 2, 2, 3, 4] != Общий: [1, 1, 2, 2, 3, 3, 4]"
MSC,484,"Спец: [1, 1, 2, 2, 2, 3, 4] != Общий: [1, 1, 2, 2, 3, 3, 4]"
MSC,485,"Спец: [1, 1, 2, 2, 2, 3, 4] != Общий: [1, 1, 2, 2, 3, 3, 4]"
MSC,486,"Спец: [1, 1, 2, 2, 2, 2, 3, 3, 4, 3, 4] != Общий: [1, 1, 2, 2, 2, 2, 3, 3, 3, 3, 4]"
MSC,487,"Спец: [1, 1, 3, 3, 4] != Общий: [1, 1, 1, 3, 4]"
MSC,488,"Спец: [1, 1, 3, 3, 4] != Общий: [1, 1, 1, 3, 4]"
MSC,489,"Спец: [1, 1, 2, 2, 3, 3, 4, 3, 4] != Общий: [1, 1, 2, 2, 3, 3, 3, 3, 4]"
MSC,491,"Спец: [1, 1, 2, 2, 3, 3, 4, 3, 4] != Общий: [1, 1, 2, 3, 3, 3, 3, 3, 4]"
MSC,492,"Спец: [1, 1, 2, 2, 2, 3, 4] != Общий: [1, 1, 2, 2, 3, 3, 4]"
MSC,493,"Спец: [1, 1, 2, 2, 2, 3, 4] != Общий: [1, 1, 2, 2, 3, 3, 4]"
MSC,494,"Спец: [1, 1, 2, 2, 3, 3, 4, 3, 4] != Общий: [1, 1, 2, 2, 3, 3, 3, 3, 4]"
MSC,496,"Спец: [1, 1, 2, 3, 3, 4] != Общий: [1, 1, 2, 2, 3, 4]"
MSC,497,"Спец: [1, 2, 2, 2, 2, 3] != Общий: [1, 1, 2, 2, 2, 2]"
MSC,498,"Спец: [1, 1, 2, 2, 2, 2, 3, 3, 4, 3, 4] != Общий: [1, 1, 2, 2, 2, 2, 3, 3, 3, 3, 4]"
MSC,499,"Спец: [1, 1, 2, 2, 2, 3, 4] != Общий: [1, 1, 2, 2, 3, 3, 4]"
MSC,500,"Спец: [1, 1, 2, 2, 3, 3, 4, 3, 4] != Общий: [1, 1, 2, 2, 3, 3, 3, 3, 4]"
MSC,502,"Спец: [1, 1, 2, 2, 3, 3, 3, 3, 4, 3, 4] != Общий: [1, 1, 2, 2, 3, 3, 3, 3, 3, 3, 4]"
MSC,503,"Спец: [1, 1, 2, 2, 3, 3, 3, 3, 3, 4, 3, 3, 4] != Общий: [1, 1, 2, 2, 3, 3, 3, 3, 3, 3, 3, 3, 4]"
MSC,505,"Спец: [1, 1, 2, 2, 3, 3, 4, 3, 4] != Общий: [1, 1, 2, 2, 3, 3, 3, 3, 4]"
MSC,506,"Спец: [1, 1, 2, 2, 3, 3, 4, 3, 4] != Общий: [1, 1, 2, 2, 3, 3, 3, 3, 4]"
MSC,507,"Спец: [1, 1, 2, 2, 3, 3, 4, 3, 4] != Общий: [1, 1, 2, 2, 3, 3, 3, 3, 4]"
MSC,509,"Спец: [1, 1, 3, 4] != Общий: [1, 1, 1, 1]"
MSC,510,"Спец: [1, 2, 2, 2, 2, 3] != Общий: [1, 1, 2, 2, 2, 2]"
MSC,511,"Спец: [1, 1, 2, 3, 3, 4] != Общий: [1, 1, 2, 2, 3, 4]"
MSC,513,"Спец: [1, 1, 2, 2, 3, 3, 4, 3, 4] != Общий: [1, 1, 2, 2, 3, 3, 3, 3, 4]"
MSC,514,"Спец: [1, 1, 2, 2, 3, 3, 4] != Общий: [1, 1, 2, 2, 3, 3, 3]"
MSC,515,"Спец: [1, 1, 3, 4] != Общий: [1, 1, 1, 1]"
MSC,517,"Спец: [1, 1, 3, 3, 4] != Общий: [1, 1, 1, 3, 4]"
MSC,518,"Спец: [1, 1, 3, 4] != Общий: [1, 1, 1, 1]"
MSC,519,"Спец: [1, 1, 2, 2, 3, 3, 4, 3, 4] != Общий: [1, 1, 2, 2, 3, 3, 3, 3, 4]"
MSC,523,"Спец: [1, 1, 2, 2, 3, 3, 4, 3, 4] != Общий: [1, 1, 2, 2, 3, 3, 3, 3, 4]"
MSC,525,"Спец: [1, 1, 2, 2, 3, 3, 4] != Общий: [1, 1, 2, 2, 2, 2, 2]"
MSC,526,"Спец: [1, 1, 2, 2, 3, 3, 4] != Общий: [1, 1, 2, 2, 2, 2, 2]"
MSC,527,"Спец: [1, 1, 2, 3, 4] != Общий: [1, 1, 2, 2, 2]"
MSC,528,"Спец: [1, 1, 2, 2, 3, 4, 4, 4, 3, 4] != Общий: [1, 1, 2, 2, 2, 2, 2, 3, 3, 4]"
MSC,529,"Спец: [1, 1, 2, 2, 3, 3, 4, 3, 4] != Общий: [1, 1, 2, 2, 3, 3, 3, 3, 4]"
MSC,530,"Спец: [1, 1, 2, 2, 2, 3, 4] != Общий: [1, 1, 2, 2, 3, 3, 4]"
MSC,533,"Спец: [1, 2, 2, 2, 2, 3] != Общий: [1, 1, 2, 2, 2, 2]"
MSC,534,"Спец: [1, 1, 2, 3, 3, 4] != Общий: [1, 1, 2, 2, 3, 4]"
MSC,536,"Спец: [1, 1, 2, 2, 3, 3, 4, 3, 4] != Общий: [1, 1, 2, 2, 3, 3, 3, 3, 4]"
MSC,538,"Спец: [1, 1, 2, 2, 2, 3, 4] != Общий: [1, 1, 2, 2, 3, 3, 4]"
MSC,541,"Спец: [1, 1, 2, 2, 3, 3, 4, 3, 4] != Общий: [1, 1, 2, 2, 3, 3, 3, 3, 4]"
MSC,543,"Спец: [1, 1, 2, 2, 2, 3, 4] != Общий: [1, 1, 2, 2, 3, 3, 4]"
MSC,545,"Спец: [1, 1, 2, 2, 2] != Общий: [1, 1, 2, 2, 3]"
MSC,547,"Спец: [1, 1, 3, 4] != Общий: [1, 1, 1, 1]"
MSC,548,"Спец: [1, 1, 2, 2, 2, 3, 4] != Общий: [1, 1, 2, 2, 3, 3, 4]"
MSC,549,"Спец: [1, 1, 2, 2, 3, 3, 4, 3, 4] != Общий: [1, 1, 2, 2, 3, 3, 3, 3, 4]"
MSC,550,"Спец: [1, 1, 2, 2, 2, 3, 4] != Общий: [1, 1, 2, 2, 3, 3, 4]"
MSC,551,"Спец: [1, 1, 2, 3, 3, 4] != Общий: [1, 1, 2, 2, 3, 4]"
MSC,552,"Спец: [1, 2, 2, 2, 2, 3] != Общий: [1, 1, 2, 2, 2, 2]"
MSC,554,"Спец: [1, 1, 2, 2, 2, 3, 4] != Общий: [1, 1, 2, 2, 3, 3, 4]"
MSC,555,"Спец: [1, 1, 2, 2, 2, 3, 4] != Общий: [1, 1, 2, 2, 3, 3, 4]"
MSC,556,"Спец: [1, 1, 2, 3, 3, 3, 4] != Общий: [1, 1, 2, 2, 3, 3, 4]"
MSC,557,"Спец: [1, 1, 2, 2, 2, 2, 3, 3, 4, 3, 4] != Общий: [1, 1, 2, 2, 2, 2, 3, 3, 3, 3, 4]"
MSC,558,"Спец: [1, 1, 2, 2, 3, 3, 4, 3, 4] != Общий: [1, 1, 2, 2, 3, 3, 3, 3, 4]"
MSC,559,"Спец: [1, 1, 2, 2, 3, 3, 4, 3, 4] != Общий: [1, 1, 2, 2, 3, 3, 3, 3, 4]"
MSC,560,"Спец: [1, 1, 2, 2, 3, 3, 4, 3, 4] != Общий: [1, 1, 2, 2, 3, 3, 3, 3, 4]"
MSC,561,"Спец: [1, 1, 3, 4] != Общий: [1, 1, 1, 1]"
MSC,562,"Спец: [1, 1, 2, 2, 3, 3, 3, 3, 4, 3, 3, 3, 4, 3, 4] != Общий: [1, 1, 2, 2, 3, 3, 3, 3, 3, 3, 3, 3, 3, 3, 4]"
MSC,563,"Спец: [1, 1, 2, 2, 3, 3, 4, 3, 4] != Общий: [1, 1, 2, 2, 3, 3, 3, 3, 4]"
MSC,567,"Спец: [1, 1, 2, 3, 4] != Общий: [1, 1, 2, 2, 2]"
MSC,568,"Спец: [1, 1, 2, 2, 3, 3, 4] != Общий: [1, 1, 2, 2, 3, 3, 3]"
MSC,569,"Спец: [1, 1, 2, 3, 3, 4] != Общий: [1, 1, 2, 2, 3, 4]"
MSC,570,"Спец: [1, 2, 2, 2, 2, 3] != Общий: [1, 1, 2, 2, 2, 2]"
MSC,574,"Спец: [1, 1, 2, 2, 2, 3, 4] != Общий: [1, 1, 2, 2, 3, 3, 4]"
MSC,578,"Спец: [1, 1, 2, 2, 2, 3, 4] != Общий: [1, 1, 2, 2, 3, 3, 4]"
MSC,579,"Спец: [1, 1, 2, 2, 3] != Общий: [1, 1, 2, 2, 2]"
MSC,581,"Спец: [1, 1, 2, 2, 3, 3, 4] != Общий: [1, 1, 2, 2, 3, 3, 3]"
MSC,585,"Спец: [1, 1, 2, 2, 3, 3, 4, 3, 4] != Общий: [1, 1, 2, 2, 3, 3, 3, 3, 4]"
MSC,588,"Спец: [1, 1, 2, 2, 2, 3, 4] != Общий: [1, 1, 2, 2, 3, 3, 4]"
MSC,590,"Спец: [1, 1, 2, 2, 2, 3, 4] != Общий: [1, 1, 2, 2, 3, 3, 4]"
MSC,591,"Спец: [1, 2, 2, 2, 2, 3] != Общий: [1, 1, 2, 2, 2, 2]"
MSC,592,"Спец: [1, 1, 2, 3, 3, 4] != Общий: [1, 1, 2, 2, 3, 4]"
MSC,593,"Спец: [1, 1, 2, 2, 3, 3, 4, 3, 4] != Общий: [1, 1, 2, 2, 3, 3, 3, 3, 4]"
MSC,594,"Спец: [1, 1, 2, 2, 3, 3, 4, 3, 4] != Общий: [1, 1, 2, 2, 3, 3, 3, 3, 4]"
MSC,595,"Спец: [1, 1, 2, 2, 3, 3, 4, 3, 4] != Общий: [1, 1, 2, 2, 3, 3, 3, 3, 4]"
MSC,597,"Спец: [1, 1, 2, 2, 2] != Общий: [1, 1, 2, 2, 3]"
MSC,598,"Спец: [1, 1, 2, 2, 3, 3, 4, 3, 4] != Общий: [1, 1, 2, 2, 3, 3, 3, 3, 4]"
MSC,599,"Спец: [1, 1, 2, 2, 3, 3, 4] != Общий: [1, 1, 2, 2, 3, 3, 3]"
MSC,602,"Спец: [1, 1, 2, 2, 3, 3, 4, 3, 4] != Общий: [1, 1, 2, 2, 3, 3, 3, 3, 4]"
MSC,605,"Спец: [1, 1, 2, 2, 2, 3, 4] != Общий: [1, 1, 2, 2, 3, 3, 4]"
MSC,606,"Спец: [1, 1, 2, 2, 3, 3, 4, 3, 4] != Общий: [1, 1, 2, 2, 3, 3, 3, 3, 4]"
MSC,609,"Спец: [1, 1, 2, 3, 4] != Общий: [1, 1, 2, 2, 2]"
MSC,610,"Спец: [1, 2, 2, 2, 2, 3] != Общий: [1, 1, 2, 2, 2, 2]"
MSC,611,"Спец: [1, 1, 2, 3, 3, 4] != Общий: [1, 1, 2, 2, 3, 4]"
MSC,614,"Спец: [1, 1, 2, 2, 2, 3, 4] != Общий: [1, 1, 2, 2, 3, 3, 4]"
MSC,615,"Спец: [1, 1, 2, 2, 3, 3, 4, 3, 4] != Общий: [1, 1, 2, 2, 3, 3, 3, 3, 4]"
MSC,618,"Спец: [1, 1, 2, 2, 3, 3, 4, 3, 4] != Общий: [1, 1, 2, 2, 3, 3, 3, 3, 4]"
MSC,619,"Спец: [1, 1, 2, 2, 3, 3, 4] != Общий: [1, 1, 2, 2, 3, 3, 3]"
MSC,620,"Спец: [1, 1, 2, 2, 3, 3, 4, 3, 4] != Общий: [1, 1, 2, 2, 3, 3, 3, 3, 4]"
MSC,622,"Спец: [1, 1, 2, 2, 3, 3, 3, 3, 4, 3, 4] != Общий: [1, 1, 2, 2, 3, 3, 3, 3, 3, 3, 4]"
MSC,623,"Спец: [1, 1, 2, 2, 3, 3, 4, 3, 4] != Общий: [1, 1, 2, 2, 3, 3, 3, 3, 4]"
MSC,624,"Спец: [1, 1, 2, 2, 3, 3, 4] != Общий: [1, 1, 2, 2, 3, 3, 3]"
MSC,629,"Спец: [1, 1, 2, 2, 3, 3, 4, 3, 4] != Общий: [1, 1, 2, 2, 3, 3, 3, 3, 4]"
MSC,630,"Спец: [1, 1, 2, 2, 3, 3, 4] != Общий: [1, 1, 2, 2, 3, 3, 3]"
MSC,631,"Спец: [1, 1, 2, 2, 3, 3, 4, 3, 4] != Общий: [1, 1, 2, 2, 3, 3, 3, 3, 4]"
MSC,633,"Спец: [1, 2, 2, 2, 2, 3] != Общий: [1, 1, 2, 2, 2, 2]"
MSC,634,"Спец: [1, 1, 2, 3, 3, 4] != Общий: [1, 1, 2, 2, 3, 4]"
MSC,635,"Спец: [1, 1, 2, 2, 3, 3, 4, 3, 4] != Общий: [1, 1, 2, 2, 3, 3, 3, 3, 4]"
MSC,636,"Спец: [1, 1, 2, 2, 3, 3, 4, 4, 4, 4] != Общий: [1, 1, 2, 2, 3, 3, 4, 5, 5, 5]"
MSC,637,"Спец: [1, 1, 2, 2, 3, 4, 4, 4, 4, 4, 3, 4] != Общий: [1, 1, 2, 2, 2, 2, 2, 2, 2, 3, 3, 4]"
MSC,638,"Спец: [1, 1, 2, 2, 3, 3, 4, 3, 4] != Общий: [1, 1, 2, 2, 3, 3, 3, 3, 4]"
MSC,639,"Спец: [1, 1, 2, 2, 3, 3, 4, 4, 4, 4] != Общий: [1, 1, 2, 2, 3, 3, 4, 5, 5, 5]"
MSC,640,"Спец: [1, 1, 2, 2, 3] != Общий: [1, 1, 2, 2, 2]"
MSC,641,"Спец: [1, 1, 2, 2, 3, 3, 4, 3, 4] != Общий: [1, 1, 2, 2, 3, 3, 3, 3, 4]"
MSC,642,"Спец: [1, 1, 2, 2, 3, 3, 4, 3, 4] != Общий: [1, 1, 2, 2, 3, 3, 3, 3, 4]"
MSC,643,"Спец: [1, 1, 2, 2, 3, 3, 4, 3, 4] != Общий: [1, 1, 2, 2, 3, 3, 3, 3, 4]"
MSC,645,"Спец: [1, 1, 2, 2, 3, 3, 3, 3, 4, 3, 4, 3, 4] != Общий: [1, 1, 2, 2, 3, 3, 3, 3, 3, 3, 3, 3, 4]"
MSC,647,"Спец: [1, 1, 2, 2, 3, 3, 4, 3, 4] != Общий: [1, 1, 2, 2, 3, 3, 3, 3, 4]"
MSC,648,"Спец: [1, 1, 2, 2, 3, 3, 4, 3, 4] != Общий: [1, 1, 2, 2, 3, 3, 3, 3, 4]"
MSC,651,"Спец: [1, 1, 2, 2, 3, 3, 4, 3, 4] != Общий: [1, 1, 2, 2, 3, 3, 3, 3, 4]"
MSC,653,"Спец: [1, 1, 2, 2, 3, 3, 4, 3, 4] != Общий: [1, 1, 2, 2, 3, 3, 3, 3, 4]"
MSC,654,"Спец: [1, 1, 2, 2, 3, 3, 4, 3, 4, 3, 4] != Общий: [1, 1, 2, 2, 3, 3, 3, 3, 3, 3, 4]"
MSC,655,"Спец: [1, 2, 2, 2, 2, 3] != Общий: [1, 1, 2, 2, 2, 2]"
MSC,656,"Спец: [1, 1, 2, 3, 3, 4] != Общий: [1, 1, 2, 2, 3, 4]"
MSC,660,"Спец: [1, 1, 2, 2, 3] != Общий: [1, 1, 2, 2, 2]"
MSC,664,"Спец: [1, 1, 2, 2, 3, 3, 4, 3, 4] != Общий: [1, 1, 2, 2, 3, 3, 3, 3, 4]"
MSC,665,"Спец: [1, 1, 2, 2, 3, 3, 4, 3, 4] != Общий: [1, 1, 2, 2, 3, 3, 3, 3, 4]"
MSC,668,"Спец: [1, 1, 2, 2, 3, 3, 4, 3, 4] != Общий: [1, 1, 2, 2, 3, 3, 3, 3, 4]"
MSC,669,"Спец: [1, 1, 2, 2, 2, 3, 4] != Общий: [1, 1, 2, 2, 3, 3, 4]"
MSC,670,"Спец: [1, 1, 2, 2, 3, 4, 4, 4, 4] != Общий: [1, 1, 2, 2, 2, 2, 2, 2, 2]"
MSC,673,"Спец: [1, 1, 2, 2, 3, 3, 4, 3, 4] != Общий: [1, 1, 2, 2, 3, 3, 3, 3, 4]"
MSC,674,"Спец: [1, 1, 2, 2, 2, 3, 4] != Общий: [1, 1, 2, 2, 3, 3, 4]"
MSC,675,"Спец: [1, 1, 2, 3, 3, 4] != Общий: [1, 1, 2, 2, 3, 4]"
MSC,676,"Спец: [1, 2, 2, 2, 2, 3] != Общий: [1, 1, 2, 2, 2, 2]"
MSC,678,"Спец: [1, 1, 2, 2, 3, 3, 4, 3, 4] != Общий: [1, 1, 2, 2, 3, 3, 3, 3, 4]"
MSC,679,"Спец: [1, 1, 2, 2, 2, 2, 3, 3, 4, 3, 4] != Общий: [1, 1, 2, 2, 2, 2, 3, 3, 3, 3, 4]"
MSC,681,"Спец: [1, 1, 2, 2, 3, 3, 4, 3, 4] != Общий: [1, 1, 2, 2, 3, 3, 3, 3, 4]"
MSC,683,"Спец: [1, 1, 2, 2, 3, 3] != Общий: [1, 1, 2, 2, 2, 2]"
MSC,684,"Спец: [1, 1, 2, 2, 2, 2, 3, 3, 4] != Общий: [1, 1, 2, 2, 2, 2, 2, 3, 3]"
MSC,686,"Спец: [1, 1, 2, 2, 2, 2, 3, 3, 4, 3, 4] != Общий: [1, 1, 2, 2, 2, 2, 3, 3, 3, 3, 3]"
MSC,687,"Спец: [1, 1, 3, 4] != Общий: [1, 1, 1, 1]"
MSC,689,"Спец: [1, 1, 3, 4] != Общий: [1, 1, 1, 1]"
MSC,690,"Спец: [1, 1, 2, 2, 2, 2, 2, 2, 3, 3, 4, 3, 4] != Общий: [1, 1, 2, 2, 2, 2, 2, 2, 3, 3, 3, 3, 4]"
MSC,692,"Спец: [1, 1, 2, 2, 3, 3, 4, 3, 4] != Общий: [1, 1, 2, 2, 3, 3, 3, 3, 4]"
MSC,693,"Спец: [1, 1, 2, 2, 3, 3, 4] != Общий: [1, 1, 2, 2, 3, 3, 3]"
MSC,695,"Спец: [1, 2, 2, 2, 2, 3] != Общий: [1, 1, 2, 2, 2, 2]"
MSC,696,"Спец: [1, 1, 2, 3, 3, 4] != Общий: [1, 1, 2, 2, 3, 4]"
MSC,698,"Спец: [1, 1, 2, 2, 2, 3, 3, 4] != Общий: [1, 1, 2, 2, 3, 3, 3, 4]"
MSC,701,"Спец: [1, 1, 2, 2, 3, 3, 4, 3, 4, 4, 4] != Общий: [1, 1, 2, 2, 3, 3, 3, 3, 4, 5, 5]"
MSC,702,"Спец: [1, 1, 2, 3, 3, 4] != Общий: [1, 1, 2, 2, 3, 4]"
MSC,703,"Спец: [1, 1, 2, 2, 3, 3, 4, 3, 4, 4, 4] != Общий: [1, 1, 2, 2, 3, 3, 3, 3, 4, 5, 5]"
MSC,704,"Спец: [1, 1, 2, 3, 4] != Общий: [1, 1, 2, 2, 2]"
MSC,705,"Спец: [1, 1, 3, 4] != Общий: [1, 1, 1, 1]"
MSC,706,"Спец: [1, 1, 2, 2, 3, 3, 4, 3, 4] != Общий: [1, 1, 2, 2, 3, 3, 3, 3, 4]"
MSC,707,"Спец: [1, 1, 2, 2, 3, 3, 3, 3, 4, 3, 3, 3, 4, 3, 4] != Общий: [1, 1, 2, 2, 3, 3, 3, 3, 3, 3, 3, 3, 3, 3, 4]"
MSC,708,"Спец: [1, 1, 2, 2, 3, 3, 4, 3, 4] != Общий: [1, 1, 2, 2, 3, 3, 3, 3, 4]"
MSC,710,"Спец: [1, 2, 2, 2, 2, 3] != Общий: [1, 1, 2, 2, 2, 2]"
MSC,711,"Спец: [1, 1, 2, 3, 3, 4] != Общий: [1, 1, 2, 2, 3, 4]"
MSC,712,"Спец: [1, 1, 2, 2, 3, 3, 4, 3, 4] != Общий: [1, 1, 2, 2, 3, 3, 3, 3, 4]"
MSC,713,"Спец: [1, 1, 2, 2, 3] != Общий: [1, 1, 2, 2, 2]"
MSC,720,"Спец: [1, 1, 1, 2, 3, 4, 4, 4, 4, 3, 4] != Общий: [1, 1, 3, 3, 3, 3, 3, 3, 3, 3, 4]"
MSC,723,"Спец: [1, 1, 2, 2, 3, 3, 4, 3, 4] != Общий: [1, 1, 2, 3, 3, 3, 3, 3, 4]"
MSC,724,"Спец: [1, 1, 2, 2, 3, 3, 4, 3, 4] != Общий: [1, 1, 2, 3, 3, 3, 3, 3, 4]"
MSC,725,"Спец: [1, 1, 2, 2, 3, 3, 4, 3, 4] != Общий: [1, 1, 2, 3, 3, 3, 3, 3, 4]"
MSC,726,"Спец: [1, 1, 2, 2, 3, 3, 4, 3, 4] != Общий: [1, 1, 2, 3, 3, 3, 3, 3, 4]"
MSC,748,"Спец: [1, 1, 2, 2, 3, 3, 4] != Общий: [1, 1, 2, 2, 3, 3, 3]"
MSC,749,"Спец: [1, 1, 2, 2, 3, 3, 4] != Общий: [1, 1, 2, 2, 3, 3, 3]"
MSC,752,"Спец: [1, 1, 2, 2, 2, 3, 4] != Общий: [1, 1, 2, 2, 3, 3, 4]"
MSC,753,"Спец: [1, 1, 2, 3, 3, 4] != Общий: [1, 1, 2, 2, 3, 4]"
MSC,754,"Спец: [1, 1, 2, 3, 3, 4] != Общий: [1, 1, 2, 2, 3, 4]"
MSC,755,"Спец: [1, 1, 2, 3, 4] != Общий: [1, 1, 2, 2, 2]"
MSC,756,"Спец: [1, 1, 3, 4] != Общий: [1, 1, 1, 1]"
MSC,757,"Спец: [1, 1, 2, 2, 2, 2, 3, 3, 4, 4, 4, 5, 5] != Общий: [1, 1, 2, 2, 2, 2, 3, 3, 4, 5, 5, 5, 5]"
MSC,758,"Спец: [1, 1, 2, 2, 2, 3, 4] != Общий: [1, 1, 2, 2, 3, 3, 4]"
MSC,760,"Спец: [1, 1, 2, 2, 2, 3, 4] != Общий: [1, 1, 2, 2, 3, 3, 4]"
MSC,762,"Спец: [1, 1, 2, 2, 2, 2, 3, 3, 4, 3, 4] != Общий: [1, 1, 2, 2, 2, 2, 3, 3, 3, 3, 3]"
MSC,764,"Спец: [1, 2, 2, 2, 2, 3] != Общий: [1, 1, 2, 2, 2, 2]"
MSC,765,"Спец: [1, 1, 2, 3, 3, 4] != Общий: [1, 1, 2, 2, 3, 4]"
MSC,766,"Спец: [1, 1, 2, 2, 3, 3, 4, 3, 4] != Общий: [1, 1, 2, 2, 3, 3, 3, 3, 4]"
MSC,767,"Спец: [1, 1, 2, 2, 3, 3, 4] != Общий: [1, 1, 2, 2, 3, 3, 3]"
MSC,768,"Спец: [1, 1, 2, 2, 3, 3, 4] != Общий: [1, 1, 2, 2, 3, 3, 3]"
MSC,769,"Спец: [1, 1, 2, 2, 2, 2, 2, 2, 2, 3, 4, 3, 4] != Общий: [1, 1, 2, 2, 2, 2, 2, 2, 3, 3, 3, 3, 4]"
MSC,771,"Спец: [1, 1, 3, 3, 4] != Общий: [1, 1, 1, 3, 4]"
MSC,772,"Спец: [1, 1, 2, 2, 3, 3, 4] != Общий: [1, 1, 2, 2, 3, 3, 3]"
MSC,773,"Спец: [1, 1, 2, 2, 3, 4, 4, 4, 3, 4] != Общий: [1, 1, 2, 2, 2, 2, 2, 3, 3, 4]"
MSC,774,"Спец: [1, 1, 2, 2, 3, 3, 3, 3, 4, 3, 4] != Общий: [1, 1, 2, 2, 3, 3, 3, 3, 3, 3, 4]"
MSC,776,"Спец: [1, 1, 2, 2, 3, 3, 4, 3, 4, 5] != Общий: [1, 1, 2, 2, 3, 3, 3, 3, 4, 5]"
MSC,777,"Спец: [1, 1, 2, 2, 3, 3, 4, 3, 4] != Общий: [1, 1, 2, 2, 3, 3, 3, 3, 4]"
MSC,778,"Спец: [1, 1, 2, 2, 3, 3, 4, 3, 4] != Общий: [1, 1, 2, 2, 3, 3, 3, 3, 4]"
MSC,780,"Спец: [1, 2, 2, 2, 2, 3] != Общий: [1, 1, 2, 2, 2, 2]"
MSC,781,"Спец: [1, 1, 2, 3, 3, 4] != Общий: [1, 1, 2, 2, 3, 4]"
MSC,783,"Спец: [1, 1, 2, 3, 3, 4] != Общий: [1, 1, 2, 2, 3, 4]"
MSC,787,"Спец: [1, 1, 2, 2, 3, 3, 4, 3, 4] != Общий: [1, 1, 2, 2, 3, 3, 3, 3, 4]"
MSC,788,"Спец: [1, 1, 2, 2, 3, 3, 4, 3, 4] != Общий: [1, 1, 2, 2, 3, 3, 3, 3, 4]"
MSC,790,"Спец: [1, 1, 2, 2, 3, 3, 4] != Общий: [1, 1, 2, 2, 3, 3, 3]"
MSC,793,"Спец: [1, 1, 3, 3, 4] != Общий: [1, 1, 1, 3, 4]"
MSC,794,"Спец: [1, 1, 2, 2, 3, 3, 4, 3, 4] != Общий: [1, 1, 2, 2, 3, 3, 3, 3, 4]"
MSC,795,"Спец: [1, 1, 2, 2, 3, 3, 4] != Общий: [1, 1, 2, 2, 3, 3, 3]"
MSC,797,"Спец: [1, 1, 2, 2, 3, 3, 4, 3, 4] != Общий: [1, 1, 2, 2, 3, 3, 3, 3, 4]"
MSC,798,"Спец: [1, 2, 2, 2, 2, 3] != Общий: [1, 1, 2, 2, 2, 2]"
MSC,799,"Спец: [1, 1, 2, 3, 3, 4] != Общий: [1, 1, 2, 2, 3, 4]"
MSC,803,"Спец: [1, 1, 2, 2, 3, 3, 4, 3, 4] != Общий: [1, 1, 2, 2, 3, 3, 3, 3, 4]"
MSC,804,"Спец: [1, 1, 2, 2, 3, 3, 4, 3, 4] != Общий: [1, 1, 2, 2, 3, 3, 3, 3, 4]"
MSC,808,"Спец: [1, 1, 2, 2, 3, 3, 4, 3, 4] != Общий: [1, 1, 2, 2, 3, 3, 3, 3, 4]"
MSC,809,"Спец: [1, 1, 2, 3, 4] != Общий: [1, 1, 2, 2, 2]"
MSC,810,"Спец: [1, 1, 2, 3, 4] != Общий: [1, 1, 2, 2, 2]"
MSC,811,"Спец: [1, 1, 2, 2, 2, 3, 4] != Общий: [1, 1, 2, 2, 3, 3, 4]"
MSC,815,"Спец: [1, 1, 2, 2, 3, 3, 4] != Общий: [1, 1, 2, 2, 3, 3, 3]"
MSC,816,"Спец: [1, 1, 2, 2, 2, 3, 4] != Общий: [1, 1, 2, 2, 3, 3, 4]"
MSC,817,"Спец: [1, 1, 2, 2, 3, 3, 4, 3, 4, 4, 4, 4] != Общий: [1, 1, 2, 2, 3, 3, 3, 3, 4, 5, 5, 5]"
MSC,821,"Спец: [1, 1, 2, 2, 3, 3, 4, 3, 4] != Общий: [1, 1, 2, 2, 3, 3, 3, 3, 4]"
MSC,823,"Спец: [1, 1, 2, 2, 3, 3, 3, 3, 4] != Общий: [1, 1, 2, 2, 3, 3, 3, 3, 3]"
MSC,824,"Спец: [1, 1, 2, 2, 3, 3, 4, 3, 4] != Общий: [1, 1, 2, 2, 3, 3, 3, 3, 4]"
MSC,830,"Спец: [1, 1, 2, 2, 2] != Общий: [1, 1, 2, 2, 3]"
MSC,831,"Спец: [1, 1, 3, 3, 4] != Общий: [1, 1, 1, 3, 4]"
MSC,832,"Спец: [1, 1, 2, 2, 3, 4, 4, 4, 3, 4] != Общий: [1, 1, 2, 2, 2, 2, 2, 3, 3, 4]"
MSC,833,"Спец: [1, 1, 2, 2, 3, 3, 4, 3, 4] != Общий: [1, 1, 2, 2, 3, 3, 3, 3, 4]"
MSC,834,"Спец: [1, 1, 2, 2, 3, 4, 4, 4, 3, 4, 3, 3, 4] != Общий: [1, 1, 2, 2, 2, 2, 2, 3, 3, 3, 3, 3, 4]"
MSC,836,"Спец: [1, 1, 2, 2, 2, 3, 4] != Общий: [1, 1, 2, 2, 3, 3, 4]"
MSC,837,"Спец: [1, 2, 2, 2, 2, 3] != Общий: [1, 1, 2, 2, 2, 2]"
MSC,840,"Спец: [1, 1, 2, 2, 3, 4, 4, 4, 3, 4] != Общий: [1, 1, 2, 2, 2, 2, 2, 3, 3, 4]"
MSC,841,"Спец: [1, 1, 2, 2, 3, 3, 4] != Общий: [1, 1, 2, 2, 3, 3, 3]"
MSC,844,"Спец: [1, 1, 2, 2, 3, 3, 4, 4, 4, 3, 4] != Общий: [1, 1, 2, 2, 2, 2, 2, 2, 3, 3, 4]"
MSC,845,"Спец: [1, 1, 2, 3, 3, 4] != Общий: [1, 1, 2, 2, 3, 4]"
MSC,846,"Спец: [1, 1, 2, 2, 3, 3, 4, 3, 4] != Общий: [1, 1, 2, 2, 3, 3, 3, 3, 4]"
MSC,847,"Спец: [1, 1, 2, 2, 3, 3, 4, 3, 4, 3, 4, 3, 4] != Общий: [1, 1, 2, 2, 3, 3, 3, 3, 3, 3, 3, 3, 4]"
MSC,848,"Спец: [1, 1, 2, 2, 3, 3, 4, 3, 4] != Общий: [1, 1, 2, 2, 3, 3, 3, 3, 4]"
MSC,849,"Спец: [1, 1, 2, 2, 3, 3, 4, 3, 4] != Общий: [1, 1, 2, 2, 3, 3, 3, 3, 4]"
MSC,850,"Спец: [1, 1, 2, 2, 3, 3, 4, 3, 4, 3, 4, 3, 4] != Общий: [1, 1, 2, 2, 3, 3, 3, 3, 3, 3, 3, 3, 4]"
MSC,851,"Спец: [1, 1, 2, 2, 3, 4, 4, 4, 3, 4, 5, 5] != Общий: [1, 1, 2, 2, 2, 2, 2, 3, 3, 4, 5, 5]"
MSC,852,"Спец: [1, 1, 2, 2, 3, 3, 3, 3, 4, 5] != Общий: [1, 1, 2, 2, 3, 3, 3, 4, 4, 5]"
MSC,853,"Спец: [1, 1, 2, 2, 3, 3, 4, 3, 4] != Общий: [1, 1, 2, 2, 3, 3, 3, 3, 4]"
MSC,855,"Спец: [1, 1, 2, 2, 3, 3, 4, 3, 4] != Общий: [1, 1, 2, 2, 3, 3, 3, 3, 4]"
MSC,857,"Спец: [1, 1, 2, 2, 3, 3, 4, 3, 4] != Общий: [1, 1, 2, 2, 3, 3, 3, 3, 4]"
MSC,859,"Спец: [1, 1, 2, 2, 3, 3, 4, 3, 4, 3, 3, 3, 4, 3, 4] != Общий: [1, 1, 2, 2, 3, 3, 3, 3, 3, 3, 3, 3, 3, 3, 4]"
MSC,863,"Спец: [1, 1, 2, 2, 3, 3, 4, 3, 4, 5, 5] != Общий: [1, 1, 2, 2, 3, 3, 3, 3, 4, 5, 5]"
MSC,864,"Спец: [1, 1, 2, 2, 3, 3, 4, 3, 4] != Общий: [1, 1, 2, 2, 3, 3, 3, 3, 4]"
MSC,865,"Спец: [1, 1, 2, 2, 3, 3, 4, 3, 4, 3, 3, 3, 4, 3, 4] != Общий: [1, 1, 2, 2, 3, 3, 3, 3, 3, 3, 3, 3, 3, 3, 4]"
MSC,868,"Спец: [1, 1, 2, 2, 3, 3, 4, 3, 4] != Общий: [1, 1, 2, 2, 3, 3, 3, 3, 4]"
MSC,870,"Спец: [1, 1, 2, 2, 3, 3, 4, 3, 4] != Общий: [1, 1, 2, 2, 3, 3, 3, 3, 4]"
MSC,871,"Спец: [1, 1, 2, 2, 2, 3, 4] != Общий: [1, 1, 2, 2, 3, 3, 4]"
MSC,874,"Спец: [1, 1, 2, 2, 3, 3, 3, 3, 4, 3, 4] != Общий: [1, 1, 2, 2, 3, 3, 3, 3, 3, 3, 4]"
MSC,876,"Спец: [1, 1, 2, 2, 2, 3, 4] != Общий: [1, 1, 2, 2, 3, 3, 4]"
MSC,877,"Спец: [1, 1, 2, 2, 3, 3, 4, 3, 4] != Общий: [1, 1, 2, 2, 3, 3, 3, 3, 4]"
MSC,878,"Спец: [1, 1, 2, 2, 2, 3, 4] != Общий: [1, 1, 2, 2, 3, 3, 4]"
MSC,883,"Спец: [1, 2, 2, 2, 2, 3] != Общий: [1, 1, 2, 2, 2, 2]"
MSC,884,"Спец: [1, 1, 2, 3, 3, 4] != Общий: [1, 1, 2, 2, 3, 4]"
MSC,885,"Спец: [1, 1, 2, 2, 3, 3, 4] != Общий: [1, 1, 2, 3, 3, 3, 4]"
MSC,887,"Спец: [1, 1, 2, 2, 3, 3, 4, 3, 4] != Общий: [1, 1, 2, 2, 3, 3, 3, 3, 4]"
MSC,888,"Спец: [1, 1, 2, 3, 4] != Общий: [1, 1, 2, 2, 2]"
MSC,889,"Спец: [1, 1, 3, 3, 4] != Общий: [1, 1, 1, 3, 4]"
MSC,890,"Спец: [1, 1, 2, 2, 3, 3, 4, 3, 4, 3, 4] != Общий: [1, 1, 2, 2, 3, 3, 3, 3, 3, 3, 4]"
MSC,891,"Спец: [1, 1, 2, 2, 2, 3, 4] != Общий: [1, 1, 2, 2, 3, 3, 4]"
MSC,893,"Спец: [1, 1, 2, 2, 3] != Общий: [1, 1, 2, 2, 2]"
MSC,894,"Спец: [1, 1, 2, 2, 3, 3, 4, 3, 4] != Общий: [1, 1, 2, 2, 3, 3, 3, 3, 4]"
MSC,895,"Спец: [1, 1, 2, 2, 2, 3, 4] != Общий: [1, 1, 2, 2, 3, 3, 4]"
MSC,897,"Спец: [1, 2, 2, 2, 2, 3] != Общий: [1, 1, 2, 2, 2, 2]"
MSC,898,"Спец: [1, 1, 2, 3, 3, 4] != Общий: [1, 1, 2, 2, 3, 4]"
MSC,901,"Спец: [1, 1, 2, 2, 3, 3, 4, 3, 4] != Общий: [1, 1, 2, 2, 3, 3, 3, 3, 4]"
MSC,902,"Спец: [1, 1, 2, 2, 3, 3, 4, 3, 4] != Общий: [1, 1, 2, 2, 3, 3, 3, 3, 4]"
MSC,903,"Спец: [1, 1, 2, 2, 3, 3, 4, 3, 4] != Общий: [1, 1, 2, 2, 3, 3, 3, 3, 4]"
MSC,904,"Спец: [1, 1, 2, 2, 3, 3, 4, 3, 4] != Общий: [1, 1, 2, 2, 3, 3, 3, 3, 4]"
MSC,905,"Спец: [1, 1, 2, 2, 2, 3, 4] != Общий: [1, 1, 2, 2, 3, 3, 4]"
MSC,907,"Спец: [1, 1, 2, 2, 3, 3, 4] != Общий: [1, 1, 2, 3, 3, 3, 4]"
MSC,908,"Спец: [1, 1, 2, 2, 2, 3, 4] != Общий: [1, 1, 2, 2, 3, 3, 4]"
MSC,909,"Спец: [1, 1, 2, 2, 3, 3, 4, 3, 4] != Общий: [1, 1, 2, 2, 3, 3, 3, 3, 4]"
MSC,910,"Спец: [1, 2, 2, 2, 2, 3] != Общий: [1, 1, 2, 2, 2, 2]"
MSC,911,"Спец: [1, 1, 2, 3, 3, 4] != Общий: [1, 1, 2, 2, 3, 4]"
MSC,912,"Спец: [1, 1, 2, 2, 2, 3] != Общий: [1, 1, 2, 2, 3, 3]"
MSC,913,"Спец: [1, 1, 2, 2, 3, 3, 4, 3, 4] != Общий: [1, 1, 2, 2, 3, 3, 3, 3, 4]"
MSC,914,"Спец: [1, 1, 2, 2, 2, 3, 4] != Общий: [1, 1, 2, 2, 3, 3, 4]"
MSC,915,"Спец: [1, 1, 2, 2, 3, 3, 4, 4, 4, 4, 4, 5, 5] != Общий: [1, 1, 2, 2, 2, 2, 2, 2, 2, 2, 2, 2, 2]"
MSC,916,"Спец: [1, 1, 3, 4] != Общий: [1, 1, 1, 1]"
MSC,917,"Спец: [1, 1, 3, 4] != Общий: [1, 1, 1, 1]"
MSC,918,"Спец: [1, 1, 2, 2, 3, 4, 3, 3, 4] != Общий: [1, 1, 2, 2, 2, 2, 2, 3, 4]"
MSC,920,"Спец: [1, 2, 2, 2, 2, 3] != Общий: [1, 1, 2, 2, 2, 2]"
MSC,921,"Спец: [1, 1, 2, 3, 3, 4] != Общий: [1, 1, 2, 2, 3, 4]"
MSC,922,"Спец: [1, 1, 2, 2, 3, 3, 4, 3, 4] != Общий: [1, 1, 2, 2, 3, 3, 3, 3, 4]"
MSC,925,"Спец: [1, 1, 2, 2, 3, 3, 4, 3, 4] != Общий: [1, 1, 2, 2, 3, 3, 3, 3, 4]"
MSC,926,"Спец: [1, 1, 3, 3, 4] != Общий: [1, 1, 1, 3, 4]"
MSC,927,"Спец: [1, 1, 2, 2, 3, 3, 3, 4, 4, 3, 3, 3, 4, 5, 5] != Общий: [1, 1, 2, 2, 3, 3, 3, 4, 5, 5, 5, 5, 5, 4, 5]"
MSC,929,"Спец: [1, 1, 2, 2, 2, 2, 3, 3, 4, 3, 4] != Общий: [1, 1, 2, 2, 2, 2, 3, 3, 3, 3, 3]"
MSC,936,"Спец: [1, 1, 2, 2, 3, 3, 4, 4, 4, 3, 4] != Общий: [1, 1, 2, 2, 2, 2, 2, 2, 3, 3, 3]"
MSC,937,"Спец: [1, 1, 2, 2, 2, 3, 4] != Общий: [1, 1, 2, 2, 3, 3, 4]"
MSC,938,"Спец: [1, 1, 2, 2, 2, 3, 4] != Общий: [1, 1, 2, 2, 3, 3, 4]"
MSC,939,"Спец: [1, 1, 2, 2, 2, 3, 4] != Общий: [1, 1, 2, 2, 3, 3, 4]"
MSC,942,"Спец: [1, 1, 2, 2, 3, 3, 4, 3, 4, 4, 4] != Общий: [1, 1, 2, 2, 3, 3, 3, 3, 4, 5, 5]"
MSC,943,"Спец: [1, 1, 3, 3, 4] != Общий: [1, 1, 1, 3, 4]"
MSC,944,"Спец: [1, 1, 2, 2, 3, 3, 4, 3, 4] != Общий: [1, 1, 2, 2, 3, 3, 3, 3, 4]"
MSC,945,"Спец: [1, 1, 2, 2, 3, 3, 3, 3, 4, 3, 4] != Общий: [1, 1, 2, 2, 3, 3, 3, 3, 3, 3, 4]"
MSC,946,"Спец: [1, 1, 2, 2, 3, 3, 4, 3, 4] != Общий: [1, 1, 2, 2, 3, 3, 3, 3, 4]"
MSC,947,"Спец: [1, 1, 2, 2, 3, 3, 4, 3, 4] != Общий: [1, 1, 2, 2, 3, 3, 3, 3, 4]"
MSC,948,"Спец: [1, 1, 2, 2, 3, 3, 4, 3, 4] != Общий: [1, 1, 2, 2, 3, 3, 3, 3, 4]"
MSC,949,"Спец: [1, 1, 2, 3, 3, 4] != Общий: [1, 1, 2, 2, 3, 4]"
MSC,950,"Спец: [1, 2, 2, 2, 2, 3] != Общий: [1, 1, 2, 2, 2, 2]"
MSC,951,"Спец: [1, 1, 2, 2, 3, 3, 4, 4, 4] != Общий: [1, 1, 2, 2, 2, 2, 2, 2, 2]"
MSC,952,"Спец: [1, 1, 2, 3, 3] != Общий: [1, 1, 2, 2, 2]"
MSC,953,"Спец: [1, 1, 2, 2, 3, 3, 3, 3, 4, 3, 4] != Общий: [1, 1, 2, 2, 3, 3, 3, 3, 3, 3, 4]"
MSC,956,"Спец: [1, 1, 2, 2, 3, 3, 4, 5, 5] != Общий: [1, 1, 2, 3, 3, 3, 4, 5, 5]"
MSC,957,"Спец: [1, 1, 2, 2, 3, 3, 4, 3, 4, 3] != Общий: [1, 1, 2, 2, 3, 3, 3, 3, 3, 3]"
MSC,958,"Спец: [1, 1, 2, 2, 3] != Общий: [1, 1, 2, 2, 2]"
MSC,960,"Спец: [1, 1, 2, 2, 3, 3, 4, 3, 4] != Общий: [1, 1, 2, 2, 3, 3, 3, 3, 4]"
MSC,961,"Спец: [1, 1, 2, 2, 3, 3, 4, 3, 3, 4] != Общий: [1, 1, 2, 2, 3, 3, 3, 3, 3, 4]"
MSC,962,"Спец: [1, 2, 2, 2, 2, 2] != Общий: [1, 1, 2, 2, 2, 2]"
MSC,963,"Спец: [1, 1, 2, 3, 3, 4] != Общий: [1, 1, 2, 2, 3, 4]"
MSC,964,"Спец: [1, 1, 2, 2, 2, 3, 4] != Общий: [1, 1, 2, 2, 3, 3, 4]"
MSC,965,"Спец: [1, 1, 2, 2, 3] != Общий: [1, 1, 2, 2, 2]"
MSC,966,"Спец: [1, 1, 2, 2, 3, 3] != Общий: [1, 1, 2, 2, 2, 2]"
MSC,968,"Спец: [1, 1, 2, 3, 3, 4] != Общий: [1, 1, 2, 2, 3, 4]"
MSC,969,"Спец: [1, 2, 2, 2, 2, 2] != Общий: [1, 1, 2, 2, 2, 2]"
MSC,970,"Спец: [1, 1, 2, 3, 4] != Общий: [1, 1, 2, 2, 3]"
MSC,971,"Спец: [1, 1, 2, 3, 4] != Общий: [1, 1, 2, 2, 2]"
MSC,972,"Спец: [1, 1, 2, 3, 3, 4] != Общий: [1, 1, 2, 2, 3, 4]"
MSC,973,"Спец: [1, 2, 2, 2, 2, 2] != Общий: [1, 1, 2, 2, 2, 2]"
MSC,974,"Спец: [1, 1, 2, 2, 2, 3, 4] != Общий: [1, 1, 2, 2, 3, 3, 4]"
MSC,976,"Спец: [1, 1, 2, 2, 3, 3, 4, 4, 4] != Общий: [1, 1, 2, 2, 2, 2, 2, 2, 3]"
MSC,977,"Спец: [1, 1, 2, 2, 2, 3, 4] != Общий: [1, 1, 2, 2, 3, 3, 4]"
MSC,978,"Спец: [1, 1, 2, 2, 3, 3, 4, 4, 4, 3, 4] != Общий: [1, 1, 2, 2, 2, 2, 2, 2, 3, 3, 3]"
MSC,979,"Спец: [1, 1, 2, 2, 3, 3, 4, 3, 4] != Общий: [1, 1, 2, 2, 3, 3, 3, 3, 4]"
MSC,982,"Спец: [1, 1, 2, 2, 3, 4, 4, 4, 3, 4, 3, 4] != Общий: [1, 1, 2, 2, 2, 2, 2, 3, 3, 3, 3, 4]"
MSC,983,"Спец: [1, 1, 2, 2, 3, 3, 4, 3, 4, 4, 4, 4] != Общий: [1, 1, 2, 2, 3, 3, 3, 3, 4, 5, 5, 5]"
MSC,985,"Спец: [1, 1, 2, 2, 3, 4, 4, 4, 3, 4] != Общий: [1, 1, 2, 2, 2, 2, 2, 3, 3, 4]"
MSC,986,"Спец: [1, 1, 2, 2, 2, 3, 4] != Общий: [1, 1, 2, 2, 3, 3, 4]"
MSC,987,"Спец: [1, 1, 2, 2, 3, 3, 4, 3, 4, 4] != Общий: [1, 1, 2, 2, 3, 3, 3, 3, 4, 5]"
MSC,989,"Спец: [1, 1, 2, 2, 3, 3, 4, 3, 4] != Общий: [1, 1, 2, 2, 3, 3, 3, 3, 4]"
MSC,990,"Спец: [1, 1, 2, 2, 2] != Общий: [1, 1, 2, 2, 3]"
MSC,991,"Спец: [1, 1, 2, 2, 2, 3, 4] != Общий: [1, 1, 2, 2, 3, 3, 4]"
MSC,992,"Спец: [1, 1, 2, 2, 3, 3, 4] != Общий: [1, 1, 2, 2, 3, 3, 3]"
MSC,993,"Спец: [1, 1, 2, 2, 3, 3, 4, 3, 4, 4] != Общий: [1, 1, 2, 2, 3, 3, 3, 3, 4, 5]"
MSC,994,"Спец: [1, 1, 2, 2, 2] != Общий: [1, 1, 2, 2, 3]"
MSC,995,"Спец: [1, 1, 2, 2, 2] != Общий: [1, 1, 2, 2, 3]"
MSC,996,"Спец: [1, 1, 2, 2, 3, 3, 4, 3, 4] != Общий: [1, 1, 2, 2, 3, 3, 3, 3, 4]"
MSC,998,"Спец: [1, 1, 2, 2, 2, 3, 4] != Общий: [1, 1, 2, 2, 3, 3, 3]"
Hapag-Lloyd,1,"Спец: [1, 1, 2, 2, 3, 4, 4, 3, 3] != Общий: [1, 1, 2, 2, 3, 4, 4, 5, 5]"
Hapag-Lloyd,3,"Спец: [1, 1, 2, 2, 3, 4, 4, 3, 3] != Общий: [1, 1, 2, 2, 3, 4, 4, 5, 5]"
Hapag-Lloyd,5,"Спец: [1, 1, 2, 2, 3, 4, 4, 3, 3] != Общий: [1, 1, 2, 2, 3, 4, 4, 5, 5]"
Hapag-Lloyd,6,"Спец: [1, 1, 2, 2, 3, 4, 4, 4, 3, 4, 4, 3, 3] != Общий: [1, 1, 2, 2, 3, 3, 3, 3, 3, 4, 4, 5, 5]"
Hapag-Lloyd,7,"Спец: [1, 1, 2, 2, 3, 4, 4, 3, 3] != Общий: [1, 1, 2, 2, 3, 4, 4, 5, 5]"
Hapag-Lloyd,12,"Спец: [1, 1, 2, 2, 3, 4, 4, 3, 3] != Общий: [1, 1, 2, 2, 3, 4, 4, 5, 5]"
Hapag-Lloyd,13,"Спец: [1, 1, 2, 2, 3, 4, 4, 3, 3] != Общий: [1, 1, 2, 2, 3, 4, 4, 5, 5]"
Hapag-Lloyd,16,"Спец: [1, 1, 2, 2, 3, 4, 4, 4, 3, 4, 3, 4] != Общий: [1, 1, 2, 2, 3, 3, 4, 3, 3, 3, 3, 4]"
Hapag-Lloyd,18,"Спец: [1, 1, 2, 2, 2, 2, 3, 4] != Общий: [1, 1, 2, 2, 2, 3, 3, 4]"
Hapag-Lloyd,20,"Спец: [1, 1, 2, 2, 3, 4, 3, 4] != Общий: [1, 1, 2, 2, 3, 3, 3, 4]"
Hapag-Lloyd,21,"Спец: [1, 1, 2, 3, 4, 4, 3, 4, 3, 4] != Общий: [1, 1, 2, 2, 2, 2, 3, 3, 3, 4]"
Hapag-Lloyd,23,"Спец: [1, 1, 2, 2, 3, 4, 4, 4, 3, 4] != Общий: [1, 1, 2, 2, 3, 3, 4, 3, 3, 4]"
Hapag-Lloyd,24,"Спец: [1, 1, 2, 2, 3, 4, 4, 3, 4, 4, 3, 4] != Общий: [1, 1, 2, 2, 3, 3, 4, 5, 5, 3, 3, 4]"
Hapag-Lloyd,25,"Спец: [1, 1, 2, 2, 3, 4, 4, 4, 3, 4, 4, 3, 3] != Общий: [1, 1, 2, 2, 3, 3, 3, 3, 3, 4, 4, 5, 5]"
Hapag-Lloyd,26,"Спец: [1, 1, 2, 2, 3, 4, 4, 4, 3, 4, 3, 4] != Общий: [1, 1, 2, 2, 3, 3, 4, 3, 3, 4, 5, 5]"
Hapag-Lloyd,27,"Спец: [1, 1, 2, 2, 3, 4, 4, 4, 3, 4, 4, 3, 4] != Общий: [1, 1, 2, 2, 3, 3, 3, 3, 3, 4, 3, 3, 4]"
Hapag-Lloyd,28,"Спец: [1, 1, 2, 3, 3, 4, 4, 4, 3, 4, 4, 3, 3] != Общий: [1, 1, 2, 3, 3, 3, 3, 3, 3, 4, 4, 5, 5]"
Hapag-Lloyd,29,"Спец: [1, 1, 2, 2, 3, 4, 4, 4, 3, 4] != Общий: [1, 1, 2, 2, 3, 3, 4, 3, 3, 4]"
Hapag-Lloyd,30,"Спец: [1, 1, 2, 2, 3, 4, 4, 3, 4, 4, 3, 4, 4] != Общий: [1, 1, 2, 2, 3, 3, 3, 3, 3, 3, 3, 4, 4]"
Hapag-Lloyd,31,"Спец: [1, 1, 2, 2, 3, 4, 3, 4] != Общий: [1, 1, 2, 2, 3, 3, 3, 4]"
Hapag-Lloyd,32,"Спец: [1, 1, 2, 2, 3, 4, 4, 3, 4] != Общий: [1, 1, 2, 2, 3, 3, 4, 3, 4]"
Hapag-Lloyd,35,"Спец: [1, 1, 2, 2, 3, 4, 3, 4, 3, 4] != Общий: [1, 1, 2, 2, 3, 3, 3, 3, 3, 4]"
Hapag-Lloyd,36,"Спец: [1, 1, 2, 2, 3, 4, 3, 4] != Общий: [1, 1, 2, 2, 3, 3, 3, 4]"
Hapag-Lloyd,37,"Спец: [1, 1, 2, 2, 3, 4, 3, 4] != Общий: [1, 1, 2, 2, 3, 3, 3, 4]"
Hapag-Lloyd,38,"Спец: [1, 1, 2, 2, 3, 4, 3, 4] != Общий: [1, 1, 2, 2, 3, 3, 3, 4]"
Hapag-Lloyd,39,"Спец: [1, 1, 2, 2, 3, 4, 3, 4] != Общий: [1, 1, 2, 2, 3, 3, 3, 4]"
Hapag-Lloyd,40,"Спец: [1, 1, 2, 2, 3, 4, 3, 4] != Общий: [1, 1, 2, 2, 3, 3, 3, 4]"
Hapag-Lloyd,42,"Спец: [1, 1, 2, 2, 3, 4, 3, 4] != Общий: [1, 1, 2, 2, 3, 3, 3, 4]"
Hapag-Lloyd,43,"Спец: [1, 1, 2, 2, 3, 4, 3, 4] != Общий: [1, 1, 2, 2, 3, 3, 3, 4]"
Hapag-Lloyd,44,"Спец: [1, 1, 2, 2, 3, 4, 3, 4] != Общий: [1, 1, 2, 2, 3, 3, 3, 4]"
Hapag-Lloyd,45,"Спец: [1, 1, 2, 2, 3, 4, 3, 4] != Общий: [1, 1, 2, 2, 3, 3, 3, 4]"
Hapag-Lloyd,46,"Спец: [1, 1, 2, 2, 3, 4, 3, 4] != Общий: [1, 1, 2, 2, 3, 3, 3, 4]"
Hapag-Lloyd,47,"Спец: [1, 1, 2, 2, 3, 4, 3, 4] != Общий: [1, 1, 2, 2, 3, 3, 3, 4]"
Hapag-Lloyd,48,"Спец: [1, 1, 2, 2, 3, 4, 3, 4] != Общий: [1, 1, 2, 2, 3, 3, 3, 4]"
Hapag-Lloyd,49,"Спец: [1, 1, 2, 2, 3, 4, 3, 4] != Общий: [1, 1, 2, 2, 3, 3, 3, 4]"
Hapag-Lloyd,51,"Спец: [1, 1, 2, 2, 3, 4, 3, 4] != Общий: [1, 1, 2, 2, 3, 3, 3, 4]"
Hapag-Lloyd,52,"Спец: [1, 1, 2, 2, 3, 4, 3, 4] != Общий: [1, 1, 2, 2, 3, 3, 3, 4]"
Hapag-Lloyd,54,"Спец: [1, 1, 2, 2, 3, 4, 3, 4] != Общий: [1, 1, 2, 2, 3, 3, 3, 4]"
Hapag-Lloyd,55,"Спец: [1, 1, 2, 2, 3, 4, 3, 4] != Общий: [1, 1, 2, 2, 3, 3, 3, 4]"
Hapag-Lloyd,56,"Спец: [1, 1, 2, 2, 3, 4, 3, 4] != Общий: [1, 1, 2, 2, 3, 3, 3, 4]"
Hapag-Lloyd,57,"Спец: [1, 1, 2, 2, 3, 4, 3, 4] != Общий: [1, 1, 2, 2, 3, 3, 3, 4]"
Hapag-Lloyd,58,"Спец: [1, 1, 2, 2, 3, 4, 3, 4] != Общий: [1, 1, 2, 2, 3, 3, 3, 4]"
Hapag-Lloyd,59,"Спец: [1, 1, 2, 2, 3, 4, 4, 4, 3, 4] != Общий: [1, 1, 2, 2, 3, 3, 4, 3, 3, 4]"
Hapag-Lloyd,60,"Спец: [1, 1, 2, 2, 3, 4, 4, 4, 3, 4] != Общий: [1, 1, 2, 2, 3, 3, 4, 3, 3, 4]"
Hapag-Lloyd,61,"Спец: [1, 1, 2, 2, 3, 4, 4, 4, 3, 4] != Общий: [1, 1, 2, 2, 3, 3, 4, 3, 3, 4]"
Hapag-Lloyd,62,"Спец: [1, 1, 2, 2, 3, 4, 3, 4] != Общий: [1, 1, 2, 2, 3, 3, 3, 4]"
Hapag-Lloyd,63,"Спец: [1, 1, 2, 2, 3, 4, 3, 4] != Общий: [1, 1, 2, 2, 3, 3, 3, 4]"
Hapag-Lloyd,64,"Спец: [1, 1, 2, 2, 3, 4, 3, 4] != Общий: [1, 1, 2, 2, 3, 3, 3, 4]"
Hapag-Lloyd,65,"Спец: [1, 1, 2, 2, 3, 4, 3, 4] != Общий: [1, 1, 2, 2, 3, 3, 3, 4]"
Hapag-Lloyd,66,"Спец: [1, 1, 2, 2, 3, 4, 4, 4, 3, 4] != Общий: [1, 1, 2, 2, 3, 3, 4, 3, 3, 4]"
Hapag-Lloyd,67,"Спец: [1, 1, 2, 2, 3, 4, 4, 4, 3, 4] != Общий: [1, 1, 2, 2, 3, 3, 4, 3, 3, 4]"
Hapag-Lloyd,68,"Спец: [1, 1, 2, 2, 3, 4, 4, 4, 3, 4] != Общий: [1, 1, 2, 2, 3, 3, 4, 3, 3, 4]"
Hapag-Lloyd,69,"Спец: [1, 1, 2, 2, 3, 4, 4, 4, 3, 4] != Общий: [1, 1, 2, 2, 3, 3, 4, 3, 3, 4]"
Hapag-Lloyd,70,"Спец: [1, 1, 2, 2, 3, 4, 3, 4] != Общий: [1, 1, 2, 2, 3, 3, 3, 4]"
Hapag-Lloyd,71,"Спец: [1, 1, 2, 2, 3, 4, 4, 4, 3, 4, 3, 4] != Общий: [1, 1, 2, 2, 3, 3, 4, 3, 3, 3, 3, 4]"
Hapag-Lloyd,72,"Спец: [1, 1, 2, 2, 3, 4, 4, 4, 3, 4] != Общий: [1, 1, 2, 2, 3, 3, 4, 3, 3, 4]"
Hapag-Lloyd,73,"Спец: [1, 1, 2, 2, 3, 4, 4, 4, 3, 4] != Общий: [1, 1, 2, 2, 3, 3, 4, 3, 3, 4]"
Hapag-Lloyd,74,"Спец: [1, 1, 2, 2, 3, 4, 4, 4, 3, 4] != Общий: [1, 1, 2, 2, 3, 3, 4, 3, 3, 4]"
Hapag-Lloyd,75,"Спец: [1, 1, 2, 2, 3, 4, 4, 4, 3, 4] != Общий: [1, 1, 2, 2, 3, 3, 4, 3, 3, 4]"
Hapag-Lloyd,76,"Спец: [1, 1, 2, 2, 3, 4, 4, 4, 3, 4] != Общий: [1, 1, 2, 2, 3, 3, 4, 3, 3, 4]"
Hapag-Lloyd,77,"Спец: [1, 1, 2, 2, 3, 4, 4, 4, 3, 4, 4, 3, 4, 4, 3, 4] != Общий: [1, 1, 2, 2, 3, 3, 3, 3, 3, 3, 4, 5, 5, 3, 3, 4]"
Hapag-Lloyd,78,"Спец: [1, 1, 2, 2, 3, 4, 4, 4, 3, 4, 4, 3, 3] != Общий: [1, 1, 2, 2, 3, 3, 3, 3, 3, 4, 4, 5, 5]"
Hapag-Lloyd,79,"Спец: [1, 1, 2, 2, 3, 4, 3, 4] != Общий: [1, 1, 2, 2, 3, 3, 3, 4]"
Hapag-Lloyd,80,"Спец: [1, 1, 2, 2, 3, 4, 3, 4] != Общий: [1, 1, 2, 2, 3, 3, 3, 4]"
Hapag-Lloyd,81,"Спец: [1, 1, 2, 2, 3, 4, 3, 4] != Общий: [1, 1, 2, 2, 3, 3, 3, 4]"
Hapag-Lloyd,82,"Спец: [1, 1, 2, 2, 3, 4, 4, 4, 3, 4] != Общий: [1, 1, 2, 2, 3, 3, 4, 3, 3, 4]"
Hapag-Lloyd,83,"Спец: [1, 1, 2, 2, 3, 4, 3, 4] != Общий: [1, 1, 2, 2, 3, 3, 3, 4]"
Hapag-Lloyd,84,"Спец: [1, 1, 2, 2, 3, 4, 3, 4] != Общий: [1, 1, 2, 2, 3, 3, 3, 4]"
Hapag-Lloyd,85,"Спец: [1, 1, 2, 2, 3, 4, 4, 4, 3, 4] != Общий: [1, 1, 2, 2, 3, 3, 4, 3, 3, 4]"
Hapag-Lloyd,86,"Спец: [1, 1, 2, 2, 3, 4, 3, 4] != Общий: [1, 1, 2, 2, 3, 3, 3, 4]"
Hapag-Lloyd,87,"Спец: [1, 1, 2, 2, 3, 4, 3, 4] != Общий: [1, 1, 2, 2, 3, 3, 3, 4]"
Hapag-Lloyd,89,"Спец: [1, 1, 2, 2, 3, 4, 4, 4, 3, 4] != Общий: [1, 1, 2, 2, 3, 3, 4, 3, 3, 4]"
Hapag-Lloyd,90,"Спец: [1, 1, 2, 2, 3, 4, 4, 4, 3, 4] != Общий: [1, 1, 2, 2, 3, 3, 4, 3, 3, 4]"
Hapag-Lloyd,91,"Спец: [1, 1, 2, 2, 3, 4, 4, 4, 3, 4] != Общий: [1, 1, 2, 2, 3, 3, 4, 3, 3, 4]"
Hapag-Lloyd,92,"Спец: [1, 1, 2, 2, 3, 4, 4, 4, 3, 4] != Общий: [1, 1, 2, 2, 3, 3, 4, 3, 3, 4]"
Hapag-Lloyd,93,"Спец: [1, 1, 2, 2, 3, 4, 4, 3] != Общий: [1, 1, 2, 2, 3, 4, 4, 5]"
Hapag-Lloyd,94,"Спец: [1, 1, 2, 2, 3, 4, 3, 4] != Общий: [1, 1, 2, 2, 3, 3, 3, 4]"
Hapag-Lloyd,97,"Спец: [1, 1, 2, 2, 3, 4, 3, 4] != Общий: [1, 1, 2, 2, 3, 3, 3, 4]"
Hapag-Lloyd,98,"Спец: [1, 2, 3, 3, 4, 4, 4, 4] != Общий: [1, 2, 2, 2, 2, 2, 2, 2]"
Hapag-Lloyd,99,"Спец: [1, 2, 3, 3, 4, 4, 4, 4] != Общий: [1, 2, 2, 2, 2, 2, 2, 2]"
Hapag-Lloyd,104,"Спец: [1, 1, 2, 2, 3, 4, 3, 4] != Общий: [1, 1, 2, 2, 3, 3, 3, 4]"
Hapag-Lloyd,105,"Спец: [1, 1, 2, 2, 3, 4, 3, 4] != Общий: [1, 1, 2, 2, 3, 3, 3, 4]"
Hapag-Lloyd,106,"Спец: [1, 1, 2, 2, 3, 4, 4, 3, 3] != Общий: [1, 1, 2, 2, 3, 4, 4, 5, 5]"
Hapag-Lloyd,107,"Спец: [1, 1, 2, 2, 3, 4, 4, 3, 3] != Общий: [1, 1, 2, 2, 3, 4, 4, 5, 5]"
Hapag-Lloyd,108,"Спец: [1, 1, 3, 4, 5] != Общий: [1, 1, 1, 2, 2]"
Hapag-Lloyd,109,"Спец: [1, 1, 3, 4, 5] != Общий: [1, 1, 1, 2, 2]"
Hapag-Lloyd,110,"Спец: [1, 3, 4, 3, 4, 4, 4, 4] != Общий: [1, 2, 2, 2, 2, 2, 2, 2]"
Hapag-Lloyd,111,"Спец: [1, 3, 4, 3, 4, 4, 4, 4] != Общий: [1, 2, 2, 2, 2, 2, 2, 2]"
Hapag-Lloyd,112,"Спец: [1, 1, 2, 2, 3, 4, 4, 3, 4] != Общий: [1, 1, 2, 2, 3, 3, 4, 3, 4]"
Hapag-Lloyd,113,"Спец: [1, 1, 2, 2, 3, 3, 4, 4, 3, 4] != Общий: [1, 1, 2, 2, 3, 3, 4, 5, 3, 4]"
Hapag-Lloyd,114,"Спец: [1, 1, 2, 2, 3, 4, 4, 4, 3, 4, 4, 3, 4] != Общий: [1, 1, 2, 2, 3, 3, 3, 3, 3, 3, 4, 3, 4]"
Hapag-Lloyd,115,"Спец: [1, 1, 2, 2, 3, 4, 4, 4, 3, 4, 4, 3, 4] != Общий: [1, 1, 2, 2, 3, 3, 3, 3, 3, 3, 4, 3, 4]"
Hapag-Lloyd,116,"Спец: [1, 1, 2, 2, 3, 4, 4, 4, 3, 4, 4, 3, 4] != Общий: [1, 1, 2, 2, 3, 3, 3, 3, 3, 3, 4, 3, 4]"
Hapag-Lloyd,117,"Спец: [1, 1, 2, 2, 3, 4, 4, 4, 3, 4, 4, 3, 4] != Общий: [1, 1, 2, 2, 3, 3, 3, 3, 3, 3, 4, 3, 4]"
Hapag-Lloyd,118,"Спец: [1, 1, 2, 2, 3, 4, 4, 4, 3, 4, 4, 3, 4] != Общий: [1, 1, 2, 2, 3, 3, 3, 3, 3, 3, 4, 3, 4]"
Hapag-Lloyd,119,"Спец: [1, 1, 2, 2, 3, 4, 4, 4, 3, 4, 4, 3, 4] != Общий: [1, 1, 2, 2, 3, 3, 3, 3, 3, 3, 4, 3, 4]"
Hapag-Lloyd,120,"Спец: [1, 1, 2, 2, 3, 4, 4, 4, 3, 4, 4, 4] != Общий: [1, 1, 2, 2, 3, 3, 3, 3, 3, 3, 4, 4]"
Hapag-Lloyd,121,"Спец: [1, 1, 2, 2, 3, 4, 4, 4, 3, 4, 4, 4, 3, 4] != Общий: [1, 1, 2, 2, 3, 3, 3, 3, 3, 3, 4, 3, 3, 4]"
Hapag-Lloyd,122,"Спец: [1, 1, 2, 2, 3, 4, 4, 4, 3, 4, 4, 4, 3, 4] != Общий: [1, 1, 2, 2, 3, 3, 3, 3, 3, 3, 4, 3, 3, 4]"
Hapag-Lloyd,123,"Спец: [1, 1, 2, 2, 3, 4, 4, 4, 3, 4, 4, 4, 3, 4] != Общий: [1, 1, 2, 2, 3, 3, 3, 3, 3, 3, 4, 3, 3, 4]"
Hapag-Lloyd,124,"Спец: [1, 1, 2, 2, 3, 4, 4, 4, 3, 4, 4, 4, 3, 4] != Общий: [1, 1, 2, 2, 3, 3, 3, 3, 3, 3, 4, 3, 3, 4]"
Hapag-Lloyd,125,"Спец: [1, 1, 2, 2, 3, 4, 4, 4, 3, 4, 4, 4, 3, 4] != Общий: [1, 1, 2, 2, 3, 3, 3, 3, 3, 3, 4, 3, 3, 4]"
Hapag-Lloyd,126,"Спец: [1, 1, 2, 2, 3, 4, 4, 4, 3, 4, 4, 4, 3, 4] != Общий: [1, 1, 2, 2, 3, 3, 3, 3, 3, 3, 4, 3, 3, 4]"
Hapag-Lloyd,127,"Спец: [1, 1, 2, 2, 3, 4, 4, 4, 3, 4, 4, 4, 3, 4] != Общий: [1, 1, 2, 2, 3, 3, 3, 3, 3, 3, 4, 3, 3, 4]"
Hapag-Lloyd,128,"Спец: [1, 1, 2, 2, 3, 4, 4, 4, 3, 4, 4, 4, 3, 4] != Общий: [1, 1, 2, 2, 3, 3, 3, 3, 3, 3, 4, 3, 3, 4]"
Hapag-Lloyd,129,"Спец: [1, 1, 2, 2, 3, 4, 3, 4] != Общий: [1, 1, 2, 2, 3, 3, 3, 4]"
Hapag-Lloyd,130,"Спец: [1, 1, 2, 2, 3, 4, 3, 4] != Общий: [1, 1, 2, 2, 3, 3, 3, 4]"
Hapag-Lloyd,131,"Спец: [1, 1, 2, 2, 3, 4, 3, 4] != Общий: [1, 1, 2, 2, 3, 3, 3, 4]"
Hapag-Lloyd,132,"Спец: [1, 1, 2, 2, 3, 4, 4, 3, 4] != Общий: [1, 1, 2, 2, 3, 3, 4, 3, 4]"
Hapag-Lloyd,133,"Спец: [1, 1, 2, 2, 3, 4, 4, 3, 4] != Общий: [1, 1, 2, 2, 3, 3, 4, 3, 4]"
Hapag-Lloyd,134,"Спец: [1, 2, 3, 3, 4, 4, 4, 4] != Общий: [1, 2, 2, 2, 2, 2, 2, 2]"
Hapag-Lloyd,137,"Спец: [1, 1, 2, 2, 3, 4, 4, 3, 3] != Общий: [1, 1, 2, 2, 3, 4, 4, 5, 5]"
Hapag-Lloyd,138,"Спец: [1, 1, 3, 4, 5] != Общий: [1, 1, 1, 2, 2]"
Hapag-Lloyd,139,"Спец: [1, 3, 4, 3, 4, 4, 4, 4] != Общий: [1, 2, 2, 2, 2, 2, 2, 2]"
Hapag-Lloyd,140,"Спец: [1, 1, 2, 2, 3, 4, 3, 4] != Общий: [1, 1, 2, 2, 3, 3, 3, 4]"
Hapag-Lloyd,141,"Спец: [1, 2, 2, 2, 3, 4, 3, 4] != Общий: [1, 1, 2, 2, 3, 3, 3, 4]"
Hapag-Lloyd,142,"Спец: [1, 1, 2, 2, 3, 4, 3, 4] != Общий: [1, 1, 2, 2, 3, 3, 3, 4]"
Hapag-Lloyd,144,"Спец: [1, 1, 2, 2, 3, 4, 4, 4, 3, 4, 3, 4] != Общий: [1, 1, 2, 2, 3, 3, 4, 3, 3, 3, 3, 4]"
Hapag-Lloyd,146,"Спец: [1, 1, 2, 2, 3, 4, 3, 4] != Общий: [1, 1, 2, 2, 3, 3, 3, 4]"
Hapag-Lloyd,147,"Спец: [1, 1, 2, 2, 3, 4, 4, 4, 3, 4, 4] != Общий: [1, 1, 2, 2, 3, 3, 3, 3, 3, 4, 4]"
Hapag-Lloyd,148,"Спец: [1, 1, 3, 4, 4, 3, 4, 3, 4] != Общий: [1, 1, 2, 2, 2, 3, 3, 3, 4]"
Hapag-Lloyd,150,"Спец: [1, 1, 2, 2, 3, 4, 4, 3, 4, 3, 4, 3, 4] != Общий: [1, 1, 2, 2, 3, 3, 4, 5, 5, 3, 3, 3, 4]"
Hapag-Lloyd,153,"Спец: [1, 1, 2, 2, 3, 4, 4, 4, 3, 4] != Общий: [1, 1, 2, 2, 3, 3, 4, 3, 3, 4]"
Hapag-Lloyd,154,"Спец: [1, 1, 2, 2, 2, 2, 3, 4] != Общий: [1, 1, 2, 2, 2, 3, 3, 4]"
Hapag-Lloyd,155,"Спец: [1, 1, 2, 2, 3, 4, 4, 4, 3, 4] != Общий: [1, 1, 2, 2, 3, 3, 4, 3, 3, 4]"
Hapag-Lloyd,156,"Спец: [1, 1, 2, 2, 3, 4, 4, 4, 3, 4, 3, 4] != Общий: [1, 1, 2, 2, 3, 3, 4, 3, 3, 3, 3, 4]"
Hapag-Lloyd,157,"Спец: [1, 1, 2, 2, 3, 4, 4, 4, 3, 4, 4, 3, 3] != Общий: [1, 1, 2, 2, 3, 3, 3, 3, 3, 4, 4, 5, 5]"
Hapag-Lloyd,158,"Спец: [1, 1, 2, 2, 3, 4, 3, 4] != Общий: [1, 1, 2, 2, 3, 3, 3, 4]"
Hapag-Lloyd,159,"Спец: [1, 1, 2, 2, 3, 4, 4, 3, 4] != Общий: [1, 1, 2, 2, 3, 3, 4, 3, 4]"
Hapag-Lloyd,162,"Спец: [1, 1, 2, 2, 3, 4, 4, 4, 3, 4, 3, 4] != Общий: [1, 1, 2, 2, 3, 3, 4, 3, 3, 4, 5, 5]"
Hapag-Lloyd,163,"Спец: [1, 1, 2, 3, 4, 4, 3, 4, 3, 4] != Общий: [1, 1, 2, 2, 2, 2, 3, 3, 3, 4]"
Hapag-Lloyd,164,"Спец: [1, 1, 2, 2, 3, 4, 3, 4] != Общий: [1, 1, 2, 2, 3, 3, 3, 4]"
Hapag-Lloyd,165,"Спец: [1, 1, 2, 2, 3, 4, 4, 4, 3, 4, 4, 3, 4] != Общий: [1, 1, 2, 2, 3, 3, 3, 3, 3, 4, 3, 3, 4]"
Hapag-Lloyd,166,"Спец: [1, 1, 2, 3, 3, 4, 4, 4, 3, 4, 4, 3, 3] != Общий: [1, 1, 2, 3, 3, 3, 3, 3, 3, 4, 4, 5, 5]"
Hapag-Lloyd,167,"Спец: [1, 1, 2, 2, 3, 4, 4, 3, 4, 4, 3, 4] != Общий: [1, 1, 2, 2, 3, 3, 4, 5, 5, 3, 3, 4]"
Hapag-Lloyd,168,"Спец: [1, 1, 2, 2, 3, 4, 4, 3, 4, 4, 3, 4, 4] != Общий: [1, 1, 2, 2, 3, 3, 3, 3, 3, 3, 3, 4, 4]"
Hapag-Lloyd,169,"Спец: [1, 1, 2, 2, 3, 4, 3, 4, 3, 4] != Общий: [1, 1, 2, 2, 3, 3, 3, 3, 3, 4]"
Hapag-Lloyd,170,"Спец: [1, 1, 2, 2, 3, 4, 3, 4] != Общий: [1, 1, 2, 2, 3, 3, 3, 4]"
Hapag-Lloyd,171,"Спец: [1, 1, 2, 3, 4, 4, 3, 4, 3, 4] != Общий: [1, 1, 2, 2, 2, 2, 3, 3, 3, 4]"
Hapag-Lloyd,172,"Спец: [1, 1, 2, 3, 4, 4, 3, 4, 3, 4] != Общий: [1, 1, 2, 2, 2, 2, 3, 3, 3, 4]"
Hapag-Lloyd,173,"Спец: [1, 1, 2, 2, 3, 4, 3, 4, 3, 4] != Общий: [1, 1, 2, 2, 3, 3, 3, 3, 3, 4]"
Hapag-Lloyd,174,"Спец: [1, 2, 2, 3, 4, 4, 4, 3, 4, 4, 3, 4] != Общий: [1, 2, 2, 3, 3, 3, 3, 3, 4, 4, 5, 5]"
Hapag-Lloyd,175,"Спец: [1, 1, 2, 2, 3, 4, 3, 4, 3, 4] != Общий: [1, 1, 2, 2, 3, 3, 3, 3, 3, 4]"
Hapag-Lloyd,176,"Спец: [1, 1, 2, 2, 3, 4] != Общий: [1, 1, 1, 2, 3, 4]"
Hapag-Lloyd,177,"Спец: [1, 1, 2, 2, 3, 4, 4, 3, 4] != Общий: [1, 1, 2, 2, 3, 3, 4, 3, 4]"
Hapag-Lloyd,178,"Спец: [1, 1, 2, 3, 4, 4, 3, 4, 4, 4, 3, 4, 4, 3] != Общий: [1, 1, 2, 2, 2, 2, 3, 3, 3, 3, 3, 4, 4, 5]"
Hapag-Lloyd,179,"Спец: [1, 1, 2, 3, 3, 4, 4, 3, 4] != Общий: [1, 1, 2, 2, 2, 2, 2, 3, 4]"
Hapag-Lloyd,180,"Спец: [1, 2, 3, 3, 4, 4, 4, 4] != Общий: [1, 2, 2, 2, 2, 2, 2, 2]"
Hapag-Lloyd,181,"Спец: [1, 2, 3, 3, 4, 4, 4, 4] != Общий: [1, 2, 2, 2, 2, 2, 2, 2]"
Hapag-Lloyd,184,"Спец: [1, 1, 2, 2, 3, 4, 4, 3, 3] != Общий: [1, 1, 2, 2, 3, 4, 4, 5, 5]"
Hapag-Lloyd,185,"Спец: [1, 1, 2, 2, 3, 4, 4, 3, 3] != Общий: [1, 1, 2, 2, 3, 4, 4, 5, 5]"
Hapag-Lloyd,186,"Спец: [1, 1, 3, 4, 5] != Общий: [1, 1, 1, 2, 2]"
Hapag-Lloyd,187,"Спец: [1, 1, 3, 4, 5] != Общий: [1, 1, 1, 2, 2]"
Hapag-Lloyd,188,"Спец: [1, 2, 2, 3, 4, 4, 4, 3, 4, 4] != Общий: [1, 2, 2, 3, 3, 3, 3, 3, 4, 4]"
Hapag-Lloyd,189,"Спец: [1, 3, 4, 3, 4, 4, 4, 4] != Общий: [1, 2, 2, 2, 2, 2, 2, 2]"
Hapag-Lloyd,190,"Спец: [1, 3, 4, 3, 4, 4, 4, 4] != Общий: [1, 2, 2, 2, 2, 2, 2, 2]"
Hapag-Lloyd,191,"Спец: [1, 2, 2, 2, 2] != Общий: [1, 2, 3, 3, 4]"
Hapag-Lloyd,192,"Спец: [1, 2, 3, 4, 3, 4, 3, 4, 3, 4, 5] != Общий: [1, 3, 3, 3, 3, 4, 3, 3, 3, 3, 3]"
Hapag-Lloyd,193,"Спец: [1, 1, 2, 2, 3, 4, 4, 4, 3, 4] != Общий: [1, 1, 2, 2, 3, 3, 4, 3, 3, 4]"
Hapag-Lloyd,194,"Спец: [1, 2, 3, 3, 4, 4, 4, 4] != Общий: [1, 2, 2, 2, 2, 2, 2, 2]"
Hapag-Lloyd,196,"Спец: [1, 1, 2, 2, 3, 4, 4, 3, 3] != Общий: [1, 1, 2, 2, 3, 4, 4, 5, 5]"
Hapag-Lloyd,197,"Спец: [1, 1, 3, 4, 5] != Общий: [1, 1, 1, 2, 2]"
Hapag-Lloyd,198,"Спец: [1, 3, 4, 3, 4, 4, 4, 4] != Общий: [1, 2, 2, 2, 2, 2, 2, 2]"
Hapag-Lloyd,202,"Спец: [1, 2, 2, 3, 3, 4] != Общий: [1, 2, 2, 2, 2, 2]"
Hapag-Lloyd,203,"Спец: [1, 2, 3, 4, 3, 4, 3, 3, 4, 5] != Общий: [1, 3, 3, 3, 3, 4, 3, 3, 3, 3]"
Hapag-Lloyd,204,"Спец: [1, 2, 3, 4, 3, 4, 5] != Общий: [1, 1, 3, 3, 3, 3, 3]"
Hapag-Lloyd,207,"Спец: [1, 1, 2, 2, 3, 4, 3, 4, 3, 3, 4, 5] != Общий: [1, 1, 2, 3, 3, 3, 3, 4, 3, 3, 3, 3]"
Hapag-Lloyd,208,"Спец: [1, 1, 2, 2, 3, 4, 3, 4, 3, 3, 4, 5] != Общий: [1, 1, 2, 3, 3, 3, 3, 4, 3, 3, 3, 3]"
Hapag-Lloyd,209,"Спец: [1, 2, 3, 4, 3, 4, 3, 3, 4, 5] != Общий: [1, 3, 3, 3, 3, 4, 3, 3, 3, 3]"
Hapag-Lloyd,210,"Спец: [1, 2, 3, 4, 3, 4, 3, 3, 4, 5] != Общий: [1, 3, 3, 3, 3, 4, 3, 3, 3, 3]"
Hapag-Lloyd,211,"Спец: [1, 1, 2, 2, 3, 4, 3, 4] != Общий: [1, 1, 2, 2, 3, 3, 3, 4]"
Hapag-Lloyd,212,"Спец: [1, 1, 2, 3, 4, 3, 4] != Общий: [1, 1, 2, 3, 3, 3, 4]"
Hapag-Lloyd,213,"Спец: [1, 2, 3, 4, 3, 4, 3, 3, 4, 4, 3, 3, 4, 5] != Общий: [1, 3, 3, 3, 3, 3, 3, 3, 4, 4, 3, 3, 3, 3]"
Hapag-Lloyd,214,"Спец: [1, 1, 2, 2, 3, 4, 4, 4, 3, 4, 4, 3, 4] != Общий: [1, 1, 2, 2, 3, 3, 3, 3, 3, 3, 4, 3, 4]"
Hapag-Lloyd,215,"Спец: [1, 1, 2, 2, 3, 4, 4, 4, 3, 4, 4, 3, 4] != Общий: [1, 1, 2, 2, 3, 3, 3, 3, 3, 3, 4, 3, 4]"
Hapag-Lloyd,216,"Спец: [1, 2, 3, 4, 3, 4, 3, 4, 3, 4, 5] != Общий: [1, 3, 3, 3, 3, 4, 3, 4, 3, 3, 3]"
Hapag-Lloyd,218,"Спец: [1, 1, 3, 4, 3, 4, 3, 4] != Общий: [1, 1, 3, 3, 3, 3, 3, 4]"
Hapag-Lloyd,219,"Спец: [1, 1, 2, 2, 3, 4, 4, 4, 3, 4] != Общий: [1, 1, 2, 2, 3, 3, 4, 3, 3, 4]"
Hapag-Lloyd,220,"Спец: [1, 2, 3, 4, 3, 3, 4, 4] != Общий: [1, 3, 3, 4, 3, 3, 3, 3]"
Hapag-Lloyd,221,"Спец: [1, 1, 2, 3, 3, 4, 4] != Общий: [1, 1, 2, 3, 3, 4, 5]"
Hapag-Lloyd,222,"Спец: [1, 2, 2, 3, 4, 4, 4, 3, 4, 4] != Общий: [1, 2, 2, 3, 3, 3, 3, 3, 4, 4]"
Hapag-Lloyd,223,"Спец: [1, 2, 3, 4, 3, 4, 3, 4, 5] != Общий: [1, 1, 3, 3, 3, 3, 3, 3, 3]"
Hapag-Lloyd,224,"Спец: [1, 2, 3, 4, 3, 4, 3, 4, 3, 4, 3, 3, 4, 5] != Общий: [1, 2, 2, 3, 3, 3, 3, 4, 3, 4, 3, 3, 3, 3]"
Hapag-Lloyd,225,"Спец: [1, 1, 2, 2, 3, 4, 4, 4, 3, 4] != Общий: [1, 1, 2, 2, 3, 3, 4, 3, 3, 4]"
Hapag-Lloyd,228,"Спец: [1, 1, 2, 2, 3, 4, 4, 4, 3, 4, 4, 4, 3, 4] != Общий: [1, 1, 2, 2, 3, 3, 3, 3, 3, 3, 4, 3, 3, 4]"
Hapag-Lloyd,229,"Спец: [1, 1, 2, 2, 3, 4, 4, 4, 3, 4, 4, 4, 3, 4] != Общий: [1, 1, 2, 2, 3, 3, 3, 3, 3, 3, 4, 3, 3, 4]"
Hapag-Lloyd,230,"Спец: [1, 1, 2, 2, 3, 4, 4, 4, 3, 4, 4, 4, 3, 4] != Общий: [1, 1, 2, 2, 3, 3, 3, 3, 3, 3, 4, 3, 3, 4]"
Hapag-Lloyd,231,"Спец: [1, 1, 2, 2, 3, 4, 4, 4, 3, 4, 4, 4, 3, 4] != Общий: [1, 1, 2, 2, 3, 3, 3, 3, 3, 3, 4, 3, 3, 4]"
Hapag-Lloyd,232,"Спец: [1, 1, 2, 2, 3, 4, 4, 4, 3, 4, 4, 4, 3, 4] != Общий: [1, 1, 2, 2, 3, 3, 3, 3, 3, 3, 4, 3, 3, 4]"
Hapag-Lloyd,233,"Спец: [1, 1, 2, 2, 3, 4, 4, 4, 3, 4, 4, 4, 3, 4] != Общий: [1, 1, 2, 2, 3, 3, 3, 3, 3, 3, 4, 3, 3, 4]"
Hapag-Lloyd,234,"Спец: [1, 1, 2, 2, 3, 4, 4, 4, 3, 4, 4, 4] != Общий: [1, 1, 2, 2, 3, 3, 3, 3, 3, 3, 4, 4]"
Hapag-Lloyd,235,"Спец: [1, 1, 2, 2, 3, 4, 4, 4, 3, 4, 4, 4, 3, 4] != Общий: [1, 1, 2, 2, 3, 3, 3, 3, 3, 3, 4, 3, 3, 4]"
Hapag-Lloyd,236,"Спец: [1, 1, 2, 2, 3, 4, 4, 4, 3, 4, 4, 4, 3, 4] != Общий: [1, 1, 2, 2, 3, 3, 3, 3, 3, 3, 4, 3, 3, 4]"
Hapag-Lloyd,237,"Спец: [1, 1, 2, 2, 3, 4, 4, 4, 3, 4, 4, 4, 3, 4] != Общий: [1, 1, 2, 2, 3, 3, 3, 3, 3, 3, 4, 3, 3, 4]"
Hapag-Lloyd,238,"Спец: [1, 1, 2, 2, 3, 4, 4, 4, 3, 4, 4, 4, 3, 4] != Общий: [1, 1, 2, 2, 3, 3, 3, 3, 3, 3, 4, 3, 3, 4]"
Hapag-Lloyd,239,"Спец: [1, 1, 2, 2, 3, 4, 4, 4, 3, 4, 4, 4, 3, 4] != Общий: [1, 1, 2, 2, 3, 3, 3, 3, 3, 3, 4, 3, 3, 4]"
Hapag-Lloyd,240,"Спец: [1, 1, 2, 2, 3, 4, 4, 4, 3, 4, 4, 4, 3, 4] != Общий: [1, 1, 2, 2, 3, 3, 3, 3, 3, 3, 4, 3, 3, 4]"
Hapag-Lloyd,241,"Спец: [1, 1, 2, 2, 3, 4, 4, 4, 3, 4, 4, 4, 3, 4] != Общий: [1, 1, 2, 2, 3, 3, 3, 3, 3, 3, 4, 3, 3, 4]"
Hapag-Lloyd,242,"Спец: [1, 1, 2, 2, 3, 4, 4, 4, 3, 4, 4, 4, 3, 4] != Общий: [1, 1, 2, 2, 3, 3, 3, 3, 3, 3, 4, 3, 3, 4]"
Hapag-Lloyd,243,"Спец: [1, 1, 2, 2, 3, 4, 4, 3, 4] != Общий: [1, 1, 2, 2, 3, 3, 4, 3, 4]"
Hapag-Lloyd,244,"Спец: [1, 1, 2, 2, 3, 4, 4, 3, 4] != Общий: [1, 1, 2, 2, 3, 3, 4, 3, 4]"
Hapag-Lloyd,245,"Спец: [1, 1, 2, 2, 3, 4, 4, 3, 4] != Общий: [1, 1, 2, 2, 3, 3, 4, 3, 4]"
Hapag-Lloyd,246,"Спец: [1, 1, 2, 2, 3, 4, 4, 3, 4] != Общий: [1, 1, 2, 2, 3, 3, 4, 3, 4]"
Hapag-Lloyd,247,"Спец: [1, 1, 2, 2, 3, 4, 4, 3, 4] != Общий: [1, 1, 2, 2, 3, 3, 4, 3, 4]"
Hapag-Lloyd,248,"Спец: [1, 2, 2, 3, 4, 4, 4, 3, 4, 4, 3, 4] != Общий: [1, 2, 2, 3, 3, 3, 3, 3, 3, 4, 3, 4]"
Hapag-Lloyd,250,"Спец: [1, 1, 2, 2, 3, 4, 4, 3, 4, 3, 4] != Общий: [1, 1, 2, 2, 3, 4, 3, 3, 3, 3, 4]"
Hapag-Lloyd,251,"Спец: [1, 1, 2, 2, 3, 4, 4, 3, 4, 3, 4] != Общий: [1, 1, 2, 2, 3, 4, 3, 3, 3, 3, 4]"
Hapag-Lloyd,252,"Спец: [1, 1, 2, 3, 4, 4, 3, 4, 3, 4] != Общий: [1, 1, 2, 2, 2, 2, 3, 3, 3, 4]"
Hapag-Lloyd,253,"Спец: [1, 1, 2, 2, 3, 4, 4, 4, 3, 4] != Общий: [1, 1, 2, 2, 3, 3, 4, 3, 3, 4]"
Hapag-Lloyd,254,"Спец: [1, 1, 2, 3, 4, 4, 3, 4, 3, 4] != Общий: [1, 1, 2, 2, 2, 2, 3, 3, 3, 4]"
Hapag-Lloyd,256,"Спец: [1, 1, 2, 2, 3, 4, 3, 4] != Общий: [1, 1, 2, 2, 3, 3, 3, 4]"
Hapag-Lloyd,257,"Спец: [1, 1, 2, 2, 3, 4, 3, 4] != Общий: [1, 1, 2, 2, 3, 3, 3, 4]"
Hapag-Lloyd,258,"Спец: [1, 1, 2, 2, 3, 4, 3, 4, 3, 4] != Общий: [1, 1, 1, 2, 3, 3, 3, 3, 3, 4]"
Hapag-Lloyd,259,"Спец: [1, 1, 2, 2, 3, 4, 4, 4, 3, 4, 4, 4, 3, 4, 4] != Общий: [1, 1, 2, 2, 3, 3, 3, 3, 3, 3, 3, 3, 3, 4, 4]"
Hapag-Lloyd,260,"Спец: [1, 1, 2, 2, 3, 4, 4, 4, 3, 4, 4, 3] != Общий: [1, 1, 2, 2, 3, 3, 3, 3, 3, 4, 4, 5]"
Hapag-Lloyd,261,"Спец: [1, 1, 2, 2, 3, 4, 3, 4] != Общий: [1, 1, 2, 2, 3, 3, 3, 4]"
Hapag-Lloyd,262,"Спец: [1, 1, 2, 2, 3, 4, 4, 4, 3, 4, 4, 4, 3, 4, 4, 4] != Общий: [1, 1, 2, 2, 3, 3, 3, 3, 3, 3, 3, 3, 3, 4, 4, 5]"
Hapag-Lloyd,263,"Спец: [1, 1, 2, 2, 3, 4, 4, 4, 3, 4, 4, 3, 3] != Общий: [1, 1, 2, 2, 3, 3, 3, 3, 3, 4, 4, 5, 5]"
Hapag-Lloyd,264,"Спец: [1, 1, 2, 2, 3, 4, 4, 3, 3] != Общий: [1, 1, 2, 2, 3, 4, 4, 5, 5]"
Hapag-Lloyd,265,"Спец: [1, 2, 2, 2, 2] != Общий: [1, 2, 3, 3, 4]"
Hapag-Lloyd,267,"Спец: [1, 1, 2, 2, 3, 4, 4, 4, 3, 4, 4, 4, 3, 4, 4, 3, 3] != Общий: [1, 1, 2, 2, 3, 3, 3, 3, 3, 3, 3, 3, 3, 4, 4, 5, 5]"
Hapag-Lloyd,270,"Спец: [1, 1, 2, 3, 4, 3, 4, 3, 4] != Общий: [1, 1, 2, 3, 3, 3, 3, 3, 4]"
Hapag-Lloyd,272,"Спец: [1, 1, 2, 2, 3, 4, 4, 4, 3, 4] != Общий: [1, 1, 2, 2, 3, 3, 4, 3, 3, 4]"
Hapag-Lloyd,273,"Спец: [1, 1, 2, 2, 3, 4, 4, 4, 3, 4, 4, 3, 4, 3, 4, 3, 4] != Общий: [1, 1, 2, 2, 3, 3, 3, 3, 3, 3, 4, 5, 5, 3, 3, 3, 4]"
Hapag-Lloyd,274,"Спец: [1, 1, 2, 2, 3, 4, 4, 3, 4, 4, 3, 4] != Общий: [1, 1, 2, 2, 3, 3, 4, 5, 5, 3, 3, 4]"
Hapag-Lloyd,275,"Спец: [1, 1, 2, 2, 3, 4, 4, 4, 3, 4, 4, 4, 3, 4, 4, 3, 3] != Общий: [1, 1, 2, 2, 3, 3, 3, 3, 3, 3, 3, 3, 3, 4, 4, 5, 5]"
Hapag-Lloyd,276,"Спец: [1, 1, 2, 3, 3, 4, 4, 4, 3, 4, 4, 3, 3] != Общий: [1, 1, 2, 3, 3, 3, 3, 3, 3, 4, 4, 5, 5]"
Hapag-Lloyd,277,"Спец: [1, 1, 2, 2, 2, 2, 2, 3, 4, 4, 4, 3, 4] != Общий: [1, 1, 2, 2, 3, 3, 3, 3, 3, 4, 3, 3, 4]"
Hapag-Lloyd,278,"Спец: [1, 1, 2, 2, 3, 4, 4, 3, 4, 4, 3, 4] != Общий: [1, 1, 2, 2, 3, 3, 4, 5, 5, 3, 3, 4]"
Hapag-Lloyd,279,"Спец: [1, 1, 2, 2, 3, 4, 4, 4, 3, 4, 4, 3, 3] != Общий: [1, 1, 2, 2, 3, 3, 3, 3, 3, 4, 4, 5, 5]"
Hapag-Lloyd,281,"Спец: [1, 1, 3, 4, 3, 4] != Общий: [1, 1, 3, 3, 3, 4]"
Hapag-Lloyd,285,"Спец: [1, 1, 2, 2, 3, 4, 3, 4] != Общий: [1, 1, 2, 2, 3, 3, 3, 4]"
Hapag-Lloyd,286,"Спец: [1, 1, 2, 2, 3, 4, 4, 4, 3, 4, 4] != Общий: [1, 1, 2, 2, 3, 3, 3, 3, 3, 4, 4]"
Hapag-Lloyd,287,"Спец: [1, 2, 2, 3, 4, 4, 3, 4, 4, 3, 4] != Общий: [1, 2, 2, 3, 3, 4, 5, 5, 3, 3, 4]"
Hapag-Lloyd,288,"Спец: [1, 1, 2, 2, 3, 4, 3, 4] != Общий: [1, 1, 2, 2, 3, 3, 3, 4]"
Hapag-Lloyd,289,"Спец: [1, 1, 2, 2, 3, 4, 3, 4, 3, 4] != Общий: [1, 1, 1, 2, 2, 2, 3, 3, 3, 4]"
Hapag-Lloyd,290,"Спец: [1, 1, 2, 2, 3, 4, 3, 4] != Общий: [1, 1, 2, 2, 3, 3, 3, 4]"
Hapag-Lloyd,291,"Спец: [1, 1, 2, 2, 3, 4, 4, 3, 4] != Общий: [1, 1, 2, 2, 3, 3, 4, 3, 4]"
Hapag-Lloyd,292,"Спец: [1, 1, 2, 2, 3, 4, 4, 3, 4, 3, 4] != Общий: [1, 1, 2, 2, 3, 3, 4, 5, 5, 3, 4]"
Hapag-Lloyd,294,"Спец: [1, 1, 2, 3, 4, 3, 4, 4, 3, 4, 4, 4, 3, 4, 4, 3, 3] != Общий: [1, 1, 2, 2, 2, 2, 2, 2, 3, 3, 3, 3, 3, 4, 4, 5, 5]"
Hapag-Lloyd,295,"Спец: [1, 1, 2, 2, 3, 4, 4, 4, 3, 4, 4] != Общий: [1, 1, 2, 2, 3, 3, 3, 3, 3, 4, 4]"
Hapag-Lloyd,296,"Спец: [1, 1, 2, 3, 4, 4, 3, 4, 4, 3, 3] != Общий: [1, 1, 2, 2, 2, 2, 3, 4, 4, 5, 5]"
Hapag-Lloyd,297,"Спец: [1, 1, 2, 2, 3, 4, 4, 3, 4, 4, 3, 3] != Общий: [1, 1, 2, 2, 3, 3, 3, 3, 4, 4, 5, 5]"
Hapag-Lloyd,298,"Спец: [1, 1, 2, 2, 3, 4, 3, 4, 3, 4] != Общий: [1, 1, 2, 2, 3, 3, 3, 3, 3, 4]"
Hapag-Lloyd,299,"Спец: [1, 3, 4, 3, 4, 4, 4, 4] != Общий: [1, 2, 2, 2, 2, 2, 2, 2]"
Hapag-Lloyd,300,"Спец: [1, 1, 2, 2, 3, 3, 4, 3, 4, 4] != Общий: [1, 1, 2, 2, 3, 3, 4, 5, 5, 5]"
Hapag-Lloyd,303,"Спец: [1, 1, 2, 3, 4, 4, 3, 4, 4, 3, 4, 3, 4, 3, 3] != Общий: [1, 1, 2, 2, 2, 2, 3, 4, 4, 5, 5, 5, 5, 5, 5]"
Hapag-Lloyd,304,"Спец: [1, 1, 2, 2, 2, 2, 2, 3, 4, 4, 4, 3, 4, 4, 3, 3] != Общий: [1, 1, 2, 2, 3, 3, 3, 3, 3, 3, 3, 3, 4, 4, 5, 5]"
Hapag-Lloyd,305,"Спец: [1, 1, 2, 2, 3, 4, 4, 4, 3, 4, 4, 4, 3, 4, 4, 3, 3] != Общий: [1, 1, 2, 2, 3, 3, 3, 3, 3, 3, 3, 3, 3, 4, 4, 5, 5]"
Hapag-Lloyd,306,"Спец: [1, 2, 2, 2, 2] != Общий: [1, 2, 3, 3, 4]"
Hapag-Lloyd,307,"Спец: [1, 1, 2, 2, 3, 4, 4, 4, 3, 4, 4, 3, 4, 3, 3] != Общий: [1, 1, 2, 2, 3, 3, 3, 3, 3, 4, 4, 5, 5, 5, 5]"
Hapag-Lloyd,308,"Спец: [1, 1, 2, 2, 3, 4, 4, 4, 3, 4, 4, 3, 4, 3, 3] != Общий: [1, 1, 2, 2, 3, 3, 3, 3, 3, 4, 4, 5, 5, 5, 5]"
Hapag-Lloyd,309,"Спец: [1, 1, 2, 2, 3, 4, 4, 4, 3, 4, 4, 3, 3] != Общий: [1, 1, 2, 2, 3, 3, 3, 3, 3, 4, 4, 5, 5]"
Hapag-Lloyd,310,"Спец: [1, 1, 2, 2, 3, 4, 4, 3, 4, 4, 3, 4, 4] != Общий: [1, 1, 2, 2, 3, 3, 3, 3, 3, 3, 3, 4, 4]"
Hapag-Lloyd,311,"Спец: [1, 1, 2, 2, 3, 4, 4, 4, 3, 4, 4] != Общий: [1, 1, 2, 2, 3, 3, 3, 3, 3, 4, 4]"
Hapag-Lloyd,313,"Спец: [1, 1, 2, 2, 3, 4, 4, 4, 3, 4, 4, 3, 3] != Общий: [1, 1, 2, 2, 3, 3, 3, 3, 3, 4, 4, 5, 5]"
Hapag-Lloyd,314,"Спец: [1, 1, 2, 3, 4, 3, 4, 4, 3, 4, 4, 3] != Общий: [1, 1, 2, 2, 2, 2, 2, 2, 3, 4, 4, 5]"
Hapag-Lloyd,315,"Спец: [1, 1, 2, 2, 3, 4, 4, 3, 4] != Общий: [1, 1, 2, 2, 3, 4, 4, 5, 5]"
Hapag-Lloyd,316,"Спец: [1, 1, 2, 3, 4, 4, 3, 4, 3, 4] != Общий: [1, 1, 2, 2, 2, 2, 3, 3, 3, 4]"
Hapag-Lloyd,317,"Спец: [1, 1, 2, 2, 3, 4, 4, 4, 3, 4, 4, 4, 3, 4, 4, 3, 3] != Общий: [1, 1, 2, 2, 3, 3, 3, 3, 3, 3, 3, 3, 3, 4, 4, 5, 5]"
Hapag-Lloyd,318,"Спец: [1, 1, 2, 2, 3, 4, 4, 3, 4, 4, 3, 4, 4] != Общий: [1, 1, 2, 2, 3, 3, 3, 3, 3, 3, 3, 4, 4]"
Hapag-Lloyd,320,"Спец: [1, 1, 2, 2, 3, 4, 4, 4, 3, 4, 4, 3, 3] != Общий: [1, 1, 2, 2, 3, 3, 3, 3, 3, 4, 4, 5, 5]"
Hapag-Lloyd,321,"Спец: [1, 1, 2, 2, 3, 4, 4, 3, 4, 4, 3, 4, 4, 3, 3] != Общий: [1, 1, 2, 2, 3, 3, 3, 3, 3, 3, 3, 4, 4, 5, 5]"
Hapag-Lloyd,322,"Спец: [1, 1, 2, 2, 3, 4, 3, 4] != Общий: [1, 1, 2, 2, 3, 3, 3, 4]"
Hapag-Lloyd,323,"Спец: [1, 1, 2, 3, 4, 4, 3, 4, 3, 4] != Общий: [1, 1, 2, 2, 2, 2, 3, 3, 3, 4]"
Hapag-Lloyd,324,"Спец: [1, 1, 2, 2, 3, 4, 4, 4, 3, 4, 4, 3, 3] != Общий: [1, 1, 2, 2, 3, 3, 3, 3, 3, 4, 4, 5, 5]"
Hapag-Lloyd,325,"Спец: [1, 1, 2, 2, 3, 4, 4, 3, 3] != Общий: [1, 1, 2, 2, 3, 4, 4, 5, 5]"
Hapag-Lloyd,326,"Спец: [1, 1, 3, 4, 3, 3] != Общий: [1, 1, 1, 2, 2, 2]"
Hapag-Lloyd,327,"Спец: [1, 1, 3, 4, 4, 4, 4, 3, 4, 4, 4, 3, 4, 4, 3, 4, 3, 4, 3, 4, 3] != Общий: [1, 1, 3, 3, 3, 3, 3, 3, 3, 3, 3, 3, 4, 4, 5, 5, 5, 5, 5, 5, 5]"
Hapag-Lloyd,328,"Спец: [1, 1, 2, 2, 3, 4, 4, 3, 4, 3, 4, 4, 5] != Общий: [1, 1, 2, 2, 3, 4, 4, 5, 5, 5, 5, 5, 5]"
Hapag-Lloyd,330,"Спец: [1, 1, 2, 2, 3, 4, 4, 4, 3, 4, 4, 3] != Общий: [1, 1, 2, 2, 3, 3, 3, 3, 3, 4, 4, 5]"
Hapag-Lloyd,332,"Спец: [1, 1, 2, 2, 3, 4, 4, 4, 3, 4, 4, 4, 4, 3, 3] != Общий: [1, 1, 2, 2, 3, 3, 3, 3, 3, 4, 3, 3, 4, 5, 5]"
Hapag-Lloyd,333,"Спец: [1, 2, 3, 4, 4, 4, 3, 4, 4, 4, 3, 4, 4] != Общий: [1, 2, 3, 3, 3, 3, 3, 3, 3, 3, 3, 4, 4]"
Hapag-Lloyd,334,"Спец: [1, 1, 2, 2, 3, 4, 4, 3, 4, 3, 4] != Общий: [1, 1, 2, 2, 3, 4, 3, 3, 3, 3, 4]"
Hapag-Lloyd,336,"Спец: [1, 2, 3, 4, 4, 3, 3, 4, 5] != Общий: [1, 2, 2, 2, 2, 3, 3, 3, 3]"
Hapag-Lloyd,337,"Спец: [1, 1, 2, 2, 3, 4, 4, 3, 4, 3, 4] != Общий: [1, 1, 2, 2, 3, 3, 4, 3, 3, 3, 4]"
Hapag-Lloyd,340,"Спец: [1, 1, 2, 2, 3, 4, 4, 4, 3, 4, 4, 3, 3] != Общий: [1, 1, 2, 2, 3, 3, 3, 3, 3, 4, 4, 5, 5]"
Hapag-Lloyd,341,"Спец: [1, 1, 2, 2, 3, 4, 4, 3, 3] != Общий: [1, 1, 2, 2, 3, 4, 4, 5, 5]"
Hapag-Lloyd,343,"Спец: [1, 1, 2, 3, 4, 4, 3, 4, 3, 4, 3, 4] != Общий: [1, 1, 2, 2, 2, 2, 3, 3, 3, 4, 5, 5]"
Hapag-Lloyd,344,"Спец: [1, 1, 2, 2, 3, 4, 4, 3, 3] != Общий: [1, 1, 2, 2, 3, 4, 4, 5, 5]"
Hapag-Lloyd,345,"Спец: [1, 1, 2, 2, 3, 4, 4, 4, 3, 4, 4, 4, 3, 4, 4, 3, 4, 3, 4, 5] != Общий: [1, 1, 2, 2, 3, 3, 3, 3, 3, 3, 3, 3, 3, 4, 4, 5, 5, 5, 5, 5]"
Hapag-Lloyd,347,"Спец: [1, 1, 2, 2, 3, 4, 4, 3] != Общий: [1, 1, 2, 2, 3, 4, 4, 5]"
Hapag-Lloyd,348,"Спец: [1, 1, 2, 2, 3, 4, 4, 4, 3, 4] != Общий: [1, 1, 2, 2, 3, 3, 4, 3, 3, 4]"
Hapag-Lloyd,349,"Спец: [1, 1, 3, 4, 3, 4] != Общий: [1, 1, 3, 4, 5, 5]"
Hapag-Lloyd,350,"Спец: [1, 1, 2, 3, 4, 4, 3, 4, 3, 4, 3, 4] != Общий: [1, 1, 2, 2, 2, 2, 3, 3, 3, 4, 5, 5]"
Hapag-Lloyd,351,"Спец: [1, 1, 2, 3, 4, 3, 4] != Общий: [1, 1, 2, 2, 2, 3, 4]"
Hapag-Lloyd,353,"Спец: [1, 1, 2, 2, 3, 4, 4, 3, 4, 4, 3, 4, 4, 4, 3, 4, 4, 3, 3] != Общий: [1, 1, 2, 2, 3, 3, 3, 3, 3, 3, 3, 3, 3, 3, 3, 4, 4, 5, 5]"
Hapag-Lloyd,355,"Спец: [1, 1, 2, 2, 3, 4, 4, 4, 3, 4, 4] != Общий: [1, 1, 2, 2, 3, 3, 3, 3, 3, 4, 4]"
Hapag-Lloyd,356,"Спец: [1, 1, 2, 3, 4, 4, 3, 4, 4, 4, 3, 4, 4, 4, 3, 4, 4] != Общий: [1, 1, 2, 2, 2, 2, 3, 3, 3, 3, 3, 3, 3, 3, 3, 4, 4]"
Hapag-Lloyd,357,"Спец: [1, 1, 3, 4, 4, 3, 4, 3, 4, 4] != Общий: [1, 1, 2, 2, 2, 3, 4, 5, 4, 5]"
Hapag-Lloyd,360,"Спец: [1, 1, 2, 2, 3, 4, 4, 3, 4] != Общий: [1, 1, 2, 2, 3, 4, 3, 3, 4]"
Hapag-Lloyd,362,"Спец: [1, 1, 2, 2, 3, 4, 4, 4, 3, 4, 4, 3, 3] != Общий: [1, 1, 2, 2, 3, 3, 3, 3, 3, 4, 4, 5, 5]"
Hapag-Lloyd,364,"Спец: [1, 1, 2, 3, 3, 4, 4, 4, 4, 3, 4, 4, 3, 3] != Общий: [1, 1, 2, 3, 3, 3, 3, 3, 3, 3, 4, 4, 5, 5]"
Hapag-Lloyd,365,"Спец: [1, 1, 2, 2, 3, 4, 4, 3, 3] != Общий: [1, 1, 2, 2, 3, 4, 4, 5, 5]"
Hapag-Lloyd,366,"Спец: [1, 1, 3, 4, 3, 4, 3, 4, 3, 4] != Общий: [1, 1, 3, 3, 3, 3, 3, 4, 5, 5]"
Hapag-Lloyd,367,"Спец: [1, 1, 2, 3, 4, 4, 4, 3, 4, 4, 3] != Общий: [1, 1, 2, 3, 3, 3, 3, 3, 4, 4, 5]"
Hapag-Lloyd,368,"Спец: [1, 1, 2, 2] != Общий: [1, 3, 3, 4]"
Hapag-Lloyd,369,"Спец: [1, 1, 2, 2, 3, 4, 4, 3, 4, 3, 4, 3, 4] != Общий: [1, 1, 2, 2, 3, 3, 4, 3, 3, 3, 4, 5, 5]"
Hapag-Lloyd,371,"Спец: [1, 1, 2, 3, 4, 3, 4] != Общий: [1, 1, 2, 3, 3, 3, 4]"
Hapag-Lloyd,372,"Спец: [1, 1, 2, 2, 3, 4, 4, 3, 3] != Общий: [1, 1, 2, 2, 3, 4, 4, 5, 5]"
Hapag-Lloyd,373,"Спец: [1, 1, 2, 2, 3, 4, 4, 3, 4, 3, 3] != Общий: [1, 1, 2, 2, 3, 4, 4, 5, 5, 5, 5]"
Hapag-Lloyd,374,"Спец: [1, 1, 2, 2, 3, 4, 4, 3, 4] != Общий: [1, 1, 2, 2, 3, 3, 4, 3, 4]"
Hapag-Lloyd,376,"Спец: [1, 1, 2, 2, 2, 3, 4, 4, 3, 4, 4, 3, 4] != Общий: [1, 1, 1, 2, 2, 3, 3, 4, 5, 5, 3, 3, 4]"
Hapag-Lloyd,377,"Спец: [1, 1, 2, 2, 3, 4, 3, 4] != Общий: [1, 1, 2, 2, 3, 3, 3, 4]"
Hapag-Lloyd,378,"Спец: [1, 1, 2, 2, 2, 2, 3, 4, 4, 3, 4, 3, 3] != Общий: [1, 1, 2, 2, 3, 3, 3, 4, 4, 5, 5, 5, 5]"
Hapag-Lloyd,379,"Спец: [1, 2, 2, 3, 4, 4, 3, 4, 4, 3, 4] != Общий: [1, 2, 2, 3, 3, 4, 5, 5, 3, 3, 4]"
Hapag-Lloyd,380,"Спец: [1, 1, 2, 2, 3, 4, 3, 4, 4, 3, 4, 3, 4] != Общий: [1, 1, 2, 2, 3, 3, 3, 4, 5, 3, 3, 3, 4]"
Hapag-Lloyd,381,"Спец: [1, 1, 2, 2, 3, 4, 4, 4, 3, 4, 4, 4, 3, 4] != Общий: [1, 1, 2, 2, 3, 3, 3, 3, 3, 3, 4, 3, 3, 4]"
Hapag-Lloyd,382,"Спец: [1, 2, 2, 2, 3, 4, 4, 4, 3, 4, 4, 3, 4, 3, 4] != Общий: [1, 2, 2, 2, 3, 3, 3, 3, 3, 3, 4, 3, 4, 5, 5]"
Hapag-Lloyd,383,"Спец: [1, 1, 2, 2, 2, 3, 4] != Общий: [1, 1, 1, 2, 2, 3, 4]"
Hapag-Lloyd,384,"Спец: [1, 1, 2, 2, 3, 4, 4, 4, 3, 4, 3, 4] != Общий: [1, 1, 2, 2, 3, 3, 4, 3, 3, 3, 3, 4]"
Hapag-Lloyd,385,"Спец: [1, 1, 2, 2, 3, 4, 4, 3, 4, 4, 3, 4, 4, 3, 3] != Общий: [1, 1, 2, 2, 3, 3, 3, 3, 3, 3, 3, 4, 4, 5, 5]"
Hapag-Lloyd,386,"Спец: [1, 1, 2, 2, 3, 4, 4, 4, 3, 4] != Общий: [1, 1, 2, 2, 3, 3, 4, 3, 3, 4]"
Hapag-Lloyd,389,"Спец: [1, 1, 2, 3, 4, 4, 3, 4, 4, 4, 3, 4, 4, 3, 3] != Общий: [1, 1, 2, 2, 2, 2, 3, 3, 3, 3, 3, 4, 4, 5, 5]"
Hapag-Lloyd,391,"Спец: [1, 1, 2, 2, 3, 4, 4, 3, 4, 3, 3] != Общий: [1, 1, 2, 2, 3, 4, 4, 5, 5, 5, 5]"
Hapag-Lloyd,392,"Спец: [1, 1, 2, 2, 3, 4, 4, 4, 3, 4, 4, 4, 3, 4, 4, 3, 3] != Общий: [1, 1, 2, 2, 3, 3, 3, 3, 3, 3, 3, 3, 3, 4, 4, 5, 5]"
Hapag-Lloyd,393,"Спец: [1, 1, 2, 2, 3, 4, 3, 3, 4] != Общий: [1, 1, 2, 3, 3, 4, 3, 3, 3]"
Hapag-Lloyd,394,"Спец: [1, 1, 2, 3, 4, 3, 4, 3, 4] != Общий: [1, 1, 2, 2, 2, 3, 3, 3, 4]"
Hapag-Lloyd,395,"Спец: [1, 1, 2, 2, 3, 4, 4, 3, 4, 4, 3, 4, 4, 3, 4, 4, 3, 4, 4, 3, 3] != Общий: [1, 1, 2, 2, 3, 3, 3, 3, 3, 3, 3, 3, 3, 3, 3, 3, 3, 4, 4, 5, 5]"
Hapag-Lloyd,396,"Спец: [1, 1, 1, 2, 3, 4, 4, 3, 3] != Общий: [1, 1, 3, 3, 3, 4, 4, 5, 5]"
Hapag-Lloyd,397,"Спец: [1, 1, 2, 2, 3, 4, 4, 3] != Общий: [1, 3, 3, 3, 3, 4, 3, 3]"
Hapag-Lloyd,398,"Спец: [1, 1, 2, 2, 3, 4, 4, 3, 3] != Общий: [1, 1, 2, 2, 3, 4, 4, 5, 5]"
Hapag-Lloyd,399,"Спец: [1, 1, 2, 2, 3, 3, 4, 4, 3, 4] != Общий: [1, 1, 2, 2, 3, 3, 4, 5, 3, 4]"
Hapag-Lloyd,400,"Спец: [1, 1, 2, 2, 3, 4, 4, 4, 3, 4, 4, 4, 3, 4, 4, 3, 3] != Общий: [1, 1, 2, 2, 3, 3, 3, 3, 3, 3, 3, 3, 3, 4, 4, 5, 5]"
Hapag-Lloyd,401,"Спец: [1, 1, 2, 2, 3, 4, 3, 4] != Общий: [1, 1, 2, 2, 3, 3, 3, 4]"
Hapag-Lloyd,402,"Спец: [1, 2, 3, 4, 3, 4, 3, 4, 4, 5] != Общий: [1, 3, 3, 4, 3, 3, 3, 3, 3, 3]"
Hapag-Lloyd,403,"Спец: [1, 1, 3, 4, 3, 4] != Общий: [1, 1, 3, 3, 3, 4]"
Hapag-Lloyd,404,"Спец: [1, 1, 2, 2, 3, 4, 4, 4, 3, 4, 4, 3, 3] != Общий: [1, 1, 2, 2, 3, 3, 3, 3, 3, 4, 4, 5, 5]"
Hapag-Lloyd,405,"Спец: [1, 2, 2, 2, 2, 2, 2, 3, 4] != Общий: [1, 2, 3, 3, 3, 3, 4, 5, 5]"
Hapag-Lloyd,406,"Спец: [1, 1, 2, 2, 3, 4, 3, 3, 4, 4] != Общий: [1, 1, 2, 2, 3, 4, 5, 5, 5, 5]"
Hapag-Lloyd,407,"Спец: [1, 2, 2, 2, 2] != Общий: [1, 2, 3, 3, 4]"
Hapag-Lloyd,408,"Спец: [1, 1, 2, 2, 3, 4, 3, 4] != Общий: [1, 1, 2, 2, 3, 3, 3, 4]"
Hapag-Lloyd,409,"Спец: [1, 1, 2, 2, 3, 4, 4, 4, 3, 4, 4, 3, 3] != Общий: [1, 1, 2, 2, 3, 3, 3, 3, 3, 4, 4, 5, 5]"
Hapag-Lloyd,410,"Спец: [1, 1, 3, 4, 4, 3, 4] != Общий: [1, 1, 2, 2, 2, 3, 4]"
Hapag-Lloyd,411,"Спец: [1, 1, 2, 2, 3, 4, 4, 4, 3, 4, 3, 4] != Общий: [1, 1, 2, 2, 3, 3, 4, 3, 3, 4, 5, 5]"
Hapag-Lloyd,412,"Спец: [1, 1, 2, 2, 3, 4, 3, 4] != Общий: [1, 1, 2, 2, 3, 3, 3, 4]"
Hapag-Lloyd,413,"Спец: [1, 1, 2, 2, 2, 3, 4, 4, 3, 4, 4, 3, 3] != Общий: [1, 1, 2, 2, 3, 3, 3, 3, 3, 4, 4, 5, 5]"
Hapag-Lloyd,415,"Спец: [1, 1, 2, 2, 3, 4, 4, 4, 3, 4, 4, 4, 3, 4, 3, 4] != Общий: [1, 1, 2, 2, 3, 3, 3, 3, 3, 3, 4, 3, 3, 4, 5, 5]"
Hapag-Lloyd,416,"Спец: [1, 1, 2, 3, 4, 4, 3, 4, 4, 3, 4] != Общий: [1, 1, 2, 2, 2, 2, 3, 3, 4, 3, 4]"
Hapag-Lloyd,417,"Спец: [1, 1, 2, 2, 3, 4, 4, 3, 3] != Общий: [1, 1, 2, 2, 3, 4, 4, 5, 5]"
Hapag-Lloyd,418,"Спец: [1, 1, 2, 3, 3, 4, 4, 4, 3, 4, 4, 4, 3, 4, 4, 3, 3] != Общий: [1, 1, 2, 3, 3, 3, 3, 3, 3, 3, 3, 3, 3, 4, 4, 5, 5]"
Hapag-Lloyd,419,"Спец: [1, 1, 2, 2, 3, 4, 4, 3, 3] != Общий: [1, 1, 2, 2, 3, 4, 4, 5, 5]"
Hapag-Lloyd,420,"Спец: [1, 1, 2, 2, 3, 4, 4, 3, 4, 4, 3, 4, 4, 3, 3] != Общий: [1, 1, 2, 2, 3, 3, 3, 3, 3, 3, 3, 4, 4, 5, 5]"
Hapag-Lloyd,421,"Спец: [1, 1, 2, 2, 2, 2, 3, 4, 4, 3, 3] != Общий: [1, 1, 2, 2, 3, 3, 3, 4, 4, 5, 5]"
Hapag-Lloyd,424,"Спец: [1, 1, 2, 3, 4, 4, 3, 4] != Общий: [1, 1, 2, 2, 2, 2, 3, 4]"
Hapag-Lloyd,425,"Спец: [1, 1, 2, 2, 3, 4, 4, 4, 3, 4] != Общий: [1, 1, 2, 2, 3, 3, 4, 3, 3, 4]"
Hapag-Lloyd,426,"Спец: [1, 1, 2, 2, 3, 4, 4, 4, 4] != Общий: [1, 1, 2, 2, 3, 4, 3, 3, 4]"
Hapag-Lloyd,427,"Спец: [1, 1, 2, 2, 3, 4, 4, 4, 3, 4, 4, 4, 3, 4, 4, 3, 3] != Общий: [1, 1, 2, 2, 3, 3, 3, 3, 3, 3, 3, 3, 3, 4, 4, 5, 5]"
Hapag-Lloyd,428,"Спец: [1, 1, 2, 2, 3, 4, 4, 3, 4] != Общий: [1, 1, 2, 2, 3, 3, 4, 3, 4]"
Hapag-Lloyd,431,"Спец: [1, 2, 3, 4, 4, 3, 4, 3, 3, 4, 3, 4, 4] != Общий: [1, 2, 2, 2, 2, 3, 4, 5, 5, 5, 5, 5, 5]"
Hapag-Lloyd,432,"Спец: [1, 1, 2, 2, 3, 4, 4, 4, 3, 4, 3, 3, 4, 4] != Общий: [1, 1, 2, 2, 3, 3, 4, 3, 3, 4, 5, 5, 5, 5]"
Hapag-Lloyd,433,"Спец: [1, 1, 2, 3, 4, 3, 4, 3, 4, 3, 4, 3, 4] != Общий: [1, 1, 2, 3, 3, 3, 3, 3, 3, 3, 4, 5, 5]"
Hapag-Lloyd,435,"Спец: [1, 1, 2, 3, 4, 3, 4] != Общий: [1, 1, 2, 3, 3, 3, 4]"
Hapag-Lloyd,436,"Спец: [1, 1, 2, 2, 3, 4, 4, 4, 3, 4, 4, 3, 3] != Общий: [1, 1, 2, 2, 3, 3, 3, 3, 3, 4, 4, 5, 5]"
Hapag-Lloyd,437,"Спец: [1, 1, 2, 2, 3, 4, 4, 3, 3] != Общий: [1, 1, 2, 2, 3, 4, 4, 5, 5]"
Hapag-Lloyd,438,"Спец: [1, 1, 2, 2, 3, 4, 4, 3, 3] != Общий: [1, 1, 2, 2, 3, 4, 4, 5, 5]"
Hapag-Lloyd,439,"Спец: [1, 1, 2, 2, 3, 4, 3, 4, 3, 4] != Общий: [1, 1, 2, 2, 3, 3, 3, 4, 5, 5]"
Hapag-Lloyd,440,"Спец: [1, 1, 2, 2, 3, 4, 4, 3, 4] != Общий: [1, 1, 2, 2, 3, 3, 4, 3, 4]"
Hapag-Lloyd,441,"Спец: [1, 1, 2, 3, 4, 3, 4, 4, 3, 4, 3, 4] != Общий: [1, 1, 2, 2, 2, 2, 2, 2, 3, 3, 3, 4]"
Hapag-Lloyd,442,"Спец: [1, 1, 2, 2, 3, 4, 4, 3, 3] != Общий: [1, 1, 2, 2, 3, 4, 4, 5, 5]"
Hapag-Lloyd,443,"Спец: [1, 1, 1, 2, 3, 4, 4, 4, 3, 4] != Общий: [1, 1, 3, 3, 3, 3, 4, 3, 3, 4]"
Hapag-Lloyd,444,"Спец: [1, 1, 2, 2, 3, 4, 4, 3, 3] != Общий: [1, 1, 2, 2, 3, 4, 4, 5, 5]"
Hapag-Lloyd,446,"Спец: [1, 1, 2, 2, 3, 4, 3, 4] != Общий: [1, 1, 2, 2, 3, 3, 3, 4]"
Hapag-Lloyd,447,"Спец: [1, 1, 2, 2, 3, 4, 4, 4, 3, 4, 4, 3, 4, 3, 3] != Общий: [1, 1, 2, 2, 3, 3, 3, 3, 3, 4, 4, 5, 5, 5, 5]"
Hapag-Lloyd,449,"Спец: [1, 1, 2, 3, 4, 3, 4, 3, 4] != Общий: [1, 1, 2, 3, 3, 3, 3, 3, 4]"
Hapag-Lloyd,450,"Спец: [1, 1, 2, 2, 3, 4, 3, 4] != Общий: [1, 1, 2, 2, 3, 3, 3, 4]"
Hapag-Lloyd,451,"Спец: [1, 1, 2, 2, 3, 4, 4, 3, 4, 4, 3, 4] != Общий: [1, 1, 2, 2, 3, 3, 4, 5, 5, 3, 3, 4]"
Hapag-Lloyd,453,"Спец: [1, 1, 2, 2, 3, 4, 3, 4] != Общий: [1, 1, 2, 2, 3, 3, 3, 4]"
Hapag-Lloyd,455,"Спец: [1, 2, 3, 4, 3, 4, 3, 4] != Общий: [1, 2, 2, 2, 3, 4, 5, 5]"
Hapag-Lloyd,456,"Спец: [1, 1, 2, 2, 3, 4, 4, 4, 3, 4] != Общий: [1, 1, 2, 2, 3, 3, 4, 3, 3, 4]"
Hapag-Lloyd,457,"Спец: [1, 1, 2, 2, 3, 4, 4, 3] != Общий: [1, 1, 2, 2, 3, 4, 4, 5]"
Hapag-Lloyd,461,"Спец: [1, 1, 2, 2, 3, 4, 4, 3, 3] != Общий: [1, 1, 2, 2, 3, 4, 4, 5, 5]"
Hapag-Lloyd,462,"Спец: [1, 2, 3, 4, 4, 4, 3, 4, 4, 4, 4] != Общий: [1, 2, 2, 3, 3, 3, 3, 3, 3, 3, 4]"
Hapag-Lloyd,463,"Спец: [1, 1, 2, 2, 2, 3, 4] != Общий: [1, 1, 2, 2, 3, 3, 4]"
Hapag-Lloyd,465,"Спец: [1, 1, 2, 3, 4, 4, 3, 4, 4, 3] != Общий: [1, 1, 2, 2, 2, 2, 3, 4, 4, 5]"
Hapag-Lloyd,466,"Спец: [1, 1, 2, 2, 3, 4, 4, 3, 3, 4, 3] != Общий: [1, 1, 2, 2, 3, 4, 4, 5, 5, 5, 5]"
Hapag-Lloyd,467,"Спец: [1, 1, 2, 2, 3, 4, 3, 4] != Общий: [1, 1, 2, 2, 3, 3, 3, 4]"
Hapag-Lloyd,469,"Спец: [1, 1, 2, 3, 4, 4, 3, 4, 4, 3, 3] != Общий: [1, 1, 2, 2, 2, 2, 3, 4, 4, 5, 5]"
Hapag-Lloyd,470,"Спец: [1, 1, 2, 2, 2, 3, 3, 4, 4, 3, 4, 4, 3, 4] != Общий: [1, 1, 2, 2, 3, 3, 3, 3, 4, 5, 5, 3, 3, 4]"
Hapag-Lloyd,473,"Спец: [1, 1, 2, 3, 4, 3, 4, 3, 4] != Общий: [1, 1, 2, 3, 3, 3, 4, 5, 5]"
Hapag-Lloyd,474,"Спец: [1, 1, 2, 3, 3, 4, 3, 4] != Общий: [1, 1, 2, 3, 3, 4, 5, 5]"
Hapag-Lloyd,475,"Спец: [1, 1, 2, 3, 4, 3, 4, 3, 4, 3, 4] != Общий: [1, 1, 2, 3, 3, 3, 3, 3, 4, 5, 5]"
Hapag-Lloyd,476,"Спец: [1, 1, 3, 3] != Общий: [1, 1, 1, 1]"
Hapag-Lloyd,477,"Спец: [1, 2, 3, 4, 3, 3, 4, 5] != Общий: [1, 3, 3, 4, 3, 3, 3, 3]"
Hapag-Lloyd,478,"Спец: [1, 2, 3, 4, 3, 4, 3, 4, 4, 3, 3, 4, 5] != Общий: [1, 2, 2, 2, 2, 2, 2, 2, 2, 3, 3, 3, 3]"
Hapag-Lloyd,479,"Спец: [1, 1, 2, 2, 3, 4, 4, 3, 3] != Общий: [1, 1, 2, 2, 3, 4, 4, 5, 5]"
Hapag-Lloyd,480,"Спец: [1, 3, 4, 3, 4, 3, 4, 4, 3, 4, 4, 4, 4, 4, 4, 3, 4, 4, 3, 3] != Общий: [1, 2, 2, 2, 2, 2, 2, 2, 3, 3, 3, 3, 3, 3, 3, 3, 4, 4, 5, 5]"
Hapag-Lloyd,481,"Спец: [1, 1, 2, 2, 3, 4, 4, 4, 3, 4, 4, 3, 3] != Общий: [1, 1, 2, 2, 3, 3, 3, 3, 3, 4, 4, 5, 5]"
Hapag-Lloyd,482,"Спец: [1, 1, 2, 2, 3, 4, 4, 3, 3] != Общий: [1, 1, 2, 2, 3, 4, 4, 5, 5]"
Hapag-Lloyd,483,"Спец: [1, 1, 2, 2, 3, 4, 4, 3, 3] != Общий: [1, 1, 2, 2, 3, 4, 4, 5, 5]"
Hapag-Lloyd,484,"Спец: [1, 1, 2, 2, 3, 4, 4, 3, 3] != Общий: [1, 1, 2, 2, 3, 4, 4, 5, 5]"
Hapag-Lloyd,485,"Спец: [1, 1, 2, 3, 4, 4, 3, 4, 4, 4, 3, 4, 4, 3] != Общий: [1, 1, 2, 2, 2, 2, 3, 3, 3, 3, 3, 4, 4, 5]"
Hapag-Lloyd,486,"Спец: [1, 1, 2, 2, 3, 4, 4, 4, 3, 4, 4, 4, 3, 4, 4, 3, 3] != Общий: [1, 1, 2, 2, 3, 3, 3, 3, 3, 3, 3, 3, 3, 4, 4, 5, 5]"
Hapag-Lloyd,487,"Спец: [1, 1, 2, 2, 2, 2, 3, 4, 4, 3, 3] != Общий: [1, 1, 2, 2, 3, 3, 3, 4, 4, 5, 5]"
Hapag-Lloyd,488,"Спец: [1, 1, 2, 2, 3, 4, 3, 4] != Общий: [1, 1, 2, 2, 3, 3, 3, 4]"
Hapag-Lloyd,489,"Спец: [1, 1, 2, 2, 3, 4, 4, 3, 3] != Общий: [1, 1, 2, 2, 3, 4, 4, 5, 5]"
Hapag-Lloyd,490,"Спец: [1, 1, 2, 2, 2, 2, 3, 4, 4, 4, 3, 4, 4, 3, 3] != Общий: [1, 1, 2, 2, 3, 3, 3, 3, 3, 3, 3, 4, 4, 5, 5]"
Hapag-Lloyd,491,"Спец: [1, 1, 2, 3, 4, 3, 4] != Общий: [1, 1, 2, 3, 3, 3, 4]"
Hapag-Lloyd,492,"Спец: [1, 1, 2, 2, 3, 4, 4, 3, 3] != Общий: [1, 1, 2, 2, 3, 4, 4, 5, 5]"
Hapag-Lloyd,493,"Спец: [1, 1, 2, 2, 3, 4, 4, 4, 3, 4, 4, 3] != Общий: [1, 1, 2, 2, 3, 3, 3, 3, 3, 4, 4, 5]"
Hapag-Lloyd,494,"Спец: [1, 1, 2, 2, 3, 3, 4, 4, 3, 4] != Общий: [1, 1, 2, 2, 3, 3, 4, 5, 3, 4]"
Hapag-Lloyd,496,"Спец: [1, 1, 2, 2, 3, 3, 4, 4] != Общий: [1, 1, 2, 2, 3, 3, 4, 5]"
Hapag-Lloyd,497,"Спец: [1, 1, 2, 2, 3, 4, 4, 3] != Общий: [1, 1, 2, 2, 3, 4, 4, 5]"
Hapag-Lloyd,498,"Спец: [1, 1, 2, 3, 4, 4, 3, 4, 3, 4] != Общий: [1, 1, 2, 2, 2, 2, 3, 3, 3, 4]"
Hapag-Lloyd,499,"Спец: [1, 1, 2, 2, 3, 4, 4, 3, 3, 4, 5] != Общий: [1, 3, 3, 3, 3, 4, 4, 3, 3, 3, 3]"
Hapag-Lloyd,500,"Спец: [1, 1, 2, 2, 3, 4, 4, 3, 4] != Общий: [1, 1, 2, 2, 3, 4, 3, 3, 4]"
Hapag-Lloyd,501,"Спец: [1, 1, 2, 3, 4, 4, 3, 4, 3, 4, 3, 3, 4] != Общий: [1, 1, 2, 2, 2, 2, 3, 4, 5, 5, 5, 5, 5]"
Hapag-Lloyd,502,"Спец: [1, 1, 2, 2, 3, 4, 4, 3, 3] != Общий: [1, 1, 2, 2, 3, 4, 4, 5, 5]"
Hapag-Lloyd,503,"Спец: [1, 1, 2, 2, 3, 4, 4, 4, 3, 4] != Общий: [1, 1, 2, 2, 3, 3, 4, 3, 3, 4]"
Hapag-Lloyd,504,"Спец: [1, 2, 3, 4, 4, 4, 3, 4, 4, 4, 3, 4, 4, 3, 3] != Общий: [1, 2, 3, 3, 3, 3, 3, 3, 3, 3, 3, 4, 4, 5, 5]"
Hapag-Lloyd,505,"Спец: [1, 1, 2, 2, 2, 3, 4, 4, 4, 3, 4, 4, 3, 3] != Общий: [1, 1, 1, 2, 2, 3, 3, 3, 3, 3, 4, 4, 5, 5]"
Hapag-Lloyd,506,"Спец: [1, 1, 2, 2, 3, 4, 4, 4, 3, 4] != Общий: [1, 1, 2, 2, 3, 3, 4, 3, 3, 4]"
Hapag-Lloyd,508,"Спец: [1, 1, 2, 3, 4, 3, 4] != Общий: [1, 1, 2, 3, 3, 3, 4]"
Hapag-Lloyd,509,"Спец: [1, 1, 2, 2, 2, 2, 3, 4, 4, 3, 3] != Общий: [1, 1, 2, 2, 3, 3, 3, 4, 4, 5, 5]"
Hapag-Lloyd,511,"Спец: [1, 1, 2, 2, 3, 4, 4, 4, 3, 4, 4, 3, 3] != Общий: [1, 1, 2, 2, 3, 3, 3, 3, 3, 4, 4, 5, 5]"
Hapag-Lloyd,513,"Спец: [1, 1, 2, 3, 4, 4, 4, 3, 4, 4, 3, 3] != Общий: [1, 1, 2, 2, 2, 2, 2, 3, 4, 4, 5, 5]"
Hapag-Lloyd,514,"Спец: [1, 1, 2, 2, 2, 2, 3, 4, 4, 4, 3, 4, 4, 3, 3] != Общий: [1, 1, 2, 2, 3, 3, 3, 3, 3, 3, 3, 4, 4, 5, 5]"
Hapag-Lloyd,515,"Спец: [1, 1, 2, 2, 3, 4, 4, 3, 3] != Общий: [1, 1, 2, 2, 3, 4, 4, 5, 5]"
Hapag-Lloyd,516,"Спец: [1, 1, 2, 2, 3, 4, 4, 3, 3] != Общий: [1, 1, 2, 2, 3, 4, 4, 5, 5]"
Hapag-Lloyd,517,"Спец: [1, 1, 2, 3, 3, 4, 4, 4, 3, 4, 4, 4, 3, 4, 4, 3, 3] != Общий: [1, 1, 2, 3, 3, 3, 3, 3, 3, 3, 3, 3, 3, 4, 4, 5, 5]"
Hapag-Lloyd,518,"Спец: [1, 1, 2, 2, 3, 4, 3, 4] != Общий: [1, 1, 2, 2, 3, 3, 3, 4]"
Hapag-Lloyd,519,"Спец: [1, 1, 2, 3, 4, 4, 3, 4, 4, 3, 3] != Общий: [1, 1, 2, 2, 2, 2, 3, 4, 4, 5, 5]"
Hapag-Lloyd,520,"Спец: [1, 1, 3, 4, 3, 4] != Общий: [1, 1, 3, 3, 3, 4]"
Hapag-Lloyd,521,"Спец: [1, 1, 2, 3, 4, 4, 3, 4, 3, 3, 4, 4] != Общий: [1, 1, 2, 2, 2, 2, 3, 4, 5, 5, 5, 5]"
Hapag-Lloyd,522,"Спец: [1, 1, 2, 2, 3, 4, 4, 4, 3, 4, 4, 3, 4, 3, 3] != Общий: [1, 1, 2, 2, 3, 3, 3, 3, 3, 4, 4, 5, 5, 5, 5]"
Hapag-Lloyd,524,"Спец: [1, 1, 2, 2, 3, 4, 4, 4, 3, 4, 4, 4, 3, 4, 4] != Общий: [1, 1, 2, 2, 3, 3, 3, 3, 3, 3, 3, 3, 3, 4, 4]"
Hapag-Lloyd,525,"Спец: [1, 1, 2, 3, 4, 4, 3, 4] != Общий: [1, 1, 2, 2, 2, 2, 3, 4]"
Hapag-Lloyd,526,"Спец: [1, 1, 3, 4, 3, 4, 3, 4] != Общий: [1, 1, 3, 3, 3, 4, 5, 5]"
Hapag-Lloyd,527,"Спец: [1, 1, 3, 4, 3, 4, 3, 4] != Общий: [1, 1, 3, 3, 3, 3, 3, 4]"
Hapag-Lloyd,529,"Спец: [1, 1, 2, 2, 3, 4, 3, 4] != Общий: [1, 1, 2, 2, 3, 3, 3, 4]"
Hapag-Lloyd,531,"Спец: [1, 1, 2, 2, 3, 4, 4, 3, 4, 4, 3, 4, 4, 3, 3] != Общий: [1, 1, 2, 2, 3, 3, 3, 3, 3, 3, 3, 4, 4, 5, 5]"
Hapag-Lloyd,532,"Спец: [1, 1, 2, 3, 4, 3, 4] != Общий: [1, 1, 2, 3, 4, 5, 5]"
Hapag-Lloyd,533,"Спец: [1, 1, 3, 4, 4, 3, 4] != Общий: [1, 1, 2, 2, 2, 3, 4]"
Hapag-Lloyd,535,"Спец: [1, 1, 2, 2, 2, 2, 3, 4, 4, 3, 3] != Общий: [1, 1, 2, 2, 3, 3, 3, 4, 4, 5, 5]"
Hapag-Lloyd,536,"Спец: [1, 1, 2, 2, 3, 4, 4, 3, 3] != Общий: [1, 1, 2, 2, 3, 4, 4, 5, 5]"
Hapag-Lloyd,537,"Спец: [1, 1, 2, 2, 3, 4, 4, 3, 3] != Общий: [1, 1, 2, 2, 3, 4, 4, 5, 5]"
Hapag-Lloyd,538,"Спец: [1, 1, 2, 2, 3, 4, 4, 4, 3, 4, 4, 4, 3, 4, 4, 4] != Общий: [1, 1, 2, 2, 3, 3, 3, 3, 3, 3, 3, 3, 3, 4, 4, 5]"
Hapag-Lloyd,539,"Спец: [1, 1, 2, 2, 3, 4, 4, 4, 3, 4, 4, 4, 3, 4, 4, 4] != Общий: [1, 1, 2, 2, 3, 3, 3, 3, 3, 3, 3, 3, 3, 4, 4, 5]"
Hapag-Lloyd,540,"Спец: [1, 1, 2, 2, 3, 4, 4, 4, 3, 4, 4, 4, 3, 4, 4, 3, 3, 4, 3] != Общий: [1, 1, 2, 2, 3, 3, 3, 3, 3, 3, 3, 3, 3, 4, 4, 5, 5, 5, 5]"
Hapag-Lloyd,541,"Спец: [1, 1, 2, 2, 3, 4, 3, 3, 4, 4] != Общий: [1, 1, 2, 2, 3, 4, 5, 5, 5, 5]"
Hapag-Lloyd,542,"Спец: [1, 1, 2, 2, 3, 4, 4, 3, 3] != Общий: [1, 1, 2, 2, 3, 4, 4, 5, 5]"
Hapag-Lloyd,543,"Спец: [1, 2, 3, 4, 4, 3, 3, 4, 3, 4, 3, 4, 5] != Общий: [1, 2, 2, 2, 2, 3, 3, 3, 3, 3, 3, 3, 3]"
Hapag-Lloyd,544,"Спец: [1, 1, 2, 2, 3, 3, 4, 4, 3, 4] != Общий: [1, 1, 2, 2, 3, 3, 4, 5, 3, 4]"
Hapag-Lloyd,545,"Спец: [1, 1, 2, 2, 3, 4, 4, 4, 3, 4, 4, 3, 4, 3, 3] != Общий: [1, 1, 2, 2, 3, 3, 3, 3, 3, 4, 4, 5, 5, 5, 5]"
Hapag-Lloyd,546,"Спец: [1, 1, 2, 3, 4, 4, 3, 4, 4, 3] != Общий: [1, 1, 2, 2, 2, 2, 3, 4, 4, 5]"
Hapag-Lloyd,547,"Спец: [1, 1, 2, 2, 3, 4, 4, 4, 3, 4, 4, 4, 3, 4, 4, 3, 3] != Общий: [1, 1, 2, 2, 3, 3, 3, 3, 3, 3, 3, 3, 3, 4, 4, 5, 5]"
Hapag-Lloyd,548,"Спец: [1, 1, 2, 2, 3, 4, 3, 4] != Общий: [1, 1, 2, 2, 3, 3, 3, 4]"
Hapag-Lloyd,549,"Спец: [1, 1, 2, 2, 3, 4, 4, 4, 3, 4, 3, 4, 3, 4] != Общий: [1, 1, 2, 2, 3, 3, 4, 3, 3, 3, 3, 4, 5, 5]"
Hapag-Lloyd,550,"Спец: [1, 2, 2, 3, 4, 4, 3, 4, 3, 4, 3, 4, 3, 4, 3, 3] != Общий: [1, 2, 2, 3, 4, 4, 5, 5, 5, 5, 5, 5, 5, 5, 5, 5]"
Hapag-Lloyd,552,"Спец: [1, 1, 2, 2, 2, 3, 4, 4, 3, 4] != Общий: [1, 1, 1, 2, 2, 3, 3, 4, 3, 4]"
Hapag-Lloyd,553,"Спец: [1, 1, 2, 3, 4, 4, 3, 4, 4, 3, 4] != Общий: [1, 1, 2, 2, 2, 2, 3, 3, 4, 3, 4]"
Hapag-Lloyd,554,"Спец: [1, 1, 2, 2, 3, 4, 4, 3, 3] != Общий: [1, 1, 2, 2, 3, 4, 4, 5, 5]"
Hapag-Lloyd,555,"Спец: [1, 1, 3, 4, 3, 4] != Общий: [1, 1, 3, 3, 3, 4]"
Hapag-Lloyd,556,"Спец: [1, 1, 2, 2, 3, 4, 4, 4, 3, 4, 3, 4] != Общий: [1, 1, 2, 2, 3, 3, 4, 3, 3, 4, 5, 5]"
Hapag-Lloyd,557,"Спец: [1, 1, 2, 2, 3, 4, 4, 3, 4, 4, 4, 3, 4, 4, 3, 3] != Общий: [1, 1, 1, 2, 2, 2, 2, 3, 3, 3, 3, 3, 4, 4, 5, 5]"
Hapag-Lloyd,558,"Спец: [1, 1, 2, 3, 4, 4, 3, 4, 4, 3, 3] != Общий: [1, 1, 2, 2, 2, 2, 3, 4, 4, 5, 5]"
Hapag-Lloyd,559,"Спец: [1, 1, 3, 4, 3, 4, 4, 3, 4, 3, 4] != Общий: [1, 1, 2, 2, 2, 2, 2, 3, 3, 3, 4]"
Hapag-Lloyd,560,"Спец: [1, 1, 2, 2, 3, 4, 4, 4, 3, 4, 4, 4, 3, 4] != Общий: [1, 1, 2, 2, 3, 3, 3, 3, 3, 3, 4, 3, 3, 4]"
Hapag-Lloyd,561,"Спец: [1, 1, 2, 2, 3, 4, 3, 4] != Общий: [1, 1, 2, 2, 3, 3, 3, 4]"
Hapag-Lloyd,563,"Спец: [1, 1, 2, 2, 3, 4, 4, 4, 4, 3, 4, 4, 4, 3, 4, 4] != Общий: [1, 1, 1, 2, 2, 2, 2, 3, 3, 3, 3, 3, 3, 3, 4, 4]"
Hapag-Lloyd,564,"Спец: [1, 1, 2, 2, 3, 4, 4, 4, 3, 3, 4] != Общий: [1, 1, 2, 2, 3, 4, 4, 5, 5, 5, 5]"
Hapag-Lloyd,565,"Спец: [1, 2] != Общий: [1, 1]"
Hapag-Lloyd,566,"Спец: [1, 1, 2, 2, 3, 4, 3, 4] != Общий: [1, 1, 2, 2, 3, 3, 3, 4]"
Hapag-Lloyd,567,"Спец: [1, 1, 2, 2, 3, 4, 4, 3, 4, 4, 3, 4, 4, 3, 3] != Общий: [1, 1, 2, 2, 3, 3, 3, 3, 3, 3, 3, 4, 4, 5, 5]"
Hapag-Lloyd,568,"Спец: [1, 1, 2, 2, 3, 4, 4, 4, 3, 4] != Общий: [1, 1, 2, 2, 3, 3, 4, 3, 3, 4]"
Hapag-Lloyd,569,"Спец: [1, 3, 4, 3, 4, 5, 5, 3, 4, 4, 3, 3, 4, 4, 3, 3, 4, 5] != Общий: [1, 2, 2, 2, 2, 2, 2, 2, 3, 3, 3, 3, 4, 4, 3, 3, 3, 3]"
Hapag-Lloyd,571,"Спец: [1, 1, 2, 3, 4, 4, 4, 4, 4, 4, 4, 3, 3] != Общий: [1, 1, 2, 2, 2, 2, 3, 3, 3, 3, 4, 5, 5]"
Hapag-Lloyd,572,"Спец: [1, 1, 2, 2, 3, 4, 3, 4] != Общий: [1, 1, 2, 2, 3, 3, 3, 4]"
Hapag-Lloyd,574,"Спец: [1, 1, 2, 3, 4, 3, 4] != Общий: [1, 1, 2, 3, 3, 3, 4]"
Hapag-Lloyd,576,"Спец: [1, 1, 2, 2, 3, 4, 4, 3, 3] != Общий: [1, 1, 2, 2, 3, 4, 4, 5, 5]"
Hapag-Lloyd,577,"Спец: [1, 1, 2, 2, 3, 4, 4, 4, 3, 4, 4, 4, 3, 4, 4, 3, 3] != Общий: [1, 1, 2, 2, 3, 3, 3, 3, 3, 3, 3, 3, 3, 4, 4, 5, 5]"
Hapag-Lloyd,578,"Спец: [1, 1, 2, 2, 3, 4, 4, 4, 3, 4, 3, 4] != Общий: [1, 1, 2, 2, 3, 3, 4, 3, 3, 3, 3, 4]"
Hapag-Lloyd,579,"Спец: [1, 1, 2, 3, 4, 4, 3, 4, 4, 4, 3, 4, 4, 4, 3, 4, 4, 3, 3] != Общий: [1, 1, 2, 2, 2, 2, 3, 3, 3, 3, 3, 3, 3, 3, 3, 4, 4, 5, 5]"
Hapag-Lloyd,580,"Спец: [1, 1, 2, 2, 3, 4, 4, 3, 4, 5] != Общий: [1, 1, 2, 2, 3, 4, 4, 5, 5, 5]"
Hapag-Lloyd,582,"Спец: [1, 2, 2, 3, 3, 4, 3, 4, 3, 4] != Общий: [1, 2, 2, 3, 3, 3, 3, 4, 5, 5]"
Hapag-Lloyd,583,"Спец: [1, 1, 2, 2, 2, 2, 2, 3, 3] != Общий: [1, 1, 2, 2, 3, 3, 4, 5, 5]"
Hapag-Lloyd,584,"Спец: [1, 1, 2, 2, 3, 4, 4, 3, 3, 4, 4, 3, 3] != Общий: [1, 1, 2, 2, 3, 3, 3, 3, 3, 4, 4, 5, 5]"
Hapag-Lloyd,585,"Спец: [1, 1, 2, 3, 3, 4, 4, 3, 4, 3, 4] != Общий: [1, 1, 2, 2, 2, 2, 2, 3, 3, 3, 4]"
Hapag-Lloyd,586,"Спец: [1, 1, 2, 2, 3, 4, 4, 3, 4, 3, 4] != Общий: [1, 1, 2, 2, 3, 4, 3, 3, 3, 3, 4]"
Hapag-Lloyd,587,"Спец: [1, 1, 2, 2, 3, 4, 4, 3, 3] != Общий: [1, 1, 2, 2, 3, 4, 4, 5, 5]"
Hapag-Lloyd,588,"Спец: [1, 1, 2, 2, 3, 4, 4, 3, 3] != Общий: [1, 1, 2, 2, 3, 4, 4, 5, 5]"
Hapag-Lloyd,589,"Спец: [1, 1, 2, 2, 3, 4, 4, 3, 3] != Общий: [1, 1, 2, 2, 3, 4, 4, 5, 5]"
Hapag-Lloyd,590,"Спец: [1, 1, 2, 2, 3, 4, 4, 4, 3, 4, 4, 3, 3] != Общий: [1, 1, 2, 2, 3, 3, 3, 3, 3, 4, 4, 5, 5]"
Hapag-Lloyd,592,"Спец: [1, 1, 2, 2, 3, 4, 4, 4, 3, 4, 4, 3, 3] != Общий: [1, 1, 2, 2, 3, 3, 3, 3, 3, 4, 4, 5, 5]"
Hapag-Lloyd,594,"Спец: [1, 1, 2, 2, 3, 4, 4, 4, 3, 4] != Общий: [1, 1, 2, 2, 3, 3, 4, 3, 3, 4]"
Hapag-Lloyd,595,"Спец: [1, 1, 2, 2, 3, 4, 4, 3] != Общий: [1, 1, 2, 2, 3, 4, 4, 5]"
Hapag-Lloyd,596,"Спец: [1, 1, 2, 2, 3, 4, 4, 4, 3, 4, 3, 4, 3, 4] != Общий: [1, 1, 2, 2, 3, 3, 4, 3, 3, 3, 3, 3, 3, 4]"
Hapag-Lloyd,597,"Спец: [1, 1, 2, 2, 3, 4, 4, 4, 3, 4] != Общий: [1, 1, 2, 2, 3, 3, 4, 3, 3, 4]"
Hapag-Lloyd,598,"Спец: [1, 1, 2, 2, 3, 3, 4, 4, 4, 3, 4] != Общий: [1, 1, 2, 2, 3, 3, 3, 4, 5, 3, 4]"
Hapag-Lloyd,600,"Спец: [1, 1, 2, 3, 4, 3, 4, 3, 4, 3, 4] != Общий: [1, 1, 2, 3, 4, 5, 5, 3, 4, 5, 5]"
Hapag-Lloyd,601,"Спец: [1, 1, 2, 2, 3, 4, 4, 4, 3, 4, 4, 4, 3, 4] != Общий: [1, 1, 2, 2, 3, 3, 3, 3, 3, 3, 4, 3, 3, 4]"
Hapag-Lloyd,602,"Спец: [1, 1, 2, 3, 4, 4, 3, 4] != Общий: [1, 1, 2, 2, 2, 2, 3, 4]"
Hapag-Lloyd,604,"Спец: [1, 1, 2, 3, 4, 4, 3, 4] != Общий: [1, 1, 2, 2, 2, 2, 3, 4]"
Hapag-Lloyd,605,"Спец: [1, 1, 2, 2, 2, 3, 4, 4, 4, 3, 4, 4, 3, 3] != Общий: [1, 1, 2, 3, 3, 3, 3, 3, 3, 3, 4, 4, 5, 5]"
Hapag-Lloyd,606,"Спец: [1, 1, 2, 2, 3, 4, 3, 4] != Общий: [1, 1, 2, 2, 3, 3, 3, 4]"
Hapag-Lloyd,607,"Спец: [1, 1, 2, 2, 2, 2, 3, 4, 4, 3, 4, 4, 3, 4, 4, 3, 4, 3, 3] != Общий: [1, 1, 2, 2, 3, 3, 3, 3, 3, 3, 3, 3, 3, 4, 4, 5, 5, 5, 5]"
Hapag-Lloyd,609,"Спец: [1, 1, 2, 3, 4, 3, 4, 3, 4] != Общий: [1, 1, 2, 3, 3, 3, 3, 3, 4]"
Hapag-Lloyd,610,"Спец: [1, 1, 2, 2, 3, 4, 3, 4] != Общий: [1, 1, 2, 2, 3, 3, 3, 4]"
Hapag-Lloyd,611,"Спец: [1, 1, 2, 3, 4, 4, 3, 4, 4] != Общий: [1, 1, 2, 2, 2, 2, 3, 4, 4]"
Hapag-Lloyd,613,"Спец: [1, 1, 2, 3, 4, 4, 4, 3, 4] != Общий: [1, 1, 2, 3, 3, 4, 3, 3, 4]"
Hapag-Lloyd,614,"Спец: [1, 1, 2, 2, 3, 4, 4, 4, 3, 4, 4, 3, 4, 3, 3] != Общий: [1, 1, 2, 2, 3, 3, 3, 3, 3, 4, 4, 5, 5, 5, 5]"
Hapag-Lloyd,615,"Спец: [1, 1, 2, 2, 3, 4, 4, 4, 3, 4, 4, 3, 3] != Общий: [1, 1, 2, 2, 3, 3, 3, 3, 3, 4, 4, 5, 5]"
Hapag-Lloyd,616,"Спец: [1, 1, 2, 2, 3, 4, 3, 4] != Общий: [1, 1, 2, 2, 3, 4, 5, 5]"
Hapag-Lloyd,617,"Спец: [1, 1, 2, 2, 3, 4, 4, 4, 3, 4, 4, 3, 3] != Общий: [1, 1, 2, 2, 3, 3, 3, 3, 3, 4, 4, 5, 5]"
Hapag-Lloyd,618,"Спец: [1, 3, 3, 4, 4, 3, 4, 4, 4, 3, 4] != Общий: [1, 2, 2, 2, 2, 3, 3, 4, 3, 3, 4]"
Hapag-Lloyd,619,"Спец: [1, 1, 2, 3, 4, 4, 3, 4, 4, 3, 4] != Общий: [1, 1, 2, 2, 2, 2, 3, 3, 4, 3, 4]"
Hapag-Lloyd,620,"Спец: [1, 1, 2, 2, 3, 4, 4, 3, 4, 4, 3, 4, 4, 3, 3] != Общий: [1, 1, 2, 2, 3, 3, 3, 3, 3, 3, 3, 4, 4, 5, 5]"
Hapag-Lloyd,621,"Спец: [1, 1, 2, 2, 3, 4, 3, 4] != Общий: [1, 1, 1, 2, 3, 4, 5, 5]"
Hapag-Lloyd,622,"Спец: [1, 1, 2, 3, 4, 4, 3, 4, 4, 4, 3, 4, 3, 4] != Общий: [1, 1, 2, 2, 2, 2, 3, 3, 4, 3, 3, 4, 5, 5]"
Hapag-Lloyd,623,"Спец: [1, 1, 2, 2, 3, 4, 4, 3, 3] != Общий: [1, 1, 2, 2, 3, 4, 4, 5, 5]"
Hapag-Lloyd,624,"Спец: [1, 1, 2, 2, 3, 4, 3, 4] != Общий: [1, 1, 2, 2, 3, 3, 3, 4]"
Hapag-Lloyd,625,"Спец: [1, 1, 3, 4, 3, 4] != Общий: [1, 1, 3, 4, 5, 5]"
Hapag-Lloyd,627,"Спец: [1, 1, 2, 2, 3, 4, 4, 4, 3, 4, 4, 4, 3, 4, 4, 4, 3, 4, 4] != Общий: [1, 1, 2, 2, 3, 3, 3, 3, 3, 3, 3, 3, 3, 3, 3, 3, 3, 4, 4]"
Hapag-Lloyd,628,"Спец: [1, 1, 2, 2, 3, 4, 3, 4] != Общий: [1, 1, 2, 2, 3, 3, 3, 4]"
Hapag-Lloyd,629,"Спец: [1, 1, 2, 3, 4, 4, 3, 4, 4, 3, 3] != Общий: [1, 1, 2, 2, 2, 2, 3, 4, 4, 5, 5]"
Hapag-Lloyd,630,"Спец: [1, 2, 3, 4, 4, 3, 3, 4, 4, 3, 3, 4, 5] != Общий: [1, 2, 2, 3, 3, 3, 3, 4, 4, 3, 3, 3, 3]"
Hapag-Lloyd,632,"Спец: [1, 1, 2, 2, 3, 4, 4, 3, 4, 4, 3, 4, 4, 4, 3, 4] != Общий: [1, 1, 2, 2, 3, 3, 3, 3, 3, 3, 3, 3, 4, 3, 3, 4]"
Hapag-Lloyd,633,"Спец: [1, 1, 2, 3, 4, 4, 3, 4, 4, 3, 4, 3, 3] != Общий: [1, 1, 2, 2, 2, 2, 3, 4, 4, 5, 5, 5, 5]"
Hapag-Lloyd,634,"Спец: [1, 1, 3, 3, 4, 4] != Общий: [1, 1, 3, 3, 4, 5]"
Hapag-Lloyd,635,"Спец: [1, 1, 2, 2, 3, 4, 3, 4, 3, 4] != Общий: [1, 1, 2, 2, 3, 3, 3, 4, 5, 5]"
Hapag-Lloyd,636,"Спец: [1, 1, 2, 3, 3, 4, 4, 4, 3, 4, 4, 3, 3] != Общий: [1, 1, 2, 3, 3, 3, 3, 3, 3, 4, 4, 5, 5]"
Hapag-Lloyd,637,"Спец: [1, 1, 2, 3, 3, 4, 4, 3, 4] != Общий: [1, 1, 2, 3, 3, 3, 4, 3, 4]"
Hapag-Lloyd,638,"Спец: [1, 1, 2, 2, 3, 4, 4, 4, 3, 4, 4, 3] != Общий: [1, 1, 2, 2, 3, 3, 4, 3, 3, 3, 4, 3]"
Hapag-Lloyd,639,"Спец: [1, 1, 2, 2, 3, 4, 4, 4, 3, 4] != Общий: [1, 1, 2, 2, 3, 3, 4, 3, 3, 4]"
Hapag-Lloyd,640,"Спец: [1, 1, 2, 2, 3, 4, 4, 4, 3, 4, 4, 3, 3] != Общий: [1, 1, 2, 2, 3, 3, 3, 3, 3, 4, 4, 5, 5]"
Hapag-Lloyd,641,"Спец: [1, 1, 2, 2, 3, 4, 3, 4] != Общий: [1, 1, 2, 2, 3, 3, 3, 4]"
Hapag-Lloyd,642,"Спец: [1, 1, 2, 2, 3, 4, 3, 4] != Общий: [1, 1, 2, 2, 3, 3, 3, 4]"
Hapag-Lloyd,643,"Спец: [1, 1, 2, 3, 4, 3, 4, 3, 4, 4, 3, 4, 4, 3, 3] != Общий: [1, 1, 2, 2, 2, 2, 2, 2, 2, 2, 3, 4, 4, 5, 5]"
Hapag-Lloyd,644,"Спец: [1, 2, 2, 2, 3, 4, 4, 4, 3, 4, 4, 3, 3] != Общий: [1, 1, 2, 2, 3, 3, 3, 3, 3, 4, 4, 5, 5]"
Hapag-Lloyd,645,"Спец: [1, 1, 2, 3, 4, 3, 4, 4, 3, 4, 4, 3] != Общий: [1, 1, 2, 2, 2, 2, 2, 2, 3, 4, 4, 5]"
Hapag-Lloyd,646,"Спец: [1, 1, 2, 3, 4, 4, 3, 4, 3, 4] != Общий: [1, 1, 2, 2, 2, 2, 3, 4, 5, 5]"
Hapag-Lloyd,648,"Спец: [1, 2, 3, 4, 4, 3, 4] != Общий: [1, 2, 2, 2, 2, 3, 4]"
Hapag-Lloyd,649,"Спец: [1, 1, 2, 2, 2, 2, 3, 4, 4, 3, 3] != Общий: [1, 1, 2, 2, 3, 3, 3, 4, 4, 5, 5]"
Hapag-Lloyd,650,"Спец: [1, 1, 2, 3, 4, 4, 3, 4, 4, 3, 3] != Общий: [1, 1, 2, 2, 2, 2, 3, 4, 4, 5, 5]"
Hapag-Lloyd,652,"Спец: [1, 1, 2, 2, 3, 4, 4, 4, 3, 4, 3, 4, 3, 4] != Общий: [1, 1, 2, 2, 3, 3, 4, 3, 3, 3, 3, 4, 5, 5]"
Hapag-Lloyd,654,"Спец: [1, 1, 2, 3, 4, 4, 3, 4, 4, 4, 3, 4, 4, 4, 3, 4, 4, 3] != Общий: [1, 1, 2, 2, 2, 2, 3, 3, 3, 3, 3, 3, 3, 3, 3, 4, 4, 5]"
Hapag-Lloyd,655,"Спец: [1, 1, 2, 2, 3, 4, 3, 4, 3, 4] != Общий: [1, 1, 2, 2, 3, 3, 3, 3, 3, 4]"
Hapag-Lloyd,656,"Спец: [1, 1, 2, 2, 3, 4, 4, 3, 4, 4, 3, 4, 4, 3, 3, 4, 3, 3] != Общий: [1, 1, 2, 2, 3, 3, 3, 3, 3, 3, 3, 4, 4, 5, 5, 5, 5, 5]"
Hapag-Lloyd,657,"Спец: [1, 1, 2, 3, 4, 3, 4] != Общий: [1, 1, 2, 3, 3, 3, 4]"
Hapag-Lloyd,658,"Спец: [1, 1, 2, 2, 3, 4, 4, 3, 3] != Общий: [1, 1, 2, 2, 3, 4, 4, 5, 5]"
Hapag-Lloyd,659,"Спец: [1, 1, 2, 2, 3, 4, 4, 4, 3, 4, 4, 4, 3, 4, 4, 4, 3, 4, 4, 3, 3] != Общий: [1, 1, 2, 2, 3, 3, 3, 3, 3, 3, 3, 3, 3, 3, 3, 3, 3, 4, 4, 5, 5]"
Hapag-Lloyd,660,"Спец: [1, 2, 2, 3, 3, 4, 4, 4, 3, 4, 3, 4] != Общий: [1, 2, 3, 3, 3, 3, 4, 3, 3, 4, 5, 5]"
Hapag-Lloyd,661,"Спец: [1, 3, 3, 4, 4, 4, 4, 4, 3, 4, 4, 3, 4, 4, 3, 4] != Общий: [1, 3, 3, 3, 3, 3, 3, 3, 3, 3, 4, 5, 5, 3, 3, 4]"
Hapag-Lloyd,662,"Спец: [1, 1, 2, 2, 3, 4, 4, 3, 4] != Общий: [1, 1, 2, 2, 3, 3, 4, 3, 4]"
Hapag-Lloyd,663,"Спец: [1, 1, 3, 4, 4, 4, 4, 4, 3, 3] != Общий: [1, 3, 3, 3, 3, 3, 3, 4, 5, 5]"
Hapag-Lloyd,664,"Спец: [1, 1, 2, 3, 4, 4, 3, 4] != Общий: [1, 1, 2, 2, 2, 2, 3, 4]"
Hapag-Lloyd,665,"Спец: [1, 2, 3, 4, 3, 4, 4, 3, 3, 4, 3, 4, 4, 3, 3, 4, 3, 4, 4, 5] != Общий: [1, 3, 3, 3, 3, 3, 3, 3, 3, 3, 3, 4, 4, 3, 3, 3, 3, 3, 3, 3]"
Hapag-Lloyd,667,"Спец: [1, 1, 2, 2, 3, 4, 4, 3, 3] != Общий: [1, 1, 2, 2, 3, 4, 4, 5, 5]"
Hapag-Lloyd,668,"Спец: [1, 1, 2, 2, 3, 4, 3, 4] != Общий: [1, 1, 2, 2, 3, 3, 3, 4]"
Hapag-Lloyd,669,"Спец: [1, 1, 2, 2, 3, 4, 4, 3, 4, 3] != Общий: [1, 1, 2, 2, 3, 4, 4, 5, 5, 5]"
Hapag-Lloyd,670,"Спец: [1, 3, 4, 3, 4, 3, 4, 4, 3, 3, 4, 4, 3, 3, 4, 3, 4, 5] != Общий: [1, 2, 2, 2, 2, 2, 3, 3, 3, 3, 4, 4, 3, 3, 3, 3, 3, 3]"
Hapag-Lloyd,671,"Спец: [1, 1, 2, 3, 3, 4, 4, 4, 3, 4, 4] != Общий: [1, 1, 2, 3, 3, 3, 3, 3, 3, 4, 4]"
Hapag-Lloyd,672,"Спец: [1, 1, 2, 2, 3, 4, 4, 4, 3, 4, 4, 4, 3, 4, 4, 3, 3] != Общий: [1, 1, 2, 2, 3, 3, 3, 3, 3, 3, 3, 3, 3, 4, 4, 5, 5]"
Hapag-Lloyd,673,"Спец: [1, 1, 2, 3, 3, 4, 4, 4, 3, 4, 4, 3] != Общий: [1, 1, 2, 3, 3, 3, 3, 3, 3, 4, 4, 5]"
Hapag-Lloyd,675,"Спец: [1, 1, 2, 3, 4, 4, 3, 4, 3, 4] != Общий: [1, 1, 2, 2, 2, 2, 3, 3, 3, 4]"
Hapag-Lloyd,676,"Спец: [1, 1, 2, 3, 4, 4, 3, 4] != Общий: [1, 1, 2, 2, 2, 2, 3, 4]"
Hapag-Lloyd,677,"Спец: [1, 1, 2, 2, 3, 4, 4, 4, 3, 4, 4, 3, 4] != Общий: [1, 1, 2, 2, 3, 3, 3, 3, 3, 4, 4, 5, 5]"
Hapag-Lloyd,678,"Спец: [1, 1, 2, 3, 4, 4, 3, 3] != Общий: [1, 3, 3, 3, 4, 4, 5, 5]"
Hapag-Lloyd,680,"Спец: [1, 1, 2, 2, 3, 4, 4, 4, 3, 4, 4, 3] != Общий: [1, 1, 2, 2, 3, 3, 3, 3, 3, 4, 4, 5]"
Hapag-Lloyd,681,"Спец: [1, 1, 2, 3, 4, 3, 3, 3, 4, 4, 3, 4] != Общий: [1, 1, 2, 2, 2, 2, 3, 3, 3, 4, 3, 4]"
Hapag-Lloyd,682,"Спец: [1, 1, 2, 3, 4, 3, 4, 3, 4] != Общий: [1, 1, 2, 2, 2, 3, 3, 3, 4]"
Hapag-Lloyd,683,"Спец: [1, 1, 2, 2, 3, 4, 4, 3, 4, 4, 3, 4] != Общий: [1, 1, 2, 2, 3, 3, 4, 5, 5, 3, 3, 4]"
Hapag-Lloyd,684,"Спец: [1, 1, 2, 2, 3, 4, 4, 3, 3] != Общий: [1, 1, 2, 2, 3, 4, 4, 5, 5]"
Hapag-Lloyd,685,"Спец: [1, 1, 2, 2, 3, 4, 4, 3, 4, 3, 4, 3, 4] != Общий: [1, 1, 2, 2, 3, 3, 4, 3, 3, 3, 4, 5, 5]"
Hapag-Lloyd,686,"Спец: [1, 1, 2, 2, 3, 4, 4, 4, 3, 4, 4, 3, 3, 4, 4] != Общий: [1, 1, 2, 2, 3, 3, 3, 3, 3, 4, 4, 5, 5, 5, 5]"
Hapag-Lloyd,688,"Спец: [1, 1, 2, 3, 4, 3, 4, 4, 3, 4, 3, 4] != Общий: [1, 1, 2, 2, 2, 2, 2, 2, 3, 3, 3, 4]"
Hapag-Lloyd,689,"Спец: [1, 1, 3, 4, 3, 4] != Общий: [1, 1, 3, 3, 3, 4]"
Hapag-Lloyd,690,"Спец: [1, 1, 2, 2, 3, 4, 4, 3, 3] != Общий: [1, 1, 2, 2, 3, 4, 4, 5, 5]"
Hapag-Lloyd,691,"Спец: [1, 1, 2, 2, 3, 4, 4, 4, 3, 3, 4, 4, 3, 4] != Общий: [1, 1, 2, 2, 3, 3, 3, 3, 3, 3, 4, 5, 3, 4]"
Hapag-Lloyd,692,"Спец: [1, 2, 3, 4, 4, 4, 5] != Общий: [1, 1, 3, 4, 4, 5, 5]"
Hapag-Lloyd,693,"Спец: [1, 1, 2, 2, 3, 4, 4, 3, 3] != Общий: [1, 1, 2, 2, 3, 4, 4, 5, 5]"
Hapag-Lloyd,694,"Спец: [1, 1, 2, 2, 3, 4, 4, 3, 3] != Общий: [1, 1, 2, 2, 3, 4, 4, 5, 5]"
Hapag-Lloyd,696,"Спец: [1, 1, 2, 2, 3, 4, 4, 3, 4, 4, 3, 4, 4, 4, 3, 4, 4, 3, 3] != Общий: [1, 1, 2, 2, 3, 3, 3, 3, 3, 3, 3, 3, 3, 3, 3, 4, 4, 5, 5]"
Hapag-Lloyd,697,"Спец: [1, 1, 2, 3, 3, 4, 4, 4, 3, 4, 4, 3] != Общий: [1, 1, 2, 3, 3, 3, 3, 3, 3, 4, 4, 5]"
Hapag-Lloyd,698,"Спец: [1, 1, 2, 2, 3, 4, 4, 4, 3, 4] != Общий: [1, 1, 2, 2, 3, 3, 4, 3, 3, 4]"
Hapag-Lloyd,699,"Спец: [1, 1, 2, 2, 3, 4, 3, 4] != Общий: [1, 1, 2, 2, 3, 3, 3, 4]"
Hapag-Lloyd,700,"Спец: [1, 1, 2, 2, 3, 4, 4, 4, 3, 4, 4, 3, 3] != Общий: [1, 1, 2, 2, 3, 3, 3, 3, 3, 4, 4, 5, 5]"
Hapag-Lloyd,701,"Спец: [1, 1, 2, 2, 3, 4, 4, 3, 4, 3, 4, 3, 4] != Общий: [1, 1, 2, 2, 2, 2, 2, 3, 3, 3, 4, 5, 5]"
Hapag-Lloyd,702,"Спец: [1, 2, 3, 4, 4, 3, 3, 4, 5] != Общий: [1, 2, 2, 2, 2, 3, 3, 3, 3]"
Hapag-Lloyd,704,"Спец: [1, 1, 2, 2, 3, 4, 3, 4] != Общий: [1, 1, 2, 2, 3, 4, 5, 5]"
Hapag-Lloyd,707,"Спец: [1, 1, 2, 2, 3, 4, 4, 3, 3] != Общий: [1, 1, 2, 2, 3, 4, 4, 5, 5]"
Hapag-Lloyd,708,"Спец: [1, 1, 2, 2, 3, 4, 4, 4, 3, 4, 4, 3, 3] != Общий: [1, 1, 2, 2, 3, 3, 3, 3, 3, 4, 4, 5, 5]"
Hapag-Lloyd,709,"Спец: [1, 1, 2, 2, 3, 4, 4, 3, 3] != Общий: [1, 1, 2, 2, 3, 4, 4, 5, 5]"
Hapag-Lloyd,710,"Спец: [1, 1, 2, 2, 3, 4, 4, 4, 3, 4, 4, 3, 3] != Общий: [1, 1, 2, 2, 3, 3, 3, 3, 3, 4, 4, 5, 5]"
Hapag-Lloyd,711,"Спец: [1, 1, 2, 2, 3, 4, 4, 4, 3, 4, 4, 4, 3, 4] != Общий: [1, 1, 2, 2, 3, 3, 3, 3, 3, 3, 4, 3, 3, 4]"
Hapag-Lloyd,713,"Спец: [1, 1, 3, 4, 3, 4, 4, 3, 4, 4, 3, 3] != Общий: [1, 1, 2, 2, 2, 2, 2, 3, 4, 4, 5, 5]"
Hapag-Lloyd,714,"Спец: [1, 1, 2, 2, 3, 4, 4, 4, 3, 4] != Общий: [1, 1, 2, 2, 3, 3, 4, 3, 3, 4]"
Hapag-Lloyd,715,"Спец: [1, 1, 2, 2, 3, 4, 4, 3, 3] != Общий: [1, 1, 2, 2, 3, 4, 4, 5, 5]"
Hapag-Lloyd,716,"Спец: [1, 1, 2, 2, 2, 3, 4, 4, 4, 3, 4, 4, 3, 3] != Общий: [1, 1, 1, 2, 2, 3, 3, 3, 3, 3, 4, 4, 5, 5]"
Hapag-Lloyd,717,"Спец: [1, 1, 2, 2, 3, 4, 4, 3, 3] != Общий: [1, 1, 2, 2, 3, 4, 4, 5, 5]"
Hapag-Lloyd,718,"Спец: [1, 1, 2, 2, 3, 4, 3, 4] != Общий: [1, 1, 2, 2, 3, 3, 3, 4]"
Hapag-Lloyd,719,"Спец: [1, 1, 2, 2, 3, 4, 4, 3, 3] != Общий: [1, 1, 2, 2, 3, 4, 4, 5, 5]"
Hapag-Lloyd,720,"Спец: [1, 1, 2, 2, 3, 4, 4, 3, 4, 3, 4] != Общий: [1, 1, 1, 2, 2, 2, 2, 3, 3, 3, 4]"
Hapag-Lloyd,721,"Спец: [1, 1, 2, 2, 3, 4, 3, 4] != Общий: [1, 1, 2, 2, 3, 3, 3, 4]"
Hapag-Lloyd,722,"Спец: [1, 1, 2, 2, 3, 4, 4, 3, 3] != Общий: [1, 1, 2, 2, 3, 4, 4, 5, 5]"
Hapag-Lloyd,723,"Спец: [1, 1, 2, 2, 3, 4, 4, 4, 3, 4, 4, 4, 4] != Общий: [1, 1, 2, 2, 3, 3, 3, 3, 3, 3, 4, 3, 4]"
Hapag-Lloyd,724,"Спец: [1, 1, 2, 2, 3, 4, 3, 4] != Общий: [1, 1, 2, 2, 3, 3, 3, 4]"
Hapag-Lloyd,725,"Спец: [1, 1, 3, 4, 3, 4, 4, 3, 4, 4, 4, 3, 4, 4, 3, 3] != Общий: [1, 1, 2, 2, 2, 2, 2, 3, 3, 3, 3, 3, 4, 4, 5, 5]"
Hapag-Lloyd,727,"Спец: [1, 1, 2, 3, 4, 3, 4] != Общий: [1, 1, 2, 3, 3, 3, 4]"
Hapag-Lloyd,728,"Спец: [1, 1, 2, 2, 3, 4, 4, 3, 4, 4, 3, 4, 3, 4] != Общий: [1, 1, 2, 2, 3, 3, 4, 5, 5, 3, 3, 4, 5, 5]"
Hapag-Lloyd,731,"Спец: [1, 1, 2, 2, 3, 4, 4, 3, 3] != Общий: [1, 1, 2, 2, 3, 4, 4, 5, 5]"
Hapag-Lloyd,732,"Спец: [1, 1, 2, 2, 3, 4, 4, 4, 3, 4, 4, 3, 4, 3, 3] != Общий: [1, 1, 2, 2, 3, 3, 3, 3, 3, 4, 4, 5, 5, 5, 5]"
Hapag-Lloyd,733,"Спец: [1, 1, 2, 2, 3, 4, 3, 4, 3, 4] != Общий: [1, 1, 2, 2, 3, 3, 3, 3, 3, 4]"
Hapag-Lloyd,735,"Спец: [1, 1, 2, 2, 3, 4, 4, 3, 3] != Общий: [1, 1, 2, 2, 3, 4, 4, 5, 5]"
Hapag-Lloyd,736,"Спец: [1, 1, 2, 2, 3, 4, 4, 4, 3, 4, 4, 3, 3] != Общий: [1, 1, 2, 2, 3, 3, 3, 3, 3, 4, 4, 5, 5]"
Hapag-Lloyd,737,"Спец: [1, 1, 2, 2, 3, 4, 4, 4, 3, 4, 4, 3, 3, 4, 3, 4, 5] != Общий: [1, 1, 2, 2, 3, 3, 3, 3, 3, 4, 4, 5, 5, 5, 5, 5, 5]"
Hapag-Lloyd,738,"Спец: [1, 2, 2, 2, 2, 2, 2, 3, 3] != Общий: [1, 2, 3, 3, 3, 3, 4, 5, 5]"
Hapag-Lloyd,739,"Спец: [1, 1, 2, 2, 3, 4, 4, 3, 4, 3, 4] != Общий: [1, 1, 2, 2, 3, 4, 4, 5, 5, 5, 5]"
Hapag-Lloyd,740,"Спец: [1, 1, 2, 3, 4, 4, 3, 4, 4, 3, 4, 3, 3, 4] != Общий: [1, 1, 2, 2, 2, 2, 3, 4, 4, 5, 5, 5, 5, 5]"
Hapag-Lloyd,741,"Спец: [1, 2, 3, 4, 4, 3, 3, 4, 4, 3, 3, 4, 5] != Общий: [1, 2, 2, 3, 3, 3, 3, 4, 4, 3, 3, 3, 3]"
Hapag-Lloyd,742,"Спец: [1, 1, 2, 2, 3, 4, 4, 3, 4] != Общий: [1, 1, 2, 2, 3, 4, 4, 5, 5]"
Hapag-Lloyd,744,"Спец: [1, 1, 2, 2, 3, 4, 4, 3, 3] != Общий: [1, 1, 2, 2, 3, 4, 4, 5, 5]"
Hapag-Lloyd,745,"Спец: [1, 1, 2, 2, 3, 4, 4, 4, 3, 4, 4, 4] != Общий: [1, 1, 2, 2, 3, 3, 3, 3, 3, 4, 4, 5]"
Hapag-Lloyd,747,"Спец: [1, 1, 2, 3, 4, 4, 3, 3, 4, 4] != Общий: [1, 1, 2, 2, 2, 2, 3, 3, 4, 5]"
Hapag-Lloyd,748,"Спец: [1, 1, 2, 2, 3, 4, 4, 4, 3, 4, 4, 4, 3, 4, 4, 4] != Общий: [1, 1, 2, 2, 3, 3, 3, 3, 3, 3, 3, 3, 3, 4, 4, 5]"
Hapag-Lloyd,750,"Спец: [1, 1, 2, 2, 3, 4, 4, 4, 3, 4, 4, 4, 3, 4, 4, 3, 3] != Общий: [1, 1, 2, 2, 3, 3, 3, 3, 3, 3, 3, 3, 3, 4, 4, 5, 5]"
Hapag-Lloyd,751,"Спец: [1, 1, 3, 4, 3, 4] != Общий: [1, 1, 3, 3, 3, 4]"
Hapag-Lloyd,752,"Спец: [1, 1, 2, 2, 3, 4, 3, 4] != Общий: [1, 1, 2, 2, 3, 3, 3, 4]"
Hapag-Lloyd,756,"Спец: [1, 1, 2, 2, 3, 3] != Общий: [1, 3, 3, 4, 5, 5]"
Hapag-Lloyd,757,"Спец: [1, 1, 2, 2, 3, 4, 3, 4] != Общий: [1, 1, 2, 2, 3, 3, 3, 4]"
Hapag-Lloyd,758,"Спец: [1, 1, 2, 3, 4, 3, 4, 3, 4] != Общий: [1, 1, 2, 3, 3, 3, 3, 3, 4]"
Hapag-Lloyd,759,"Спец: [1, 1, 2, 3, 4, 3, 4] != Общий: [1, 1, 2, 3, 3, 3, 4]"
Hapag-Lloyd,760,"Спец: [1, 1, 2, 2, 3, 4, 4, 3, 3] != Общий: [1, 1, 2, 2, 3, 4, 4, 5, 5]"
Hapag-Lloyd,761,"Спец: [1, 1, 2, 2, 3, 4, 4, 3, 3] != Общий: [1, 1, 2, 2, 3, 4, 4, 5, 5]"
Hapag-Lloyd,763,"Спец: [1, 1, 2, 2, 3, 4, 4, 4, 3, 4] != Общий: [1, 1, 2, 2, 3, 3, 4, 3, 3, 4]"
Hapag-Lloyd,764,"Спец: [1, 1, 2, 3, 4, 4, 3, 4, 4, 3, 3] != Общий: [1, 1, 2, 2, 2, 2, 3, 4, 4, 5, 5]"
Hapag-Lloyd,765,"Спец: [1, 1, 2, 2, 3, 4, 3, 4] != Общий: [1, 1, 2, 2, 3, 3, 3, 4]"
Hapag-Lloyd,766,"Спец: [1, 1, 2, 2, 3, 4, 4, 4, 3, 4, 4, 3, 4, 4, 3, 4, 4, 3, 3] != Общий: [1, 1, 2, 2, 3, 3, 3, 3, 3, 3, 3, 3, 3, 3, 3, 4, 4, 5, 5]"
Hapag-Lloyd,767,"Спец: [1, 1, 2, 2, 3, 4, 4, 4, 3, 4, 4, 4, 3, 4, 4, 3, 3] != Общий: [1, 1, 2, 2, 3, 3, 3, 3, 3, 3, 3, 3, 3, 4, 4, 5, 5]"
Hapag-Lloyd,768,"Спец: [1, 1, 2, 3, 4, 4, 3, 4, 4] != Общий: [1, 1, 2, 2, 2, 2, 3, 4, 4]"
Hapag-Lloyd,769,"Спец: [1, 1, 2, 2, 3, 4, 3, 4] != Общий: [1, 1, 2, 2, 3, 3, 3, 4]"
Hapag-Lloyd,770,"Спец: [1, 1, 2, 2, 3, 4, 4, 3, 3] != Общий: [1, 1, 2, 2, 3, 4, 4, 5, 5]"
Hapag-Lloyd,772,"Спец: [1, 1, 2, 2, 2, 2, 3, 4] != Общий: [1, 1, 2, 2, 2, 3, 3, 4]"
Hapag-Lloyd,773,"Спец: [1, 1, 2, 2, 3, 4, 3, 4, 3, 4] != Общий: [1, 1, 2, 2, 3, 3, 3, 4, 5, 5]"
Hapag-Lloyd,774,"Спец: [1, 2, 3, 4, 4, 4, 4, 4] != Общий: [1, 2, 2, 2, 2, 3, 3, 4]"
Hapag-Lloyd,775,"Спец: [1, 1, 2, 2, 3, 4, 4, 3, 4, 4, 3, 4, 3, 4] != Общий: [1, 1, 2, 2, 3, 3, 4, 5, 5, 3, 3, 3, 3, 4]"
Hapag-Lloyd,776,"Спец: [1, 2, 3, 4, 3, 4, 3, 4, 3, 3] != Общий: [1, 3, 3, 3, 3, 3, 3, 4, 3, 3]"
Hapag-Lloyd,778,"Спец: [1, 1, 2, 2, 3, 4, 4, 3, 4, 3] != Общий: [1, 1, 2, 2, 3, 4, 4, 5, 5, 5]"
Hapag-Lloyd,779,"Спец: [1, 1, 2, 2, 3, 4, 4, 3, 4, 3, 3] != Общий: [1, 1, 2, 2, 3, 4, 4, 5, 5, 5, 5]"
Hapag-Lloyd,780,"Спец: [1, 1, 2, 2, 3, 4, 4, 4, 3, 4, 4, 3, 4, 5] != Общий: [1, 1, 2, 2, 3, 3, 3, 3, 3, 4, 4, 5, 5, 5]"
Hapag-Lloyd,781,"Спец: [1, 1, 2, 2, 3, 4, 4, 3, 4] != Общий: [1, 1, 2, 2, 3, 4, 3, 3, 4]"
Hapag-Lloyd,784,"Спец: [1, 1, 2, 2, 3, 4, 4, 3, 3] != Общий: [1, 1, 2, 2, 3, 4, 4, 5, 5]"
Hapag-Lloyd,786,"Спец: [1, 1, 2, 3, 4, 4, 3, 4, 4, 3, 4, 3, 3] != Общий: [1, 1, 2, 2, 2, 2, 3, 4, 4, 5, 5, 5, 5]"
Hapag-Lloyd,787,"Спец: [1, 1, 2, 2, 3, 4, 4, 3, 3] != Общий: [1, 1, 2, 2, 3, 4, 4, 5, 5]"
Hapag-Lloyd,788,"Спец: [1, 1, 2, 2, 3, 4, 4, 3, 4, 4, 3, 4, 4, 3, 3] != Общий: [1, 1, 2, 2, 3, 3, 3, 3, 3, 3, 3, 4, 4, 5, 5]"
Hapag-Lloyd,789,"Спец: [1, 1, 2, 2, 3, 4, 4, 3] != Общий: [1, 1, 2, 2, 3, 4, 5, 5]"
Hapag-Lloyd,790,"Спец: [1, 1, 2, 2, 3, 4, 4, 4, 3, 4] != Общий: [1, 1, 2, 2, 3, 3, 4, 3, 3, 4]"
Hapag-Lloyd,791,"Спец: [1, 1, 2, 2, 3, 4, 3, 4] != Общий: [1, 1, 2, 2, 3, 3, 3, 4]"
Hapag-Lloyd,792,"Спец: [1, 1, 2, 3, 4, 4, 3, 4, 4, 3, 4, 3, 3] != Общий: [1, 1, 2, 2, 2, 2, 3, 4, 4, 5, 5, 5, 5]"
Hapag-Lloyd,793,"Спец: [1, 1, 2, 2, 3, 4, 3, 4] != Общий: [1, 1, 2, 2, 3, 3, 3, 4]"
Hapag-Lloyd,794,"Спец: [1, 2, 2, 2, 2, 3, 4, 4, 4, 4, 3, 4, 4, 3, 4, 4, 3, 4, 4, 3, 3] != Общий: [1, 2, 2, 2, 2, 2, 2, 2, 3, 3, 3, 3, 3, 3, 3, 3, 3, 4, 4, 5, 5]"
Hapag-Lloyd,796,"Спец: [1, 1, 3, 4, 3, 4] != Общий: [1, 1, 3, 3, 3, 4]"
Hapag-Lloyd,798,"Спец: [1, 1, 2, 2, 3, 4, 4, 3] != Общий: [1, 1, 2, 2, 3, 4, 4, 5]"
Hapag-Lloyd,799,"Спец: [1, 1, 2, 2, 3, 4, 4, 4, 3, 4, 4, 3, 3] != Общий: [1, 1, 2, 2, 3, 3, 3, 3, 3, 4, 4, 5, 5]"
Hapag-Lloyd,800,"Спец: [1, 1, 2, 2, 3, 4, 4, 4, 3, 4, 4, 3, 4, 3, 4, 5] != Общий: [1, 1, 2, 2, 3, 3, 3, 3, 3, 4, 4, 5, 5, 5, 5, 5]"
Hapag-Lloyd,801,"Спец: [1, 1, 2, 2, 3, 4, 4, 4, 3, 4, 4, 3, 4] != Общий: [1, 1, 2, 2, 3, 3, 3, 3, 3, 3, 4, 3, 4]"
Hapag-Lloyd,802,"Спец: [1, 1, 2, 2, 3, 4, 4, 4, 3, 4] != Общий: [1, 1, 2, 2, 3, 3, 4, 3, 3, 4]"
Hapag-Lloyd,803,"Спец: [1, 1, 2, 2, 3, 4, 4, 4, 3, 4, 4, 4, 3, 4, 4] != Общий: [1, 1, 2, 2, 3, 3, 3, 3, 3, 3, 3, 3, 3, 4, 4]"
Hapag-Lloyd,804,"Спец: [1, 1, 2, 2, 3, 4, 4, 4, 3, 4, 4, 4, 3, 4, 4, 4, 3, 4, 3, 3, 4, 4] != Общий: [1, 1, 2, 2, 3, 3, 3, 3, 3, 3, 3, 3, 3, 3, 4, 3, 3, 4, 5, 5, 5, 5]"
Hapag-Lloyd,805,"Спец: [1, 2, 2, 3, 4, 4, 3, 4, 4, 3, 4, 3] != Общий: [1, 2, 2, 2, 2, 2, 3, 4, 4, 5, 5, 5]"
Hapag-Lloyd,807,"Спец: [1, 2, 2, 2, 2, 3, 4, 4, 4, 3, 4, 4, 3] != Общий: [1, 1, 1, 2, 2, 3, 3, 3, 3, 3, 4, 4, 5]"
Hapag-Lloyd,808,"Спец: [1, 1, 2, 2, 3, 4, 3, 4] != Общий: [1, 1, 2, 2, 3, 3, 3, 4]"
Hapag-Lloyd,809,"Спец: [1, 1, 2, 3, 4, 4, 3, 4, 3, 4] != Общий: [1, 1, 2, 2, 2, 2, 3, 4, 5, 5]"
Hapag-Lloyd,810,"Спец: [1, 1, 3, 4, 3, 4, 3, 4] != Общий: [1, 1, 3, 3, 3, 4, 5, 5]"
Hapag-Lloyd,812,"Спец: [1, 1, 2, 3, 4, 3, 4, 3, 4] != Общий: [1, 1, 2, 3, 3, 3, 4, 5, 5]"
Hapag-Lloyd,813,"Спец: [1, 1, 2, 2, 3, 4, 4, 3, 3] != Общий: [1, 1, 2, 2, 3, 4, 4, 5, 5]"
Hapag-Lloyd,829,"Спец: [1, 1, 2, 2, 3, 4, 4, 4, 3, 4] != Общий: [1, 1, 2, 2, 3, 3, 4, 3, 3, 4]"
Hapag-Lloyd,830,"Спец: [1, 1, 2, 2, 3, 4, 4, 4, 3, 4] != Общий: [1, 1, 2, 2, 3, 3, 4, 3, 3, 4]"
Hapag-Lloyd,833,"Спец: [1, 1, 2, 2, 3, 4, 4, 3, 4] != Общий: [1, 1, 2, 2, 3, 3, 4, 3, 4]"
Hapag-Lloyd,834,"Спец: [1, 1, 2, 2, 3, 4, 3, 4] != Общий: [1, 1, 2, 2, 3, 3, 3, 4]"
Hapag-Lloyd,835,"Спец: [1, 1, 2, 2, 3, 4, 3, 4] != Общий: [1, 1, 2, 2, 3, 3, 3, 4]"
Hapag-Lloyd,836,"Спец: [1, 1, 2, 2, 3, 4, 3, 4] != Общий: [1, 1, 2, 2, 3, 3, 3, 4]"
Hapag-Lloyd,837,"Спец: [1, 1, 2, 2, 3, 4, 3, 4, 3, 3, 4, 4] != Общий: [1, 1, 2, 2, 3, 4, 5, 5, 5, 5, 5, 5]"
Hapag-Lloyd,838,"Спец: [1, 1, 2, 2, 3, 4, 4, 4, 3, 4, 3, 4] != Общий: [1, 1, 2, 2, 3, 3, 4, 3, 3, 3, 3, 4]"
Hapag-Lloyd,839,"Спец: [1, 1, 2, 3, 4, 3, 4, 3, 4, 3, 4] != Общий: [1, 1, 2, 2, 2, 2, 2, 3, 3, 3, 4]"
Hapag-Lloyd,840,"Спец: [1, 1, 2, 2, 3, 4, 4, 4, 3, 4] != Общий: [1, 1, 2, 2, 3, 3, 4, 3, 3, 4]"
Hapag-Lloyd,841,"Спец: [1, 1, 2, 2, 3, 4, 3, 4] != Общий: [1, 1, 2, 2, 3, 3, 3, 4]"
Hapag-Lloyd,842,"Спец: [1, 1, 2, 2, 3, 4, 4, 4, 3, 4] != Общий: [1, 1, 2, 2, 3, 3, 4, 3, 3, 4]"
Hapag-Lloyd,843,"Спец: [1, 1, 2, 2, 3, 4, 4, 4, 3, 4] != Общий: [1, 1, 2, 2, 3, 3, 4, 3, 3, 4]"
Hapag-Lloyd,844,"Спец: [1, 1, 2, 2, 3, 4, 4, 4, 3, 4, 3, 4, 3, 4] != Общий: [1, 1, 2, 2, 3, 3, 3, 3, 3, 4, 5, 5, 3, 4]"
Hapag-Lloyd,845,"Спец: [1, 1, 2, 2, 3, 4, 3, 4] != Общий: [1, 1, 2, 2, 3, 3, 3, 4]"
Hapag-Lloyd,846,"Спец: [1, 1, 2, 2, 3, 4, 4, 3, 4] != Общий: [1, 1, 2, 2, 3, 3, 4, 3, 4]"
Hapag-Lloyd,847,"Спец: [1, 1, 2, 2, 3, 4, 4, 3, 4] != Общий: [1, 1, 2, 2, 3, 3, 4, 3, 4]"
Hapag-Lloyd,848,"Спец: [1, 2, 2, 3, 4, 4, 4, 3, 4] != Общий: [1, 2, 2, 3, 3, 4, 3, 3, 4]"
Hapag-Lloyd,850,"Спец: [1, 1, 2, 2, 3, 4, 4, 4, 3, 4, 4, 4, 3, 4, 4, 4, 3, 4] != Общий: [1, 1, 2, 2, 3, 3, 3, 3, 3, 3, 3, 3, 3, 3, 4, 3, 3, 4]"
Hapag-Lloyd,853,"Спец: [1, 1, 2, 2, 3] != Общий: [1, 3, 3, 4, 5]"
Hapag-Lloyd,855,"Спец: [1, 1, 2, 2, 3, 4, 4, 3, 4, 3, 4] != Общий: [1, 1, 2, 2, 3, 3, 4, 5, 5, 3, 4]"
Hapag-Lloyd,856,"Спец: [1, 1, 2, 2, 3, 4, 3, 4] != Общий: [1, 1, 2, 2, 3, 3, 3, 4]"
Hapag-Lloyd,857,"Спец: [1, 1, 2, 2, 3, 4, 3, 4] != Общий: [1, 1, 2, 2, 3, 3, 3, 4]"
Hapag-Lloyd,858,"Спец: [1, 1, 2, 2, 3, 4, 3, 4] != Общий: [1, 1, 2, 2, 3, 3, 3, 4]"
Hapag-Lloyd,859,"Спец: [1, 1, 2, 2, 3, 4, 3, 4] != Общий: [1, 1, 2, 2, 3, 3, 3, 4]"
Hapag-Lloyd,860,"Спец: [1, 1, 2, 2, 3, 4, 3, 4] != Общий: [1, 1, 2, 2, 3, 3, 3, 4]"
Hapag-Lloyd,861,"Спец: [1, 1, 2, 2, 3, 4, 3, 4] != Общий: [1, 1, 2, 2, 3, 3, 3, 4]"
Hapag-Lloyd,867,"Спец: [1, 1, 2, 2, 3, 4, 3, 4] != Общий: [1, 1, 2, 2, 3, 3, 3, 4]"
Hapag-Lloyd,870,"Спец: [1, 1, 2, 2, 3, 4, 4, 4, 3, 4] != Общий: [1, 1, 2, 2, 3, 3, 4, 3, 3, 4]"
Hapag-Lloyd,871,"Спец: [1, 1, 2, 3, 4, 3, 4] != Общий: [1, 1, 2, 3, 3, 3, 4]"
Hapag-Lloyd,872,"Спец: [1, 1, 2, 2, 3, 4, 4, 3, 4, 3, 4] != Общий: [1, 1, 2, 2, 3, 3, 4, 5, 5, 3, 4]"
Hapag-Lloyd,873,"Спец: [1, 1, 2, 2, 3, 4, 4, 4, 3, 4] != Общий: [1, 1, 2, 2, 3, 3, 4, 3, 3, 4]"
Hapag-Lloyd,874,"Спец: [1, 1, 2, 3, 4, 4, 3, 4, 4, 3, 4] != Общий: [1, 1, 2, 2, 2, 2, 3, 3, 4, 3, 4]"
Hapag-Lloyd,875,"Спец: [1, 1, 2, 2, 3, 4, 4, 3, 4, 3, 4] != Общий: [1, 1, 2, 2, 3, 3, 4, 5, 5, 3, 4]"
Hapag-Lloyd,876,"Спец: [1, 1, 2, 2, 3, 4, 3, 4] != Общий: [1, 1, 2, 2, 3, 4, 5, 5]"
Hapag-Lloyd,877,"Спец: [1, 1, 2, 3, 3, 3, 4] != Общий: [1, 1, 2, 2, 2, 3, 4]"
Hapag-Lloyd,878,"Спец: [1, 2, 3, 3, 4, 4, 4, 3, 4] != Общий: [1, 2, 3, 3, 3, 4, 3, 3, 4]"
Hapag-Lloyd,879,"Спец: [1, 2, 2, 3, 4, 4, 4, 3, 4, 3, 4] != Общий: [1, 2, 2, 3, 3, 4, 3, 3, 4, 5, 5]"
Hapag-Lloyd,880,"Спец: [1, 1, 2, 2, 3, 4, 4, 4, 3, 4, 3, 3, 3, 4, 4] != Общий: [1, 1, 2, 2, 3, 3, 4, 3, 3, 4, 5, 5, 5, 5, 5]"
Hapag-Lloyd,882,"Спец: [1, 1, 2, 2, 3, 4, 4, 4, 3, 4, 3, 4] != Общий: [1, 1, 2, 2, 3, 3, 4, 3, 3, 3, 3, 4]"
Hapag-Lloyd,883,"Спец: [1, 1, 2, 3, 4, 3, 3, 4, 4, 3, 4] != Общий: [1, 1, 2, 3, 3, 3, 3, 4, 5, 3, 4]"
Hapag-Lloyd,884,"Спец: [1, 1, 2, 2, 2, 3, 4, 3, 4, 3, 4] != Общий: [1, 1, 1, 2, 2, 3, 4, 5, 5, 5, 5]"
Hapag-Lloyd,886,"Спец: [1, 1, 2, 2, 3, 4, 4, 3, 4, 3, 4, 3, 3, 4] != Общий: [1, 1, 2, 2, 3, 4, 4, 5, 5, 5, 5, 5, 5, 5]"
Hapag-Lloyd,887,"Спец: [1, 1, 2, 2, 3, 4, 4, 3, 3, 3, 4, 3, 3, 4, 4] != Общий: [1, 1, 2, 2, 3, 3, 4, 5, 3, 3, 4, 5, 5, 5, 5]"
Hapag-Lloyd,888,"Спец: [1, 1, 2, 2, 3, 4, 4, 3, 4, 3, 4] != Общий: [1, 1, 2, 2, 3, 4, 4, 5, 5, 5, 5]"
Hapag-Lloyd,889,"Спец: [1, 1, 3, 3, 3, 4] != Общий: [1, 1, 1, 3, 3, 3]"
Hapag-Lloyd,890,"Спец: [1, 1, 2, 2, 3, 4, 4, 4, 3, 4] != Общий: [1, 1, 2, 2, 3, 3, 4, 3, 3, 4]"
Hapag-Lloyd,891,"Спец: [1, 2, 2, 3, 4, 4, 4, 3, 4, 4] != Общий: [1, 2, 2, 3, 3, 3, 3, 3, 4, 4]"
Hapag-Lloyd,893,"Спец: [1, 2, 2, 3, 4, 4, 4, 3, 4, 4] != Общий: [1, 2, 2, 3, 3, 3, 3, 3, 4, 4]"
Hapag-Lloyd,894,"Спец: [1, 1, 2, 2, 3, 4, 4, 4, 3, 4, 4, 3, 3] != Общий: [1, 1, 2, 2, 3, 3, 3, 3, 3, 4, 4, 5, 5]"
Hapag-Lloyd,895,"Спец: [1, 1, 2, 2, 3, 4, 3, 4] != Общий: [1, 1, 2, 2, 3, 4, 5, 5]"
Hapag-Lloyd,896,"Спец: [1, 1, 2, 2, 3, 4, 3, 4, 3, 4] != Общий: [1, 1, 2, 2, 3, 3, 3, 3, 3, 4]"
Hapag-Lloyd,897,"Спец: [1, 1, 2, 2, 3, 4, 3, 4] != Общий: [1, 1, 2, 2, 3, 3, 3, 4]"
Hapag-Lloyd,898,"Спец: [1, 1, 2, 2, 3, 4, 3, 4] != Общий: [1, 1, 2, 2, 3, 3, 3, 4]"
Hapag-Lloyd,899,"Спец: [1, 1, 2, 2, 3, 4, 4, 4, 3, 4, 3, 4] != Общий: [1, 1, 2, 2, 3, 3, 4, 3, 3, 3, 3, 4]"
Hapag-Lloyd,901,"Спец: [1, 1, 2, 2, 3, 4, 4, 3, 4, 3, 4] != Общий: [1, 1, 2, 2, 3, 3, 4, 3, 3, 3, 4]"
Hapag-Lloyd,902,"Спец: [1, 1, 2, 2, 3, 4, 4, 3, 4, 4, 3, 4] != Общий: [1, 1, 2, 2, 3, 3, 4, 5, 5, 3, 3, 4]"
Hapag-Lloyd,903,"Спец: [1, 1, 2, 2, 3, 4, 4, 4, 3, 4, 3, 4] != Общий: [1, 1, 2, 2, 3, 3, 4, 3, 3, 4, 5, 5]"
Hapag-Lloyd,905,"Спец: [1, 1, 2, 2, 3, 4, 3, 4] != Общий: [1, 1, 2, 2, 3, 4, 5, 5]"
Hapag-Lloyd,908,"Спец: [1, 1, 2, 2, 2, 2, 3, 4] != Общий: [1, 1, 2, 2, 2, 3, 3, 4]"
Hapag-Lloyd,909,"Спец: [1, 1, 2, 2, 3, 4, 3, 4] != Общий: [1, 1, 2, 2, 3, 3, 3, 4]"
Hapag-Lloyd,910,"Спец: [1, 1, 2, 3, 4, 4, 3, 4, 3, 4] != Общий: [1, 1, 2, 2, 2, 2, 3, 3, 3, 4]"
Hapag-Lloyd,911,"Спец: [1, 1, 2, 2, 3, 4, 3, 4] != Общий: [1, 1, 2, 2, 3, 3, 3, 4]"
Hapag-Lloyd,912,"Спец: [1, 1, 2, 2, 3, 4, 4, 4, 3, 4, 4, 4, 3, 4, 4, 3] != Общий: [1, 1, 2, 2, 3, 3, 3, 3, 3, 3, 3, 3, 3, 4, 4, 5]"
Hapag-Lloyd,913,"Спец: [1, 1, 2, 2, 3, 4, 3, 4] != Общий: [1, 1, 2, 2, 3, 4, 5, 5]"
Hapag-Lloyd,914,"Спец: [1, 1, 2, 2, 3, 4, 3, 4] != Общий: [1, 1, 2, 2, 3, 3, 3, 4]"
Hapag-Lloyd,915,"Спец: [1, 1, 2, 2, 3, 4, 3, 4] != Общий: [1, 1, 2, 2, 3, 3, 3, 4]"
Hapag-Lloyd,916,"Спец: [1, 1, 2, 2, 3, 4, 4, 4, 3, 4, 4, 4, 3, 4, 4, 4, 3, 4, 4, 3, 4] != Общий: [1, 1, 2, 2, 3, 3, 3, 3, 3, 3, 3, 3, 3, 3, 3, 3, 3, 4, 4, 5, 5]"
Hapag-Lloyd,917,"Спец: [1, 1, 2, 2, 3, 4, 4, 4, 3, 4, 4, 4, 3, 4, 4, 4, 3, 4, 3, 4] != Общий: [1, 1, 2, 2, 3, 3, 3, 3, 3, 3, 3, 3, 3, 3, 4, 3, 3, 4, 5, 5]"
Hapag-Lloyd,918,"Спец: [1, 1, 2, 2, 3, 4, 4, 4, 3, 4, 4, 3, 4, 3, 4] != Общий: [1, 1, 2, 2, 3, 3, 3, 3, 3, 3, 4, 3, 4, 5, 5]"
Hapag-Lloyd,919,"Спец: [1, 1, 2, 2, 3, 4, 4, 4, 3, 4, 4, 4, 3, 4, 4, 4, 3, 4, 4, 3, 4] != Общий: [1, 1, 2, 2, 3, 3, 3, 3, 3, 3, 3, 3, 3, 3, 3, 3, 3, 4, 4, 5, 5]"
Hapag-Lloyd,920,"Спец: [1, 1, 2, 2, 3, 4, 4, 4, 3, 4, 4] != Общий: [1, 1, 2, 2, 3, 3, 3, 3, 3, 4, 4]"
Hapag-Lloyd,921,"Спец: [1, 1, 3, 4, 3, 4, 4, 3, 4, 4, 3, 3, 4, 4] != Общий: [1, 1, 2, 2, 2, 2, 2, 3, 4, 4, 5, 5, 5, 5]"
Hapag-Lloyd,922,"Спец: [1, 1, 2, 2, 3, 4, 4, 4, 3, 4, 4] != Общий: [1, 1, 2, 2, 3, 3, 3, 3, 3, 4, 4]"
Hapag-Lloyd,923,"Спец: [1, 1, 2, 3, 4, 3, 4, 4, 3, 4, 4, 3, 3, 4, 4] != Общий: [1, 1, 1, 2, 2, 2, 2, 2, 3, 4, 4, 5, 5, 5, 5]"
Hapag-Lloyd,924,"Спец: [1, 1, 2, 2, 3, 4, 4, 3, 4] != Общий: [1, 1, 2, 2, 3, 3, 4, 3, 4]"
Hapag-Lloyd,925,"Спец: [1, 3, 4, 3, 4, 4, 3, 4, 4, 3, 3, 4, 4] != Общий: [1, 2, 2, 2, 2, 2, 3, 4, 4, 5, 5, 5, 5]"
Hapag-Lloyd,926,"Спец: [1, 1, 2, 2, 3, 4, 3, 4] != Общий: [1, 1, 2, 2, 3, 3, 3, 4]"
Hapag-Lloyd,927,"Спец: [1, 1, 2, 2, 2, 3, 4, 4, 3, 3] != Общий: [1, 1, 1, 2, 2, 3, 4, 4, 5, 5]"
Hapag-Lloyd,928,"Спец: [1, 2, 2, 2, 2] != Общий: [1, 2, 3, 3, 4]"
Hapag-Lloyd,931,"Спец: [1, 1, 2, 2, 3, 4, 4, 4, 3, 4] != Общий: [1, 1, 2, 2, 3, 3, 4, 3, 3, 4]"
Hapag-Lloyd,932,"Спец: [1, 1, 2, 3, 4, 4, 3, 4, 4, 4, 3, 4, 4, 3, 4] != Общий: [1, 1, 2, 2, 2, 2, 3, 3, 3, 3, 3, 3, 4, 3, 4]"
Hapag-Lloyd,933,"Спец: [1, 1, 3, 3, 4, 4, 3, 4] != Общий: [1, 1, 3, 3, 4, 5, 3, 4]"
Hapag-Lloyd,934,"Спец: [1, 1, 2, 3, 4, 3, 4, 4, 3, 4, 4, 3, 4] != Общий: [1, 1, 2, 2, 2, 2, 2, 2, 3, 3, 4, 3, 4]"
Hapag-Lloyd,935,"Спец: [1, 1, 2, 2, 3, 4, 3, 4] != Общий: [1, 1, 2, 2, 3, 3, 3, 4]"
Hapag-Lloyd,936,"Спец: [1, 1, 2, 2, 2, 3, 4, 3, 4] != Общий: [1, 1, 2, 2, 2, 2, 2, 3, 4]"
Hapag-Lloyd,937,"Спец: [1, 1, 2, 2, 2, 2, 2, 3, 4, 4, 4, 3, 4, 4, 3, 4, 4, 3, 4, 4, 4, 3, 3] != Общий: [1, 1, 2, 2, 3, 3, 3, 3, 3, 3, 3, 3, 3, 3, 3, 3, 3, 3, 4, 4, 5, 5, 5]"
Hapag-Lloyd,938,"Спец: [1, 1, 2, 2, 3, 4, 4, 4, 3, 3, 4, 4, 3, 4, 3, 4] != Общий: [1, 1, 2, 2, 3, 3, 3, 3, 3, 3, 3, 4, 3, 4, 5, 5]"
Hapag-Lloyd,939,"Спец: [1, 1, 2, 2, 3, 4, 4, 3, 4] != Общий: [1, 1, 2, 2, 3, 4, 4, 5, 5]"
Hapag-Lloyd,940,"Спец: [1, 1, 2, 2, 3, 3, 4, 4, 3, 4] != Общий: [1, 1, 2, 2, 3, 3, 4, 5, 3, 4]"
Hapag-Lloyd,941,"Спец: [1, 2, 2, 3, 4, 4, 4, 3, 4, 3, 4] != Общий: [1, 2, 2, 3, 3, 4, 3, 3, 4, 5, 5]"
Hapag-Lloyd,942,"Спец: [1, 1, 2, 2, 3, 4, 3, 4] != Общий: [1, 1, 2, 2, 3, 3, 3, 4]"
Hapag-Lloyd,943,"Спец: [1, 1, 2, 2, 3, 4, 3, 4] != Общий: [1, 1, 2, 2, 3, 3, 3, 4]"
Hapag-Lloyd,944,"Спец: [1, 1, 2, 2, 3, 4, 4, 4, 3, 4] != Общий: [1, 1, 2, 2, 3, 3, 4, 3, 3, 4]"
Hapag-Lloyd,945,"Спец: [1, 2, 2, 3, 4, 3, 4] != Общий: [1, 2, 2, 3, 3, 3, 4]"
Hapag-Lloyd,946,"Спец: [1, 2, 2, 3, 4, 3, 4] != Общий: [1, 2, 2, 3, 3, 3, 4]"
Hapag-Lloyd,947,"Спец: [1, 1, 2, 2, 3, 4, 3, 4] != Общий: [1, 1, 2, 2, 3, 3, 3, 4]"
Hapag-Lloyd,948,"Спец: [1, 3, 4, 3, 4, 3, 3, 4, 4, 3, 3, 4, 5] != Общий: [1, 2, 2, 2, 3, 3, 3, 4, 4, 3, 3, 3, 3]"
Hapag-Lloyd,949,"Спец: [1, 1, 2, 2, 3, 4, 3, 4] != Общий: [1, 1, 2, 2, 3, 4, 5, 5]"
Hapag-Lloyd,950,"Спец: [1, 1, 2, 2, 3, 4, 4, 4, 3, 4, 4, 4, 3, 4] != Общий: [1, 1, 2, 2, 3, 3, 3, 3, 3, 3, 4, 3, 3, 4]"
Hapag-Lloyd,951,"Спец: [1, 1, 2, 2, 3, 4, 4, 3, 4, 3, 3, 4, 4, 4, 3, 4] != Общий: [1, 1, 2, 2, 3, 3, 3, 3, 3, 3, 3, 3, 4, 3, 3, 4]"
Hapag-Lloyd,952,"Спец: [1, 1, 2, 2, 3, 4, 4, 4, 3, 4, 4, 3] != Общий: [1, 1, 2, 2, 3, 3, 3, 3, 3, 4, 4, 5]"
Hapag-Lloyd,953,"Спец: [1, 2, 2, 3, 4, 4, 4, 3, 4, 4, 4, 3, 4] != Общий: [1, 2, 2, 3, 3, 3, 3, 3, 3, 4, 3, 3, 4]"
Hapag-Lloyd,955,"Спец: [1, 1, 2, 2, 3, 4, 3, 4] != Общий: [1, 1, 2, 2, 3, 3, 3, 4]"
Hapag-Lloyd,957,"Спец: [1, 2, 2, 2, 3, 4, 4, 4, 3, 4, 4, 3] != Общий: [1, 2, 3, 3, 3, 3, 3, 3, 3, 4, 4, 5]"
Hapag-Lloyd,958,"Спец: [1, 1, 2, 2, 3, 4, 4, 4, 3, 4] != Общий: [1, 1, 2, 2, 3, 3, 4, 3, 3, 4]"
Hapag-Lloyd,959,"Спец: [1, 1, 2, 2, 3, 4, 4, 4, 3, 4] != Общий: [1, 1, 2, 2, 3, 3, 4, 3, 3, 4]"
Hapag-Lloyd,960,"Спец: [1, 1, 2, 2, 3, 4, 4, 4, 3, 4] != Общий: [1, 1, 2, 2, 3, 3, 4, 3, 3, 4]"
Hapag-Lloyd,961,"Спец: [1, 1, 2, 2, 3, 4, 4, 3, 4] != Общий: [1, 1, 2, 2, 3, 4, 3, 3, 4]"
Hapag-Lloyd,962,"Спец: [1, 1, 2, 2, 3, 4, 4, 4, 3, 4] != Общий: [1, 1, 2, 2, 3, 3, 4, 3, 3, 4]"
Hapag-Lloyd,963,"Спец: [1, 1, 2, 2, 3, 4, 4, 4, 3, 4] != Общий: [1, 1, 2, 2, 3, 3, 4, 3, 3, 4]"
Hapag-Lloyd,964,"Спец: [1, 1, 2, 2, 3, 4, 4, 3, 4] != Общий: [1, 1, 2, 2, 3, 4, 3, 3, 4]"
Hapag-Lloyd,965,"Спец: [1, 1, 2, 2, 3, 4, 4, 3, 4] != Общий: [1, 1, 2, 2, 3, 4, 3, 3, 4]"
Hapag-Lloyd,966,"Спец: [1, 1, 2, 2, 3, 4, 4, 3, 4] != Общий: [1, 1, 2, 2, 3, 4, 3, 3, 4]"
Hapag-Lloyd,968,"Спец: [1, 1, 2, 2, 3, 4, 4, 3, 4] != Общий: [1, 1, 2, 2, 3, 4, 3, 3, 4]"
Hapag-Lloyd,969,"Спец: [1, 1, 2, 2, 3, 4, 4, 4, 3, 4] != Общий: [1, 1, 2, 2, 3, 4, 3, 3, 3, 4]"
Hapag-Lloyd,971,"Спец: [1, 1, 2, 2, 3, 4, 4, 3, 4] != Общий: [1, 1, 2, 2, 3, 4, 3, 3, 4]"
Hapag-Lloyd,972,"Спец: [1, 1, 2, 2, 3, 4, 3, 4] != Общий: [1, 1, 2, 2, 3, 3, 3, 4]"
Hapag-Lloyd,973,"Спец: [1, 1, 2, 2, 3, 4, 4, 3, 4, 4, 3, 4, 4, 3, 4, 4, 3, 4, 3, 4] != Общий: [1, 1, 2, 2, 3, 3, 3, 3, 3, 3, 3, 3, 4, 5, 5, 3, 3, 3, 3, 4]"
Hapag-Lloyd,974,"Спец: [1, 1, 2, 2, 3, 4, 4, 3, 4] != Общий: [1, 1, 2, 2, 3, 4, 3, 3, 4]"
Hapag-Lloyd,975,"Спец: [1, 1, 2, 2, 3, 4, 4, 3] != Общий: [1, 1, 2, 2, 3, 4, 4, 5]"
Hapag-Lloyd,976,"Спец: [1, 1, 2, 2, 3, 4, 4, 3] != Общий: [1, 1, 2, 2, 3, 4, 4, 5]"
Hapag-Lloyd,977,"Спец: [1, 1, 2, 2, 3, 4, 3, 4] != Общий: [1, 1, 2, 2, 3, 3, 3, 4]"
Hapag-Lloyd,978,"Спец: [1, 1, 2, 2, 3, 4, 4, 3, 4, 3, 4] != Общий: [1, 1, 2, 2, 3, 3, 4, 3, 3, 3, 4]"
Hapag-Lloyd,979,"Спец: [1, 1, 2, 3, 3, 4, 3, 4] != Общий: [1, 1, 2, 3, 3, 3, 3, 4]"
Hapag-Lloyd,980,"Спец: [1, 1, 2, 3, 3, 4, 3, 4] != Общий: [1, 1, 2, 3, 3, 3, 3, 4]"
Hapag-Lloyd,981,"Спец: [1, 1, 2, 2, 3, 4, 4, 3] != Общий: [1, 1, 2, 2, 3, 4, 4, 5]"
Hapag-Lloyd,982,"Спец: [1, 1, 2, 3, 4, 4, 4, 3, 4] != Общий: [1, 1, 2, 3, 3, 4, 3, 3, 4]"
Hapag-Lloyd,983,"Спец: [1, 1, 2, 2, 3, 4, 4, 4, 3, 4] != Общий: [1, 1, 2, 2, 3, 3, 4, 3, 3, 4]"
Hapag-Lloyd,984,"Спец: [1, 1, 2, 2, 3, 4, 4, 3, 4] != Общий: [1, 1, 2, 2, 3, 3, 4, 3, 4]"
Hapag-Lloyd,985,"Спец: [1, 1, 2, 2, 3, 4, 4, 3, 4] != Общий: [1, 1, 2, 2, 3, 3, 4, 3, 4]"
Hapag-Lloyd,988,"Спец: [1, 1, 2, 3, 3, 4, 3, 4] != Общий: [1, 1, 2, 3, 3, 3, 3, 4]"
Hapag-Lloyd,989,"Спец: [1, 1, 2, 2, 3, 4, 3, 4, 3, 4] != Общий: [1, 1, 2, 2, 3, 3, 3, 3, 3, 4]"
Hapag-Lloyd,990,"Спец: [1, 1, 2, 2, 3, 4, 3, 4] != Общий: [1, 1, 2, 2, 3, 3, 3, 4]"
Hapag-Lloyd,991,"Спец: [1, 1, 2, 2, 3, 4, 4, 4, 3, 4] != Общий: [1, 1, 2, 2, 3, 3, 4, 3, 3, 4]"
Hapag-Lloyd,992,"Спец: [1, 1, 2, 2, 3, 4, 3, 4] != Общий: [1, 1, 2, 2, 3, 3, 3, 4]"
Hapag-Lloyd,993,"Спец: [1, 1, 2, 2, 3, 4, 3, 4] != Общий: [1, 1, 2, 2, 3, 3, 3, 4]"
Hapag-Lloyd,994,"Спец: [1, 1, 2, 2, 3, 4, 4, 4, 3, 4, 3, 4] != Общий: [1, 1, 2, 2, 3, 3, 4, 3, 3, 3, 3, 4]"
Hapag-Lloyd,995,"Спец: [1, 1, 2, 2, 3, 4, 4, 3, 4] != Общий: [1, 1, 2, 2, 3, 3, 4, 3, 4]"
Hapag-Lloyd,996,"Спец: [1, 1, 2, 2, 3, 4, 4, 3, 4] != Общий: [1, 1, 2, 2, 3, 3, 4, 3, 4]"
Hapag-Lloyd,997,"Спец: [1, 1, 2, 2, 3, 4, 4, 3, 4, 3, 4] != Общий: [1, 1, 2, 2, 3, 3, 4, 3, 3, 3, 4]"
Hapag-Lloyd,998,"Спец: [1, 1, 2, 2, 3, 4, 4, 3, 4, 3, 4] != Общий: [1, 1, 2, 2, 3, 4, 3, 3, 3, 3, 4]"
Hapag-Lloyd,999,"Спец: [1, 1, 2, 2, 3, 4, 4, 3, 4, 3, 4] != Общий: [1, 1, 2, 2, 3, 4, 3, 3, 3, 3, 4]"
COSCO,2,"Спец: [1, 4, 4] != Общий: [1, 1, 1]"
COSCO,3,"Спец: [1, 4] != Общий: [1, 1]"
COSCO,4,"Спец: [1, 4] != Общий: [1, 1]"
COSCO,5,"Спец: [1, 4, 4] != Общий: [1, 1, 1]"
COSCO,6,"Спец: [1, 4] != Общий: [1, 1]"
COSCO,9,"Спец: [1, 4] != Общий: [1, 1]"
COSCO,10,"Спец: [1, 4] != Общий: [1, 1]"
COSCO,11,"Спец: [1, 4] != Общий: [1, 1]"
COSCO,12,"Спец: [1, 4] != Общий: [1, 1]"
COSCO,13,"Спец: [1, 4] != Общий: [1, 1]"
COSCO,14,"Спец: [1, 4] != Общий: [1, 1]"
COSCO,15,"Спец: [1, 4, 4] != Общий: [1, 1, 1]"
COSCO,16,"Спец: [1, 4] != Общий: [1, 1]"
COSCO,17,"Спец: [1, 4] != Общий: [1, 1]"
COSCO,18,"Спец: [1, 4, 5] != Общий: [1, 1, 1]"
COSCO,19,"Спец: [1, 4, 5] != Общий: [1, 1, 1]"
COSCO,20,"Спец: [1, 4, 5] != Общий: [1, 1, 1]"
COSCO,21,"Спец: [1, 4] != Общий: [1, 1]"
COSCO,22,"Спец: [1, 4] != Общий: [1, 1]"
COSCO,23,"Спец: [1, 4] != Общий: [1, 1]"
COSCO,24,"Спец: [1, 2, 4] != Общий: [1, 2, 2]"
COSCO,25,"Спец: [1, 2, 4] != Общий: [1, 2, 2]"
COSCO,26,"Спец: [1, 4, 5] != Общий: [1, 1, 1]"
COSCO,27,"Спец: [1, 2, 4] != Общий: [1, 2, 2]"
COSCO,30,"Спец: [1, 4] != Общий: [1, 1]"
COSCO,31,"Спец: [1, 2, 4] != Общий: [1, 2, 2]"
COSCO,32,"Спец: [1, 2, 4] != Общий: [1, 2, 2]"
COSCO,33,"Спец: [1, 4] != Общий: [1, 1]"
COSCO,34,"Спец: [1, 2, 4] != Общий: [1, 2, 2]"
COSCO,35,"Спец: [1, 2, 4] != Общий: [1, 2, 2]"
COSCO,36,"Спец: [1, 4] != Общий: [1, 1]"
COSCO,37,"Спец: [1, 2, 4] != Общий: [1, 2, 2]"
COSCO,38,"Спец: [1, 2, 4] != Общий: [1, 2, 2]"
COSCO,39,"Спец: [1, 2, 4] != Общий: [1, 2, 2]"
COSCO,40,"Спец: [1, 2, 4] != Общий: [1, 2, 2]"
COSCO,45,"Спец: [1, 4, 4] != Общий: [1, 3, 4]"
COSCO,47,"Спец: [1, 4, 4] != Общий: [1, 1, 1]"
COSCO,50,"Спец: [1, 4] != Общий: [1, 1]"
COSCO,51,"Спец: [1, 2, 4] != Общий: [1, 2, 2]"
COSCO,52,"Спец: [1, 2, 4] != Общий: [1, 2, 2]"
COSCO,54,"Спец: [1, 4] != Общий: [1, 1]"
COSCO,55,"Спец: [1, 4] != Общий: [1, 1]"
COSCO,56,"Спец: [1, 4, 4] != Общий: [1, 1, 1]"
COSCO,57,"Спец: [1, 4] != Общий: [1, 1]"
COSCO,58,"Спец: [1, 4] != Общий: [1, 1]"
COSCO,59,"Спец: [1, 4] != Общий: [1, 1]"
COSCO,61,"Спец: [1, 4] != Общий: [1, 1]"
COSCO,63,"Спец: [1, 2, 4] != Общий: [1, 2, 2]"
COSCO,64,"Спец: [1, 4] != Общий: [1, 1]"
COSCO,65,"Спец: [1, 4, 4] != Общий: [1, 1, 1]"
COSCO,67,"Спец: [1, 4, 4] != Общий: [1, 1, 1]"
COSCO,68,"Спец: [1, 4] != Общий: [1, 1]"
COSCO,69,"Спец: [1, 4] != Общий: [1, 1]"
COSCO,70,"Спец: [1, 2, 4] != Общий: [1, 2, 2]"
COSCO,71,"Спец: [1, 4, 3] != Общий: [1, 1, 1]"
COSCO,73,"Спец: [1, 4, 4] != Общий: [1, 1, 1]"
COSCO,75,"Спец: [1, 2, 4] != Общий: [1, 2, 2]"
COSCO,80,"Спец: [1, 2, 4] != Общий: [1, 2, 2]"
COSCO,81,"Спец: [1, 4, 4] != Общий: [1, 1, 1]"
COSCO,82,"Спец: [1, 4, 5] != Общий: [1, 1, 1]"
COSCO,83,"Спец: [1, 4, 5] != Общий: [1, 1, 1]"
COSCO,85,"Спец: [1, 4, 5] != Общий: [1, 1, 1]"
COSCO,86,"Спец: [1, 4] != Общий: [1, 1]"
COSCO,87,"Спец: [1, 4] != Общий: [1, 1]"
COSCO,88,"Спец: [1, 4] != Общий: [1, 1]"
COSCO,89,"Спец: [1, 4] != Общий: [1, 1]"
COSCO,90,"Спец: [1, 4] != Общий: [1, 1]"
COSCO,91,"Спец: [1, 4] != Общий: [1, 1]"
COSCO,94,"Спец: [1, 4] != Общий: [1, 1]"
COSCO,95,"Спец: [1, 2, 4] != Общий: [1, 2, 2]"
COSCO,96,"Спец: [1, 2, 4] != Общий: [1, 2, 2]"
COSCO,97,"Спец: [1, 4] != Общий: [1, 1]"
COSCO,98,"Спец: [1, 4] != Общий: [1, 1]"
COSCO,99,"Спец: [1, 4] != Общий: [1, 1]"
COSCO,100,"Спец: [1, 4] != Общий: [1, 1]"
COSCO,101,"Спец: [1, 2, 4] != Общий: [1, 2, 2]"
COSCO,102,"Спец: [1, 1, 4] != Общий: [1, 1, 1]"
COSCO,103,"Спец: [1, 4] != Общий: [1, 1]"
COSCO,104,"Спец: [1, 4, 5] != Общий: [1, 1, 1]"
COSCO,105,"Спец: [1, 4, 5] != Общий: [1, 1, 1]"
COSCO,106,"Спец: [1, 4, 5] != Общий: [1, 1, 1]"
COSCO,107,"Спец: [1, 4] != Общий: [1, 1]"
COSCO,108,"Спец: [1, 4] != Общий: [1, 1]"
COSCO,109,"Спец: [1, 4] != Общий: [1, 1]"
COSCO,110,"Спец: [1, 4] != Общий: [1, 1]"
COSCO,111,"Спец: [1, 2, 4] != Общий: [1, 2, 2]"
COSCO,112,"Спец: [1, 4] != Общий: [1, 1]"
COSCO,113,"Спец: [1, 4] != Общий: [1, 1]"
COSCO,114,"Спец: [1, 4, 5] != Общий: [1, 1, 1]"
COSCO,115,"Спец: [1, 2, 4] != Общий: [1, 2, 2]"
COSCO,116,"Спец: [1, 2, 4] != Общий: [1, 2, 2]"
COSCO,119,"Спец: [1, 4] != Общий: [1, 1]"
COSCO,120,"Спец: [1, 4] != Общий: [1, 1]"
COSCO,121,"Спец: [1, 4] != Общий: [1, 1]"
COSCO,122,"Спец: [1, 3, 4] != Общий: [1, 1, 1]"
COSCO,123,"Спец: [1, 4] != Общий: [1, 1]"
COSCO,124,"Спец: [1, 4] != Общий: [1, 1]"
COSCO,125,"Спец: [1, 4] != Общий: [1, 1]"
COSCO,126,"Спец: [1, 4] != Общий: [1, 1]"
COSCO,127,"Спец: [1, 4, 5] != Общий: [1, 1, 1]"
COSCO,128,"Спец: [1, 4, 5] != Общий: [1, 1, 1]"
COSCO,129,"Спец: [1, 4] != Общий: [1, 1]"
COSCO,130,"Спец: [1, 4] != Общий: [1, 1]"
COSCO,132,"Спец: [1, 4, 5] != Общий: [1, 1, 1]"
COSCO,134,"Спец: [1, 4] != Общий: [1, 1]"
COSCO,135,"Спец: [1, 2, 4] != Общий: [1, 2, 2]"
COSCO,137,"Спец: [1, 4] != Общий: [1, 1]"
COSCO,138,"Спец: [1, 4] != Общий: [1, 1]"
COSCO,139,"Спец: [1, 4] != Общий: [1, 1]"
COSCO,140,"Спец: [1, 4] != Общий: [1, 1]"
COSCO,141,"Спец: [1, 2, 4] != Общий: [1, 2, 2]"
COSCO,142,"Спец: [1, 4, 4] != Общий: [1, 1, 1]"
COSCO,143,"Спец: [1, 4] != Общий: [1, 1]"
COSCO,144,"Спец: [1, 2, 4] != Общий: [1, 2, 2]"
COSCO,145,"Спец: [1, 4, 4] != Общий: [1, 3, 4]"
COSCO,146,"Спец: [1, 2, 4] != Общий: [1, 2, 2]"
COSCO,147,"Спец: [1, 4, 4] != Общий: [1, 1, 1]"
COSCO,148,"Спец: [1, 2, 4] != Общий: [1, 2, 2]"
COSCO,149,"Спец: [1, 4, 5] != Общий: [1, 1, 1]"
COSCO,151,"Спец: [1, 2, 3, 4, 4, 3, 3, 3, 4] != Общий: [1, 2, 3, 3, 3, 3, 3, 3, 4]"
COSCO,152,"Спец: [1, 2, 3, 4, 4, 3, 3, 3, 4] != Общий: [1, 2, 3, 3, 3, 3, 3, 3, 4]"
COSCO,153,"Спец: [1, 2, 3, 4, 4, 3, 3, 3, 4] != Общий: [1, 2, 3, 3, 3, 3, 3, 3, 4]"
COSCO,154,"Спец: [1, 2, 4] != Общий: [1, 2, 2]"
COSCO,155,"Спец: [1, 2, 3, 4, 4, 3, 3, 3, 4] != Общий: [1, 2, 3, 3, 3, 3, 3, 3, 4]"
COSCO,156,"Спец: [1, 2, 3, 4, 4, 4, 3, 4] != Общий: [1, 2, 3, 3, 3, 3, 3, 4]"
COSCO,157,"Спец: [1, 3, 3, 4, 4, 3, 3, 3, 4] != Общий: [1, 3, 3, 3, 3, 3, 3, 3, 3]"
COSCO,158,"Спец: [1, 3, 3, 4, 4, 3, 3, 3, 4] != Общий: [1, 3, 3, 3, 3, 3, 3, 3, 3]"
COSCO,159,"Спец: [1, 4, 4] != Общий: [1, 1, 1]"
COSCO,160,"Спец: [1, 2, 3, 4, 4, 3, 3, 3, 4] != Общий: [1, 2, 3, 3, 3, 3, 3, 3, 3]"
COSCO,161,"Спец: [1, 2, 3, 4, 4, 3, 3, 3, 4] != Общий: [1, 2, 3, 3, 3, 3, 3, 3, 4]"
COSCO,162,"Спец: [1, 2, 3, 4, 4, 3, 3, 3, 4] != Общий: [1, 2, 3, 3, 3, 3, 3, 3, 4]"
COSCO,163,"Спец: [1, 2, 3, 4, 4, 3, 3, 3, 4] != Общий: [1, 2, 3, 3, 3, 3, 3, 3, 4]"
COSCO,165,"Спец: [1, 4] != Общий: [1, 1]"
COSCO,166,"Спец: [1, 4] != Общий: [1, 1]"
COSCO,169,"Спец: [1, 2, 4] != Общий: [1, 2, 2]"
COSCO,170,"Спец: [1, 4, 5] != Общий: [1, 1, 1]"
COSCO,171,"Спец: [1, 4, 5] != Общий: [1, 1, 1]"
COSCO,173,"Спец: [1, 2, 4] != Общий: [1, 2, 2]"
COSCO,174,"Спец: [1, 2, 4] != Общий: [1, 2, 2]"
COSCO,175,"Спец: [1, 4] != Общий: [1, 1]"
COSCO,176,"Спец: [1, 4, 4] != Общий: [1, 1, 1]"
COSCO,182,"Спец: [1, 4, 5] != Общий: [1, 1, 1]"
COSCO,183,"Спец: [1, 4] != Общий: [1, 1]"
COSCO,185,"Спец: [1, 4, 4] != Общий: [1, 1, 1]"
COSCO,186,"Спец: [1, 3, 4] != Общий: [1, 1, 1]"
COSCO,188,"Спец: [1, 4, 4] != Общий: [1, 1, 1]"
COSCO,190,"Спец: [1, 4] != Общий: [1, 1]"
COSCO,191,"Спец: [1, 4, 4] != Общий: [1, 3, 4]"
COSCO,193,"Спец: [1, 2, 4] != Общий: [1, 2, 2]"
COSCO,194,"Спец: [1, 2, 4] != Общий: [1, 2, 2]"
COSCO,195,"Спец: [1, 4, 4] != Общий: [1, 1, 1]"
COSCO,196,"Спец: [1, 4] != Общий: [1, 1]"
COSCO,199,"Спец: [1, 2, 4] != Общий: [1, 2, 2]"
COSCO,201,"Спец: [1, 2, 4] != Общий: [1, 2, 2]"
COSCO,203,"Спец: [1, 2, 4] != Общий: [1, 2, 2]"
COSCO,205,"Спец: [1, 4] != Общий: [1, 1]"
COSCO,206,"Спец: [1, 4] != Общий: [1, 1]"
COSCO,209,"Спец: [1, 4] != Общий: [1, 1]"
COSCO,210,"Спец: [1, 2, 4] != Общий: [1, 2, 2]"
COSCO,211,"Спец: [1, 4] != Общий: [1, 1]"
COSCO,212,"Спец: [1, 4] != Общий: [1, 1]"
COSCO,213,"Спец: [1, 4, 4] != Общий: [1, 3, 4]"
COSCO,214,"Спец: [1, 4] != Общий: [1, 1]"
COSCO,216,"Спец: [1, 4] != Общий: [1, 1]"
COSCO,217,"Спец: [1, 4, 4] != Общий: [1, 1, 1]"
COSCO,219,"Спец: [1, 4] != Общий: [1, 1]"
COSCO,220,"Спец: [1, 4] != Общий: [1, 1]"
COSCO,221,"Спец: [1, 3, 4] != Общий: [1, 1, 1]"
COSCO,223,"Спец: [1, 4, 4] != Общий: [1, 1, 1]"
COSCO,224,"Спец: [1, 4, 4] != Общий: [1, 3, 4]"
COSCO,225,"Спец: [1, 4] != Общий: [1, 1]"
COSCO,226,"Спец: [1, 4, 4] != Общий: [1, 3, 4]"
COSCO,229,"Спец: [1, 4, 4] != Общий: [1, 3, 4]"
COSCO,230,"Спец: [1, 2, 4] != Общий: [1, 2, 2]"
COSCO,231,"Спец: [1, 2, 4] != Общий: [1, 2, 2]"
COSCO,232,"Спец: [1, 4, 4] != Общий: [1, 1, 1]"
COSCO,234,"Спец: [1, 3, 4] != Общий: [1, 1, 1]"
COSCO,235,"Спец: [1, 3] != Общий: [1, 1]"
COSCO,236,"Спец: [1, 4] != Общий: [1, 1]"
COSCO,237,"Спец: [1, 4] != Общий: [1, 1]"
COSCO,238,"Спец: [1, 4, 4] != Общий: [1, 3, 4]"
COSCO,239,"Спец: [1, 4, 4] != Общий: [1, 1, 1]"
COSCO,241,"Спец: [1, 4, 4] != Общий: [1, 1, 2]"
COSCO,243,"Спец: [1, 4] != Общий: [1, 1]"
COSCO,244,"Спец: [1, 4] != Общий: [1, 1]"
COSCO,245,"Спец: [1, 2, 4] != Общий: [1, 2, 2]"
COSCO,247,"Спец: [1, 2, 4] != Общий: [1, 2, 2]"
COSCO,248,"Спец: [1, 2, 4] != Общий: [1, 2, 2]"
COSCO,249,"Спец: [1, 2, 4] != Общий: [1, 2, 2]"
COSCO,250,"Спец: [1, 2, 4] != Общий: [1, 2, 2]"
COSCO,251,"Спец: [1, 4, 4] != Общий: [1, 1, 2]"
COSCO,252,"Спец: [1, 4] != Общий: [1, 1]"
COSCO,253,"Спец: [1, 4] != Общий: [1, 1]"
COSCO,254,"Спец: [1, 2, 4] != Общий: [1, 2, 2]"
COSCO,256,"Спец: [1, 4] != Общий: [1, 1]"
COSCO,258,"Спец: [1, 4, 4] != Общий: [1, 1, 1]"
COSCO,259,"Спец: [1, 4, 4] != Общий: [1, 1, 1]"
COSCO,260,"Спец: [1, 4] != Общий: [1, 1]"
COSCO,261,"Спец: [1, 2, 4] != Общий: [1, 2, 2]"
COSCO,262,"Спец: [1, 2, 4] != Общий: [1, 2, 2]"
COSCO,265,"Спец: [1, 2, 4] != Общий: [1, 2, 2]"
COSCO,266,"Спец: [1, 4] != Общий: [1, 1]"
COSCO,267,"Спец: [1, 4] != Общий: [1, 1]"
COSCO,268,"Спец: [1, 4] != Общий: [1, 1]"
COSCO,269,"Спец: [1, 4] != Общий: [1, 1]"
COSCO,270,"Спец: [1, 4] != Общий: [1, 1]"
COSCO,271,"Спец: [1, 4] != Общий: [1, 1]"
COSCO,272,"Спец: [1, 4] != Общий: [1, 1]"
COSCO,274,"Спец: [1, 4] != Общий: [1, 1]"
COSCO,275,"Спец: [1, 4] != Общий: [1, 1]"
COSCO,276,"Спец: [1, 4, 5] != Общий: [1, 1, 1]"
COSCO,278,"Спец: [1, 4] != Общий: [1, 1]"
COSCO,279,"Спец: [1, 4] != Общий: [1, 1]"
COSCO,280,"Спец: [1, 4] != Общий: [1, 1]"
COSCO,281,"Спец: [1, 4] != Общий: [1, 1]"
COSCO,282,"Спец: [1, 4, 4] != Общий: [1, 3, 4]"
COSCO,283,"Спец: [1, 4, 4] != Общий: [1, 1, 1]"
COSCO,284,"Спец: [1, 2, 4] != Общий: [1, 2, 2]"
COSCO,285,"Спец: [1, 4] != Общий: [1, 1]"
COSCO,286,"Спец: [1, 4] != Общий: [1, 1]"
COSCO,287,"Спец: [1, 2, 4] != Общий: [1, 2, 2]"
COSCO,288,"Спец: [1, 2, 4] != Общий: [1, 2, 2]"
COSCO,289,"Спец: [1, 4] != Общий: [1, 1]"
COSCO,290,"Спец: [1, 4] != Общий: [1, 1]"
COSCO,291,"Спец: [1, 4] != Общий: [1, 1]"
COSCO,292,"Спец: [1, 4] != Общий: [1, 1]"
COSCO,294,"Спец: [1, 4] != Общий: [1, 1]"
COSCO,295,"Спец: [1, 4] != Общий: [1, 1]"
COSCO,296,"Спец: [1, 4] != Общий: [1, 1]"
COSCO,297,"Спец: [1, 4] != Общий: [1, 1]"
COSCO,299,"Спец: [1, 4, 4] != Общий: [1, 1, 1]"
COSCO,300,"Спец: [1, 2, 4] != Общий: [1, 2, 2]"
COSCO,301,"Спец: [1, 2, 4] != Общий: [1, 2, 2]"
COSCO,302,"Спец: [1, 4] != Общий: [1, 1]"
COSCO,303,"Спец: [1, 4, 4] != Общий: [1, 1, 1]"
COSCO,305,"Спец: [1, 4, 4] != Общий: [1, 3, 4]"
COSCO,306,"Спец: [1, 2, 4] != Общий: [1, 2, 2]"
COSCO,307,"Спец: [1, 2, 4] != Общий: [1, 2, 2]"
COSCO,310,"Спец: [1, 2, 4] != Общий: [1, 2, 2]"
COSCO,311,"Спец: [1, 4, 4] != Общий: [1, 1, 1]"
COSCO,312,"Спец: [1, 4, 4] != Общий: [1, 1, 1]"
COSCO,313,"Спец: [1, 4, 5] != Общий: [1, 1, 1]"
COSCO,315,"Спец: [1, 4] != Общий: [1, 1]"
COSCO,316,"Спец: [1, 4, 4] != Общий: [1, 1, 1]"
COSCO,317,"Спец: [1, 2, 4] != Общий: [1, 2, 2]"
COSCO,318,"Спец: [1, 4, 4] != Общий: [1, 1, 1]"
COSCO,319,"Спец: [1, 4] != Общий: [1, 1]"
COSCO,320,"Спец: [1, 4] != Общий: [1, 1]"
COSCO,321,"Спец: [1, 4, 5] != Общий: [1, 1, 1]"
COSCO,322,"Спец: [1, 2, 4] != Общий: [1, 2, 2]"
COSCO,324,"Спец: [1, 4, 4] != Общий: [1, 3, 4]"
COSCO,326,"Спец: [1, 2, 4] != Общий: [1, 2, 2]"
COSCO,327,"Спец: [1, 2, 4] != Общий: [1, 2, 2]"
COSCO,328,"Спец: [1, 4, 5] != Общий: [1, 1, 1]"
COSCO,329,"Спец: [1, 4, 4] != Общий: [1, 1, 1]"
COSCO,330,"Спец: [1, 4] != Общий: [1, 1]"
COSCO,331,"Спец: [1, 2, 4] != Общий: [1, 2, 2]"
COSCO,332,"Спец: [1, 2, 4] != Общий: [1, 2, 2]"
COSCO,333,"Спец: [1, 2, 4] != Общий: [1, 2, 2]"
COSCO,334,"Спец: [1, 4] != Общий: [1, 1]"
COSCO,336,"Спец: [1, 4, 4] != Общий: [1, 1, 1]"
COSCO,337,"Спец: [1, 4, 4] != Общий: [1, 1, 1]"
COSCO,338,"Спец: [1, 4] != Общий: [1, 1]"
COSCO,339,"Спец: [1, 4] != Общий: [1, 1]"
COSCO,340,"Спец: [1, 4, 4] != Общий: [1, 3, 4]"
COSCO,341,"Спец: [1, 4, 5] != Общий: [1, 1, 1]"
COSCO,342,"Спец: [1, 2, 4] != Общий: [1, 2, 2]"
COSCO,343,"Спец: [1, 2, 4] != Общий: [1, 2, 2]"
COSCO,344,"Спец: [1, 2, 4] != Общий: [1, 2, 2]"
COSCO,345,"Спец: [1, 2, 4] != Общий: [1, 2, 2]"
COSCO,346,"Спец: [1, 4, 4] != Общий: [1, 1, 1]"
COSCO,347,"Спец: [1, 2, 3, 4, 4, 3, 3, 4, 4, 4] != Общий: [1, 2, 3, 3, 3, 3, 3, 4, 4, 4]"
COSCO,348,"Спец: [1, 2, 4] != Общий: [1, 2, 2]"
COSCO,349,"Спец: [1, 4] != Общий: [1, 1]"
COSCO,352,"Спец: [1, 4] != Общий: [1, 1]"
COSCO,353,"Спец: [1, 4, 4] != Общий: [1, 3, 4]"
COSCO,354,"Спец: [1, 4] != Общий: [1, 1]"
COSCO,356,"Спец: [1, 4] != Общий: [1, 1]"
COSCO,357,"Спец: [1, 4] != Общий: [1, 1]"
COSCO,358,"Спец: [1, 4] != Общий: [1, 1]"
COSCO,359,"Спец: [1, 4, 5] != Общий: [1, 1, 1]"
COSCO,363,"Спец: [1, 2, 4] != Общий: [1, 2, 2]"
COSCO,364,"Спец: [1, 3, 4] != Общий: [1, 1, 1]"
COSCO,365,"Спец: [1, 4] != Общий: [1, 1]"
COSCO,366,"Спец: [1, 4] != Общий: [1, 1]"
COSCO,367,"Спец: [1, 4, 4] != Общий: [1, 1, 1]"
COSCO,368,"Спец: [1, 4, 4] != Общий: [1, 1, 1]"
COSCO,369,"Спец: [1, 4] != Общий: [1, 1]"
COSCO,370,"Спец: [1, 4, 4] != Общий: [1, 1, 1]"
COSCO,372,"Спец: [1, 3, 4] != Общий: [1, 1, 1]"
COSCO,373,"Спец: [1, 4, 4] != Общий: [1, 1, 1]"
COSCO,374,"Спец: [1, 2, 4] != Общий: [1, 2, 2]"
COSCO,375,"Спец: [1, 4, 4] != Общий: [1, 1, 1]"
COSCO,376,"Спец: [1, 4, 5] != Общий: [1, 1, 1]"
COSCO,377,"Спец: [1, 4, 5] != Общий: [1, 1, 1]"
COSCO,379,"Спец: [1, 4, 4] != Общий: [1, 1, 1]"
COSCO,380,"Спец: [1, 4] != Общий: [1, 1]"
COSCO,381,"Спец: [1, 2, 4] != Общий: [1, 2, 2]"
COSCO,382,"Спец: [1, 4] != Общий: [1, 1]"
COSCO,383,"Спец: [1, 4] != Общий: [1, 1]"
COSCO,384,"Спец: [1, 4, 5] != Общий: [1, 1, 1]"
COSCO,385,"Спец: [1, 4, 4] != Общий: [1, 1, 1]"
COSCO,387,"Спец: [1, 4] != Общий: [1, 1]"
COSCO,388,"Спец: [1, 4] != Общий: [1, 1]"
COSCO,389,"Спец: [1, 4, 4] != Общий: [1, 1, 1]"
COSCO,390,"Спец: [1, 2, 4] != Общий: [1, 2, 2]"
COSCO,391,"Спец: [1, 4, 4] != Общий: [1, 1, 1]"
COSCO,392,"Спец: [1, 2, 4] != Общий: [1, 2, 2]"
COSCO,393,"Спец: [1, 4] != Общий: [1, 1]"
COSCO,394,"Спец: [1, 2, 4] != Общий: [1, 2, 2]"
COSCO,395,"Спец: [1, 4] != Общий: [1, 1]"
COSCO,396,"Спец: [1, 4] != Общий: [1, 1]"
COSCO,397,"Спец: [1, 4] != Общий: [1, 1]"
COSCO,398,"Спец: [1, 2, 4] != Общий: [1, 2, 2]"
COSCO,399,"Спец: [1, 2, 4] != Общий: [1, 2, 2]"
COSCO,400,"Спец: [1, 4] != Общий: [1, 1]"
COSCO,402,"Спец: [1, 2, 4] != Общий: [1, 2, 2]"
COSCO,403,"Спец: [1, 4, 5] != Общий: [1, 1, 1]"
COSCO,404,"Спец: [1, 3, 4] != Общий: [1, 1, 1]"
COSCO,405,"Спец: [1, 3, 4] != Общий: [1, 1, 1]"
COSCO,406,"Спец: [1, 2, 4] != Общий: [1, 2, 2]"
COSCO,407,"Спец: [1, 4] != Общий: [1, 1]"
COSCO,408,"Спец: [1, 2, 4] != Общий: [1, 2, 2]"
COSCO,409,"Спец: [1, 4] != Общий: [1, 1]"
COSCO,410,"Спец: [1, 2, 4] != Общий: [1, 2, 2]"
COSCO,411,"Спец: [1, 4, 3] != Общий: [1, 1, 1]"
COSCO,412,"Спец: [1, 4, 5] != Общий: [1, 1, 1]"
COSCO,413,"Спец: [1, 4, 3] != Общий: [1, 1, 1]"
COSCO,414,"Спец: [1, 4] != Общий: [1, 1]"
COSCO,418,"Спец: [1, 4] != Общий: [1, 1]"
COSCO,419,"Спец: [1, 4] != Общий: [1, 1]"
COSCO,420,"Спец: [1, 4, 5] != Общий: [1, 1, 1]"
COSCO,421,"Спец: [1, 4] != Общий: [1, 1]"
COSCO,422,"Спец: [1, 2, 4] != Общий: [1, 2, 2]"
COSCO,423,"Спец: [1, 4] != Общий: [1, 1]"
COSCO,424,"Спец: [1, 4, 4] != Общий: [1, 3, 4]"
COSCO,425,"Спец: [1, 4] != Общий: [1, 1]"
COSCO,426,"Спец: [1, 4] != Общий: [1, 1]"
COSCO,427,"Спец: [1, 2, 4] != Общий: [1, 2, 2]"
COSCO,428,"Спец: [1, 4] != Общий: [1, 1]"
COSCO,429,"Спец: [1, 4] != Общий: [1, 1]"
COSCO,431,"Спец: [1, 2, 4] != Общий: [1, 2, 2]"
COSCO,432,"Спец: [1, 2, 4] != Общий: [1, 2, 2]"
COSCO,433,"Спец: [1, 2, 4] != Общий: [1, 2, 2]"
COSCO,434,"Спец: [1, 2, 4] != Общий: [1, 2, 2]"
COSCO,435,"Спец: [1, 2, 4] != Общий: [1, 2, 2]"
COSCO,436,"Спец: [1, 2, 4] != Общий: [1, 2, 2]"
COSCO,437,"Спец: [1, 2, 4] != Общий: [1, 2, 2]"
COSCO,439,"Спец: [1, 4, 4] != Общий: [1, 1, 1]"
COSCO,440,"Спец: [1, 2, 4] != Общий: [1, 2, 2]"
COSCO,441,"Спец: [1, 2, 4] != Общий: [1, 2, 2]"
COSCO,442,"Спец: [1, 2, 4] != Общий: [1, 2, 2]"
COSCO,443,"Спец: [1, 2, 4] != Общий: [1, 2, 2]"
COSCO,444,"Спец: [1, 2, 4] != Общий: [1, 2, 2]"
COSCO,445,"Спец: [1, 2, 4] != Общий: [1, 2, 2]"
COSCO,446,"Спец: [1, 2, 4] != Общий: [1, 2, 2]"
COSCO,447,"Спец: [1, 2, 4] != Общий: [1, 2, 2]"
COSCO,448,"Спец: [1, 2, 4] != Общий: [1, 2, 2]"
COSCO,450,"Спец: [1, 4, 4] != Общий: [1, 3, 4]"
COSCO,452,"Спец: [1, 2, 4] != Общий: [1, 2, 2]"
COSCO,453,"Спец: [1, 4, 4] != Общий: [1, 1, 1]"
COSCO,454,"Спец: [1, 2, 4] != Общий: [1, 2, 2]"
COSCO,455,"Спец: [1, 2, 4] != Общий: [1, 2, 2]"
COSCO,456,"Спец: [1, 2, 4] != Общий: [1, 2, 2]"
COSCO,457,"Спец: [1, 3] != Общий: [1, 1]"
COSCO,458,"Спец: [1, 2, 4] != Общий: [1, 2, 2]"
COSCO,459,"Спец: [1, 2, 4] != Общий: [1, 2, 2]"
COSCO,460,"Спец: [1, 2, 4] != Общий: [1, 2, 2]"
COSCO,462,"Спец: [1, 2, 4] != Общий: [1, 2, 2]"
COSCO,463,"Спец: [1, 2, 4] != Общий: [1, 2, 2]"
COSCO,464,"Спец: [1, 4, 4] != Общий: [1, 1, 1]"
COSCO,465,"Спец: [1, 4, 4] != Общий: [1, 1, 1]"
COSCO,466,"Спец: [1, 2, 4] != Общий: [1, 2, 2]"
COSCO,467,"Спец: [1, 4, 4] != Общий: [1, 1, 1]"
COSCO,468,"Спец: [1, 4, 4] != Общий: [1, 1, 1]"
COSCO,471,"Спец: [1, 4] != Общий: [1, 1]"
COSCO,472,"Спец: [1, 4, 5] != Общий: [1, 1, 1]"
COSCO,474,"Спец: [1, 4, 4] != Общий: [1, 3, 4]"
COSCO,476,"Спец: [1, 4, 4] != Общий: [1, 1, 1]"
COSCO,477,"Спец: [1, 4, 4] != Общий: [1, 1, 1]"
COSCO,479,"Спец: [1, 4] != Общий: [1, 1]"
COSCO,480,"Спец: [1, 4] != Общий: [1, 1]"
COSCO,481,"Спец: [1, 2, 4] != Общий: [1, 2, 2]"
COSCO,482,"Спец: [1, 2, 4] != Общий: [1, 2, 2]"
COSCO,483,"Спец: [1, 4] != Общий: [1, 1]"
COSCO,484,"Спец: [1, 4] != Общий: [1, 1]"
COSCO,485,"Спец: [1, 4, 5] != Общий: [1, 1, 1]"
COSCO,486,"Спец: [1, 4, 4] != Общий: [1, 1, 1]"
COSCO,488,"Спец: [1, 2, 4] != Общий: [1, 2, 2]"
COSCO,489,"Спец: [1, 2, 4] != Общий: [1, 2, 2]"
COSCO,490,"Спец: [1, 2, 4] != Общий: [1, 2, 2]"
COSCO,491,"Спец: [1, 4] != Общий: [1, 1]"
COSCO,492,"Спец: [1, 2, 4] != Общий: [1, 2, 2]"
COSCO,493,"Спец: [1, 4] != Общий: [1, 1]"
COSCO,494,"Спец: [1, 4] != Общий: [1, 1]"
COSCO,495,"Спец: [1, 4, 4] != Общий: [1, 1, 1]"
COSCO,496,"Спец: [1, 4, 4] != Общий: [1, 1, 1]"
COSCO,497,"Спец: [1, 4, 4] != Общий: [1, 1, 1]"
COSCO,498,"Спец: [1, 2, 4] != Общий: [1, 2, 2]"
COSCO,499,"Спец: [1, 2, 4] != Общий: [1, 2, 2]"
COSCO,500,"Спец: [1, 2, 4] != Общий: [1, 2, 2]"
COSCO,501,"Спец: [1, 4] != Общий: [1, 1]"
COSCO,502,"Спец: [1, 4] != Общий: [1, 1]"
COSCO,503,"Спец: [1, 4] != Общий: [1, 1]"
COSCO,507,"Спец: [1, 4] != Общий: [1, 1]"
COSCO,510,"Спец: [1, 4] != Общий: [1, 1]"
COSCO,511,"Спец: [1, 4] != Общий: [1, 1]"
COSCO,512,"Спец: [1, 4] != Общий: [1, 1]"
COSCO,513,"Спец: [1, 4] != Общий: [1, 1]"
COSCO,514,"Спец: [1, 4] != Общий: [1, 1]"
COSCO,515,"Спец: [1, 3, 4] != Общий: [1, 1, 1]"
COSCO,516,"Спец: [1, 3, 4] != Общий: [1, 1, 1]"
COSCO,518,"Спец: [1, 4, 3] != Общий: [1, 1, 1]"
COSCO,519,"Спец: [1, 2, 4] != Общий: [1, 2, 2]"
COSCO,520,"Спец: [1, 4] != Общий: [1, 1]"
COSCO,521,"Спец: [1, 4] != Общий: [1, 1]"
COSCO,522,"Спец: [1, 2, 4] != Общий: [1, 2, 2]"
COSCO,523,"Спец: [1, 2, 4] != Общий: [1, 2, 2]"
COSCO,524,"Спец: [1, 2, 4] != Общий: [1, 2, 2]"
COSCO,525,"Спец: [1, 2, 4] != Общий: [1, 2, 2]"
COSCO,526,"Спец: [1, 2, 4] != Общий: [1, 2, 2]"
COSCO,527,"Спец: [1, 2, 4] != Общий: [1, 2, 2]"
COSCO,528,"Спец: [1, 4, 5] != Общий: [1, 1, 1]"
COSCO,529,"Спец: [1, 4, 4] != Общий: [1, 3, 4]"
COSCO,530,"Спец: [1, 4] != Общий: [1, 1]"
COSCO,531,"Спец: [1, 4] != Общий: [1, 1]"
COSCO,534,"Спец: [1, 2, 4] != Общий: [1, 2, 2]"
COSCO,536,"Спец: [1, 4] != Общий: [1, 1]"
COSCO,537,"Спец: [1, 2, 4] != Общий: [1, 2, 2]"
COSCO,538,"Спец: [1, 4] != Общий: [1, 1]"
COSCO,539,"Спец: [1, 4] != Общий: [1, 1]"
COSCO,540,"Спец: [1, 2, 4] != Общий: [1, 2, 2]"
COSCO,541,"Спец: [1, 2, 4] != Общий: [1, 2, 2]"
COSCO,542,"Спец: [1, 2, 4] != Общий: [1, 2, 2]"
COSCO,543,"Спец: [1, 2, 4] != Общий: [1, 2, 2]"
COSCO,544,"Спец: [1, 4] != Общий: [1, 1]"
COSCO,545,"Спец: [1, 3, 4] != Общий: [1, 1, 1]"
COSCO,546,"Спец: [1, 4, 4] != Общий: [1, 1, 1]"
COSCO,547,"Спец: [1, 2, 3, 4, 4, 3, 3, 3, 4] != Общий: [1, 2, 3, 3, 3, 3, 3, 3, 4]"
COSCO,548,"Спец: [1, 4] != Общий: [1, 1]"
COSCO,549,"Спец: [1, 4] != Общий: [1, 1]"
COSCO,551,"Спец: [1, 4] != Общий: [1, 1]"
COSCO,553,"Спец: [1, 2, 4] != Общий: [1, 2, 2]"
COSCO,554,"Спец: [1, 2, 4] != Общий: [1, 2, 2]"
COSCO,555,"Спец: [1, 2, 4] != Общий: [1, 2, 2]"
COSCO,560,"Спец: [1, 4] != Общий: [1, 1]"
COSCO,562,"Спец: [1, 4] != Общий: [1, 1]"
COSCO,563,"Спец: [1, 4] != Общий: [1, 1]"
COSCO,564,"Спец: [1, 4] != Общий: [1, 1]"
COSCO,568,"Спец: [1, 2, 4] != Общий: [1, 2, 2]"
COSCO,571,"Спец: [1, 4] != Общий: [1, 1]"
COSCO,572,"Спец: [1, 4] != Общий: [1, 1]"
COSCO,573,"Спец: [1, 4] != Общий: [1, 1]"
COSCO,574,"Спец: [1, 4] != Общий: [1, 1]"
COSCO,575,"Спец: [1, 4, 4] != Общий: [1, 1, 1]"
COSCO,578,"Спец: [1, 2, 4] != Общий: [1, 2, 2]"
COSCO,579,"Спец: [1, 4, 5] != Общий: [1, 1, 1]"
COSCO,580,"Спец: [1, 4, 5] != Общий: [1, 1, 1]"
COSCO,581,"Спец: [1, 4, 3] != Общий: [1, 1, 1]"
COSCO,582,"Спец: [1, 4] != Общий: [1, 1]"
COSCO,583,"Спец: [1, 4, 4] != Общий: [1, 1, 1]"
COSCO,584,"Спец: [1, 3, 4] != Общий: [1, 1, 1]"
COSCO,585,"Спец: [1, 4, 5] != Общий: [1, 1, 1]"
COSCO,586,"Спец: [1, 4, 5] != Общий: [1, 1, 1]"
COSCO,587,"Спец: [1, 4, 4] != Общий: [1, 1, 1]"
COSCO,588,"Спец: [1, 2, 4] != Общий: [1, 2, 2]"
COSCO,589,"Спец: [1, 2, 4] != Общий: [1, 2, 2]"
COSCO,591,"Спец: [1, 4] != Общий: [1, 1]"
COSCO,592,"Спец: [1, 4] != Общий: [1, 1]"
COSCO,593,"Спец: [1, 4, 5] != Общий: [1, 1, 1]"
COSCO,594,"Спец: [1, 4, 5] != Общий: [1, 1, 1]"
COSCO,595,"Спец: [1, 4] != Общий: [1, 1]"
COSCO,596,"Спец: [1, 4] != Общий: [1, 1]"
COSCO,597,"Спец: [1, 4] != Общий: [1, 1]"
COSCO,598,"Спец: [1, 4] != Общий: [1, 1]"
COSCO,599,"Спец: [1, 4] != Общий: [1, 1]"
COSCO,600,"Спец: [1, 4] != Общий: [1, 1]"
COSCO,601,"Спец: [1, 4] != Общий: [1, 1]"
COSCO,602,"Спец: [1, 4] != Общий: [1, 1]"
COSCO,603,"Спец: [1, 4] != Общий: [1, 1]"
COSCO,604,"Спец: [1, 4] != Общий: [1, 1]"
COSCO,605,"Спец: [1, 4] != Общий: [1, 1]"
COSCO,606,"Спец: [1, 2, 4] != Общий: [1, 2, 2]"
COSCO,609,"Спец: [1, 4] != Общий: [1, 1]"
COSCO,610,"Спец: [1, 4] != Общий: [1, 1]"
COSCO,612,"Спец: [1, 2, 4] != Общий: [1, 2, 2]"
COSCO,613,"Спец: [1, 4] != Общий: [1, 1]"
COSCO,614,"Спец: [1, 4] != Общий: [1, 1]"
COSCO,615,"Спец: [1, 4] != Общий: [1, 1]"
COSCO,616,"Спец: [1, 4, 5] != Общий: [1, 1, 1]"
COSCO,619,"Спец: [1, 2, 4] != Общий: [1, 2, 2]"
COSCO,620,"Спец: [1, 4, 5] != Общий: [1, 1, 1]"
COSCO,621,"Спец: [1, 4] != Общий: [1, 1]"
COSCO,622,"Спец: [1, 4, 4] != Общий: [1, 1, 1]"
COSCO,623,"Спец: [1, 2, 4] != Общий: [1, 2, 2]"
COSCO,625,"Спец: [1, 4] != Общий: [1, 1]"
COSCO,626,"Спец: [1, 2, 4] != Общий: [1, 2, 2]"
COSCO,627,"Спец: [1, 4] != Общий: [1, 1]"
COSCO,628,"Спец: [1, 4] != Общий: [1, 1]"
COSCO,629,"Спец: [1, 4, 4] != Общий: [1, 1, 1]"
COSCO,630,"Спец: [1, 4] != Общий: [1, 1]"
COSCO,631,"Спец: [1, 4] != Общий: [1, 1]"
COSCO,632,"Спец: [1, 2, 4] != Общий: [1, 2, 2]"
COSCO,633,"Спец: [1, 4, 4] != Общий: [1, 3, 4]"
COSCO,634,"Спец: [1, 2, 4] != Общий: [1, 2, 2]"
COSCO,635,"Спец: [1, 2, 4] != Общий: [1, 2, 2]"
COSCO,636,"Спец: [1, 4] != Общий: [1, 1]"
COSCO,637,"Спец: [1, 2, 4] != Общий: [1, 2, 2]"
COSCO,638,"Спец: [1, 2, 4] != Общий: [1, 2, 2]"
COSCO,639,"Спец: [1, 2, 4] != Общий: [1, 2, 2]"
COSCO,640,"Спец: [1, 2, 4] != Общий: [1, 2, 2]"
COSCO,642,"Спец: [1, 4] != Общий: [1, 1]"
COSCO,643,"Спец: [1, 2, 4] != Общий: [1, 2, 2]"
COSCO,644,"Спец: [1, 4, 5] != Общий: [1, 1, 1]"
COSCO,645,"Спец: [1, 4] != Общий: [1, 3]"
COSCO,646,"Спец: [1, 2, 4] != Общий: [1, 2, 2]"
COSCO,647,"Спец: [1, 2, 4] != Общий: [1, 2, 2]"
COSCO,648,"Спец: [1, 2, 4] != Общий: [1, 2, 2]"
COSCO,649,"Спец: [1, 2, 4] != Общий: [1, 2, 2]"
COSCO,650,"Спец: [1, 4] != Общий: [1, 1]"
COSCO,652,"Спец: [1, 4] != Общий: [1, 1]"
COSCO,653,"Спец: [1, 4, 5] != Общий: [1, 1, 1]"
COSCO,654,"Спец: [1, 4, 5] != Общий: [1, 1, 1]"
COSCO,655,"Спец: [1, 4, 4] != Общий: [1, 1, 1]"
COSCO,656,"Спец: [1, 4] != Общий: [1, 1]"
COSCO,657,"Спец: [1, 4] != Общий: [1, 1]"
COSCO,658,"Спец: [1, 4] != Общий: [1, 1]"
COSCO,660,"Спец: [1, 4] != Общий: [1, 1]"
COSCO,662,"Спец: [1, 4] != Общий: [1, 1]"
COSCO,663,"Спец: [1, 4, 4] != Общий: [1, 1, 1]"
COSCO,664,"Спец: [1, 4, 4] != Общий: [1, 1, 1]"
COSCO,665,"Спец: [1, 4] != Общий: [1, 1]"
COSCO,666,"Спец: [1, 4] != Общий: [1, 1]"
COSCO,668,"Спец: [1, 2, 4] != Общий: [1, 2, 2]"
COSCO,671,"Спец: [1, 4] != Общий: [1, 1]"
COSCO,676,"Спец: [1, 4, 4] != Общий: [1, 1, 1]"
COSCO,677,"Спец: [1, 2, 4] != Общий: [1, 2, 2]"
COSCO,679,"Спец: [1, 4] != Общий: [1, 1]"
COSCO,680,"Спец: [1, 4] != Общий: [1, 1]"
COSCO,681,"Спец: [1, 2, 4] != Общий: [1, 2, 2]"
COSCO,682,"Спец: [1, 2, 4] != Общий: [1, 2, 2]"
COSCO,683,"Спец: [1, 2, 4] != Общий: [1, 2, 2]"
COSCO,684,"Спец: [1, 2, 4] != Общий: [1, 2, 2]"
COSCO,685,"Спец: [1, 2, 4] != Общий: [1, 2, 2]"
COSCO,686,"Спец: [1, 4] != Общий: [1, 1]"
COSCO,687,"Спец: [1, 2, 4] != Общий: [1, 2, 2]"
COSCO,688,"Спец: [1, 2, 4] != Общий: [1, 2, 2]"
COSCO,689,"Спец: [1, 4] != Общий: [1, 1]"
COSCO,690,"Спец: [1, 4, 4] != Общий: [1, 1, 1]"
COSCO,691,"Спец: [1, 4] != Общий: [1, 1]"
COSCO,692,"Спец: [1, 4] != Общий: [1, 1]"
COSCO,693,"Спец: [1, 4] != Общий: [1, 1]"
COSCO,694,"Спец: [1, 4] != Общий: [1, 1]"
COSCO,695,"Спец: [1, 4, 4] != Общий: [1, 1, 1]"
COSCO,696,"Спец: [1, 4] != Общий: [1, 1]"
COSCO,697,"Спец: [1, 4, 4] != Общий: [1, 1, 1]"
COSCO,698,"Спец: [1, 4] != Общий: [1, 1]"
COSCO,700,"Спец: [1, 4] != Общий: [1, 1]"
COSCO,701,"Спец: [1, 2, 4] != Общий: [1, 2, 2]"
COSCO,702,"Спец: [1, 2, 4] != Общий: [1, 2, 2]"
COSCO,703,"Спец: [1, 4, 4] != Общий: [1, 1, 1]"
COSCO,704,"Спец: [1, 2, 4] != Общий: [1, 2, 2]"
COSCO,705,"Спец: [1, 2, 4] != Общий: [1, 2, 2]"
COSCO,706,"Спец: [1, 2, 4] != Общий: [1, 2, 2]"
COSCO,707,"Спец: [1, 2, 4] != Общий: [1, 2, 2]"
COSCO,708,"Спец: [1, 2, 4] != Общий: [1, 2, 2]"
COSCO,709,"Спец: [1, 2, 4] != Общий: [1, 2, 2]"
COSCO,710,"Спец: [1, 2, 4] != Общий: [1, 2, 2]"
COSCO,711,"Спец: [1, 2, 4] != Общий: [1, 2, 2]"
COSCO,712,"Спец: [1, 2, 4] != Общий: [1, 2, 2]"
COSCO,713,"Спец: [1, 4] != Общий: [1, 1]"
COSCO,714,"Спец: [1, 2, 4] != Общий: [1, 2, 2]"
COSCO,715,"Спец: [1, 2, 4] != Общий: [1, 2, 2]"
COSCO,716,"Спец: [1, 4] != Общий: [1, 1]"
COSCO,717,"Спец: [1, 2, 4] != Общий: [1, 2, 2]"
COSCO,718,"Спец: [1, 2, 4] != Общий: [1, 2, 2]"
COSCO,719,"Спец: [1, 2, 4] != Общий: [1, 2, 2]"
COSCO,720,"Спец: [1, 2, 4] != Общий: [1, 2, 2]"
COSCO,721,"Спец: [1, 2, 4] != Общий: [1, 2, 2]"
COSCO,723,"Спец: [1, 2, 4] != Общий: [1, 2, 2]"
COSCO,724,"Спец: [1, 2, 4] != Общий: [1, 2, 2]"
COSCO,725,"Спец: [1, 2, 4] != Общий: [1, 2, 2]"
COSCO,726,"Спец: [1, 4, 4] != Общий: [1, 1, 1]"
COSCO,727,"Спец: [1, 4] != Общий: [1, 1]"
COSCO,729,"Спец: [1, 4] != Общий: [1, 1]"
COSCO,730,"Спец: [1, 2, 4] != Общий: [1, 2, 2]"
COSCO,731,"Спец: [1, 4, 4] != Общий: [1, 1, 1]"
COSCO,732,"Спец: [1, 4] != Общий: [1, 1]"
COSCO,733,"Спец: [1, 4] != Общий: [1, 1]"
COSCO,734,"Спец: [1, 4] != Общий: [1, 1]"
COSCO,735,"Спец: [1, 4, 5] != Общий: [1, 1, 1]"
COSCO,736,"Спец: [1, 4, 5] != Общий: [1, 1, 1]"
COSCO,737,"Спец: [1, 4, 5] != Общий: [1, 1, 1]"
COSCO,738,"Спец: [1, 4, 5] != Общий: [1, 1, 1]"
COSCO,740,"Спец: [1, 4, 4] != Общий: [1, 1, 1]"
COSCO,741,"Спец: [1, 4] != Общий: [1, 3]"
COSCO,742,"Спец: [1, 2, 4] != Общий: [1, 2, 2]"
COSCO,743,"Спец: [1, 2, 4] != Общий: [1, 2, 2]"
COSCO,744,"Спец: [1, 4] != Общий: [1, 1]"
COSCO,745,"Спец: [1, 4, 4] != Общий: [1, 3, 4]"
COSCO,746,"Спец: [1, 4, 4] != Общий: [1, 1, 1]"
COSCO,747,"Спец: [1, 4] != Общий: [1, 1]"
COSCO,748,"Спец: [1, 4] != Общий: [1, 1]"
COSCO,749,"Спец: [1, 4, 4] != Общий: [1, 3, 4]"
COSCO,750,"Спец: [1, 4] != Общий: [1, 1]"
COSCO,751,"Спец: [1, 2, 4] != Общий: [1, 2, 2]"
COSCO,752,"Спец: [1, 2, 4] != Общий: [1, 2, 2]"
COSCO,753,"Спец: [1, 4] != Общий: [1, 1]"
COSCO,754,"Спец: [1, 4] != Общий: [1, 1]"
COSCO,755,"Спец: [1, 4] != Общий: [1, 1]"
COSCO,756,"Спец: [1, 4] != Общий: [1, 1]"
COSCO,757,"Спец: [1, 4, 4] != Общий: [1, 1, 1]"
COSCO,758,"Спец: [1, 4, 4] != Общий: [1, 1, 1]"
COSCO,759,"Спец: [1, 4, 4] != Общий: [1, 1, 1]"
COSCO,760,"Спец: [1, 4, 4] != Общий: [1, 1, 1]"
COSCO,761,"Спец: [1, 2, 4] != Общий: [1, 2, 2]"
COSCO,762,"Спец: [1, 4, 4] != Общий: [1, 1, 1]"
COSCO,763,"Спец: [1, 4, 4] != Общий: [1, 1, 1]"
COSCO,764,"Спец: [1, 4] != Общий: [1, 1]"
COSCO,765,"Спец: [1, 4] != Общий: [1, 1]"
COSCO,766,"Спец: [1, 4] != Общий: [1, 1]"
COSCO,767,"Спец: [1, 4] != Общий: [1, 1]"
COSCO,768,"Спец: [1, 4, 5] != Общий: [1, 1, 1]"
COSCO,770,"Спец: [1, 4] != Общий: [1, 1]"
COSCO,771,"Спец: [1, 4] != Общий: [1, 1]"
COSCO,772,"Спец: [1, 4] != Общий: [1, 1]"
COSCO,774,"Спец: [1, 4] != Общий: [1, 1]"
COSCO,775,"Спец: [1, 4] != Общий: [1, 1]"
COSCO,777,"Спец: [1, 4] != Общий: [1, 1]"
COSCO,779,"Спец: [1, 4] != Общий: [1, 1]"
COSCO,783,"Спец: [1, 4] != Общий: [1, 1]"
COSCO,784,"Спец: [1, 4] != Общий: [1, 1]"
COSCO,785,"Спец: [1, 4, 4] != Общий: [1, 1, 1]"
COSCO,786,"Спец: [1, 4, 5] != Общий: [1, 1, 1]"
COSCO,787,"Спец: [1, 4] != Общий: [1, 1]"
COSCO,788,"Спец: [1, 4] != Общий: [1, 1]"
COSCO,789,"Спец: [1, 4] != Общий: [1, 1]"
COSCO,790,"Спец: [1, 4, 5] != Общий: [1, 1, 1]"
COSCO,791,"Спец: [1, 2, 4] != Общий: [1, 2, 2]"
COSCO,793,"Спец: [1, 3, 4] != Общий: [1, 1, 1]"
COSCO,794,"Спец: [1, 4] != Общий: [1, 1]"
COSCO,795,"Спец: [1, 4] != Общий: [1, 1]"
COSCO,796,"Спец: [1, 2, 4] != Общий: [1, 2, 2]"
COSCO,797,"Спец: [1, 4] != Общий: [1, 1]"
COSCO,798,"Спец: [1, 4, 4] != Общий: [1, 1, 2]"
COSCO,800,"Спец: [1, 4] != Общий: [1, 1]"
COSCO,803,"Спец: [1, 4] != Общий: [1, 1]"
COSCO,804,"Спец: [1, 4] != Общий: [1, 1]"
COSCO,805,"Спец: [1, 4, 4] != Общий: [1, 1, 1]"
COSCO,806,"Спец: [1, 2, 4] != Общий: [1, 2, 2]"
COSCO,807,"Спец: [1, 4] != Общий: [1, 1]"
COSCO,808,"Спец: [1, 4, 4] != Общий: [1, 1, 1]"
COSCO,809,"Спец: [1, 4] != Общий: [1, 1]"
COSCO,810,"Спец: [1, 2, 4] != Общий: [1, 2, 2]"
COSCO,811,"Спец: [1, 4, 4] != Общий: [1, 1, 1]"
COSCO,812,"Спец: [1, 4] != Общий: [1, 1]"
COSCO,813,"Спец: [1, 2, 4] != Общий: [1, 2, 2]"
COSCO,814,"Спец: [1, 4] != Общий: [1, 1]"
COSCO,815,"Спец: [1, 4] != Общий: [1, 1]"
COSCO,816,"Спец: [1, 4, 4] != Общий: [1, 3, 4]"
COSCO,817,"Спец: [1, 4] != Общий: [1, 1]"
COSCO,818,"Спец: [1, 4] != Общий: [1, 1]"
COSCO,820,"Спец: [1, 4] != Общий: [1, 1]"
COSCO,821,"Спец: [1, 2, 4] != Общий: [1, 2, 2]"
COSCO,822,"Спец: [1, 4, 4] != Общий: [1, 1, 1]"
COSCO,824,"Спец: [1, 4, 4] != Общий: [1, 3, 4]"
COSCO,825,"Спец: [1, 4, 4] != Общий: [1, 3, 4]"
COSCO,826,"Спец: [1, 4, 4] != Общий: [1, 3, 4]"
COSCO,827,"Спец: [1, 4, 4] != Общий: [1, 3, 4]"
COSCO,828,"Спец: [1, 4, 4] != Общий: [1, 3, 4]"
COSCO,829,"Спец: [1, 4, 4] != Общий: [1, 3, 4]"
COSCO,830,"Спец: [1, 2, 4] != Общий: [1, 2, 2]"
COSCO,831,"Спец: [1, 4] != Общий: [1, 1]"
COSCO,832,"Спец: [1, 4] != Общий: [1, 1]"
COSCO,833,"Спец: [1, 4] != Общий: [1, 1]"
COSCO,834,"Спец: [1, 4] != Общий: [1, 1]"
COSCO,835,"Спец: [1, 4, 4] != Общий: [1, 1, 1]"
COSCO,836,"Спец: [1, 4] != Общий: [1, 1]"
COSCO,837,"Спец: [1, 4, 5] != Общий: [1, 1, 1]"
COSCO,838,"Спец: [1, 2, 4] != Общий: [1, 2, 2]"
COSCO,840,"Спец: [1, 4] != Общий: [1, 1]"
COSCO,842,"Спец: [1, 2, 4] != Общий: [1, 2, 2]"
COSCO,844,"Спец: [1, 4, 5] != Общий: [1, 1, 1]"
COSCO,845,"Спец: [1, 4, 5] != Общий: [1, 1, 1]"
COSCO,846,"Спец: [1, 4] != Общий: [1, 1]"
COSCO,848,"Спец: [1, 3, 4] != Общий: [1, 1, 1]"
COSCO,850,"Спец: [1, 4] != Общий: [1, 1]"
COSCO,851,"Спец: [1, 2, 4] != Общий: [1, 2, 2]"
COSCO,852,"Спец: [1, 4] != Общий: [1, 1]"
COSCO,853,"Спец: [1, 4] != Общий: [1, 1]"
COSCO,858,"Спец: [1, 2, 4] != Общий: [1, 2, 2]"
COSCO,859,"Спец: [1, 4] != Общий: [1, 1]"
COSCO,860,"Спец: [1, 4, 5] != Общий: [1, 1, 1]"
COSCO,861,"Спец: [1, 2, 4] != Общий: [1, 2, 2]"
COSCO,863,"Спец: [1, 4] != Общий: [1, 1]"
COSCO,864,"Спец: [1, 2, 4] != Общий: [1, 2, 2]"
COSCO,865,"Спец: [1, 4, 5] != Общий: [1, 1, 1]"
COSCO,866,"Спец: [1, 2, 4] != Общий: [1, 2, 2]"
COSCO,867,"Спец: [1, 4] != Общий: [1, 1]"
COSCO,868,"Спец: [1, 4] != Общий: [1, 1]"
COSCO,869,"Спец: [1, 4, 4] != Общий: [1, 3, 4]"
COSCO,870,"Спец: [1, 3, 4] != Общий: [1, 1, 1]"
COSCO,871,"Спец: [1, 4, 4] != Общий: [1, 1, 1]"
COSCO,872,"Спец: [1, 4, 4] != Общий: [1, 1, 1]"
COSCO,873,"Спец: [1, 4] != Общий: [1, 1]"
COSCO,874,"Спец: [1, 4] != Общий: [1, 1]"
COSCO,875,"Спец: [1, 2, 4] != Общий: [1, 2, 2]"
COSCO,876,"Спец: [1, 4, 4] != Общий: [1, 1, 1]"
COSCO,879,"Спец: [1, 4, 5] != Общий: [1, 1, 1]"
COSCO,880,"Спец: [1, 2, 4] != Общий: [1, 2, 2]"
COSCO,881,"Спец: [1, 4, 4] != Общий: [1, 1, 1]"
COSCO,882,"Спец: [1, 4, 5] != Общий: [1, 1, 1]"
COSCO,883,"Спец: [1, 4, 5] != Общий: [1, 1, 1]"
COSCO,884,"Спец: [1, 4, 4] != Общий: [1, 3, 4]"
COSCO,885,"Спец: [1, 2, 4] != Общий: [1, 2, 2]"
COSCO,886,"Спец: [1, 4] != Общий: [1, 1]"
COSCO,887,"Спец: [1, 4, 4] != Общий: [1, 1, 1]"
COSCO,888,"Спец: [1, 4] != Общий: [1, 1]"
COSCO,890,"Спец: [1, 4] != Общий: [1, 1]"
COSCO,891,"Спец: [1, 4] != Общий: [1, 1]"
COSCO,892,"Спец: [1, 4] != Общий: [1, 1]"
COSCO,893,"Спец: [1, 4] != Общий: [1, 1]"
COSCO,894,"Спец: [1, 2, 4] != Общий: [1, 2, 2]"
COSCO,896,"Спец: [1, 4, 5] != Общий: [1, 1, 1]"
COSCO,897,"Спец: [1, 4] != Общий: [1, 1]"
COSCO,898,"Спец: [1, 4] != Общий: [1, 1]"
COSCO,900,"Спец: [1, 2, 4] != Общий: [1, 2, 2]"
COSCO,901,"Спец: [1, 4] != Общий: [1, 1]"
COSCO,902,"Спец: [1, 4] != Общий: [1, 1]"
COSCO,903,"Спец: [1, 4, 4] != Общий: [1, 1, 1]"
COSCO,904,"Спец: [1, 4] != Общий: [1, 1]"
COSCO,905,"Спец: [1, 4] != Общий: [1, 1]"
COSCO,906,"Спец: [1, 4, 4] != Общий: [1, 1, 1]"
COSCO,907,"Спец: [1, 4] != Общий: [1, 1]"
COSCO,908,"Спец: [1, 3, 4] != Общий: [1, 1, 1]"
COSCO,909,"Спец: [1, 4, 4] != Общий: [1, 1, 1]"
COSCO,911,"Спец: [1, 4] != Общий: [1, 1]"
COSCO,912,"Спец: [1, 4] != Общий: [1, 1]"
COSCO,913,"Спец: [1, 4, 4] != Общий: [1, 3, 4]"
COSCO,915,"Спец: [1, 4] != Общий: [1, 1]"
COSCO,916,"Спец: [1, 4] != Общий: [1, 1]"
COSCO,917,"Спец: [1, 4] != Общий: [1, 1]"
COSCO,920,"Спец: [1, 4] != Общий: [1, 1]"
COSCO,921,"Спец: [1, 4] != Общий: [1, 1]"
COSCO,922,"Спец: [1, 4] != Общий: [1, 1]"
COSCO,923,"Спец: [1, 4, 5] != Общий: [1, 1, 1]"
COSCO,924,"Спец: [1, 4] != Общий: [1, 1]"
COSCO,925,"Спец: [1, 1, 4] != Общий: [1, 1, 1]"
COSCO,926,"Спец: [1, 4, 4] != Общий: [1, 3, 4]"
COSCO,927,"Спец: [1, 2, 4] != Общий: [1, 2, 2]"
COSCO,929,"Спец: [1, 4] != Общий: [1, 1]"
COSCO,930,"Спец: [1, 4] != Общий: [1, 1]"
COSCO,933,"Спец: [1, 2, 4] != Общий: [1, 2, 2]"
COSCO,934,"Спец: [1, 3, 4] != Общий: [1, 1, 1]"
COSCO,935,"Спец: [1, 3, 4] != Общий: [1, 1, 1]"
COSCO,936,"Спец: [1, 3, 4] != Общий: [1, 1, 1]"
COSCO,937,"Спец: [1, 4, 4] != Общий: [1, 1, 1]"
COSCO,938,"Спец: [1, 2, 4] != Общий: [1, 2, 2]"
COSCO,939,"Спец: [1, 4] != Общий: [1, 1]"
COSCO,942,"Спец: [1, 4, 4] != Общий: [1, 1, 1]"
COSCO,943,"Спец: [1, 4] != Общий: [1, 1]"
COSCO,944,"Спец: [1, 4, 4] != Общий: [1, 1, 1]"
COSCO,945,"Спец: [1, 4] != Общий: [1, 1]"
COSCO,946,"Спец: [1, 4] != Общий: [1, 1]"
COSCO,947,"Спец: [1, 3, 4] != Общий: [1, 1, 1]"
COSCO,948,"Спец: [1, 4] != Общий: [1, 1]"
COSCO,949,"Спец: [1, 3, 4] != Общий: [1, 1, 1]"
COSCO,950,"Спец: [1, 3, 4] != Общий: [1, 1, 1]"
COSCO,951,"Спец: [1, 4, 4] != Общий: [1, 3, 4]"
COSCO,952,"Спец: [1, 4, 4] != Общий: [1, 3, 4]"
COSCO,953,"Спец: [1, 3, 4] != Общий: [1, 1, 1]"
COSCO,955,"Спец: [1, 4] != Общий: [1, 1]"
COSCO,962,"Спец: [1, 4] != Общий: [1, 1]"
COSCO,963,"Спец: [1, 2, 4] != Общий: [1, 2, 2]"
COSCO,964,"Спец: [1, 2, 4] != Общий: [1, 2, 2]"
COSCO,965,"Спец: [1, 4, 4] != Общий: [1, 3, 4]"
COSCO,966,"Спец: [1, 4, 4] != Общий: [1, 3, 4]"
COSCO,967,"Спец: [1, 2, 4] != Общий: [1, 2, 2]"
COSCO,968,"Спец: [1, 2, 4] != Общий: [1, 2, 2]"
COSCO,969,"Спец: [1, 4] != Общий: [1, 1]"
COSCO,970,"Спец: [1, 2, 4] != Общий: [1, 2, 2]"
COSCO,971,"Спец: [1, 2, 4] != Общий: [1, 2, 2]"
COSCO,972,"Спец: [1, 4] != Общий: [1, 1]"
COSCO,973,"Спец: [1, 2, 4] != Общий: [1, 2, 2]"
COSCO,974,"Спец: [1, 2, 4] != Общий: [1, 2, 2]"
COSCO,976,"Спец: [1, 4] != Общий: [1, 1]"
COSCO,977,"Спец: [1, 2, 4] != Общий: [1, 2, 2]"
COSCO,979,"Спец: [1, 2, 4] != Общий: [1, 2, 2]"
COSCO,980,"Спец: [1, 4, 4] != Общий: [1, 1, 1]"
COSCO,981,"Спец: [1, 4] != Общий: [1, 1]"
COSCO,982,"Спец: [1, 4, 4] != Общий: [1, 1, 1]"
COSCO,983,"Спец: [1, 4, 4] != Общий: [1, 1, 1]"
COSCO,984,"Спец: [1, 4] != Общий: [1, 1]"
COSCO,985,"Спец: [1, 2, 4] != Общий: [1, 2, 2]"
COSCO,986,"Спец: [1, 2, 4] != Общий: [1, 2, 2]"
COSCO,987,"Спец: [1, 2, 4] != Общий: [1, 2, 2]"
COSCO,988,"Спец: [1, 2, 4] != Общий: [1, 2, 2]"
COSCO,989,"Спец: [1, 4] != Общий: [1, 1]"
COSCO,990,"Спец: [1, 4] != Общий: [1, 1]"
COSCO,991,"Спец: [1, 2, 4] != Общий: [1, 2, 2]"
COSCO,993,"Спец: [1, 2, 4] != Общий: [1, 2, 2]"
COSCO,995,"Спец: [1, 4] != Общий: [1, 1]"
COSCO,997,"Спец: [1, 4] != Общий: [1, 1]"
COSCO,998,"Спец: [1, 4] != Общий: [1, 1]"
ONE,0,"Спец: [1, 1, 2, 2, 3, 4, 4, 4, 3, 4, 4, 5, 5] != Общий: [1, 1, 2, 2, 3, 3, 3, 3, 3, 4, 4, 5, 5]"
ONE,1,"Спец: [1, 1, 2, 2, 3, 4, 4, 4, 3, 4, 4, 5, 5] != Общий: [1, 1, 2, 2, 3, 3, 3, 3, 3, 4, 4, 5, 5]"
ONE,6,"Спец: [1, 1, 2, 2, 3, 4, 4, 4, 3, 4, 4, 5, 5] != Общий: [1, 1, 2, 2, 3, 3, 3, 3, 3, 4, 4, 5, 5]"
ONE,9,"Спец: [1, 1, 2, 2, 3, 4, 4, 4, 3, 4, 4, 5, 5] != Общий: [1, 1, 2, 2, 3, 4, 4, 5, 5, 5, 5, 5, 5]"
ONE,10,"Спец: [1, 1, 2, 2, 3, 4, 4, 4, 3, 4, 4, 5, 5] != Общий: [1, 1, 2, 2, 3, 4, 4, 5, 5, 5, 5, 5, 5]"
ONE,11,"Спец: [1, 1, 2, 2, 3, 4, 4, 4, 3, 4, 4, 5, 5] != Общий: [1, 1, 2, 2, 3, 3, 3, 3, 3, 4, 4, 5, 5]"
ONE,13,"Спец: [1, 1, 2, 2, 3, 4, 4, 4, 3, 4, 4, 4, 3, 4, 4, 5, 5] != Общий: [1, 1, 2, 2, 2, 2, 2, 2, 3, 3, 3, 3, 3, 4, 4, 5, 5]"
ONE,14,"Спец: [1, 1, 2, 2, 3, 4, 4, 4, 3, 4, 4, 5, 5] != Общий: [1, 1, 2, 2, 3, 3, 3, 3, 3, 4, 4, 5, 5]"
ONE,16,"Спец: [1, 1, 2, 2, 3, 4, 4, 3, 4, 4, 3, 4, 4, 5, 5] != Общий: [1, 1, 2, 2, 3, 3, 3, 3, 3, 3, 3, 4, 4, 5, 5]"
ONE,17,"Спец: [1, 1, 2, 2, 3, 4, 4, 4, 3, 4, 4, 5, 5] != Общий: [1, 1, 2, 2, 3, 4, 4, 5, 5, 5, 5, 5, 5]"
ONE,19,"Спец: [1, 1, 2, 2, 3, 4, 3, 4, 4, 4, 3, 4, 4, 4, 3, 4, 4, 5, 5] != Общий: [1, 1, 2, 2, 3, 3, 3, 3, 3, 3, 3, 3, 3, 3, 3, 4, 4, 5, 5]"
ONE,20,"Спец: [1, 1, 2, 2, 2, 3, 4, 4, 3, 4, 5, 5, 5] != Общий: [1, 1, 2, 3, 3, 3, 3, 3, 3, 4, 5, 5, 4]"
ONE,22,"Спец: [1, 1, 2, 2, 3, 4, 4, 4, 3, 4, 4, 5, 5, 5, 5] != Общий: [1, 1, 2, 2, 3, 3, 3, 3, 3, 4, 4, 5, 5, 5, 5]"
ONE,23,"Спец: [1, 1, 2, 2, 3, 4, 4, 4, 3, 4, 4, 4, 3, 4, 4, 5, 5] != Общий: [1, 1, 2, 3, 3, 3, 3, 3, 3, 4, 4, 5, 5, 5, 5, 5, 5]"
ONE,25,"Спец: [1, 1, 2, 2, 3, 4, 4, 4, 3, 4, 4, 5, 5] != Общий: [1, 1, 2, 2, 3, 4, 4, 5, 5, 5, 5, 5, 5]"
ONE,27,"Спец: [1, 1, 2, 2, 3, 4, 4, 4, 3, 4, 4, 5, 5] != Общий: [1, 1, 2, 2, 3, 4, 4, 5, 5, 5, 5, 5, 5]"
ONE,29,"Спец: [1, 1, 2, 2, 3, 4, 4, 4, 3, 4, 4, 5, 5] != Общий: [1, 1, 2, 2, 3, 3, 3, 3, 3, 4, 4, 5, 5]"
ONE,37,"Спец: [1, 1, 2, 2, 3, 4, 4, 4, 3, 4, 4, 5, 5] != Общий: [1, 1, 2, 2, 3, 4, 4, 5, 5, 5, 5, 5, 5]"
ONE,46,"Спец: [1, 1, 2, 2, 3, 4, 4, 4, 3, 4, 4, 5, 5] != Общий: [1, 1, 2, 2, 3, 3, 3, 3, 3, 4, 4, 5, 5]"
ONE,55,"Спец: [1, 1, 2, 2, 3, 4, 4, 4, 3, 4, 4, 5, 5] != Общий: [1, 1, 2, 2, 3, 3, 3, 3, 3, 4, 4, 5, 5]"
ONE,56,"Спец: [1, 1, 2, 2, 3, 4, 4, 4, 3, 4, 4, 5, 5] != Общий: [1, 1, 2, 2, 3, 3, 3, 3, 3, 4, 4, 5, 5]"
ONE,73,"Спец: [1, 1, 2, 2, 3, 4, 4, 4, 3, 4, 4, 5, 5] != Общий: [1, 1, 2, 2, 3, 3, 3, 3, 3, 4, 4, 5, 5]"
ONE,82,"Спец: [1, 1, 2, 2, 3, 3, 4, 4, 4, 4, 3, 4, 4, 4, 3, 4, 4, 5, 5] != Общий: [1, 1, 2, 2, 3, 3, 3, 3, 3, 3, 3, 4, 4, 3, 3, 3, 3, 3, 3]"
ONE,84,"Спец: [1, 1, 2, 2, 3, 4, 4, 4, 3, 4, 4, 4, 3, 4, 4, 5, 5] != Общий: [1, 1, 2, 2, 3, 3, 3, 3, 3, 3, 3, 3, 3, 4, 4, 5, 5]"
ONE,85,"Спец: [1, 1, 2, 2, 3, 4, 4, 4, 3, 4, 4, 4, 3, 4, 4, 5, 5] != Общий: [1, 1, 2, 2, 3, 3, 3, 3, 3, 3, 3, 3, 3, 4, 4, 5, 5]"
ONE,95,"Спец: [1, 1, 2, 2, 3, 4, 4, 4, 3, 4, 4, 4, 3, 4, 4, 4, 3, 4, 4, 5, 5] != Общий: [1, 1, 2, 3, 3, 3, 3, 3, 3, 3, 3, 3, 3, 4, 4, 3, 3, 3, 3, 3, 3]"
ONE,98,"Спец: [1, 1, 2, 2, 3, 4, 4, 4, 3, 4, 4, 3, 4, 4, 3, 4, 4, 5, 5] != Общий: [1, 1, 2, 3, 3, 3, 3, 3, 3, 3, 3, 3, 3, 3, 3, 4, 4, 5, 5]"
ONE,99,"Спец: [1, 1, 2, 2, 3, 4, 4, 4, 3, 4, 4, 3, 4, 4, 3, 4, 4, 5, 5] != Общий: [1, 1, 2, 3, 3, 3, 3, 3, 3, 3, 3, 3, 3, 3, 3, 4, 4, 5, 5]"
ONE,101,"Спец: [1, 1, 2, 2, 3, 4, 4, 3, 4, 4, 3, 4, 4, 5, 5] != Общий: [1, 1, 2, 2, 3, 3, 3, 3, 3, 3, 3, 4, 4, 5, 5]"
ONE,102,"Спец: [1, 1, 2, 2, 3, 4, 4, 4, 3, 4, 4, 5, 5] != Общий: [1, 1, 2, 2, 3, 3, 3, 3, 3, 4, 4, 5, 5]"
ONE,103,"Спец: [1, 1, 2, 2, 3, 4, 3, 4, 4, 4, 3, 4, 4, 4, 3, 4, 4, 5, 5] != Общий: [1, 1, 2, 2, 3, 3, 3, 3, 3, 3, 3, 3, 3, 3, 3, 4, 4, 5, 5]"
ONE,104,"Спец: [1, 1, 2, 2, 3, 4, 4, 4, 3, 4, 4, 5, 5] != Общий: [1, 1, 2, 2, 3, 4, 4, 5, 5, 5, 5, 5, 5]"
ONE,105,"Спец: [1, 1, 2, 2, 3, 4, 4, 4, 3, 4, 4, 5, 5] != Общий: [1, 1, 2, 2, 3, 4, 4, 5, 5, 5, 5, 5, 5]"
ONE,106,"Спец: [1, 1, 2, 2, 3, 4, 4, 4, 3, 4, 4, 5, 5] != Общий: [1, 1, 2, 2, 3, 3, 3, 3, 3, 4, 4, 5, 5]"
ONE,107,"Спец: [1, 1, 2, 2, 3, 4, 4, 4, 3, 4, 4, 5, 5] != Общий: [1, 1, 2, 2, 3, 3, 3, 3, 3, 4, 4, 5, 5]"
ONE,112,"Спец: [1, 1, 2, 2, 3, 4, 4, 4, 3, 4, 4, 5, 5] != Общий: [1, 1, 2, 2, 3, 4, 4, 5, 5, 5, 5, 5, 5]"
ONE,115,"Спец: [1, 1, 2, 2, 3, 4, 4, 4, 3, 4, 4, 5, 5] != Общий: [1, 1, 2, 2, 3, 4, 4, 5, 5, 5, 5, 5, 5]"
ONE,116,"Спец: [1, 1, 2, 2, 3, 4, 4, 4, 3, 4, 4, 5, 5] != Общий: [1, 1, 2, 2, 3, 4, 4, 5, 5, 5, 5, 5, 5]"
ONE,118,"Спец: [1, 1, 2, 2, 3, 4, 4, 4, 3, 4, 4, 4, 3, 4, 4, 5, 5] != Общий: [1, 1, 2, 3, 3, 3, 3, 3, 3, 4, 4, 5, 5, 5, 5, 5, 5]"
ONE,119,"Спец: [1, 1, 2, 2, 2, 3, 4, 4, 3, 4, 5, 5, 5] != Общий: [1, 1, 2, 3, 3, 3, 3, 3, 3, 4, 5, 5, 4]"
ONE,121,"Спец: [1, 1, 2, 2, 3, 4, 4, 4, 3, 4, 4, 5, 5, 5, 5] != Общий: [1, 1, 2, 2, 3, 3, 3, 3, 3, 4, 4, 5, 5, 5, 5]"
ONE,128,"Спец: [1, 1, 2, 2, 3, 4, 4, 4, 3, 4, 4, 5, 5] != Общий: [1, 1, 2, 3, 3, 3, 3, 3, 3, 4, 4, 5, 5]"
ONE,129,"Спец: [1, 1, 2, 2, 3, 4, 4, 4, 3, 4, 4, 5, 5] != Общий: [1, 1, 2, 2, 3, 3, 3, 3, 3, 4, 4, 5, 5]"
ONE,130,"Спец: [1, 1, 2, 2, 3, 4, 4, 4, 3, 4, 4, 5, 5] != Общий: [1, 1, 2, 3, 3, 3, 3, 3, 3, 4, 4, 5, 5]"
ONE,131,"Спец: [1, 1, 2, 2, 3, 4, 4, 4, 3, 4, 4, 5, 5] != Общий: [1, 1, 2, 3, 3, 3, 3, 3, 3, 4, 4, 5, 5]"
ONE,132,"Спец: [1, 1, 2, 2, 3, 4, 4, 4, 3, 4, 4, 5, 5] != Общий: [1, 1, 2, 3, 3, 3, 3, 3, 3, 4, 4, 5, 5]"
ONE,133,"Спец: [1, 1, 2, 2, 3, 4, 4, 4, 3, 4, 4, 5, 5] != Общий: [1, 1, 2, 3, 3, 3, 3, 3, 3, 4, 4, 5, 5]"
ONE,134,"Спец: [1, 1, 2, 2, 3, 4, 4, 4, 3, 4, 4, 5, 5] != Общий: [1, 1, 2, 2, 3, 3, 3, 3, 3, 4, 4, 5, 5]"
ONE,135,"Спец: [1, 1, 2, 2, 2, 2, 2, 2, 3, 4, 5, 5, 5] != Общий: [1, 1, 2, 2, 2, 2, 2, 2, 3, 4, 5, 5, 4]"
ONE,136,"Спец: [1, 1, 2, 2, 3, 4, 4, 4, 3, 4, 4, 3, 4, 4, 4, 3, 4, 4, 4, 4, 3, 4, 4, 5, 5] != Общий: [1, 1, 2, 2, 3, 3, 3, 3, 3, 3, 3, 3, 3, 3, 3, 3, 3, 3, 3, 3, 3, 4, 4, 5, 5]"
ONE,137,"Спец: [1, 1, 2, 2, 3, 4, 4, 4, 3, 4, 4, 4, 3, 4, 4, 5, 5] != Общий: [1, 1, 2, 2, 3, 3, 3, 3, 3, 4, 4, 5, 5, 5, 5, 5, 5]"
ONE,138,"Спец: [1, 1, 2, 2, 3, 4, 4, 3, 4, 4, 3, 4, 4, 5, 5] != Общий: [1, 1, 2, 2, 3, 3, 3, 3, 3, 3, 3, 4, 4, 5, 5]"
ONE,139,"Спец: [1, 1, 2, 2, 3, 4, 4, 4, 3, 4, 4, 5, 5] != Общий: [1, 1, 2, 2, 3, 3, 3, 3, 3, 4, 4, 5, 5]"
ONE,141,"Спец: [1, 1, 2, 2, 3, 4, 4, 4, 3, 4, 4, 5, 5, 5] != Общий: [1, 1, 2, 2, 3, 4, 4, 5, 5, 5, 5, 5, 5, 5]"
ONE,143,"Спец: [1, 1, 1, 2, 2, 3, 4, 4, 4, 3, 4, 4, 5, 5] != Общий: [1, 1, 1, 2, 3, 3, 3, 3, 3, 3, 4, 4, 5, 5]"
ONE,144,"Спец: [1, 1, 2, 2, 3, 4, 4, 4, 3, 4, 4, 4, 3, 4, 4, 5, 5] != Общий: [1, 1, 2, 2, 3, 3, 3, 3, 3, 4, 4, 3, 3, 3, 3, 3, 3]"
ONE,145,"Спец: [1, 1, 2, 2, 3, 4, 4, 4, 3, 4, 4, 5, 5] != Общий: [1, 1, 2, 2, 3, 3, 3, 3, 3, 4, 4, 5, 5]"
ONE,147,"Спец: [1, 1, 2, 2, 3, 4, 4, 4, 3, 4, 4, 5, 5] != Общий: [1, 1, 2, 2, 3, 3, 3, 3, 3, 4, 4, 5, 5]"
ONE,149,"Спец: [1, 1, 1, 2, 2, 3, 4, 4, 4, 4, 4, 3, 4, 4, 4, 3, 4, 4, 5, 5] != Общий: [1, 1, 1, 2, 2, 2, 2, 2, 2, 2, 2, 3, 3, 3, 3, 3, 4, 4, 5, 5]"
ONE,152,"Спец: [1, 1, 2, 2, 3, 4, 4, 4, 3, 4, 4, 5, 5, 5] != Общий: [1, 1, 2, 2, 3, 3, 3, 3, 3, 4, 4, 5, 5, 5]"
ONE,157,"Спец: [1, 1, 2, 2, 3, 4, 4, 4, 3, 4, 4, 5, 5] != Общий: [1, 1, 2, 2, 3, 3, 3, 3, 3, 4, 4, 5, 5]"
ONE,158,"Спец: [1, 1, 2, 2, 3, 4, 4, 4, 3, 4, 4, 5, 5, 5] != Общий: [1, 1, 2, 2, 3, 3, 3, 3, 3, 4, 4, 5, 5, 5]"
ONE,159,"Спец: [1, 1, 2, 2, 3, 4, 4, 4, 3, 4, 4, 5, 5, 5] != Общий: [1, 1, 2, 2, 3, 3, 3, 3, 3, 4, 4, 5, 5, 5]"
ONE,160,"Спец: [1, 1, 2, 2, 3, 4, 4, 4, 3, 4, 4, 4, 3, 4, 4, 5, 5] != Общий: [1, 1, 2, 2, 3, 3, 3, 3, 3, 3, 3, 3, 3, 4, 4, 5, 5]"
ONE,161,"Спец: [1, 1, 2, 2, 3, 4, 4, 4, 3, 4, 4, 5, 5] != Общий: [1, 1, 2, 2, 3, 3, 3, 3, 3, 4, 4, 5, 5]"
ONE,162,"Спец: [1, 1, 2, 2, 3, 4, 4, 4, 3, 4, 4, 5, 5] != Общий: [1, 1, 2, 2, 3, 3, 3, 3, 3, 4, 4, 5, 5]"
ONE,163,"Спец: [1, 1, 2, 2, 3, 4, 4, 4, 3, 4, 4, 4, 3, 4, 4, 5, 5] != Общий: [1, 1, 2, 2, 2, 2, 2, 2, 3, 3, 3, 3, 3, 4, 4, 5, 5]"
ONE,165,"Спец: [1, 1, 2, 2, 3, 4, 4, 4, 3, 4, 4, 5, 5] != Общий: [1, 1, 2, 2, 3, 3, 3, 3, 3, 4, 4, 5, 5]"
ONE,167,"Спец: [1, 1, 2, 2, 3, 4, 4, 4, 3, 4, 4, 5, 5] != Общий: [1, 1, 2, 2, 3, 3, 3, 3, 3, 4, 4, 5, 5]"
ONE,168,"Спец: [1, 1, 2, 2, 3, 4, 4, 4, 3, 4, 4, 5, 5] != Общий: [1, 1, 2, 2, 3, 3, 3, 3, 3, 4, 4, 5, 5]"
ONE,170,"Спец: [1, 1, 2, 2, 3, 4, 4, 4, 3, 4, 4, 5, 5] != Общий: [1, 1, 2, 2, 3, 3, 3, 3, 3, 4, 4, 5, 5]"
ONE,172,"Спец: [1, 1, 2, 2, 3, 4, 4, 4, 3, 4, 4, 5, 5, 5, 5] != Общий: [1, 1, 2, 2, 3, 3, 3, 3, 3, 4, 4, 5, 5, 5, 5]"
ONE,173,"Спец: [1, 1, 2, 2, 3, 4, 4, 4, 3, 4, 4, 5, 5] != Общий: [1, 1, 2, 2, 3, 3, 3, 3, 3, 4, 4, 5, 5]"
ONE,175,"Спец: [1, 1, 2, 2, 3, 4, 4, 4, 3, 4, 4, 4, 3, 4, 4, 5, 5] != Общий: [1, 1, 2, 2, 2, 2, 2, 2, 3, 3, 3, 3, 3, 4, 4, 5, 5]"
ONE,177,"Спец: [1, 1, 2, 2, 3, 4, 4, 4, 3, 4, 4, 5, 5] != Общий: [1, 1, 2, 2, 3, 3, 3, 3, 3, 4, 4, 5, 5]"
ONE,180,"Спец: [1, 1, 2, 2, 3, 4, 4, 4, 3, 4, 4, 5, 5] != Общий: [1, 1, 2, 2, 3, 3, 3, 3, 3, 4, 4, 5, 5]"
ONE,181,"Спец: [1, 1, 2, 2, 3, 4, 4, 4, 3, 4, 4, 5, 5] != Общий: [1, 1, 2, 2, 3, 3, 3, 3, 3, 4, 4, 5, 5]"
ONE,183,"Спец: [1, 1, 2, 2, 3, 4, 4, 4, 3, 4, 4, 5, 5, 5] != Общий: [1, 1, 2, 2, 3, 4, 4, 5, 5, 5, 5, 5, 5, 5]"
ONE,185,"Спец: [1, 1, 2, 2, 3, 4, 4, 4, 3, 4, 4, 4, 3, 4, 4, 4, 3, 4, 4, 5, 5] != Общий: [1, 1, 2, 3, 3, 3, 3, 3, 3, 3, 3, 3, 3, 3, 3, 3, 3, 4, 4, 5, 5]"
ONE,188,"Спец: [1, 1, 2, 2, 3, 3, 4, 4, 3, 4, 4, 5, 5] != Общий: [1, 1, 2, 2, 2, 2, 2, 2, 3, 4, 4, 5, 5]"
ONE,189,"Спец: [1, 1, 2, 2, 3, 4, 4, 4, 3, 4, 4, 5, 5, 5] != Общий: [1, 1, 2, 2, 3, 4, 4, 5, 5, 5, 5, 5, 5, 5]"
ONE,192,"Спец: [1, 1, 2, 2, 3, 4, 4, 4, 3, 4, 4, 5, 5, 5] != Общий: [1, 1, 2, 2, 3, 4, 4, 3, 3, 3, 3, 3, 3, 3]"
ONE,198,"Спец: [1, 1, 2, 2, 2, 2, 3, 4, 4, 4, 3, 4, 4, 5, 5] != Общий: [1, 1, 2, 2, 2, 2, 3, 3, 3, 3, 3, 4, 4, 5, 5]"
ONE,201,"Спец: [1, 1, 2, 2, 3, 4, 4, 4, 3, 4, 4, 5, 5] != Общий: [1, 1, 2, 3, 3, 3, 3, 3, 3, 4, 4, 5, 5]"
ONE,202,"Спец: [1, 1, 2, 2, 3, 4, 4, 4, 3, 4, 4, 5, 5] != Общий: [1, 1, 2, 3, 3, 3, 3, 3, 3, 4, 4, 5, 5]"
ONE,203,"Спец: [1, 1, 2, 2, 3, 4, 4, 4, 3, 4, 4, 5, 5] != Общий: [1, 1, 2, 3, 3, 3, 3, 3, 3, 4, 4, 5, 5]"
ONE,204,"Спец: [1, 1, 2, 2, 3, 4, 4, 4, 3, 4, 4, 5, 5] != Общий: [1, 1, 2, 3, 3, 3, 3, 3, 3, 4, 4, 5, 5]"
ONE,205,"Спец: [1, 1, 2, 2, 3, 4, 4, 4, 3, 4, 4, 5, 5] != Общий: [1, 1, 2, 3, 3, 3, 3, 3, 3, 4, 4, 5, 5]"
ONE,206,"Спец: [1, 1, 2, 2, 3, 4, 4, 4, 3, 4, 4, 5, 5] != Общий: [1, 1, 2, 3, 3, 3, 3, 3, 3, 4, 4, 5, 5]"
ONE,207,"Спец: [1, 1, 2, 2, 3, 4, 4, 4, 3, 4, 4, 5, 5] != Общий: [1, 1, 2, 3, 3, 3, 3, 3, 3, 4, 4, 5, 5]"
ONE,208,"Спец: [1, 1, 2, 2, 3, 4, 4, 4, 3, 4, 4, 5, 5] != Общий: [1, 1, 2, 3, 3, 3, 3, 3, 3, 4, 4, 5, 5]"
ONE,209,"Спец: [1, 1, 2, 2, 3, 4, 4, 4, 3, 4, 4, 5, 5] != Общий: [1, 1, 2, 3, 3, 3, 3, 3, 3, 4, 4, 5, 5]"
ONE,211,"Спец: [1, 1, 2, 2, 3, 4, 4, 4, 3, 4, 4, 5, 5] != Общий: [1, 1, 2, 3, 3, 3, 3, 3, 3, 4, 4, 5, 5]"
ONE,212,"Спец: [1, 1, 2, 2, 3, 4, 4, 4, 3, 4, 4, 4, 3, 4, 4, 5, 5] != Общий: [1, 1, 2, 3, 3, 3, 3, 3, 3, 3, 3, 3, 3, 4, 4, 5, 5]"
ONE,214,"Спец: [1, 1, 2, 2, 3, 4, 4, 4, 3, 4, 4, 5, 5] != Общий: [1, 1, 2, 3, 3, 3, 3, 3, 3, 4, 4, 5, 5]"
ONE,215,"Спец: [1, 1, 2, 2, 3, 4, 4, 4, 3, 4, 4, 5, 5] != Общий: [1, 1, 2, 3, 3, 3, 3, 3, 3, 4, 4, 5, 5]"
ONE,216,"Спец: [1, 1, 2, 2, 3, 4, 4, 4, 3, 4, 4, 5, 5] != Общий: [1, 1, 2, 3, 3, 3, 3, 3, 3, 4, 4, 5, 5]"
ONE,217,"Спец: [1, 1, 2, 2, 3, 4, 4, 4, 3, 4, 4, 5, 5] != Общий: [1, 1, 2, 3, 3, 3, 3, 3, 3, 4, 4, 5, 5]"
ONE,219,"Спец: [1, 1, 2, 2, 3, 4, 4, 4, 3, 4, 4, 4, 3, 4, 4, 5, 5] != Общий: [1, 1, 2, 3, 3, 3, 3, 3, 3, 3, 3, 3, 3, 4, 4, 5, 5]"
ONE,220,"Спец: [1, 1, 2, 2, 3, 4, 4, 4, 3, 4, 4, 5, 5] != Общий: [1, 1, 2, 3, 3, 3, 3, 3, 3, 4, 4, 5, 5]"
ONE,221,"Спец: [1, 1, 2, 2, 3, 4, 4, 4, 3, 4, 4, 5, 5] != Общий: [1, 1, 2, 3, 3, 3, 3, 3, 3, 4, 4, 5, 5]"
ONE,223,"Спец: [1, 1, 2, 2, 3, 4, 4, 3, 4, 4, 3, 4, 4, 5, 5] != Общий: [1, 1, 2, 2, 3, 3, 3, 3, 3, 3, 3, 4, 4, 5, 5]"
ONE,224,"Спец: [1, 1, 2, 2, 3, 4, 4, 4, 3, 4, 4, 5, 5] != Общий: [1, 1, 2, 2, 3, 3, 3, 3, 3, 4, 4, 5, 5]"
ONE,225,"Спец: [1, 1, 2, 2, 3, 4, 4, 4, 3, 4, 4, 5, 5] != Общий: [1, 1, 2, 3, 3, 3, 3, 3, 3, 4, 4, 5, 5]"
ONE,226,"Спец: [1, 1, 2, 2, 3, 4, 4, 4, 3, 4, 4, 5, 5] != Общий: [1, 1, 2, 3, 3, 3, 3, 3, 3, 4, 4, 5, 5]"
ONE,229,"Спец: [1, 1, 2, 2, 3, 4, 4, 4, 3, 4, 4, 4, 3, 4, 4, 5, 5] != Общий: [1, 1, 2, 2, 3, 3, 3, 3, 3, 4, 4, 5, 5, 5, 5, 5, 5]"
ONE,230,"Спец: [1, 1, 2, 2, 3, 4, 4, 4, 3, 4, 4, 5, 5] != Общий: [1, 1, 2, 2, 3, 3, 3, 3, 3, 4, 4, 5, 5]"
ONE,242,"Спец: [1, 1, 2, 2, 3, 4, 3, 4, 4, 3, 4, 4, 4, 5, 5] != Общий: [1, 1, 2, 2, 3, 3, 3, 3, 3, 3, 3, 4, 4, 5, 5]"
ONE,250,"Спец: [1, 1, 2, 2, 3, 4, 4, 4, 3, 4, 4, 5, 5, 5, 3, 4, 4, 5, 5] != Общий: [1, 1, 2, 2, 3, 4, 4, 5, 5, 5, 5, 5, 5, 5, 5, 5, 5, 5, 5]"
ONE,252,"Спец: [1, 1, 2, 2, 3, 4, 4, 4, 3, 4, 4, 5, 5] != Общий: [1, 1, 2, 2, 3, 3, 3, 3, 3, 4, 4, 5, 5]"
ONE,253,"Спец: [1, 1, 2, 2, 3, 4, 4, 4, 3, 4, 4, 5, 5] != Общий: [1, 1, 2, 2, 3, 3, 3, 3, 3, 4, 4, 5, 5]"
ONE,256,"Спец: [1, 1, 2, 2, 3, 4, 4, 4, 3, 4, 4, 4, 3, 4, 4, 5, 5] != Общий: [1, 1, 2, 2, 3, 3, 3, 3, 3, 3, 3, 3, 3, 4, 4, 5, 5]"
ONE,261,"Спец: [1, 1, 2, 2, 3, 4, 4, 4, 3, 4, 4, 4, 3, 4, 4, 5, 5] != Общий: [1, 1, 2, 2, 2, 2, 2, 2, 3, 3, 3, 3, 3, 4, 4, 5, 5]"
ONE,265,"Спец: [1, 1, 2, 2, 3, 4, 4, 4, 3, 4, 4, 5, 5] != Общий: [1, 1, 2, 2, 3, 3, 3, 3, 3, 4, 4, 5, 5]"
ONE,266,"Спец: [1, 1, 2, 2, 3, 4, 4, 4, 3, 4, 4, 3, 4, 4, 3, 4, 4, 4, 3, 4, 4, 4, 3, 4, 4, 5, 5] != Общий: [1, 1, 2, 2, 2, 2, 2, 2, 3, 3, 3, 3, 3, 3, 3, 3, 3, 3, 3, 3, 3, 3, 3, 4, 4, 5, 5]"
ONE,267,"Спец: [1, 1, 2, 2, 3, 4, 4, 4, 3, 4, 4, 5, 5] != Общий: [1, 1, 2, 2, 3, 3, 3, 3, 3, 4, 4, 5, 5]"
ONE,268,"Спец: [1, 1, 2, 2, 3, 4, 4, 4, 3, 4, 4, 5, 5] != Общий: [1, 1, 2, 2, 3, 3, 3, 3, 3, 4, 4, 5, 5]"
ONE,269,"Спец: [1, 1, 2, 2, 3, 4, 4, 4, 3, 4, 4, 4, 3, 4, 4, 5, 5, 5] != Общий: [1, 1, 2, 2, 2, 2, 2, 2, 3, 4, 4, 5, 5, 5, 5, 5, 5, 5]"
ONE,270,"Спец: [1, 1, 2, 2, 3, 4, 4, 4, 3, 4, 4, 5, 5] != Общий: [1, 1, 2, 2, 3, 3, 3, 3, 3, 4, 4, 5, 5]"
ONE,272,"Спец: [1, 1, 2, 2, 3, 4, 4, 4, 3, 4, 4, 5, 5] != Общий: [1, 1, 2, 2, 3, 3, 3, 3, 3, 4, 4, 5, 5]"
ONE,273,"Спец: [1, 1, 2, 2, 3, 4, 4, 4, 3, 4, 4, 5, 5] != Общий: [1, 1, 2, 2, 3, 3, 3, 3, 3, 4, 4, 5, 5]"
ONE,274,"Спец: [1, 1, 2, 2, 3, 4, 4, 4, 3, 4, 4, 5, 5] != Общий: [1, 1, 2, 2, 3, 3, 3, 3, 3, 4, 4, 5, 5]"
ONE,275,"Спец: [1, 1, 2, 2, 3, 4, 4, 4, 3, 4, 4, 5, 5] != Общий: [1, 1, 2, 2, 3, 4, 4, 5, 5, 5, 5, 5, 5]"
ONE,277,"Спец: [1, 1, 2, 2, 3, 4, 4, 4, 3, 4, 4, 5, 5] != Общий: [1, 1, 2, 2, 3, 4, 4, 5, 5, 5, 5, 5, 5]"
ONE,278,"Спец: [1, 1, 2, 2, 3, 4, 4, 4, 3, 4, 4, 5, 5] != Общий: [1, 1, 2, 2, 3, 3, 3, 3, 3, 4, 4, 5, 5]"
ONE,282,"Спец: [1, 1, 2, 2, 3, 4, 4, 4, 3, 4, 4, 5, 5] != Общий: [1, 1, 2, 2, 3, 3, 3, 3, 3, 4, 4, 5, 5]"
ONE,287,"Спец: [1, 1, 2, 2, 3, 4, 4, 4, 3, 4, 4, 5, 5] != Общий: [1, 1, 2, 2, 3, 3, 3, 3, 3, 4, 4, 5, 5]"
ONE,288,"Спец: [1, 1, 2, 2, 3, 4, 4, 4, 3, 4, 4, 5, 5] != Общий: [1, 1, 2, 2, 3, 3, 3, 3, 3, 4, 4, 5, 5]"
ONE,290,"Спец: [1, 1, 2, 2, 3, 4, 4, 4, 3, 4, 4, 5, 5, 5, 3, 4, 4, 5, 5] != Общий: [1, 1, 2, 2, 3, 4, 4, 5, 5, 5, 5, 5, 5, 5, 5, 5, 5, 5, 5]"
ONE,291,"Спец: [1, 1, 2, 2, 2, 2, 3, 4, 4, 4, 3, 4, 4, 5, 5] != Общий: [1, 1, 2, 2, 2, 2, 3, 3, 3, 3, 3, 4, 4, 5, 5]"
ONE,292,"Спец: [1, 1, 2, 2, 3, 4, 4, 4, 3, 4, 4, 5, 5] != Общий: [1, 1, 2, 2, 3, 3, 3, 3, 3, 4, 4, 5, 5]"
ONE,294,"Спец: [1, 1, 2, 2, 3, 3, 4, 4, 3, 4, 4, 5, 5] != Общий: [1, 1, 2, 2, 2, 2, 2, 2, 3, 4, 4, 5, 5]"
ONE,296,"Спец: [1, 1, 2, 2, 3, 4, 4, 4, 3, 4, 4, 4, 3, 4, 4, 5, 5] != Общий: [1, 1, 2, 2, 2, 2, 2, 2, 3, 3, 3, 3, 3, 4, 4, 5, 5]"
ONE,299,"Спец: [1, 1, 2, 2, 3, 4, 4, 4, 3, 4, 4, 5, 5] != Общий: [1, 1, 2, 2, 3, 3, 3, 3, 3, 4, 4, 5, 5]"
ONE,300,"Спец: [1, 1, 2, 2, 3, 4, 4, 4, 3, 4, 4, 5, 5] != Общий: [1, 1, 2, 2, 3, 3, 3, 3, 3, 4, 4, 5, 5]"
ONE,304,"Спец: [1, 1, 2, 2, 3, 4, 4, 4, 3, 4, 4, 5, 5, 5] != Общий: [1, 1, 2, 2, 3, 4, 4, 5, 5, 5, 5, 5, 5, 5]"
ONE,309,"Спец: [1, 1, 2, 2, 3, 4, 4, 3, 4, 4, 3, 4, 4, 5, 5] != Общий: [1, 1, 2, 2, 3, 3, 3, 3, 3, 3, 3, 4, 4, 5, 5]"
ONE,310,"Спец: [1, 1, 2, 2, 3, 4, 4, 4, 3, 4, 4, 5, 5] != Общий: [1, 1, 2, 2, 3, 4, 4, 5, 5, 5, 5, 5, 5]"
ONE,312,"Спец: [1, 1, 2, 2, 3, 4, 4, 3, 4, 4, 3, 4, 4, 5, 5] != Общий: [1, 1, 2, 2, 3, 3, 3, 3, 3, 3, 3, 4, 4, 5, 5]"
ONE,315,"Спец: [1, 1, 2, 2, 3, 4, 4, 4, 3, 4, 4, 5, 5] != Общий: [1, 1, 2, 3, 3, 3, 3, 3, 3, 4, 4, 5, 5]"
ONE,317,"Спец: [1, 1, 2, 2, 3, 4, 4, 3, 4, 4, 3, 4, 4, 5, 5] != Общий: [1, 1, 2, 2, 3, 3, 3, 3, 3, 3, 3, 4, 4, 5, 5]"
ONE,318,"Спец: [1, 1, 2, 2, 3, 4, 4, 4, 3, 4, 4, 4, 3, 4, 4, 5, 5] != Общий: [1, 1, 2, 3, 3, 3, 3, 3, 3, 4, 4, 5, 5, 5, 5, 5, 5]"
ONE,319,"Спец: [1, 1, 2, 2, 3, 4, 4, 4, 3, 4, 4, 5, 5] != Общий: [1, 1, 2, 2, 3, 3, 3, 3, 3, 4, 4, 5, 5]"
ONE,320,"Спец: [1, 1, 2, 2, 3, 4, 4, 5, 5, 5, 3, 4, 4, 5, 5, 5, 5] != Общий: [1, 1, 2, 2, 3, 4, 4, 5, 5, 5, 5, 5, 5, 5, 5, 5, 5]"
ONE,321,"Спец: [1, 1, 2, 2, 3, 4, 4, 4, 3, 4, 4, 4, 3, 4, 4, 5, 5] != Общий: [1, 1, 2, 2, 3, 3, 3, 3, 3, 4, 4, 5, 5, 5, 5, 5, 5]"
ONE,322,"Спец: [1, 1, 2, 2, 3, 4, 4, 4, 3, 4, 4, 5, 5] != Общий: [1, 1, 2, 2, 3, 3, 3, 3, 3, 4, 4, 5, 5]"
ONE,323,"Спец: [1, 1, 2, 2, 3, 4, 4, 3, 4, 4, 3, 4, 4, 4, 3, 4, 4, 5, 5] != Общий: [1, 1, 2, 2, 3, 3, 3, 3, 3, 3, 3, 3, 3, 3, 3, 4, 4, 5, 5]"
ONE,324,"Спец: [1, 1, 2, 2, 3, 4, 4, 4, 3, 4, 4, 5, 5] != Общий: [1, 1, 2, 2, 3, 3, 3, 3, 3, 4, 4, 5, 5]"
ONE,325,"Спец: [1, 1, 2, 2, 3, 4, 4, 4, 3, 4, 4, 5, 5] != Общий: [1, 1, 2, 2, 3, 3, 3, 3, 3, 4, 4, 5, 5]"
ONE,328,"Спец: [1, 1, 2, 2, 3, 4, 4, 4, 3, 4, 4, 4, 3, 4, 4, 5, 5] != Общий: [1, 1, 2, 2, 2, 2, 2, 2, 3, 3, 3, 3, 3, 4, 4, 5, 5]"
ONE,330,"Спец: [1, 1, 2, 2, 3, 4, 4, 4, 3, 4, 4, 5, 5, 5, 5] != Общий: [1, 1, 2, 2, 3, 3, 3, 3, 3, 4, 4, 5, 5, 5, 5]"
ONE,333,"Спец: [1, 1, 2, 2, 3, 4, 4, 4, 3, 4, 4, 5, 5] != Общий: [1, 1, 2, 2, 3, 3, 3, 3, 3, 4, 4, 5, 5]"
ONE,334,"Спец: [1, 1, 2, 2, 3, 4, 4, 4, 3, 4, 4, 5, 5] != Общий: [1, 1, 2, 2, 3, 3, 3, 3, 3, 4, 4, 5, 5]"
ONE,335,"Спец: [1, 1, 2, 2, 3, 4, 4, 4, 3, 4, 4, 5, 5] != Общий: [1, 1, 2, 2, 3, 3, 3, 3, 3, 4, 4, 5, 5]"
ONE,336,"Спец: [1, 1, 2, 2, 3, 4, 4, 4, 3, 4, 4, 4, 3, 4, 4, 5, 5] != Общий: [1, 1, 2, 2, 2, 2, 2, 2, 3, 3, 3, 3, 3, 4, 4, 5, 5]"
ONE,337,"Спец: [1, 1, 2, 2, 3, 4, 4, 4, 3, 4, 4, 5, 5] != Общий: [1, 1, 2, 2, 3, 3, 3, 3, 3, 4, 4, 5, 5]"
ONE,338,"Спец: [1, 1, 2, 2, 3, 4, 4, 4, 3, 4, 4, 5, 5] != Общий: [1, 1, 2, 2, 3, 3, 3, 3, 3, 4, 4, 5, 5]"
ONE,339,"Спец: [1, 1, 2, 2, 3, 4, 4, 4, 3, 4, 4, 5, 5] != Общий: [1, 1, 2, 2, 3, 4, 4, 5, 5, 5, 5, 5, 5]"
ONE,343,"Спец: [1, 1, 2, 2, 3, 4, 4, 4, 3, 4, 4, 5, 5] != Общий: [1, 1, 2, 2, 3, 4, 4, 3, 3, 3, 3, 3, 3]"
ONE,344,"Спец: [1, 1, 2, 2, 3, 4, 4, 4, 3, 4, 4, 5, 5] != Общий: [1, 1, 2, 2, 3, 3, 3, 3, 3, 4, 4, 5, 5]"
ONE,346,"Спец: [1, 1, 2, 2, 3, 4, 4, 4, 3, 4, 4, 3, 4, 4, 3, 4, 4, 5, 5] != Общий: [1, 1, 2, 2, 3, 3, 3, 3, 3, 3, 3, 3, 3, 3, 3, 4, 4, 5, 5]"
ONE,347,"Спец: [1, 1, 2, 2, 3, 4, 4, 4, 3, 4, 5, 5, 5] != Общий: [1, 1, 2, 2, 3, 3, 3, 3, 3, 4, 5, 5, 4]"
ONE,348,"Спец: [1, 1, 2, 2, 3, 4, 4, 4, 3, 4, 4, 5, 5] != Общий: [1, 1, 2, 2, 3, 4, 4, 5, 5, 5, 5, 5, 5]"
ONE,351,"Спец: [1, 1, 2, 2, 3, 4, 4, 4, 3, 4, 4, 5, 5] != Общий: [1, 1, 2, 2, 3, 3, 3, 3, 3, 4, 4, 5, 5]"
ONE,352,"Спец: [1, 1, 2, 2, 3, 4, 4, 4, 3, 4, 4, 4, 3, 4, 4, 5, 5] != Общий: [1, 1, 2, 3, 3, 3, 3, 3, 3, 3, 3, 3, 3, 4, 4, 5, 5]"
ONE,354,"Спец: [1, 1, 2, 2, 3, 4, 4, 4, 3, 4, 4, 5, 5] != Общий: [1, 1, 2, 2, 3, 4, 4, 5, 5, 5, 5, 5, 5]"
ONE,356,"Спец: [1, 1, 1, 2, 2, 3, 4, 4, 4, 3, 4, 4, 4, 3, 4, 4, 5, 5] != Общий: [1, 1, 1, 2, 2, 3, 3, 3, 3, 3, 4, 4, 5, 5, 5, 5, 5, 5]"
ONE,357,"Спец: [1, 1, 2, 2, 3, 4, 4, 4, 3, 4, 4, 5, 5] != Общий: [1, 1, 2, 2, 3, 4, 4, 5, 5, 5, 5, 5, 5]"
ONE,363,"Спец: [1, 1, 2, 2, 3, 4, 4, 4, 4, 4, 3, 4, 4, 5, 5, 5] != Общий: [1, 1, 2, 2, 2, 2, 2, 2, 2, 2, 3, 4, 4, 5, 5, 5]"
ONE,364,"Спец: [1, 1, 2, 2, 3, 4, 4, 4, 4, 4, 3, 4, 4, 5, 5, 5] != Общий: [1, 1, 2, 2, 2, 2, 2, 2, 2, 2, 3, 4, 4, 5, 5, 5]"
ONE,365,"Спец: [1, 1, 2, 2, 3, 4, 4, 4, 3, 4, 4, 5, 5] != Общий: [1, 1, 2, 2, 3, 3, 3, 3, 3, 4, 4, 5, 5]"
ONE,366,"Спец: [1, 1, 2, 2, 3, 4, 3, 4, 4, 4, 3, 4, 4, 5, 5, 5] != Общий: [1, 1, 2, 2, 3, 3, 3, 3, 3, 3, 3, 4, 4, 5, 5, 5]"
ONE,375,"Спец: [1, 1, 2, 2, 3, 4, 4, 4, 4, 4, 3, 4, 4, 5, 5, 5] != Общий: [1, 1, 2, 2, 2, 2, 2, 2, 2, 2, 3, 4, 4, 5, 5, 5]"
ONE,378,"Спец: [1, 1, 2, 2, 3, 4, 4, 4, 4, 4, 3, 4, 4, 5, 5, 5] != Общий: [1, 1, 2, 2, 2, 2, 2, 2, 2, 2, 3, 4, 4, 5, 5, 5]"
ONE,379,"Спец: [1, 1, 2, 2, 3, 4, 4, 4, 4, 4, 3, 4, 4, 5, 5, 5] != Общий: [1, 1, 2, 2, 2, 2, 2, 2, 2, 2, 3, 4, 4, 5, 5, 5]"
ONE,382,"Спец: [1, 1, 2, 2, 3, 4, 4, 3, 4, 4, 3, 4, 4, 5, 5, 5] != Общий: [1, 1, 2, 2, 3, 3, 3, 3, 3, 3, 3, 4, 4, 5, 5, 5]"
ONE,383,"Спец: [1, 1, 2, 2, 3, 4, 4, 4, 3, 4, 4, 5, 5] != Общий: [1, 1, 2, 2, 3, 3, 3, 3, 3, 4, 4, 5, 5]"
ONE,386,"Спец: [1, 1, 2, 2, 3, 4, 4, 4, 3, 4, 4, 5, 5] != Общий: [1, 1, 2, 2, 3, 4, 4, 5, 5, 5, 5, 5, 5]"
ONE,387,"Спец: [1, 1, 2, 2, 3, 4, 4, 4, 3, 4, 4, 5, 5] != Общий: [1, 1, 2, 2, 3, 3, 3, 3, 3, 4, 4, 5, 5]"
ONE,391,"Спец: [1, 1, 2, 2, 3, 4, 4, 4, 4, 4, 3, 4, 4, 5, 5, 5] != Общий: [1, 1, 2, 2, 2, 2, 2, 2, 2, 2, 3, 4, 4, 5, 5, 5]"
ONE,394,"Спец: [1, 1, 2, 2, 3, 4, 3, 4, 4, 4, 3, 4, 4, 5, 5, 5] != Общий: [1, 1, 2, 2, 3, 3, 3, 3, 3, 3, 3, 4, 4, 5, 5, 5]"
ONE,398,"Спец: [1, 1, 2, 2, 3, 4, 4, 4, 4, 4, 3, 4, 4, 5, 5, 5] != Общий: [1, 1, 2, 2, 2, 2, 2, 2, 2, 2, 3, 4, 4, 5, 5, 5]"
ONE,401,"Спец: [1, 1, 2, 2, 3, 4, 4, 4, 3, 4, 4, 5, 5] != Общий: [1, 1, 2, 2, 3, 3, 3, 3, 3, 4, 4, 5, 5]"
ONE,402,"Спец: [1, 1, 2, 2, 3, 4, 4, 4, 3, 4, 4, 5, 5] != Общий: [1, 1, 2, 2, 3, 3, 3, 3, 3, 4, 4, 5, 5]"
ONE,404,"Спец: [1, 1, 2, 2, 3, 4, 4, 4, 3, 4, 4, 5, 5] != Общий: [1, 1, 2, 2, 3, 3, 3, 3, 3, 4, 4, 5, 5]"
ONE,410,"Спец: [1, 1, 2, 2, 3, 4, 4, 4, 3, 4, 4, 5, 5] != Общий: [1, 1, 2, 2, 3, 3, 3, 3, 3, 4, 4, 5, 5]"
ONE,412,"Спец: [1, 1, 2, 2, 3, 4, 4, 4, 3, 4, 4, 5, 5] != Общий: [1, 1, 2, 2, 3, 3, 3, 3, 3, 4, 4, 5, 5]"
ONE,413,"Спец: [1, 1, 2, 2, 3, 4, 4, 4, 3, 4, 4, 5, 5] != Общий: [1, 1, 2, 2, 3, 3, 3, 3, 3, 4, 4, 5, 5]"
ONE,414,"Спец: [1, 1, 2, 2, 3, 4, 4, 3, 4, 4, 3, 4, 4, 4, 3, 4, 4, 5, 5] != Общий: [1, 1, 2, 2, 3, 3, 3, 3, 3, 3, 3, 3, 3, 3, 3, 4, 4, 5, 5]"
ONE,415,"Спец: [1, 1, 2, 2, 3, 4, 4, 4, 3, 4, 4, 5, 5] != Общий: [1, 1, 2, 2, 3, 3, 3, 3, 3, 4, 4, 5, 5]"
ONE,416,"Спец: [1, 1, 2, 2, 3, 4, 4, 4, 3, 4, 4, 5, 5] != Общий: [1, 1, 2, 2, 3, 3, 3, 3, 3, 4, 4, 5, 5]"
ONE,417,"Спец: [1, 1, 2, 2, 3, 4, 4, 4, 3, 4, 4, 5, 5] != Общий: [1, 1, 2, 3, 3, 3, 3, 3, 3, 4, 4, 5, 5]"
ONE,430,"Спец: [1, 1, 2, 2, 3, 4, 4, 4, 3, 4, 4, 4, 3, 4, 4, 5, 5] != Общий: [1, 1, 2, 3, 3, 3, 3, 3, 3, 3, 3, 3, 3, 4, 4, 5, 5]"
ONE,436,"Спец: [1, 1, 2, 2, 3, 4, 4, 4, 3, 4, 4, 5, 5] != Общий: [1, 1, 2, 2, 3, 3, 3, 3, 3, 4, 4, 5, 5]"
ONE,437,"Спец: [1, 1, 2, 2, 3, 4, 4, 4, 3, 4, 4, 5, 5] != Общий: [1, 1, 2, 2, 3, 3, 3, 3, 3, 4, 4, 5, 5]"
ONE,438,"Спец: [1, 1, 2, 2, 3, 4, 4, 4, 3, 4, 4, 5, 5] != Общий: [1, 1, 2, 2, 3, 3, 3, 3, 3, 4, 4, 5, 5]"
ONE,442,"Спец: [1, 1, 2, 2, 3, 4, 4, 4, 3, 4, 4, 5, 5] != Общий: [1, 1, 2, 2, 3, 3, 3, 3, 3, 4, 4, 5, 5]"
ONE,443,"Спец: [1, 1, 2, 2, 3, 4, 4, 4, 3, 4, 4, 5, 5] != Общий: [1, 1, 2, 2, 3, 3, 3, 3, 3, 4, 4, 5, 5]"
ONE,444,"Спец: [1, 1, 2, 2, 3, 4, 4, 4, 3, 4, 4, 5, 5] != Общий: [1, 1, 2, 2, 3, 3, 3, 3, 3, 4, 4, 5, 5]"
ONE,445,"Спец: [1, 1, 2, 3, 3, 4, 4, 4, 3, 4, 4, 5, 5] != Общий: [1, 1, 2, 3, 3, 3, 3, 3, 3, 4, 4, 5, 5]"
ONE,448,"Спец: [1, 1, 2, 2, 3, 4, 4, 4, 3, 4, 4, 4, 3, 4, 4, 5, 5] != Общий: [1, 1, 2, 2, 3, 3, 3, 3, 3, 3, 3, 3, 3, 4, 4, 5, 5]"
ONE,450,"Спец: [1, 1, 2, 2, 3, 3, 3, 4, 4, 4, 4, 5, 5] != Общий: [1, 1, 2, 2, 3, 3, 3, 3, 3, 4, 4, 5, 5]"
ONE,455,"Спец: [1, 1, 2, 2, 3, 4, 4, 4, 3, 4, 4, 5, 5] != Общий: [1, 1, 2, 2, 3, 3, 3, 3, 3, 4, 4, 5, 5]"
ONE,456,"Спец: [1, 1, 2, 2, 3, 4, 4, 3, 4, 4, 3, 4, 4, 5, 5] != Общий: [1, 1, 2, 2, 3, 3, 3, 3, 3, 3, 3, 4, 4, 5, 5]"
ONE,459,"Спец: [1, 1, 2, 2, 3, 4, 4, 4, 3, 4, 4, 5, 5] != Общий: [1, 1, 2, 2, 3, 3, 3, 3, 3, 4, 4, 5, 5]"
ONE,461,"Спец: [1, 1, 2, 2, 3, 4, 4, 4, 3, 4, 4, 4, 3, 4, 4, 5, 5] != Общий: [1, 1, 2, 2, 3, 3, 3, 3, 3, 3, 3, 3, 3, 4, 4, 5, 5]"
ONE,463,"Спец: [1, 1, 2, 2, 3, 4, 4, 3, 4, 4, 3, 4, 4, 4, 3, 4, 4, 5, 5] != Общий: [1, 1, 2, 2, 3, 3, 3, 3, 3, 3, 3, 4, 4, 5, 5, 5, 5, 5, 5]"
ONE,464,"Спец: [1, 1, 2, 2, 3, 4, 4, 4, 3, 4, 4, 4, 3, 4, 4, 5, 5] != Общий: [1, 1, 2, 3, 3, 3, 3, 3, 3, 3, 3, 3, 3, 4, 4, 5, 5]"
ONE,467,"Спец: [1, 1, 2, 2, 3, 4, 4, 4, 3, 4, 4, 5, 5] != Общий: [1, 1, 2, 2, 3, 3, 3, 3, 3, 4, 4, 5, 5]"
ONE,468,"Спец: [1, 1, 2, 2, 3, 4, 4, 4, 3, 4, 4, 5, 5] != Общий: [1, 1, 2, 2, 3, 3, 3, 3, 3, 4, 4, 5, 5]"
ONE,469,"Спец: [1, 1, 2, 2, 3, 4, 4, 4, 3, 4, 4, 5, 5] != Общий: [1, 1, 2, 2, 2, 2, 2, 2, 3, 4, 4, 5, 5]"
ONE,470,"Спец: [1, 1, 2, 2, 3, 4, 4, 3, 4, 4, 3, 4, 4, 5, 5] != Общий: [1, 1, 2, 2, 3, 3, 3, 3, 3, 3, 3, 4, 4, 5, 5]"
ONE,471,"Спец: [1, 1, 2, 2, 3, 4, 4, 4, 3, 4, 4, 5, 5] != Общий: [1, 1, 2, 2, 3, 3, 3, 3, 3, 4, 4, 5, 5]"
ONE,475,"Спец: [1, 1, 2, 2, 3, 4, 4, 4, 3, 4, 4, 5, 5] != Общий: [1, 1, 2, 2, 3, 4, 4, 5, 5, 5, 5, 5, 5]"
ONE,478,"Спец: [1, 1, 2, 2, 3, 4, 4, 4, 3, 4, 4, 5, 5] != Общий: [1, 1, 2, 2, 3, 3, 3, 3, 3, 4, 4, 5, 5]"
ONE,480,"Спец: [1, 1, 2, 2, 3, 4, 4, 4, 3, 4, 4, 5, 5] != Общий: [1, 1, 2, 2, 3, 3, 3, 3, 3, 4, 4, 5, 5]"
ONE,481,"Спец: [1, 1, 2, 2, 3, 4, 4, 4, 3, 4, 4, 4, 3, 4, 3, 4, 4, 5, 5] != Общий: [1, 1, 2, 3, 3, 3, 3, 3, 3, 4, 4, 5, 5, 5, 5, 5, 5, 5, 5]"
ONE,482,"Спец: [1, 1, 2, 2, 3, 4, 4, 4, 3, 4, 4, 4, 3, 4, 4, 5, 5] != Общий: [1, 1, 2, 2, 3, 3, 3, 3, 3, 4, 4, 3, 3, 3, 3, 3, 3]"
ONE,483,"Спец: [1, 1, 2, 2, 3, 4, 4, 4, 3, 4, 4, 5, 5] != Общий: [1, 1, 2, 2, 3, 3, 3, 3, 3, 4, 4, 5, 5]"
ONE,486,"Спец: [1, 1, 2, 2, 3, 4, 4, 4, 3, 4, 3, 4, 4, 5, 5] != Общий: [1, 1, 2, 2, 3, 4, 4, 5, 5, 5, 5, 5, 5, 5, 5]"
ONE,487,"Спец: [1, 1, 2, 2, 3, 4, 4, 4, 3, 4, 3, 4, 4, 5, 5] != Общий: [1, 1, 2, 2, 3, 4, 4, 5, 5, 5, 5, 5, 5, 5, 5]"
ONE,488,"Спец: [1, 1, 2, 2, 3, 4, 4, 4, 3, 4, 4, 5, 5] != Общий: [1, 1, 2, 2, 3, 3, 3, 3, 3, 4, 4, 5, 5]"
ONE,490,"Спец: [1, 1, 2, 2, 3, 4, 4, 4, 3, 4, 4, 5, 5] != Общий: [1, 1, 2, 2, 3, 3, 3, 3, 3, 4, 4, 5, 5]"
ONE,492,"Спец: [1, 1, 2, 2, 3, 4, 4, 4, 3, 4, 4, 4, 3, 4, 4, 5, 5] != Общий: [1, 1, 2, 2, 2, 2, 2, 2, 3, 3, 3, 3, 3, 4, 4, 5, 5]"
ONE,494,"Спец: [1, 1, 2, 2, 3, 4, 4, 4, 3, 4, 4, 5, 5] != Общий: [1, 1, 2, 2, 3, 4, 4, 5, 5, 5, 5, 5, 5]"
ONE,496,"Спец: [1, 1, 2, 2, 3, 4, 4, 3, 4, 4, 3, 4, 4, 5, 5] != Общий: [1, 1, 2, 2, 3, 3, 3, 3, 3, 3, 3, 4, 4, 5, 5]"
ONE,497,"Спец: [1, 1, 2, 2, 3, 4, 4, 4, 3, 4, 4, 5, 5] != Общий: [1, 1, 2, 2, 2, 2, 2, 2, 3, 4, 4, 5, 5]"
ONE,499,"Спец: [1, 1, 2, 2, 3, 4, 4, 4, 3, 4, 4, 5, 5] != Общий: [1, 1, 2, 2, 3, 3, 3, 3, 3, 4, 4, 5, 5]"
ONE,500,"Спец: [1, 1, 2, 2, 3, 4, 4, 4, 3, 4, 4, 5, 5] != Общий: [1, 1, 2, 2, 3, 4, 4, 5, 5, 5, 5, 5, 5]"
ONE,502,"Спец: [1, 1, 2, 2, 3, 4, 4, 4, 3, 4, 4, 4, 3, 4, 4, 5, 5] != Общий: [1, 1, 2, 2, 2, 2, 2, 2, 3, 3, 3, 3, 3, 4, 4, 5, 5]"
ONE,503,"Спец: [1, 1, 2, 2, 3, 4, 4, 4, 3, 4, 4, 5, 5] != Общий: [1, 1, 2, 2, 3, 3, 3, 3, 3, 4, 4, 5, 5]"
ONE,504,"Спец: [1, 1, 2, 2, 3, 4, 4, 4, 3, 4, 4, 5, 5] != Общий: [1, 1, 2, 2, 3, 3, 3, 3, 3, 4, 4, 5, 5]"
ONE,505,"Спец: [1, 1, 2, 2, 3, 4, 4, 4, 3, 4, 4, 5, 5, 5, 5] != Общий: [1, 1, 2, 2, 3, 3, 3, 3, 3, 4, 4, 5, 5, 5, 5]"
ONE,507,"Спец: [1, 1, 2, 2, 3, 4, 4, 4, 3, 4, 4, 5, 5] != Общий: [1, 1, 2, 2, 3, 3, 3, 3, 3, 4, 4, 5, 5]"
ONE,508,"Спец: [1, 1, 2, 2, 3, 4, 4, 4, 3, 4, 4, 5, 5] != Общий: [1, 1, 2, 2, 3, 3, 3, 3, 3, 4, 4, 5, 5]"
ONE,509,"Спец: [1, 1, 2, 2, 3, 4, 4, 4, 3, 4, 4, 5, 5] != Общий: [1, 1, 2, 2, 3, 3, 3, 3, 3, 4, 4, 5, 5]"
ONE,510,"Спец: [1, 1, 2, 2, 3, 4, 4, 4, 3, 4, 4, 5, 5] != Общий: [1, 1, 2, 2, 3, 3, 3, 3, 3, 4, 4, 5, 5]"
ONE,512,"Спец: [1, 1, 2, 2, 3, 4, 4, 4, 3, 4, 4, 5, 5] != Общий: [1, 1, 2, 2, 3, 3, 3, 3, 3, 4, 4, 5, 5]"
ONE,513,"Спец: [1, 1, 2, 2, 3, 4, 4, 4, 3, 4, 4, 5, 5] != Общий: [1, 1, 2, 2, 3, 3, 3, 3, 3, 4, 4, 5, 5]"
ONE,514,"Спец: [1, 1, 2, 2, 3, 4, 4, 4, 3, 4, 4, 4, 3, 4, 4, 5, 5] != Общий: [1, 1, 2, 2, 2, 2, 2, 2, 3, 3, 3, 3, 3, 4, 4, 5, 5]"
ONE,517,"Спец: [1, 1, 2, 2, 3, 4, 4, 4, 3, 4, 4, 4, 3, 4, 4, 5, 5] != Общий: [1, 1, 2, 3, 3, 3, 3, 3, 3, 3, 3, 3, 3, 4, 4, 5, 5]"
ONE,518,"Спец: [1, 1, 2, 2, 3, 4, 4, 4, 3, 4, 4, 4, 3, 4, 4, 5, 5] != Общий: [1, 1, 2, 3, 3, 3, 3, 3, 3, 3, 3, 3, 3, 4, 4, 5, 5]"
ONE,519,"Спец: [1, 1, 2, 2, 3, 4, 4, 4, 3, 4, 4, 4, 3, 4, 4, 5, 5] != Общий: [1, 1, 2, 2, 3, 3, 3, 3, 3, 3, 3, 3, 3, 4, 4, 5, 5]"
ONE,522,"Спец: [1, 1, 2, 2, 3, 4, 4, 4, 3, 4, 4, 5, 5] != Общий: [1, 1, 2, 2, 3, 3, 3, 3, 3, 4, 4, 5, 5]"
ONE,523,"Спец: [1, 1, 2, 2, 3, 4, 4, 4, 3, 4, 4, 4, 3, 4, 4, 5, 5] != Общий: [1, 1, 2, 3, 3, 3, 3, 3, 3, 4, 4, 5, 5, 5, 5, 5, 5]"
ONE,524,"Спец: [1, 1, 2, 2, 3, 3, 4, 4, 4, 4, 3, 4, 4, 4, 3, 4, 4, 5, 5] != Общий: [1, 1, 2, 2, 3, 3, 3, 3, 3, 3, 3, 3, 3, 3, 3, 4, 4, 5, 5]"
ONE,525,"Спец: [1, 1, 2, 2, 3, 4, 4, 4, 3, 4, 4, 5, 5] != Общий: [1, 1, 2, 2, 3, 3, 3, 3, 3, 4, 4, 5, 5]"
ONE,526,"Спец: [1, 1, 2, 2, 3, 4, 4, 4, 3, 4, 4, 5, 5] != Общий: [1, 1, 2, 2, 3, 4, 4, 5, 5, 5, 5, 5, 5]"
ONE,528,"Спец: [1, 1, 2, 2, 3, 4, 4, 4, 3, 4, 4, 4, 3, 4, 4, 5, 5] != Общий: [1, 1, 2, 3, 3, 3, 3, 3, 3, 4, 4, 5, 5, 5, 5, 5, 5]"
ONE,529,"Спец: [1, 1, 2, 2, 3, 4, 4, 4, 3, 4, 4, 5, 5] != Общий: [1, 1, 2, 2, 3, 4, 4, 5, 5, 5, 5, 5, 5]"
ONE,530,"Спец: [1, 1, 2, 2, 3, 4, 4, 4, 3, 4, 4, 5, 5] != Общий: [1, 1, 2, 2, 3, 4, 4, 5, 5, 5, 5, 5, 5]"
ONE,532,"Спец: [1, 1, 2, 2, 3, 4, 4, 4, 3, 4, 4, 5, 5] != Общий: [1, 1, 2, 2, 3, 4, 4, 5, 5, 5, 5, 5, 5]"
ONE,533,"Спец: [1, 1, 2, 2, 3, 4, 4, 4, 3, 4, 4, 5, 5] != Общий: [1, 1, 2, 2, 3, 4, 4, 5, 5, 5, 5, 5, 5]"
ONE,535,"Спец: [1, 1, 2, 2, 3, 4, 4, 4, 3, 4, 4, 5, 5] != Общий: [1, 1, 2, 2, 3, 4, 4, 5, 5, 5, 5, 5, 5]"
ONE,536,"Спец: [1, 1, 2, 2, 3, 4, 4, 4, 3, 4, 4, 5, 5] != Общий: [1, 1, 2, 2, 3, 3, 3, 3, 3, 4, 4, 5, 5]"
ONE,537,"Спец: [1, 1, 2, 2, 3, 4, 4, 4, 3, 4, 4, 5, 5] != Общий: [1, 1, 2, 2, 3, 3, 3, 3, 3, 4, 4, 5, 5]"
ONE,538,"Спец: [1, 1, 2, 2, 3, 4, 4, 4, 3, 4, 4, 5, 5] != Общий: [1, 1, 2, 2, 3, 3, 3, 3, 3, 4, 4, 5, 5]"
ONE,540,"Спец: [1, 1, 2, 2, 3, 4, 4, 4, 3, 4, 4, 5, 5] != Общий: [1, 1, 2, 2, 3, 3, 3, 3, 3, 4, 4, 5, 5]"
ONE,541,"Спец: [1, 1, 2, 2, 3, 4, 4, 4, 3, 4, 4, 5, 5] != Общий: [1, 1, 2, 2, 3, 3, 3, 3, 3, 4, 4, 5, 5]"
ONE,542,"Спец: [1, 1, 2, 2, 3, 4, 4, 3, 4, 4, 3, 4, 4, 4, 3, 4, 4, 5, 5] != Общий: [1, 1, 2, 2, 3, 3, 3, 3, 3, 3, 3, 3, 3, 3, 3, 4, 4, 5, 5]"
ONE,543,"Спец: [1, 1, 2, 2, 3, 4, 4, 4, 3, 4, 4, 5, 5] != Общий: [1, 1, 2, 2, 3, 4, 4, 5, 5, 5, 5, 5, 5]"
ONE,545,"Спец: [1, 1, 2, 2, 3, 4, 4, 4, 3, 4, 4, 5, 5] != Общий: [1, 1, 2, 2, 3, 3, 3, 3, 3, 4, 4, 5, 5]"
ONE,547,"Спец: [1, 1, 2, 2, 3, 4, 4, 4, 3, 4, 4, 5, 5] != Общий: [1, 1, 2, 2, 3, 4, 4, 5, 5, 5, 5, 5, 5]"
ONE,548,"Спец: [1, 1, 2, 2, 3, 4, 4, 4, 3, 4, 4, 5, 5] != Общий: [1, 1, 2, 2, 3, 3, 3, 3, 3, 4, 4, 5, 5]"
ONE,549,"Спец: [1, 1, 2, 2, 3, 4, 4, 4, 3, 4, 4, 5, 5] != Общий: [1, 1, 2, 2, 3, 4, 4, 5, 5, 5, 5, 5, 5]"
ONE,550,"Спец: [1, 1, 2, 2, 3, 4, 4, 4, 3, 4, 4, 5, 5] != Общий: [1, 1, 2, 2, 3, 4, 4, 5, 5, 5, 5, 5, 5]"
ONE,551,"Спец: [1, 1, 2, 2, 3, 4, 4, 4, 3, 4, 4, 5, 5] != Общий: [1, 1, 2, 2, 3, 4, 4, 5, 5, 5, 5, 5, 5]"
ONE,552,"Спец: [1, 1, 2, 2, 3, 4, 4, 4, 3, 4, 4, 5, 5] != Общий: [1, 1, 2, 2, 3, 4, 4, 5, 5, 5, 5, 5, 5]"
ONE,553,"Спец: [1, 1, 2, 2, 3, 4, 4, 4, 3, 4, 4, 5, 5] != Общий: [1, 1, 2, 2, 3, 4, 4, 5, 5, 5, 5, 5, 5]"
ONE,554,"Спец: [1, 1, 2, 2, 3, 4, 4, 4, 3, 4, 4, 5, 5] != Общий: [1, 1, 2, 2, 3, 4, 4, 5, 5, 5, 5, 5, 5]"
ONE,555,"Спец: [1, 1, 2, 2, 3, 4, 4, 4, 3, 4, 4, 5, 5] != Общий: [1, 1, 2, 2, 3, 4, 4, 5, 5, 5, 5, 5, 5]"
ONE,556,"Спец: [1, 1, 2, 2, 3, 4, 4, 4, 3, 4, 4, 5, 5] != Общий: [1, 1, 2, 2, 3, 4, 4, 5, 5, 5, 5, 5, 5]"
ONE,557,"Спец: [1, 1, 2, 2, 3, 4, 4, 4, 3, 4, 4, 5, 5] != Общий: [1, 1, 2, 2, 3, 4, 4, 5, 5, 5, 5, 5, 5]"
ONE,558,"Спец: [1, 1, 2, 2, 3, 4, 4, 4, 3, 4, 4, 5, 5] != Общий: [1, 1, 2, 2, 3, 4, 4, 5, 5, 5, 5, 5, 5]"
ONE,559,"Спец: [1, 1, 2, 2, 3, 4, 4, 4, 3, 4, 4, 5, 5] != Общий: [1, 1, 2, 2, 3, 4, 4, 5, 5, 5, 5, 5, 5]"
ONE,560,"Спец: [1, 1, 2, 2, 3, 4, 4, 4, 3, 4, 4, 5, 5] != Общий: [1, 1, 2, 2, 3, 4, 4, 5, 5, 5, 5, 5, 5]"
ONE,561,"Спец: [1, 1, 2, 2, 3, 4, 4, 4, 3, 4, 4, 5, 5] != Общий: [1, 1, 2, 2, 3, 4, 4, 5, 5, 5, 5, 5, 5]"
ONE,562,"Спец: [1, 1, 2, 2, 3, 4, 4, 4, 3, 4, 4, 5, 5] != Общий: [1, 1, 2, 2, 3, 3, 3, 3, 3, 4, 4, 5, 5]"
ONE,563,"Спец: [1, 1, 2, 2, 3, 4, 4, 4, 3, 4, 4, 5, 5] != Общий: [1, 1, 2, 2, 3, 4, 4, 5, 5, 5, 5, 5, 5]"
ONE,564,"Спец: [1, 1, 2, 2, 3, 4, 4, 4, 3, 4, 4, 5, 5] != Общий: [1, 1, 2, 2, 3, 4, 4, 5, 5, 5, 5, 5, 5]"
ONE,565,"Спец: [1, 1, 2, 2, 3, 4, 4, 4, 3, 4, 4, 5, 5] != Общий: [1, 1, 2, 2, 3, 4, 4, 5, 5, 5, 5, 5, 5]"
ONE,566,"Спец: [1, 1, 2, 2, 3, 4, 4, 3, 4, 4, 3, 4, 4, 4, 3, 4, 4, 4, 3, 4, 4, 5, 5] != Общий: [1, 1, 2, 2, 3, 3, 3, 3, 3, 3, 3, 3, 3, 3, 3, 4, 4, 3, 3, 3, 3, 3, 3]"
ONE,567,"Спец: [1, 1, 2, 2, 3, 4, 4, 4, 3, 4, 4, 4, 3, 4, 4, 5, 5] != Общий: [1, 1, 2, 2, 3, 3, 3, 3, 3, 3, 3, 3, 3, 4, 4, 5, 5]"
ONE,568,"Спец: [1, 1, 2, 2, 3, 4, 4, 4, 3, 4, 4, 5, 5] != Общий: [1, 1, 2, 2, 3, 4, 4, 5, 5, 5, 5, 5, 5]"
ONE,569,"Спец: [1, 1, 2, 2, 3, 4, 4, 4, 3, 4, 4, 5, 5] != Общий: [1, 1, 2, 2, 3, 4, 4, 5, 5, 5, 5, 5, 5]"
ONE,570,"Спец: [1, 1, 2, 2, 3, 4, 4, 4, 3, 4, 4, 5, 5] != Общий: [1, 1, 2, 2, 3, 4, 4, 5, 5, 5, 5, 5, 5]"
ONE,571,"Спец: [1, 1, 2, 2, 3, 4, 4, 4, 3, 4, 4, 4, 3, 4, 4, 5, 5] != Общий: [1, 1, 2, 2, 3, 3, 3, 3, 3, 4, 4, 3, 3, 3, 3, 3, 3]"
ONE,572,"Спец: [1, 1, 2, 2, 3, 4, 4, 4, 3, 4, 4, 5, 5] != Общий: [1, 1, 2, 2, 3, 4, 4, 5, 5, 5, 5, 5, 5]"
ONE,573,"Спец: [1, 1, 2, 2, 3, 4, 4, 4, 3, 4, 4, 4, 3, 4, 4, 5, 5] != Общий: [1, 1, 2, 2, 3, 3, 3, 3, 3, 3, 3, 3, 3, 4, 4, 5, 5]"
ONE,574,"Спец: [1, 1, 2, 2, 3, 4, 4, 4, 3, 4, 4, 5, 5] != Общий: [1, 1, 2, 2, 3, 4, 4, 5, 5, 5, 5, 5, 5]"
ONE,575,"Спец: [1, 1, 2, 2, 3, 4, 4, 4, 3, 4, 4, 5, 5] != Общий: [1, 1, 2, 2, 3, 4, 4, 5, 5, 5, 5, 5, 5]"
ONE,577,"Спец: [1, 1, 2, 2, 3, 4, 4, 4, 3, 4, 4, 5, 5] != Общий: [1, 1, 2, 2, 3, 4, 4, 5, 5, 5, 5, 5, 5]"
ONE,578,"Спец: [1, 1, 2, 2, 3, 4, 4, 4, 3, 4, 4, 5, 5] != Общий: [1, 1, 2, 2, 3, 4, 4, 5, 5, 5, 5, 5, 5]"
ONE,579,"Спец: [1, 1, 2, 2, 3, 4, 4, 4, 3, 4, 4, 5, 5] != Общий: [1, 1, 2, 2, 3, 4, 4, 5, 5, 5, 5, 5, 5]"
ONE,580,"Спец: [1, 1, 2, 2, 3, 4, 4, 4, 3, 4, 4, 4, 3, 4, 4, 5, 5] != Общий: [1, 1, 2, 2, 3, 3, 3, 3, 3, 3, 3, 3, 3, 4, 4, 5, 5]"
ONE,581,"Спец: [1, 1, 2, 2, 3, 4, 4, 4, 3, 4, 4, 5, 5] != Общий: [1, 1, 2, 2, 3, 4, 4, 5, 5, 5, 5, 5, 5]"
ONE,582,"Спец: [1, 1, 2, 2, 3, 4, 4, 4, 3, 4, 4, 5, 5] != Общий: [1, 1, 2, 2, 3, 4, 4, 5, 5, 5, 5, 5, 5]"
ONE,583,"Спец: [1, 1, 2, 2, 3, 4, 4, 4, 3, 4, 4, 5, 5] != Общий: [1, 1, 2, 2, 3, 4, 4, 5, 5, 5, 5, 5, 5]"
ONE,585,"Спец: [1, 1, 2, 2, 3, 4, 4, 4, 3, 4, 4, 5, 5] != Общий: [1, 1, 2, 2, 3, 4, 4, 5, 5, 5, 5, 5, 5]"
ONE,586,"Спец: [1, 1, 2, 2, 3, 4, 4, 4, 3, 4, 4, 5, 5] != Общий: [1, 1, 2, 2, 3, 4, 4, 5, 5, 5, 5, 5, 5]"
ONE,587,"Спец: [1, 1, 2, 2, 3, 4, 4, 4, 3, 4, 4, 5, 5] != Общий: [1, 1, 2, 2, 3, 4, 4, 5, 5, 5, 5, 5, 5]"
ONE,588,"Спец: [1, 1, 2, 2, 3, 4, 4, 4, 3, 4, 4, 5, 5] != Общий: [1, 1, 2, 2, 3, 4, 4, 5, 5, 5, 5, 5, 5]"
ONE,589,"Спец: [1, 1, 2, 2, 3, 4, 4, 4, 3, 4, 4, 5, 5] != Общий: [1, 1, 2, 2, 3, 4, 4, 5, 5, 5, 5, 5, 5]"
ONE,590,"Спец: [1, 1, 2, 2, 3, 4, 4, 4, 3, 4, 4, 5, 5] != Общий: [1, 1, 2, 2, 3, 4, 4, 5, 5, 5, 5, 5, 5]"
ONE,591,"Спец: [1, 1, 2, 2, 3, 4, 4, 4, 3, 4, 4, 5, 5] != Общий: [1, 1, 2, 2, 3, 4, 4, 5, 5, 5, 5, 5, 5]"
ONE,592,"Спец: [1, 1, 2, 2, 3, 4, 4, 4, 3, 4, 4, 5, 5] != Общий: [1, 1, 2, 2, 3, 4, 4, 5, 5, 5, 5, 5, 5]"
ONE,593,"Спец: [1, 1, 2, 2, 3, 4, 4, 4, 3, 4, 4, 5, 5] != Общий: [1, 1, 2, 2, 3, 4, 4, 5, 5, 5, 5, 5, 5]"
ONE,594,"Спец: [1, 1, 2, 2, 3, 4, 4, 4, 3, 4, 4, 5, 5] != Общий: [1, 1, 2, 2, 3, 4, 4, 5, 5, 5, 5, 5, 5]"
ONE,595,"Спец: [1, 1, 2, 2, 3, 4, 4, 4, 3, 4, 4, 5, 5] != Общий: [1, 1, 2, 2, 3, 4, 4, 5, 5, 5, 5, 5, 5]"
ONE,596,"Спец: [1, 1, 2, 2, 3, 4, 4, 4, 3, 4, 4, 5, 5] != Общий: [1, 1, 2, 2, 3, 4, 4, 5, 5, 5, 5, 5, 5]"
ONE,597,"Спец: [1, 1, 2, 2, 3, 4, 4, 4, 3, 4, 4, 5, 5] != Общий: [1, 1, 2, 2, 3, 4, 4, 5, 5, 5, 5, 5, 5]"
ONE,598,"Спец: [1, 1, 2, 2, 3, 4, 4, 4, 3, 4, 4, 5, 5] != Общий: [1, 1, 2, 2, 3, 3, 3, 3, 3, 4, 4, 5, 5]"
ONE,599,"Спец: [1, 1, 2, 2, 3, 4, 4, 4, 3, 4, 4, 5, 5] != Общий: [1, 1, 2, 2, 3, 4, 4, 5, 5, 5, 5, 5, 5]"
ONE,601,"Спец: [1, 1, 2, 2, 3, 4, 4, 4, 3, 4, 4, 5, 5] != Общий: [1, 1, 2, 2, 3, 4, 4, 5, 5, 5, 5, 5, 5]"
ONE,602,"Спец: [1, 1, 2, 2, 3, 4, 4, 4, 3, 4, 4, 5, 5] != Общий: [1, 1, 2, 2, 3, 4, 4, 5, 5, 5, 5, 5, 5]"
ONE,603,"Спец: [1, 1, 2, 2, 3, 4, 4, 4, 3, 4, 4, 5, 5] != Общий: [1, 1, 2, 2, 3, 3, 3, 3, 3, 4, 4, 5, 5]"
ONE,604,"Спец: [1, 1, 2, 2, 3, 4, 4, 4, 3, 4, 4, 5, 5] != Общий: [1, 1, 2, 2, 3, 4, 4, 5, 5, 5, 5, 5, 5]"
ONE,605,"Спец: [1, 1, 2, 2, 3, 4, 4, 4, 3, 4, 4, 5, 5] != Общий: [1, 1, 2, 2, 3, 4, 4, 5, 5, 5, 5, 5, 5]"
ONE,606,"Спец: [1, 1, 2, 2, 3, 4, 4, 4, 3, 4, 4, 4, 3, 4, 4, 5, 5] != Общий: [1, 1, 2, 2, 3, 3, 3, 3, 3, 3, 3, 3, 3, 4, 4, 5, 5]"
ONE,607,"Спец: [1, 1, 2, 2, 3, 4, 4, 4, 3, 4, 4, 5, 5] != Общий: [1, 1, 2, 2, 3, 4, 4, 5, 5, 5, 5, 5, 5]"
ONE,608,"Спец: [1, 1, 2, 2, 3, 4, 4, 4, 3, 4, 4, 5, 5] != Общий: [1, 1, 2, 2, 3, 4, 4, 5, 5, 5, 5, 5, 5]"
ONE,609,"Спец: [1, 1, 2, 2, 3, 4, 4, 4, 3, 4, 4, 5, 5] != Общий: [1, 1, 2, 2, 3, 4, 4, 5, 5, 5, 5, 5, 5]"
ONE,610,"Спец: [1, 1, 2, 2, 3, 4, 4, 4, 3, 4, 4, 5, 5] != Общий: [1, 1, 2, 2, 3, 4, 4, 5, 5, 5, 5, 5, 5]"
ONE,611,"Спец: [1, 1, 2, 2, 3, 4, 4, 4, 3, 4, 4, 5, 5] != Общий: [1, 1, 2, 2, 3, 4, 4, 5, 5, 5, 5, 5, 5]"
ONE,612,"Спец: [1, 1, 2, 2, 3, 4, 4, 4, 3, 4, 4, 5, 5] != Общий: [1, 1, 2, 2, 3, 4, 4, 5, 5, 5, 5, 5, 5]"
ONE,613,"Спец: [1, 1, 2, 2, 3, 4, 4, 4, 3, 4, 4, 5, 5] != Общий: [1, 1, 2, 2, 3, 4, 4, 5, 5, 5, 5, 5, 5]"
ONE,614,"Спец: [1, 1, 2, 2, 3, 4, 4, 4, 3, 4, 4, 5, 5] != Общий: [1, 1, 2, 2, 3, 4, 4, 5, 5, 5, 5, 5, 5]"
ONE,615,"Спец: [1, 1, 2, 2, 3, 4, 4, 4, 3, 4, 4, 5, 5] != Общий: [1, 1, 2, 2, 3, 4, 4, 5, 5, 5, 5, 5, 5]"
ONE,616,"Спец: [1, 1, 2, 2, 3, 4, 4, 4, 3, 4, 4, 5, 5] != Общий: [1, 1, 2, 2, 3, 4, 4, 5, 5, 5, 5, 5, 5]"
ONE,617,"Спец: [1, 1, 2, 2, 3, 4, 4, 4, 3, 4, 4, 5, 5] != Общий: [1, 1, 2, 2, 3, 4, 4, 5, 5, 5, 5, 5, 5]"
ONE,618,"Спец: [1, 1, 2, 2, 3, 4, 4, 4, 3, 4, 4, 5, 5] != Общий: [1, 1, 2, 2, 3, 4, 4, 5, 5, 5, 5, 5, 5]"
ONE,619,"Спец: [1, 1, 2, 2, 3, 4, 4, 4, 3, 4, 4, 5, 5] != Общий: [1, 1, 2, 2, 3, 4, 4, 5, 5, 5, 5, 5, 5]"
ONE,620,"Спец: [1, 1, 2, 2, 3, 4, 4, 5, 5, 5, 3, 4, 4, 5, 5] != Общий: [1, 1, 2, 2, 3, 4, 4, 5, 5, 5, 5, 5, 5, 5, 5]"
ONE,621,"Спец: [1, 1, 2, 2, 3, 4, 4, 4, 3, 4, 4, 5, 5] != Общий: [1, 1, 2, 2, 3, 4, 4, 5, 5, 5, 5, 5, 5]"
ONE,622,"Спец: [1, 1, 2, 2, 3, 4, 4, 4, 3, 4, 4, 5, 5] != Общий: [1, 1, 2, 2, 3, 4, 4, 5, 5, 5, 5, 5, 5]"
ONE,623,"Спец: [1, 1, 2, 2, 3, 4, 4, 4, 3, 4, 4, 5, 5] != Общий: [1, 1, 2, 2, 3, 4, 4, 5, 5, 5, 5, 5, 5]"
ONE,624,"Спец: [1, 1, 2, 2, 3, 4, 4, 4, 3, 4, 4, 5, 5] != Общий: [1, 1, 2, 2, 3, 3, 3, 3, 3, 4, 4, 5, 5]"
ONE,625,"Спец: [1, 1, 2, 2, 3, 4, 4, 4, 3, 4, 4, 5, 5] != Общий: [1, 1, 2, 2, 3, 4, 4, 5, 5, 5, 5, 5, 5]"
ONE,626,"Спец: [1, 1, 2, 2, 3, 4, 4, 4, 3, 4, 4, 5, 5] != Общий: [1, 1, 2, 2, 3, 4, 4, 5, 5, 5, 5, 5, 5]"
ONE,627,"Спец: [1, 1, 2, 2, 3, 4, 4, 4, 3, 4, 4, 5, 5] != Общий: [1, 1, 2, 2, 3, 4, 4, 5, 5, 5, 5, 5, 5]"
ONE,628,"Спец: [1, 1, 2, 2, 3, 4, 4, 4, 3, 4, 4, 5, 5] != Общий: [1, 1, 2, 2, 3, 4, 4, 5, 5, 5, 5, 5, 5]"
ONE,629,"Спец: [1, 1, 2, 2, 3, 4, 4, 4, 3, 4, 4, 5, 5] != Общий: [1, 1, 2, 2, 3, 4, 4, 5, 5, 5, 5, 5, 5]"
ONE,630,"Спец: [1, 1, 2, 2, 3, 4, 4, 4, 3, 4, 4, 5, 5] != Общий: [1, 1, 2, 2, 3, 4, 4, 5, 5, 5, 5, 5, 5]"
ONE,631,"Спец: [1, 1, 2, 2, 3, 4, 4, 4, 3, 4, 4, 5, 5] != Общий: [1, 1, 2, 2, 3, 4, 4, 5, 5, 5, 5, 5, 5]"
ONE,632,"Спец: [1, 1, 2, 2, 3, 4, 4, 4, 3, 4, 4, 5, 5] != Общий: [1, 1, 2, 2, 3, 4, 4, 5, 5, 5, 5, 5, 5]"
ONE,633,"Спец: [1, 1, 2, 2, 3, 4, 4, 4, 3, 4, 4, 5, 5] != Общий: [1, 1, 2, 2, 3, 4, 4, 5, 5, 5, 5, 5, 5]"
ONE,634,"Спец: [1, 1, 2, 2, 3, 4, 4, 4, 3, 4, 4, 5, 5] != Общий: [1, 1, 2, 2, 3, 4, 4, 5, 5, 5, 5, 5, 5]"
ONE,635,"Спец: [1, 1, 2, 2, 3, 4, 4, 4, 3, 4, 4, 5, 5] != Общий: [1, 1, 2, 2, 3, 4, 4, 5, 5, 5, 5, 5, 5]"
ONE,636,"Спец: [1, 1, 2, 2, 3, 4, 4, 4, 3, 4, 4, 5, 5] != Общий: [1, 1, 2, 2, 3, 4, 4, 5, 5, 5, 5, 5, 5]"
ONE,637,"Спец: [1, 1, 2, 2, 3, 4, 4, 4, 3, 4, 4, 5, 5] != Общий: [1, 1, 2, 2, 3, 4, 4, 5, 5, 5, 5, 5, 5]"
ONE,638,"Спец: [1, 1, 2, 2, 3, 4, 4, 4, 3, 4, 4, 5, 5] != Общий: [1, 1, 2, 2, 3, 4, 4, 5, 5, 5, 5, 5, 5]"
ONE,639,"Спец: [1, 1, 2, 2, 3, 4, 4, 4, 3, 4, 4, 5, 5] != Общий: [1, 1, 2, 2, 3, 4, 4, 5, 5, 5, 5, 5, 5]"
ONE,640,"Спец: [1, 1, 2, 2, 3, 4, 4, 4, 3, 4, 4, 5, 5] != Общий: [1, 1, 2, 2, 3, 4, 4, 5, 5, 5, 5, 5, 5]"
ONE,641,"Спец: [1, 1, 2, 2, 3, 4, 4, 4, 3, 4, 4, 5, 5] != Общий: [1, 1, 2, 2, 3, 4, 4, 5, 5, 5, 5, 5, 5]"
ONE,642,"Спец: [1, 1, 2, 2, 3, 4, 4, 4, 3, 4, 4, 5, 5] != Общий: [1, 1, 2, 2, 3, 4, 4, 5, 5, 5, 5, 5, 5]"
ONE,643,"Спец: [1, 1, 2, 2, 3, 4, 4, 4, 3, 4, 4, 5, 5] != Общий: [1, 1, 2, 2, 3, 4, 4, 5, 5, 5, 5, 5, 5]"
ONE,644,"Спец: [1, 1, 2, 2, 3, 4, 4, 4, 3, 4, 4, 5, 5] != Общий: [1, 1, 2, 2, 3, 4, 4, 5, 5, 5, 5, 5, 5]"
ONE,645,"Спец: [1, 1, 2, 2, 3, 4, 4, 4, 3, 4, 4, 5, 5] != Общий: [1, 1, 2, 2, 3, 4, 4, 5, 5, 5, 5, 5, 5]"
ONE,646,"Спец: [1, 1, 2, 2, 3, 4, 4, 4, 3, 4, 4, 5, 5] != Общий: [1, 1, 2, 2, 3, 4, 4, 5, 5, 5, 5, 5, 5]"
ONE,647,"Спец: [1, 1, 2, 2, 3, 4, 4, 4, 3, 4, 4, 5, 5] != Общий: [1, 1, 2, 2, 3, 4, 4, 5, 5, 5, 5, 5, 5]"
ONE,648,"Спец: [1, 1, 2, 2, 3, 4, 4, 4, 3, 4, 4, 5, 5] != Общий: [1, 1, 2, 2, 3, 4, 4, 5, 5, 5, 5, 5, 5]"
ONE,649,"Спец: [1, 1, 2, 2, 3, 4, 4, 4, 3, 4, 4, 5, 5] != Общий: [1, 1, 2, 2, 3, 4, 4, 5, 5, 5, 5, 5, 5]"
ONE,650,"Спец: [1, 1, 2, 2, 3, 4, 4, 4, 3, 4, 4, 5, 5] != Общий: [1, 1, 2, 2, 3, 4, 4, 5, 5, 5, 5, 5, 5]"
ONE,651,"Спец: [1, 1, 2, 2, 3, 4, 4, 4, 3, 4, 4, 5, 5] != Общий: [1, 1, 2, 2, 3, 4, 4, 5, 5, 5, 5, 5, 5]"
ONE,652,"Спец: [1, 1, 2, 2, 3, 4, 4, 3, 4, 4, 3, 4, 4, 5, 5] != Общий: [1, 1, 2, 2, 3, 3, 3, 3, 3, 3, 3, 4, 4, 5, 5]"
ONE,653,"Спец: [1, 1, 2, 2, 3, 4, 4, 4, 3, 4, 4, 5, 5] != Общий: [1, 1, 2, 2, 3, 4, 4, 5, 5, 5, 5, 5, 5]"
ONE,654,"Спец: [1, 1, 2, 2, 3, 4, 4, 4, 3, 4, 4, 5, 5] != Общий: [1, 1, 2, 2, 3, 4, 4, 5, 5, 5, 5, 5, 5]"
ONE,655,"Спец: [1, 1, 2, 2, 3, 4, 4, 4, 3, 4, 4, 5, 5] != Общий: [1, 1, 2, 2, 3, 4, 4, 5, 5, 5, 5, 5, 5]"
ONE,656,"Спец: [1, 1, 2, 2, 3, 4, 4, 4, 3, 4, 4, 5, 5] != Общий: [1, 1, 2, 2, 3, 4, 4, 5, 5, 5, 5, 5, 5]"
ONE,657,"Спец: [1, 1, 2, 2, 3, 4, 4, 4, 3, 4, 4, 5, 5] != Общий: [1, 1, 2, 2, 3, 4, 4, 5, 5, 5, 5, 5, 5]"
ONE,658,"Спец: [1, 1, 2, 2, 3, 4, 4, 4, 3, 4, 4, 5, 5] != Общий: [1, 1, 2, 2, 3, 4, 4, 5, 5, 5, 5, 5, 5]"
ONE,659,"Спец: [1, 1, 2, 2, 3, 4, 4, 4, 3, 4, 4, 5, 5] != Общий: [1, 1, 2, 2, 3, 4, 4, 5, 5, 5, 5, 5, 5]"
ONE,661,"Спец: [1, 1, 2, 2, 3, 4, 4, 4, 3, 4, 4, 5, 5] != Общий: [1, 1, 2, 2, 3, 4, 4, 5, 5, 5, 5, 5, 5]"
ONE,663,"Спец: [1, 1, 2, 2, 3, 4, 4, 4, 3, 4, 4, 5, 5] != Общий: [1, 1, 2, 2, 3, 4, 4, 5, 5, 5, 5, 5, 5]"
ONE,664,"Спец: [1, 1, 2, 2, 3, 4, 4, 4, 3, 4, 4, 5, 5] != Общий: [1, 1, 2, 2, 3, 4, 4, 5, 5, 5, 5, 5, 5]"
ONE,665,"Спец: [1, 1, 2, 2, 3, 4, 4, 4, 3, 4, 4, 5, 5] != Общий: [1, 1, 2, 2, 3, 4, 4, 5, 5, 5, 5, 5, 5]"
ONE,666,"Спец: [1, 1, 2, 2, 3, 4, 4, 4, 3, 4, 4, 5, 5] != Общий: [1, 1, 2, 2, 3, 4, 4, 5, 5, 5, 5, 5, 5]"
ONE,667,"Спец: [1, 1, 2, 2, 3, 4, 4, 4, 3, 4, 4, 5, 5] != Общий: [1, 1, 2, 2, 3, 4, 4, 5, 5, 5, 5, 5, 5]"
ONE,668,"Спец: [1, 1, 2, 2, 3, 4, 4, 4, 3, 4, 4, 5, 5] != Общий: [1, 1, 2, 2, 3, 4, 4, 5, 5, 5, 5, 5, 5]"
ONE,669,"Спец: [1, 1, 2, 2, 3, 4, 4, 4, 3, 4, 4, 5, 5] != Общий: [1, 1, 2, 2, 3, 4, 4, 5, 5, 5, 5, 5, 5]"
ONE,670,"Спец: [1, 1, 2, 2, 3, 4, 4, 3, 4, 4, 3, 4, 4, 5, 5] != Общий: [1, 1, 2, 2, 3, 3, 3, 3, 3, 3, 3, 4, 4, 5, 5]"
ONE,671,"Спец: [1, 1, 2, 2, 3, 4, 4, 4, 3, 4, 4, 5, 5] != Общий: [1, 1, 2, 2, 3, 4, 4, 5, 5, 5, 5, 5, 5]"
ONE,672,"Спец: [1, 1, 2, 2, 3, 4, 4, 4, 3, 4, 4, 4, 3, 4, 4, 5, 5] != Общий: [1, 1, 2, 2, 3, 3, 3, 3, 3, 4, 4, 3, 3, 3, 3, 3, 3]"
ONE,673,"Спец: [1, 1, 2, 2, 3, 4, 4, 4, 3, 4, 4, 5, 5] != Общий: [1, 1, 2, 2, 3, 4, 4, 5, 5, 5, 5, 5, 5]"
ONE,674,"Спец: [1, 1, 2, 2, 3, 4, 4, 4, 3, 4, 4, 4, 3, 4, 4, 5, 5] != Общий: [1, 1, 2, 2, 3, 3, 3, 3, 3, 4, 4, 3, 3, 3, 3, 3, 3]"
ONE,675,"Спец: [1, 1, 2, 2, 3, 4, 4, 4, 3, 4, 4, 5, 5] != Общий: [1, 1, 2, 2, 3, 4, 4, 5, 5, 5, 5, 5, 5]"
ONE,676,"Спец: [1, 1, 2, 2, 3, 4, 4, 4, 3, 4, 4, 5, 5] != Общий: [1, 1, 2, 2, 2, 2, 2, 2, 3, 4, 4, 5, 5]"
ONE,677,"Спец: [1, 1, 2, 2, 3, 4, 4, 4, 3, 4, 4, 5, 5] != Общий: [1, 1, 2, 2, 3, 3, 3, 3, 3, 4, 4, 5, 5]"
ONE,679,"Спец: [1, 1, 2, 2, 3, 4, 4, 4, 3, 4, 4, 5, 5] != Общий: [1, 1, 2, 2, 3, 4, 4, 5, 5, 5, 5, 5, 5]"
ONE,680,"Спец: [1, 1, 2, 2, 3, 4, 4, 4, 3, 4, 4, 5, 5] != Общий: [1, 1, 2, 2, 3, 4, 4, 5, 5, 5, 5, 5, 5]"
ONE,681,"Спец: [1, 1, 2, 2, 3, 4, 4, 4, 3, 4, 4, 4, 3, 4, 4, 5, 5] != Общий: [1, 1, 2, 2, 3, 3, 3, 3, 3, 4, 4, 3, 3, 3, 3, 3, 3]"
ONE,682,"Спец: [1, 1, 2, 2, 3, 4, 4, 4, 3, 4, 4, 5, 5] != Общий: [1, 1, 2, 2, 3, 4, 4, 5, 5, 5, 5, 5, 5]"
ONE,683,"Спец: [1, 1, 2, 2, 3, 4, 4, 4, 3, 4, 4, 5, 5] != Общий: [1, 1, 2, 2, 3, 3, 3, 3, 3, 4, 4, 5, 5]"
ONE,684,"Спец: [1, 1, 2, 2, 3, 4, 4, 4, 3, 4, 4, 5, 5] != Общий: [1, 1, 2, 2, 3, 4, 4, 5, 5, 5, 5, 5, 5]"
ONE,685,"Спец: [1, 1, 2, 2, 3, 4, 4, 4, 3, 4, 4, 5, 5] != Общий: [1, 1, 2, 2, 3, 3, 3, 3, 3, 4, 4, 5, 5]"
ONE,686,"Спец: [1, 1, 2, 2, 3, 4, 4, 4, 3, 4, 4, 5, 5] != Общий: [1, 1, 2, 2, 3, 4, 4, 5, 5, 5, 5, 5, 5]"
ONE,687,"Спец: [1, 1, 2, 2, 3, 4, 4, 4, 3, 4, 4, 5, 5] != Общий: [1, 1, 2, 2, 3, 4, 4, 5, 5, 5, 5, 5, 5]"
ONE,688,"Спец: [1, 1, 2, 2, 3, 4, 4, 4, 3, 4, 4, 5, 5] != Общий: [1, 1, 2, 2, 3, 4, 4, 5, 5, 5, 5, 5, 5]"
ONE,689,"Спец: [1, 1, 2, 2, 3, 4, 4, 4, 3, 4, 4, 5, 5] != Общий: [1, 1, 2, 2, 3, 4, 4, 5, 5, 5, 5, 5, 5]"
ONE,690,"Спец: [1, 1, 2, 2, 3, 4, 4, 4, 3, 4, 4, 5, 5] != Общий: [1, 1, 2, 2, 3, 4, 4, 5, 5, 5, 5, 5, 5]"
ONE,691,"Спец: [1, 1, 2, 2, 3, 4, 4, 4, 3, 4, 4, 5, 5] != Общий: [1, 1, 2, 2, 3, 4, 4, 5, 5, 5, 5, 5, 5]"
ONE,692,"Спец: [1, 1, 2, 2, 3, 4, 4, 4, 3, 4, 4, 5, 5] != Общий: [1, 1, 2, 2, 3, 4, 4, 5, 5, 5, 5, 5, 5]"
ONE,693,"Спец: [1, 1, 2, 2, 3, 4, 4, 4, 3, 4, 4, 5, 5] != Общий: [1, 1, 2, 2, 3, 4, 4, 5, 5, 5, 5, 5, 5]"
ONE,694,"Спец: [1, 1, 2, 2, 3, 4, 4, 4, 3, 4, 4, 5, 5] != Общий: [1, 1, 2, 2, 3, 4, 4, 5, 5, 5, 5, 5, 5]"
ONE,695,"Спец: [1, 1, 2, 2, 3, 4, 4, 4, 3, 4, 4, 5, 5] != Общий: [1, 1, 2, 2, 3, 4, 4, 5, 5, 5, 5, 5, 5]"
ONE,696,"Спец: [1, 1, 2, 2, 3, 4, 4, 4, 3, 4, 4, 4, 3, 4, 4, 5, 5] != Общий: [1, 1, 2, 2, 2, 2, 2, 2, 3, 4, 4, 3, 3, 3, 3, 3, 3]"
ONE,697,"Спец: [1, 1, 2, 2, 3, 4, 4, 4, 3, 4, 4, 5, 5] != Общий: [1, 1, 2, 2, 3, 4, 4, 5, 5, 5, 5, 5, 5]"
ONE,698,"Спец: [1, 1, 2, 2, 3, 4, 4, 4, 3, 4, 4, 5, 5] != Общий: [1, 1, 2, 2, 3, 4, 4, 5, 5, 5, 5, 5, 5]"
ONE,699,"Спец: [1, 1, 2, 2, 3, 4, 4, 4, 3, 4, 4, 5, 5] != Общий: [1, 1, 2, 2, 3, 4, 4, 5, 5, 5, 5, 5, 5]"
ONE,700,"Спец: [1, 1, 2, 2, 3, 4, 4, 4, 3, 4, 4, 5, 5] != Общий: [1, 1, 2, 2, 3, 4, 4, 5, 5, 5, 5, 5, 5]"
ONE,701,"Спец: [1, 1, 2, 2, 3, 4, 4, 4, 3, 4, 4, 5, 5] != Общий: [1, 1, 2, 2, 3, 4, 4, 5, 5, 5, 5, 5, 5]"
ONE,702,"Спец: [1, 1, 2, 2, 3, 4, 4, 3, 4, 4, 3, 4, 4, 5, 5] != Общий: [1, 1, 2, 2, 3, 3, 3, 3, 3, 3, 3, 4, 4, 5, 5]"
ONE,703,"Спец: [1, 1, 2, 2, 3, 4, 4, 4, 3, 4, 4, 5, 5] != Общий: [1, 1, 2, 2, 3, 4, 4, 5, 5, 5, 5, 5, 5]"
ONE,704,"Спец: [1, 1, 2, 2, 3, 4, 4, 4, 3, 4, 4, 5, 5] != Общий: [1, 1, 2, 2, 3, 4, 4, 5, 5, 5, 5, 5, 5]"
ONE,705,"Спец: [1, 1, 2, 2, 3, 4, 4, 4, 3, 4, 4, 4, 3, 4, 4, 5, 5] != Общий: [1, 1, 2, 2, 2, 2, 2, 2, 3, 4, 4, 3, 3, 3, 3, 3, 3]"
ONE,706,"Спец: [1, 1, 2, 2, 3, 4, 4, 4, 3, 4, 4, 5, 5] != Общий: [1, 1, 2, 2, 3, 4, 4, 5, 5, 5, 5, 5, 5]"
ONE,707,"Спец: [1, 1, 2, 2, 3, 4, 4, 4, 3, 4, 4, 5, 5] != Общий: [1, 1, 2, 2, 3, 3, 3, 3, 3, 4, 4, 5, 5]"
ONE,708,"Спец: [1, 1, 2, 2, 3, 4, 4, 4, 3, 4, 4, 5, 5] != Общий: [1, 1, 2, 2, 3, 4, 4, 5, 5, 5, 5, 5, 5]"
ONE,709,"Спец: [1, 1, 2, 2, 3, 4, 4, 4, 3, 4, 4, 5, 5] != Общий: [1, 1, 2, 2, 3, 4, 4, 5, 5, 5, 5, 5, 5]"
ONE,710,"Спец: [1, 1, 2, 2, 3, 4, 4, 4, 3, 4, 4, 5, 5] != Общий: [1, 1, 2, 2, 3, 4, 4, 5, 5, 5, 5, 5, 5]"
ONE,711,"Спец: [1, 1, 2, 2, 3, 4, 4, 4, 3, 4, 4, 4, 3, 4, 4, 5, 5] != Общий: [1, 1, 2, 2, 3, 3, 3, 3, 3, 4, 4, 3, 3, 3, 3, 3, 3]"
ONE,712,"Спец: [1, 1, 2, 2, 3, 4, 4, 4, 3, 4, 4, 5, 5] != Общий: [1, 1, 2, 2, 3, 4, 4, 5, 5, 5, 5, 5, 5]"
ONE,713,"Спец: [1, 1, 2, 2, 3, 4, 4, 4, 3, 4, 4, 5, 5] != Общий: [1, 1, 2, 2, 3, 4, 4, 5, 5, 5, 5, 5, 5]"
ONE,714,"Спец: [1, 1, 2, 2, 3, 4, 4, 4, 3, 4, 4, 5, 5] != Общий: [1, 1, 2, 2, 3, 4, 4, 5, 5, 5, 5, 5, 5]"
ONE,715,"Спец: [1, 1, 2, 2, 3, 4, 4, 4, 3, 4, 4, 5, 5] != Общий: [1, 1, 2, 2, 3, 4, 4, 5, 5, 5, 5, 5, 5]"
ONE,716,"Спец: [1, 1, 2, 2, 3, 4, 4, 5, 5, 5, 3, 4, 4, 5, 5] != Общий: [1, 1, 2, 2, 3, 4, 4, 5, 5, 5, 5, 5, 5, 5, 5]"
ONE,717,"Спец: [1, 1, 2, 2, 3, 4, 4, 4, 3, 4, 4, 5, 5] != Общий: [1, 1, 2, 2, 3, 4, 4, 5, 5, 5, 5, 5, 5]"
ONE,718,"Спец: [1, 1, 2, 2, 3, 4, 4, 4, 3, 4, 4, 5, 5] != Общий: [1, 1, 2, 2, 3, 4, 4, 5, 5, 5, 5, 5, 5]"
ONE,719,"Спец: [1, 1, 2, 2, 3, 4, 4, 3, 4, 4, 3, 4, 4, 5, 5] != Общий: [1, 1, 2, 2, 3, 3, 3, 3, 3, 3, 3, 4, 4, 5, 5]"
ONE,720,"Спец: [1, 1, 2, 2, 3, 4, 4, 4, 3, 4, 4, 5, 5] != Общий: [1, 1, 2, 2, 3, 4, 4, 5, 5, 5, 5, 5, 5]"
ONE,721,"Спец: [1, 1, 2, 2, 3, 4, 4, 4, 3, 4, 4, 5, 5] != Общий: [1, 1, 2, 2, 3, 4, 4, 5, 5, 5, 5, 5, 5]"
ONE,722,"Спец: [1, 1, 2, 2, 3, 4, 4, 4, 3, 4, 4, 3, 4, 4, 3, 4, 4, 5, 5] != Общий: [1, 1, 2, 2, 3, 3, 3, 3, 3, 3, 3, 3, 3, 3, 3, 4, 4, 5, 5]"
ONE,724,"Спец: [1, 1, 2, 2, 3, 4, 4, 4, 3, 4, 4, 5, 5] != Общий: [1, 1, 2, 2, 3, 4, 4, 5, 5, 5, 5, 5, 5]"
ONE,725,"Спец: [1, 1, 2, 2, 3, 4, 4, 4, 3, 4, 4, 5, 5] != Общий: [1, 1, 2, 2, 3, 4, 4, 5, 5, 5, 5, 5, 5]"
ONE,726,"Спец: [1, 1, 2, 2, 3, 4, 4, 4, 3, 4, 4, 5, 5] != Общий: [1, 1, 2, 2, 3, 4, 4, 5, 5, 5, 5, 5, 5]"
ONE,728,"Спец: [1, 1, 2, 2, 3, 4, 4, 4, 3, 4, 4, 5, 5] != Общий: [1, 1, 2, 2, 3, 4, 4, 5, 5, 5, 5, 5, 5]"
ONE,729,"Спец: [1, 1, 2, 2, 3, 4, 4, 4, 3, 4, 4, 5, 5] != Общий: [1, 1, 2, 2, 3, 4, 4, 5, 5, 5, 5, 5, 5]"
ONE,730,"Спец: [1, 1, 2, 2, 3, 4, 4, 4, 3, 4, 4, 5, 5] != Общий: [1, 1, 2, 2, 3, 4, 4, 5, 5, 5, 5, 5, 5]"
ONE,731,"Спец: [1, 1, 2, 2, 3, 4, 4, 4, 3, 4, 4, 5, 5] != Общий: [1, 1, 2, 2, 3, 4, 4, 5, 5, 5, 5, 5, 5]"
ONE,732,"Спец: [1, 1, 2, 2, 3, 4, 4, 4, 3, 4, 4, 5, 5] != Общий: [1, 1, 2, 2, 3, 4, 4, 5, 5, 5, 5, 5, 5]"
ONE,733,"Спец: [1, 1, 2, 2, 3, 4, 4, 4, 3, 4, 4, 5, 5] != Общий: [1, 1, 2, 2, 3, 4, 4, 5, 5, 5, 5, 5, 5]"
ONE,734,"Спец: [1, 1, 2, 2, 3, 4, 4, 4, 3, 4, 4, 5, 5] != Общий: [1, 1, 2, 2, 3, 4, 4, 5, 5, 5, 5, 5, 5]"
ONE,735,"Спец: [1, 1, 2, 2, 3, 4, 4, 4, 3, 4, 4, 5, 5] != Общий: [1, 1, 2, 2, 3, 4, 4, 5, 5, 5, 5, 5, 5]"
ONE,736,"Спец: [1, 1, 2, 2, 3, 4, 4, 4, 3, 4, 4, 5, 5] != Общий: [1, 1, 2, 2, 3, 4, 4, 3, 3, 3, 3, 3, 3]"
ONE,738,"Спец: [1, 1, 2, 2, 3, 4, 4, 4, 3, 4, 4, 5, 5] != Общий: [1, 1, 2, 2, 3, 4, 4, 5, 5, 5, 5, 5, 5]"
ONE,739,"Спец: [1, 1, 2, 2, 3, 4, 4, 4, 3, 4, 4, 5, 5] != Общий: [1, 1, 2, 2, 3, 4, 4, 5, 5, 5, 5, 5, 5]"
ONE,740,"Спец: [1, 1, 2, 2, 3, 4, 4, 4, 3, 4, 4, 5, 5] != Общий: [1, 1, 2, 2, 3, 4, 4, 5, 5, 5, 5, 5, 5]"
ONE,741,"Спец: [1, 1, 2, 2, 3, 4, 4, 3, 4, 4, 3, 4, 4, 5, 5] != Общий: [1, 1, 2, 2, 3, 3, 3, 3, 3, 3, 3, 4, 4, 5, 5]"
ONE,742,"Спец: [1, 1, 2, 2, 3, 4, 4, 4, 3, 4, 4, 5, 5] != Общий: [1, 1, 2, 2, 3, 4, 4, 5, 5, 5, 5, 5, 5]"
ONE,743,"Спец: [1, 1, 2, 2, 3, 4, 4, 4, 3, 4, 4, 5, 5] != Общий: [1, 1, 2, 2, 3, 4, 4, 5, 5, 5, 5, 5, 5]"
ONE,744,"Спец: [1, 1, 2, 2, 3, 4, 4, 4, 3, 4, 4, 5, 5] != Общий: [1, 1, 2, 2, 3, 4, 4, 5, 5, 5, 5, 5, 5]"
ONE,745,"Спец: [1, 1, 2, 2, 3, 4, 4, 4, 3, 4, 4, 5, 5] != Общий: [1, 1, 2, 2, 3, 4, 4, 5, 5, 5, 5, 5, 5]"
ONE,746,"Спец: [1, 1, 2, 2, 3, 4, 4, 4, 3, 4, 4, 5, 5] != Общий: [1, 1, 2, 2, 3, 4, 4, 5, 5, 5, 5, 5, 5]"
ONE,747,"Спец: [1, 1, 2, 2, 3, 4, 4, 4, 3, 4, 4, 5, 5] != Общий: [1, 1, 2, 2, 3, 4, 4, 5, 5, 5, 5, 5, 5]"
ONE,748,"Спец: [1, 1, 2, 2, 3, 4, 4, 3, 4, 4, 3, 4, 4, 5, 5] != Общий: [1, 1, 2, 2, 3, 3, 3, 3, 3, 3, 3, 4, 4, 5, 5]"
ONE,749,"Спец: [1, 1, 2, 2, 3, 4, 4, 4, 3, 4, 4, 5, 5] != Общий: [1, 1, 2, 2, 3, 4, 4, 5, 5, 5, 5, 5, 5]"
ONE,750,"Спец: [1, 1, 2, 2, 3, 4, 4, 4, 3, 4, 4, 5, 5] != Общий: [1, 1, 2, 2, 3, 4, 4, 5, 5, 5, 5, 5, 5]"
ONE,751,"Спец: [1, 1, 2, 2, 3, 4, 4, 4, 3, 4, 4, 5, 5] != Общий: [1, 1, 2, 2, 3, 3, 3, 3, 3, 4, 4, 5, 5]"
ONE,752,"Спец: [1, 1, 2, 2, 3, 4, 4, 5, 5, 5, 3, 4, 4, 5, 5] != Общий: [1, 1, 2, 2, 3, 4, 4, 5, 5, 5, 5, 5, 5, 5, 5]"
ONE,753,"Спец: [1, 1, 2, 2, 3, 4, 4, 5, 5, 5, 3, 4, 4, 5, 5] != Общий: [1, 1, 2, 2, 3, 4, 4, 5, 5, 5, 5, 5, 5, 5, 5]"
ONE,754,"Спец: [1, 1, 2, 2, 3, 4, 4, 5, 5, 5, 3, 4, 4, 5, 5] != Общий: [1, 1, 2, 2, 3, 4, 4, 5, 5, 5, 5, 5, 5, 5, 5]"
ONE,755,"Спец: [1, 1, 2, 2, 3, 4, 4, 5, 5, 5, 3, 4, 4, 5, 5] != Общий: [1, 1, 2, 2, 3, 4, 4, 5, 5, 5, 5, 5, 5, 5, 5]"
ONE,756,"Спец: [1, 1, 2, 2, 3, 4, 4, 4, 3, 4, 4, 5, 5] != Общий: [1, 1, 2, 2, 3, 3, 3, 3, 3, 4, 4, 5, 5]"
ONE,757,"Спец: [1, 1, 2, 2, 3, 4, 4, 4, 3, 4, 4, 5, 5] != Общий: [1, 1, 2, 2, 3, 3, 3, 3, 3, 4, 4, 5, 5]"
ONE,758,"Спец: [1, 1, 2, 2, 3, 4, 4, 5, 5, 5, 3, 4, 4, 5, 5] != Общий: [1, 1, 2, 2, 3, 4, 4, 5, 5, 5, 5, 5, 5, 5, 5]"
ONE,759,"Спец: [1, 1, 2, 2, 3, 4, 4, 5, 5, 5, 3, 4, 4, 5, 5] != Общий: [1, 1, 2, 2, 3, 4, 4, 5, 5, 5, 5, 5, 5, 5, 5]"
ONE,760,"Спец: [1, 1, 2, 2, 3, 4, 4, 5, 5, 5, 3, 4, 4, 5, 5] != Общий: [1, 1, 2, 2, 3, 4, 4, 5, 5, 5, 5, 5, 5, 5, 5]"
ONE,761,"Спец: [1, 1, 2, 2, 3, 4, 4, 5, 5, 5, 3, 4, 4, 5, 5] != Общий: [1, 1, 2, 2, 3, 4, 4, 5, 5, 5, 5, 5, 5, 5, 5]"
ONE,762,"Спец: [1, 1, 2, 2, 3, 4, 4, 4, 3, 4, 4, 5, 5] != Общий: [1, 1, 2, 2, 3, 4, 4, 3, 3, 3, 3, 3, 3]"
ONE,763,"Спец: [1, 1, 2, 2, 3, 4, 4, 5, 5, 5, 3, 4, 4, 5, 5] != Общий: [1, 1, 2, 2, 3, 4, 4, 5, 5, 5, 5, 5, 5, 5, 5]"
ONE,765,"Спец: [1, 1, 2, 2, 3, 4, 4, 4, 3, 4, 4, 5, 5] != Общий: [1, 1, 2, 2, 3, 3, 3, 3, 3, 4, 4, 5, 5]"
ONE,767,"Спец: [1, 1, 2, 2, 3, 4, 4, 4, 3, 4, 4, 5, 5] != Общий: [1, 1, 2, 2, 3, 4, 4, 5, 5, 5, 5, 5, 5]"
ONE,769,"Спец: [1, 1, 2, 2, 3, 4, 4, 4, 3, 4, 4, 5, 5] != Общий: [1, 1, 2, 2, 2, 2, 2, 2, 3, 4, 4, 5, 5]"
ONE,770,"Спец: [1, 1, 2, 2, 3, 4, 4, 4, 3, 4, 4, 5, 5] != Общий: [1, 1, 2, 2, 3, 3, 3, 3, 3, 4, 4, 5, 5]"
ONE,771,"Спец: [1, 1, 2, 2, 3, 4, 4, 4, 3, 4, 4, 5, 5] != Общий: [1, 1, 2, 2, 3, 3, 3, 3, 3, 4, 4, 5, 5]"
ONE,772,"Спец: [1, 1, 2, 2, 3, 4, 4, 4, 3, 4, 4, 3, 4, 4, 3, 4, 4, 5, 5] != Общий: [1, 1, 2, 2, 2, 2, 2, 2, 3, 3, 3, 3, 3, 3, 3, 4, 4, 5, 5]"
ONE,774,"Спец: [1, 1, 2, 2, 3, 4, 4, 4, 3, 4, 4, 5, 5] != Общий: [1, 1, 2, 2, 3, 3, 3, 3, 3, 4, 4, 5, 5]"
ONE,777,"Спец: [1, 1, 2, 2, 2, 3, 3, 3, 4, 4, 4, 5, 5] != Общий: [1, 1, 2, 3, 3, 3, 3, 3, 3, 4, 4, 5, 5]"
ONE,778,"Спец: [1, 1, 2, 2, 3, 4, 4, 4, 3, 4, 4, 4, 3, 4, 4, 5, 5] != Общий: [1, 1, 2, 2, 2, 2, 2, 2, 3, 3, 3, 3, 3, 4, 4, 5, 5]"
ONE,779,"Спец: [1, 1, 2, 2, 3, 4, 4, 4, 3, 4, 4, 4, 3, 4, 4, 5, 5] != Общий: [1, 1, 2, 2, 2, 2, 2, 2, 3, 3, 3, 3, 3, 4, 4, 5, 5]"
ONE,780,"Спец: [1, 1, 2, 2, 3, 4, 4, 4, 3, 4, 4, 4, 3, 4, 4, 5, 5] != Общий: [1, 1, 2, 2, 2, 2, 2, 2, 3, 3, 3, 3, 3, 4, 4, 5, 5]"
ONE,781,"Спец: [1, 1, 2, 2, 3, 4, 4, 4, 3, 4, 4, 4, 3, 4, 4, 5, 5] != Общий: [1, 1, 2, 2, 2, 2, 2, 2, 3, 3, 3, 3, 3, 4, 4, 5, 5]"
ONE,782,"Спец: [1, 1, 2, 2, 3, 4, 4, 4, 3, 4, 4, 4, 3, 4, 4, 5, 5] != Общий: [1, 1, 2, 2, 2, 2, 2, 2, 3, 3, 3, 3, 3, 4, 4, 5, 5]"
ONE,783,"Спец: [1, 1, 2, 2, 3, 4, 4, 4, 3, 4, 4, 4, 3, 4, 4, 4, 3, 4, 4, 5, 5] != Общий: [1, 1, 2, 2, 3, 3, 3, 3, 3, 3, 3, 3, 3, 3, 3, 3, 3, 4, 4, 5, 5]"
ONE,785,"Спец: [1, 1, 2, 2, 3, 4, 4, 4, 3, 4, 4, 5, 5] != Общий: [1, 1, 2, 2, 3, 3, 3, 3, 3, 4, 4, 5, 5]"
ONE,787,"Спец: [1, 1, 2, 2, 3, 4, 4, 4, 3, 4, 4, 4, 3, 4, 4, 5, 5] != Общий: [1, 1, 2, 2, 2, 2, 2, 2, 3, 3, 3, 3, 3, 4, 4, 5, 5]"
ONE,788,"Спец: [1, 1, 2, 2, 3, 4, 4, 4, 3, 4, 4, 4, 3, 4, 4, 5, 5] != Общий: [1, 1, 2, 2, 2, 2, 2, 2, 3, 3, 3, 3, 3, 4, 4, 5, 5]"
ONE,789,"Спец: [1, 1, 2, 2, 3, 4, 4, 4, 3, 4, 4, 4, 3, 4, 4, 5, 5] != Общий: [1, 1, 2, 2, 2, 2, 2, 2, 3, 3, 3, 3, 3, 4, 4, 5, 5]"
ONE,790,"Спец: [1, 1, 2, 2, 3, 4, 4, 4, 3, 4, 4, 4, 3, 4, 4, 5, 5] != Общий: [1, 1, 2, 2, 2, 2, 2, 2, 3, 3, 3, 3, 3, 4, 4, 5, 5]"
ONE,805,"Спец: [1, 1, 2, 2, 3, 4, 4, 4, 3, 4, 5, 5, 5] != Общий: [1, 1, 2, 2, 3, 3, 3, 3, 3, 4, 5, 4, 5]"
ONE,806,"Спец: [1, 1, 2, 2, 3, 4, 4, 4, 3, 4, 4, 4, 3, 4, 4, 5, 5] != Общий: [1, 1, 2, 2, 3, 3, 3, 3, 3, 3, 3, 3, 3, 4, 4, 5, 5]"
ONE,807,"Спец: [1, 1, 2, 2, 3, 4, 4, 4, 3, 4, 4, 4, 3, 4, 4, 5, 5] != Общий: [1, 1, 2, 2, 3, 3, 3, 3, 3, 3, 3, 3, 3, 4, 4, 5, 5]"
ONE,808,"Спец: [1, 1, 2, 2, 3, 4, 4, 4, 3, 4, 4, 4, 3, 4, 4, 5, 5] != Общий: [1, 1, 2, 2, 3, 3, 3, 3, 3, 3, 3, 3, 3, 4, 4, 5, 5]"
ONE,809,"Спец: [1, 1, 2, 2, 3, 4, 4, 4, 3, 4, 4, 4, 3, 4, 4, 5, 5] != Общий: [1, 1, 2, 2, 3, 3, 3, 3, 3, 3, 3, 3, 3, 4, 4, 5, 5]"
ONE,810,"Спец: [1, 1, 2, 2, 3, 4, 4, 4, 3, 4, 4, 4, 3, 4, 4, 5, 5] != Общий: [1, 1, 2, 2, 3, 3, 3, 3, 3, 3, 3, 3, 3, 4, 4, 5, 5]"
ONE,811,"Спец: [1, 1, 2, 2, 3, 4, 4, 4, 3, 4, 4, 4, 3, 4, 4, 5, 5] != Общий: [1, 1, 2, 2, 3, 3, 3, 3, 3, 3, 3, 3, 3, 4, 4, 5, 5]"
ONE,812,"Спец: [1, 1, 2, 2, 3, 4, 4, 4, 3, 4, 4, 4, 3, 4, 4, 5, 5] != Общий: [1, 1, 2, 2, 3, 3, 3, 3, 3, 3, 3, 3, 3, 4, 4, 5, 5]"
ONE,813,"Спец: [1, 1, 2, 2, 3, 4, 4, 4, 3, 4, 4, 4, 3, 4, 4, 5, 5] != Общий: [1, 1, 2, 2, 3, 3, 3, 3, 3, 3, 3, 3, 3, 4, 4, 5, 5]"
ONE,814,"Спец: [1, 1, 2, 2, 3, 4, 4, 4, 3, 4, 4, 4, 3, 4, 4, 5, 5] != Общий: [1, 1, 2, 2, 3, 3, 3, 3, 3, 3, 3, 3, 3, 4, 4, 5, 5]"
ONE,815,"Спец: [1, 1, 2, 2, 3, 4, 4, 4, 3, 4, 4, 4, 3, 4, 4, 5, 5] != Общий: [1, 1, 2, 2, 3, 3, 3, 3, 3, 3, 3, 3, 3, 4, 4, 5, 5]"
ONE,816,"Спец: [1, 1, 2, 2, 3, 4, 4, 4, 3, 4, 4, 4, 3, 4, 4, 5, 5] != Общий: [1, 1, 2, 2, 3, 3, 3, 3, 3, 3, 3, 3, 3, 4, 4, 5, 5]"
ONE,817,"Спец: [1, 1, 2, 2, 3, 4, 4, 4, 3, 4, 4, 4, 3, 4, 4, 5, 5] != Общий: [1, 1, 2, 2, 3, 3, 3, 3, 3, 3, 3, 3, 3, 4, 4, 5, 5]"
ONE,818,"Спец: [1, 1, 2, 2, 3, 4, 4, 4, 3, 4, 4, 4, 3, 4, 4, 5, 5] != Общий: [1, 1, 2, 2, 3, 3, 3, 3, 3, 3, 3, 3, 3, 4, 4, 5, 5]"
ONE,819,"Спец: [1, 1, 2, 2, 3, 4, 4, 4, 3, 4, 4, 4, 3, 4, 4, 5, 5] != Общий: [1, 1, 2, 2, 3, 3, 3, 3, 3, 3, 3, 3, 3, 4, 4, 5, 5]"
ONE,820,"Спец: [1, 1, 2, 2, 3, 4, 4, 4, 3, 4, 4, 4, 3, 4, 4, 5, 5] != Общий: [1, 1, 2, 2, 3, 3, 3, 3, 3, 3, 3, 3, 3, 4, 4, 5, 5]"
ONE,821,"Спец: [1, 1, 2, 2, 3, 4, 4, 4, 3, 4, 4, 4, 3, 4, 4, 5, 5] != Общий: [1, 1, 2, 2, 3, 3, 3, 3, 3, 3, 3, 3, 3, 4, 4, 5, 5]"
ONE,822,"Спец: [1, 1, 2, 2, 3, 4, 4, 4, 3, 4, 4, 4, 3, 4, 4, 5, 5] != Общий: [1, 1, 2, 2, 3, 3, 3, 3, 3, 3, 3, 3, 3, 4, 4, 5, 5]"
ONE,823,"Спец: [1, 1, 2, 2, 3, 4, 4, 4, 3, 4, 4, 4, 3, 4, 4, 5, 5] != Общий: [1, 1, 2, 2, 3, 3, 3, 3, 3, 3, 3, 3, 3, 4, 4, 5, 5]"
ONE,824,"Спец: [1, 1, 2, 2, 3, 4, 4, 4, 3, 4, 4, 4, 3, 4, 4, 5, 5] != Общий: [1, 1, 2, 2, 3, 3, 3, 3, 3, 3, 3, 3, 3, 4, 4, 5, 5]"
ONE,825,"Спец: [1, 1, 2, 2, 3, 4, 4, 4, 3, 4, 4, 4, 3, 4, 4, 5, 5] != Общий: [1, 1, 2, 2, 3, 3, 3, 3, 3, 3, 3, 3, 3, 4, 4, 5, 5]"
ONE,826,"Спец: [1, 1, 2, 2, 3, 4, 4, 4, 3, 4, 4, 4, 3, 4, 4, 5, 5] != Общий: [1, 1, 2, 2, 3, 3, 3, 3, 3, 3, 3, 3, 3, 4, 4, 5, 5]"
ONE,827,"Спец: [1, 1, 2, 2, 3, 4, 4, 4, 3, 4, 4, 4, 3, 4, 4, 5, 5] != Общий: [1, 1, 2, 2, 3, 3, 3, 3, 3, 3, 3, 3, 3, 4, 4, 5, 5]"
ONE,828,"Спец: [1, 1, 2, 2, 3, 4, 4, 4, 3, 4, 4, 4, 3, 4, 4, 5, 5] != Общий: [1, 1, 2, 2, 3, 3, 3, 3, 3, 3, 3, 3, 3, 4, 4, 5, 5]"
ONE,829,"Спец: [1, 1, 2, 2, 3, 4, 4, 4, 3, 4, 4, 4, 3, 4, 4, 5, 5] != Общий: [1, 1, 2, 2, 3, 3, 3, 3, 3, 3, 3, 3, 3, 4, 4, 5, 5]"
ONE,830,"Спец: [1, 1, 2, 2, 3, 4, 4, 4, 3, 4, 4, 4, 3, 4, 4, 5, 5] != Общий: [1, 1, 2, 2, 3, 3, 3, 3, 3, 3, 3, 3, 3, 4, 4, 5, 5]"
ONE,831,"Спец: [1, 1, 2, 2, 3, 4, 4, 4, 3, 4, 4, 4, 3, 4, 4, 5, 5] != Общий: [1, 1, 2, 2, 3, 3, 3, 3, 3, 3, 3, 3, 3, 4, 4, 5, 5]"
ONE,832,"Спец: [1, 1, 2, 2, 3, 4, 4, 4, 3, 4, 4, 4, 3, 4, 4, 5, 5] != Общий: [1, 1, 2, 2, 3, 3, 3, 3, 3, 3, 3, 3, 3, 4, 4, 5, 5]"
ONE,833,"Спец: [1, 1, 2, 2, 3, 4, 4, 4, 3, 4, 4, 4, 3, 4, 4, 5, 5] != Общий: [1, 1, 2, 2, 3, 3, 3, 3, 3, 3, 3, 3, 3, 4, 4, 5, 5]"
ONE,834,"Спец: [1, 1, 2, 2, 3, 4, 4, 4, 3, 4, 4, 4, 3, 4, 4, 5, 5] != Общий: [1, 1, 2, 2, 3, 3, 3, 3, 3, 3, 3, 3, 3, 4, 4, 5, 5]"
ONE,835,"Спец: [1, 1, 2, 2, 3, 4, 4, 4, 3, 4, 4, 4, 3, 4, 4, 5, 5] != Общий: [1, 1, 2, 2, 3, 3, 3, 3, 3, 3, 3, 3, 3, 4, 4, 5, 5]"
ONE,836,"Спец: [1, 1, 2, 2, 3, 4, 4, 4, 3, 4, 4, 4, 3, 4, 4, 5, 5] != Общий: [1, 1, 2, 2, 3, 3, 3, 3, 3, 3, 3, 3, 3, 4, 4, 5, 5]"
ONE,837,"Спец: [1, 1, 2, 2, 3, 4, 4, 4, 3, 4, 4, 4, 3, 4, 4, 5, 5] != Общий: [1, 1, 2, 2, 3, 3, 3, 3, 3, 3, 3, 3, 3, 4, 4, 5, 5]"
ONE,838,"Спец: [1, 1, 2, 2, 3, 4, 4, 4, 3, 4, 4, 4, 3, 4, 4, 5, 5] != Общий: [1, 1, 2, 2, 3, 3, 3, 3, 3, 3, 3, 3, 3, 4, 4, 5, 5]"
ONE,839,"Спец: [1, 1, 2, 2, 3, 4, 4, 4, 3, 4, 4, 4, 3, 4, 4, 5, 5] != Общий: [1, 1, 2, 2, 3, 3, 3, 3, 3, 3, 3, 3, 3, 4, 4, 5, 5]"
ONE,840,"Спец: [1, 1, 2, 2, 3, 4, 4, 4, 3, 4, 4, 4, 3, 4, 4, 5, 5] != Общий: [1, 1, 2, 2, 3, 3, 3, 3, 3, 3, 3, 3, 3, 4, 4, 5, 5]"
ONE,841,"Спец: [1, 1, 2, 2, 3, 4, 4, 4, 3, 4, 4, 4, 3, 4, 4, 5, 5] != Общий: [1, 1, 2, 2, 3, 3, 3, 3, 3, 3, 3, 3, 3, 4, 4, 5, 5]"
ONE,842,"Спец: [1, 1, 2, 2, 3, 4, 4, 4, 3, 4, 4, 4, 3, 4, 4, 5, 5] != Общий: [1, 1, 2, 2, 3, 3, 3, 3, 3, 3, 3, 3, 3, 4, 4, 5, 5]"
ONE,843,"Спец: [1, 1, 2, 2, 3, 4, 4, 4, 3, 4, 4, 4, 3, 4, 4, 5, 5] != Общий: [1, 1, 2, 2, 3, 3, 3, 3, 3, 3, 3, 3, 3, 4, 4, 5, 5]"
ONE,844,"Спец: [1, 1, 2, 2, 3, 4, 4, 4, 3, 4, 4, 4, 3, 4, 4, 5, 5] != Общий: [1, 1, 2, 2, 3, 3, 3, 3, 3, 3, 3, 3, 3, 4, 4, 5, 5]"
ONE,845,"Спец: [1, 1, 2, 2, 3, 4, 4, 4, 3, 4, 4, 4, 3, 4, 4, 5, 5] != Общий: [1, 1, 2, 2, 3, 3, 3, 3, 3, 3, 3, 3, 3, 4, 4, 5, 5]"
ONE,846,"Спец: [1, 1, 2, 2, 3, 4, 4, 4, 3, 4, 4, 4, 3, 4, 4, 5, 5] != Общий: [1, 1, 2, 2, 3, 3, 3, 3, 3, 3, 3, 3, 3, 4, 4, 5, 5]"
ONE,847,"Спец: [1, 1, 2, 2, 3, 4, 4, 4, 3, 4, 4, 4, 3, 4, 4, 5, 5] != Общий: [1, 1, 2, 2, 3, 3, 3, 3, 3, 3, 3, 3, 3, 4, 4, 5, 5]"
ONE,848,"Спец: [1, 1, 2, 2, 3, 4, 4, 4, 3, 4, 4, 4, 3, 4, 4, 5, 5] != Общий: [1, 1, 2, 2, 3, 3, 3, 3, 3, 3, 3, 3, 3, 4, 4, 5, 5]"
ONE,849,"Спец: [1, 1, 2, 2, 3, 4, 4, 4, 3, 4, 4, 4, 3, 4, 4, 5, 5] != Общий: [1, 1, 2, 2, 3, 3, 3, 3, 3, 3, 3, 3, 3, 4, 4, 5, 5]"
ONE,850,"Спец: [1, 1, 2, 2, 3, 4, 4, 4, 3, 4, 4, 4, 3, 4, 4, 5, 5] != Общий: [1, 1, 2, 2, 3, 3, 3, 3, 3, 3, 3, 3, 3, 4, 4, 5, 5]"
ONE,851,"Спец: [1, 1, 2, 2, 3, 4, 4, 4, 3, 4, 4, 4, 3, 4, 4, 5, 5] != Общий: [1, 1, 2, 2, 3, 3, 3, 3, 3, 3, 3, 3, 3, 4, 4, 5, 5]"
ONE,852,"Спец: [1, 1, 2, 2, 3, 4, 4, 4, 3, 4, 4, 4, 3, 4, 4, 5, 5] != Общий: [1, 1, 2, 2, 3, 3, 3, 3, 3, 3, 3, 3, 3, 4, 4, 5, 5]"
ONE,853,"Спец: [1, 1, 2, 2, 3, 4, 4, 4, 3, 4, 4, 4, 3, 4, 4, 5, 5] != Общий: [1, 1, 2, 2, 3, 3, 3, 3, 3, 3, 3, 3, 3, 4, 4, 5, 5]"
ONE,854,"Спец: [1, 1, 2, 2, 3, 4, 4, 4, 3, 4, 4, 4, 3, 4, 4, 5, 5] != Общий: [1, 1, 2, 2, 3, 3, 3, 3, 3, 3, 3, 3, 3, 4, 4, 5, 5]"
ONE,855,"Спец: [1, 1, 2, 3, 3, 4, 4, 4, 3, 4, 4, 4, 3, 4, 4, 5, 5] != Общий: [1, 1, 2, 3, 3, 3, 3, 3, 3, 3, 3, 3, 3, 4, 4, 5, 5]"
ONE,856,"Спец: [1, 1, 2, 2, 3, 4, 4, 4, 3, 4, 4, 4, 3, 4, 4, 5, 5] != Общий: [1, 1, 2, 2, 3, 3, 3, 3, 3, 3, 3, 3, 3, 4, 4, 5, 5]"
ONE,857,"Спец: [1, 1, 2, 2, 3, 4, 4, 4, 3, 4, 4, 4, 3, 4, 4, 5, 5] != Общий: [1, 1, 2, 2, 3, 3, 3, 3, 3, 3, 3, 3, 3, 4, 4, 5, 5]"
ONE,858,"Спец: [1, 1, 2, 2, 3, 4, 4, 4, 3, 4, 4, 4, 3, 4, 4, 5, 5] != Общий: [1, 1, 2, 2, 3, 3, 3, 3, 3, 3, 3, 3, 3, 4, 4, 5, 5]"
ONE,859,"Спец: [1, 1, 2, 2, 3, 4, 4, 4, 3, 4, 4, 4, 3, 4, 4, 5, 5] != Общий: [1, 1, 2, 2, 3, 3, 3, 3, 3, 3, 3, 3, 3, 4, 4, 5, 5]"
ONE,860,"Спец: [1, 1, 2, 2, 3, 4, 4, 4, 3, 4, 4, 4, 3, 4, 4, 5, 5] != Общий: [1, 1, 2, 2, 3, 3, 3, 3, 3, 3, 3, 3, 3, 4, 4, 5, 5]"
ONE,861,"Спец: [1, 1, 2, 2, 3, 4, 4, 4, 3, 4, 4, 4, 3, 4, 4, 5, 5] != Общий: [1, 1, 2, 2, 3, 3, 3, 3, 3, 3, 3, 3, 3, 4, 4, 5, 5]"
ONE,862,"Спец: [1, 1, 2, 2, 3, 4, 4, 4, 3, 4, 4, 4, 3, 4, 4, 5, 5] != Общий: [1, 1, 2, 2, 3, 3, 3, 3, 3, 3, 3, 3, 3, 4, 4, 5, 5]"
ONE,863,"Спец: [1, 1, 2, 2, 3, 4, 4, 4, 3, 4, 4, 4, 3, 4, 4, 5, 5] != Общий: [1, 1, 2, 2, 3, 3, 3, 3, 3, 3, 3, 3, 3, 4, 4, 5, 5]"
ONE,864,"Спец: [1, 1, 2, 2, 3, 4, 4, 4, 3, 4, 4, 4, 3, 4, 4, 5, 5] != Общий: [1, 1, 2, 2, 3, 3, 3, 3, 3, 3, 3, 3, 3, 4, 4, 5, 5]"
ONE,865,"Спец: [1, 1, 2, 2, 3, 4, 4, 4, 3, 4, 4, 4, 3, 4, 4, 5, 5] != Общий: [1, 1, 2, 2, 3, 3, 3, 3, 3, 3, 3, 3, 3, 4, 4, 5, 5]"
ONE,866,"Спец: [1, 1, 2, 2, 3, 4, 4, 4, 3, 4, 4, 4, 3, 4, 4, 5, 5] != Общий: [1, 1, 2, 2, 3, 3, 3, 3, 3, 3, 3, 3, 3, 4, 4, 5, 5]"
ONE,867,"Спец: [1, 1, 2, 2, 3, 4, 4, 4, 3, 4, 4, 4, 3, 4, 4, 5, 5] != Общий: [1, 1, 2, 2, 3, 3, 3, 3, 3, 3, 3, 3, 3, 4, 4, 5, 5]"
ONE,868,"Спец: [1, 1, 2, 2, 3, 4, 4, 4, 3, 4, 4, 4, 3, 4, 4, 5, 5] != Общий: [1, 1, 2, 2, 3, 3, 3, 3, 3, 3, 3, 3, 3, 4, 4, 5, 5]"
ONE,869,"Спец: [1, 1, 2, 2, 3, 4, 4, 4, 3, 4, 4, 4, 3, 4, 4, 5, 5] != Общий: [1, 1, 2, 2, 3, 3, 3, 3, 3, 3, 3, 3, 3, 4, 4, 5, 5]"
ONE,870,"Спец: [1, 1, 2, 2, 3, 4, 4, 4, 3, 4, 4, 4, 3, 4, 4, 5, 5] != Общий: [1, 1, 2, 2, 3, 3, 3, 3, 3, 3, 3, 3, 3, 4, 4, 5, 5]"
ONE,871,"Спец: [1, 1, 2, 2, 3, 4, 4, 4, 3, 4, 4, 4, 3, 4, 4, 5, 5] != Общий: [1, 1, 2, 2, 3, 3, 3, 3, 3, 3, 3, 3, 3, 4, 4, 5, 5]"
ONE,872,"Спец: [1, 1, 2, 2, 3, 4, 4, 4, 3, 4, 4, 4, 3, 4, 4, 5, 5] != Общий: [1, 1, 2, 2, 3, 3, 3, 3, 3, 3, 3, 3, 3, 4, 4, 5, 5]"
ONE,873,"Спец: [1, 1, 2, 2, 3, 4, 4, 4, 3, 4, 4, 4, 3, 4, 4, 5, 5] != Общий: [1, 1, 2, 2, 3, 3, 3, 3, 3, 3, 3, 3, 3, 4, 4, 5, 5]"
ONE,874,"Спец: [1, 1, 2, 2, 3, 4, 4, 4, 3, 4, 4, 4, 3, 4, 4, 5, 5] != Общий: [1, 1, 2, 2, 3, 3, 3, 3, 3, 3, 3, 3, 3, 4, 4, 5, 5]"
ONE,875,"Спец: [1, 1, 2, 2, 3, 4, 4, 4, 3, 4, 4, 4, 3, 4, 4, 5, 5] != Общий: [1, 1, 2, 2, 3, 3, 3, 3, 3, 3, 3, 3, 3, 4, 4, 5, 5]"
ONE,876,"Спец: [1, 1, 2, 2, 3, 4, 4, 4, 3, 4, 4, 4, 3, 4, 4, 5, 5] != Общий: [1, 1, 2, 2, 3, 3, 3, 3, 3, 3, 3, 3, 3, 4, 4, 5, 5]"
ONE,877,"Спец: [1, 1, 2, 2, 3, 4, 4, 4, 3, 4, 4, 4, 3, 4, 4, 5, 5] != Общий: [1, 1, 2, 2, 3, 3, 3, 3, 3, 3, 3, 3, 3, 4, 4, 5, 5]"
ONE,878,"Спец: [1, 1, 2, 2, 3, 4, 4, 4, 3, 4, 4, 4, 3, 4, 4, 5, 5] != Общий: [1, 1, 2, 2, 3, 3, 3, 3, 3, 3, 3, 3, 3, 4, 4, 5, 5]"
ONE,879,"Спец: [1, 1, 2, 2, 3, 4, 4, 4, 3, 4, 4, 4, 3, 4, 4, 5, 5] != Общий: [1, 1, 2, 2, 3, 3, 3, 3, 3, 3, 3, 3, 3, 4, 4, 5, 5]"
ONE,880,"Спец: [1, 1, 2, 2, 3, 4, 4, 4, 3, 4, 4, 4, 3, 4, 4, 5, 5] != Общий: [1, 1, 2, 2, 3, 3, 3, 3, 3, 3, 3, 3, 3, 4, 4, 5, 5]"
ONE,881,"Спец: [1, 1, 2, 2, 3, 4, 4, 4, 3, 4, 4, 4, 3, 4, 4, 5, 5] != Общий: [1, 1, 2, 2, 3, 3, 3, 3, 3, 3, 3, 3, 3, 4, 4, 5, 5]"
ONE,882,"Спец: [1, 1, 2, 2, 3, 4, 4, 4, 3, 4, 4, 4, 3, 4, 4, 5, 5] != Общий: [1, 1, 2, 2, 3, 3, 3, 3, 3, 3, 3, 3, 3, 4, 4, 5, 5]"
ONE,883,"Спец: [1, 1, 2, 2, 3, 4, 4, 4, 3, 4, 4, 4, 3, 4, 4, 5, 5] != Общий: [1, 1, 2, 2, 3, 3, 3, 3, 3, 3, 3, 3, 3, 4, 4, 5, 5]"
ONE,884,"Спец: [1, 1, 2, 2, 3, 4, 4, 4, 3, 4, 4, 4, 3, 4, 4, 5, 5] != Общий: [1, 1, 2, 2, 3, 3, 3, 3, 3, 3, 3, 3, 3, 4, 4, 5, 5]"
ONE,885,"Спец: [1, 1, 2, 2, 3, 4, 4, 4, 3, 4, 4, 4, 3, 4, 4, 5, 5] != Общий: [1, 1, 2, 2, 3, 3, 3, 3, 3, 3, 3, 3, 3, 4, 4, 5, 5]"
ONE,886,"Спец: [1, 1, 2, 2, 3, 4, 4, 4, 3, 4, 4, 4, 3, 4, 4, 5, 5] != Общий: [1, 1, 2, 2, 3, 3, 3, 3, 3, 3, 3, 3, 3, 4, 4, 5, 5]"
ONE,887,"Спец: [1, 1, 2, 2, 3, 4, 4, 4, 3, 4, 4, 4, 3, 4, 4, 5, 5] != Общий: [1, 1, 2, 2, 3, 3, 3, 3, 3, 3, 3, 3, 3, 4, 4, 5, 5]"
ONE,888,"Спец: [1, 1, 2, 2, 3, 4, 4, 4, 3, 4, 4, 4, 3, 4, 4, 5, 5] != Общий: [1, 1, 2, 2, 3, 3, 3, 3, 3, 3, 3, 3, 3, 4, 4, 5, 5]"
ONE,889,"Спец: [1, 1, 2, 2, 3, 4, 4, 4, 3, 4, 4, 4, 3, 4, 4, 5, 5] != Общий: [1, 1, 2, 2, 3, 3, 3, 3, 3, 3, 3, 3, 3, 4, 4, 5, 5]"
ONE,890,"Спец: [1, 1, 2, 2, 3, 4, 4, 4, 3, 4, 4, 4, 3, 4, 4, 5, 5] != Общий: [1, 1, 2, 2, 3, 3, 3, 3, 3, 3, 3, 3, 3, 4, 4, 5, 5]"
ONE,891,"Спец: [1, 1, 2, 2, 3, 4, 4, 4, 3, 4, 4, 4, 3, 4, 4, 5, 5] != Общий: [1, 1, 2, 2, 3, 3, 3, 3, 3, 3, 3, 3, 3, 4, 4, 5, 5]"
ONE,892,"Спец: [1, 1, 2, 2, 3, 4, 4, 4, 3, 4, 4, 4, 3, 4, 4, 5, 5] != Общий: [1, 1, 2, 2, 3, 3, 3, 3, 3, 3, 3, 3, 3, 4, 4, 5, 5]"
ONE,893,"Спец: [1, 1, 2, 2, 3, 4, 4, 4, 3, 4, 4, 4, 3, 4, 4, 5, 5] != Общий: [1, 1, 2, 2, 3, 3, 3, 3, 3, 3, 3, 3, 3, 4, 4, 5, 5]"
ONE,894,"Спец: [1, 1, 2, 2, 3, 4, 4, 4, 3, 4, 4, 4, 3, 4, 4, 5, 5] != Общий: [1, 1, 2, 2, 3, 3, 3, 3, 3, 3, 3, 3, 3, 4, 4, 5, 5]"
ONE,895,"Спец: [1, 1, 2, 2, 3, 4, 4, 4, 3, 4, 4, 4, 3, 4, 4, 5, 5] != Общий: [1, 1, 2, 2, 3, 3, 3, 3, 3, 3, 3, 3, 3, 4, 4, 5, 5]"
ONE,896,"Спец: [1, 1, 2, 2, 3, 4, 4, 4, 3, 4, 4, 4, 3, 4, 4, 5, 5] != Общий: [1, 1, 2, 2, 3, 3, 3, 3, 3, 3, 3, 3, 3, 4, 4, 5, 5]"
ONE,897,"Спец: [1, 1, 2, 2, 3, 4, 4, 4, 3, 4, 4, 4, 3, 4, 4, 5, 5] != Общий: [1, 1, 2, 2, 3, 3, 3, 3, 3, 3, 3, 3, 3, 4, 4, 5, 5]"
ONE,898,"Спец: [1, 1, 2, 2, 3, 4, 4, 4, 3, 4, 4, 4, 3, 4, 4, 5, 5] != Общий: [1, 1, 2, 2, 3, 3, 3, 3, 3, 3, 3, 3, 3, 4, 4, 5, 5]"
ONE,899,"Спец: [1, 1, 2, 2, 3, 4, 4, 4, 3, 4, 4, 4, 3, 4, 4, 5, 5] != Общий: [1, 1, 2, 2, 3, 3, 3, 3, 3, 3, 3, 3, 3, 4, 4, 5, 5]"
ONE,900,"Спец: [1, 1, 2, 2, 3, 4, 4, 4, 3, 4, 4, 4, 3, 4, 4, 5, 5] != Общий: [1, 1, 2, 2, 3, 3, 3, 3, 3, 3, 3, 3, 3, 4, 4, 5, 5]"
ONE,901,"Спец: [1, 1, 2, 2, 3, 4, 4, 4, 3, 4, 4, 4, 3, 4, 4, 5, 5] != Общий: [1, 1, 2, 2, 3, 3, 3, 3, 3, 3, 3, 3, 3, 4, 4, 5, 5]"
ONE,902,"Спец: [1, 1, 2, 2, 3, 4, 4, 4, 3, 4, 4, 4, 3, 4, 4, 5, 5] != Общий: [1, 1, 2, 2, 3, 3, 3, 3, 3, 3, 3, 3, 3, 4, 4, 5, 5]"
ONE,903,"Спец: [1, 1, 2, 2, 3, 4, 4, 4, 3, 4, 4, 4, 3, 4, 4, 5, 5] != Общий: [1, 1, 2, 2, 3, 3, 3, 3, 3, 3, 3, 3, 3, 4, 4, 5, 5]"
ONE,904,"Спец: [1, 1, 2, 2, 3, 4, 4, 4, 3, 4, 4, 4, 3, 4, 4, 5, 5] != Общий: [1, 1, 2, 2, 3, 3, 3, 3, 3, 3, 3, 3, 3, 4, 4, 5, 5]"
ONE,905,"Спец: [1, 1, 2, 2, 3, 4, 4, 3, 4, 4, 3, 4, 4, 5, 5] != Общий: [1, 1, 2, 2, 3, 3, 3, 3, 3, 3, 3, 4, 4, 5, 5]"
ONE,906,"Спец: [1, 1, 2, 2, 3, 4, 4, 4, 3, 4, 4, 5, 5] != Общий: [1, 1, 2, 2, 3, 3, 3, 3, 3, 4, 4, 5, 5]"
ONE,910,"Спец: [1, 1, 2, 2, 3, 4, 4, 4, 3, 4, 4, 5, 5] != Общий: [1, 1, 2, 3, 3, 3, 3, 3, 3, 4, 4, 5, 5]"
ONE,913,"Спец: [1, 1, 2, 2, 3, 4, 4, 4, 3, 4, 4, 5, 5] != Общий: [1, 1, 2, 2, 3, 4, 4, 5, 5, 5, 5, 5, 5]"
ONE,914,"Спец: [1, 1, 2, 2, 3, 4, 4, 4, 3, 4, 4, 5, 5] != Общий: [1, 1, 2, 2, 3, 4, 4, 5, 5, 5, 5, 5, 5]"
ONE,915,"Спец: [1, 1, 2, 2, 3, 4, 4, 4, 3, 4, 4, 4, 3, 4, 4, 5, 5] != Общий: [1, 1, 2, 3, 3, 3, 3, 3, 3, 4, 4, 5, 5, 5, 5, 5, 5]"
ONE,916,"Спец: [1, 1, 2, 2, 3, 4, 4, 4, 3, 4, 4, 5, 5] != Общий: [1, 1, 2, 2, 3, 4, 4, 5, 5, 5, 5, 5, 5]"
ONE,917,"Спец: [1, 1, 2, 2, 3, 4, 4, 3, 4, 4, 3, 4, 4, 5, 5] != Общий: [1, 1, 2, 2, 3, 3, 3, 3, 3, 3, 3, 4, 4, 5, 5]"
ONE,920,"Спец: [1, 1, 2, 2, 2, 3, 4, 4, 3, 4, 5, 5, 5] != Общий: [1, 1, 2, 3, 3, 3, 3, 3, 3, 4, 5, 5, 4]"
ONE,923,"Спец: [1, 1, 2, 2, 3, 4, 4, 4, 3, 4, 4, 5, 5] != Общий: [1, 1, 2, 2, 3, 3, 3, 3, 3, 4, 4, 5, 5]"
ONE,924,"Спец: [1, 1, 2, 2, 3, 4, 4, 4, 3, 4, 4, 5, 5] != Общий: [1, 1, 2, 2, 3, 4, 4, 5, 5, 5, 5, 5, 5]"
ONE,926,"Спец: [1, 1, 2, 2, 3, 4, 4, 4, 3, 4, 4, 5, 5] != Общий: [1, 1, 2, 2, 3, 3, 3, 3, 3, 4, 4, 5, 5]"
ONE,930,"Спец: [1, 1, 2, 2, 3, 4, 4, 4, 3, 4, 4, 5, 5] != Общий: [1, 1, 2, 2, 3, 4, 4, 5, 5, 5, 5, 5, 5]"
ONE,931,"Спец: [1, 1, 2, 2, 3, 4, 3, 4, 4, 4, 3, 4, 4, 4, 3, 4, 4, 5, 5] != Общий: [1, 1, 2, 2, 3, 3, 3, 3, 3, 3, 3, 3, 3, 3, 3, 4, 4, 5, 5]"
ONE,932,"Спец: [1, 1, 2, 2, 3, 4, 4, 4, 3, 4, 4, 5, 5] != Общий: [1, 1, 2, 2, 3, 3, 3, 3, 3, 4, 4, 5, 5]"
ONE,933,"Спец: [1, 1, 2, 2, 3, 4, 4, 4, 3, 4, 4, 5, 5, 5, 5] != Общий: [1, 1, 2, 2, 3, 3, 3, 3, 3, 4, 4, 5, 5, 5, 5]"
ONE,935,"Спец: [1, 1, 2, 2, 3, 4, 4, 4, 3, 4, 4, 4, 3, 4, 4, 5, 5] != Общий: [1, 1, 2, 2, 3, 3, 3, 3, 3, 4, 4, 5, 5, 5, 5, 5, 5]"
ONE,940,"Спец: [1, 1, 2, 2, 3, 4, 4, 4, 3, 4, 4, 5, 5] != Общий: [1, 1, 2, 2, 3, 3, 3, 3, 3, 4, 4, 5, 5]"
ONE,943,"Спец: [1, 1, 2, 2, 3, 4, 4, 4, 3, 4, 4, 5, 5] != Общий: [1, 1, 2, 2, 3, 4, 4, 5, 5, 5, 5, 5, 5]"
ONE,944,"Спец: [1, 1, 2, 2, 3, 4, 4, 4, 3, 4, 4, 5, 5] != Общий: [1, 1, 2, 2, 3, 4, 4, 5, 5, 5, 5, 5, 5]"
ONE,945,"Спец: [1, 1, 2, 2, 3, 4, 4, 4, 3, 4, 4, 5, 5] != Общий: [1, 1, 2, 2, 3, 4, 4, 5, 5, 5, 5, 5, 5]"
ONE,947,"Спец: [1, 1, 2, 2, 3, 4, 4, 4, 3, 4, 4, 5, 5] != Общий: [1, 1, 2, 2, 3, 4, 4, 5, 5, 5, 5, 5, 5]"
ONE,948,"Спец: [1, 1, 2, 2, 3, 4, 4, 4, 3, 4, 4, 5, 5] != Общий: [1, 1, 2, 2, 3, 4, 4, 5, 5, 5, 5, 5, 5]"
ONE,951,"Спец: [1, 1, 2, 2, 3, 4, 4, 4, 3, 4, 4, 4, 3, 4, 4, 4, 3, 4, 4, 5, 5] != Общий: [1, 1, 2, 2, 3, 3, 3, 3, 3, 3, 3, 3, 3, 4, 4, 5, 5, 5, 5, 5, 5]"
ONE,954,"Спец: [1, 1, 2, 2, 3, 4, 4, 3, 4, 4, 3, 4, 4, 4, 3, 4, 4, 5, 5, 5] != Общий: [1, 1, 2, 2, 3, 3, 3, 3, 3, 3, 3, 4, 4, 5, 5, 5, 5, 5, 5, 5]"
ONE,956,"Спец: [1, 1, 2, 2, 3, 4, 4, 4, 3, 4, 4, 4, 3, 4, 4, 5, 5] != Общий: [1, 1, 2, 2, 2, 2, 2, 2, 3, 3, 3, 3, 3, 4, 4, 5, 5]"
ONE,957,"Спец: [1, 1, 2, 2, 3, 4, 4, 4, 3, 4, 4, 5, 5] != Общий: [1, 1, 2, 2, 3, 4, 4, 5, 5, 5, 5, 5, 5]"
ONE,960,"Спец: [1, 1, 2, 2, 3, 4, 4, 4, 3, 4, 4, 5, 5] != Общий: [1, 1, 2, 2, 3, 3, 3, 3, 3, 4, 4, 5, 5]"
ONE,961,"Спец: [1, 1, 2, 2, 3, 4, 4, 4, 3, 4, 4, 3, 4, 4, 3, 4, 4, 5, 5] != Общий: [1, 1, 2, 2, 3, 3, 3, 3, 3, 3, 3, 3, 3, 3, 3, 4, 4, 5, 5]"
ONE,962,"Спец: [1, 1, 2, 2, 2, 3, 3, 4, 4, 3, 4, 4, 5, 5] != Общий: [1, 1, 2, 2, 2, 2, 2, 2, 2, 3, 4, 4, 5, 5]"
ONE,963,"Спец: [1, 1, 2, 2, 3, 4, 4, 4, 3, 4, 4, 5, 5] != Общий: [1, 1, 2, 2, 3, 3, 3, 3, 3, 4, 4, 5, 5]"
ONE,964,"Спец: [1, 1, 2, 2, 2, 3, 4, 4, 4, 3, 4, 4, 5, 5] != Общий: [1, 1, 2, 2, 2, 2, 2, 2, 2, 3, 4, 4, 5, 5]"
ONE,965,"Спец: [1, 1, 2, 2, 3, 4, 4, 4, 3, 4, 4, 4, 3, 4, 4, 5, 5] != Общий: [1, 1, 2, 3, 3, 3, 3, 3, 3, 3, 3, 3, 3, 4, 4, 5, 5]"
ONE,967,"Спец: [1, 1, 2, 2, 3, 4, 4, 4, 3, 4, 4, 5, 5] != Общий: [1, 1, 2, 2, 3, 3, 3, 3, 3, 4, 4, 5, 5]"
ONE,968,"Спец: [1, 1, 2, 2, 3, 4, 4, 4, 3, 4, 4, 5, 5] != Общий: [1, 1, 2, 2, 3, 3, 3, 3, 3, 4, 4, 5, 5]"
ONE,972,"Спец: [1, 1, 1, 2, 2, 3, 4, 4, 4, 3, 4, 4, 3, 4, 4, 3, 4, 4, 5, 5] != Общий: [1, 1, 1, 2, 2, 2, 2, 2, 2, 3, 3, 3, 3, 3, 3, 3, 4, 4, 5, 5]"
ONE,973,"Спец: [1, 1, 1, 2, 2, 3, 4, 4, 4, 3, 4, 4, 5, 5] != Общий: [1, 1, 1, 2, 3, 3, 3, 3, 3, 3, 4, 4, 5, 5]"
ONE,975,"Спец: [1, 1, 1, 2, 2, 3, 4, 4, 4, 3, 4, 4, 5, 5] != Общий: [1, 1, 1, 2, 2, 2, 2, 2, 2, 3, 4, 4, 5, 5]"
ONE,976,"Спец: [1, 1, 2, 2, 3, 4, 4, 4, 3, 4, 4, 5, 5] != Общий: [1, 1, 2, 2, 3, 3, 3, 3, 3, 4, 4, 5, 5]"
ONE,977,"Спец: [1, 1, 2, 2, 3, 4, 4, 4, 3, 4, 4, 5, 5] != Общий: [1, 1, 2, 2, 3, 3, 3, 3, 3, 4, 4, 5, 5]"
ONE,979,"Спец: [1, 1, 2, 2, 3, 4, 4, 4, 3, 4, 4, 5, 5] != Общий: [1, 1, 2, 2, 3, 3, 3, 3, 3, 4, 4, 5, 5]"
ONE,980,"Спец: [1, 1, 2, 2, 3, 4, 4, 4, 3, 4, 4, 5, 5] != Общий: [1, 1, 2, 2, 3, 3, 3, 3, 3, 4, 4, 5, 5]"
ONE,981,"Спец: [1, 1, 1, 2, 2, 3, 4, 4, 4, 3, 4, 4, 5, 5] != Общий: [1, 1, 1, 2, 2, 2, 2, 2, 2, 3, 4, 4, 5, 5]"
ONE,983,"Спец: [1, 1, 1, 2, 2, 3, 4, 4, 4, 3, 4, 4, 5, 5] != Общий: [1, 1, 1, 2, 2, 2, 2, 2, 2, 3, 4, 4, 5, 5]"
ONE,984,"Спец: [1, 1, 1, 2, 2, 3, 4, 4, 4, 3, 4, 4, 4, 3, 4, 4, 5, 5] != Общий: [1, 1, 1, 2, 2, 2, 2, 2, 2, 3, 3, 3, 3, 3, 4, 4, 5, 5]"
ONE,985,"Спец: [1, 1, 2, 2, 3, 4, 4, 4, 3, 4, 4, 5, 5] != Общий: [1, 1, 2, 2, 2, 2, 2, 2, 3, 4, 4, 5, 5]"
ONE,987,"Спец: [1, 1, 2, 2, 3, 4, 4, 4, 3, 4, 4, 5, 5] != Общий: [1, 1, 2, 2, 2, 2, 2, 2, 3, 4, 4, 5, 5]"
ONE,988,"Спец: [1, 1, 2, 2, 3, 4, 4, 4, 3, 4, 4, 5, 5] != Общий: [1, 1, 2, 2, 2, 2, 2, 2, 3, 4, 4, 5, 5]"
ONE,989,"Спец: [1, 1, 2, 2, 3, 4, 4, 4, 3, 4, 4, 5, 5] != Общий: [1, 1, 2, 2, 3, 3, 3, 3, 3, 4, 4, 5, 5]"
ONE,990,"Спец: [1, 1, 1, 2, 2, 3, 4, 4, 4, 3, 4, 3, 4, 4, 4, 3, 4, 4, 5, 5] != Общий: [1, 1, 1, 2, 2, 2, 2, 2, 2, 3, 3, 3, 3, 3, 3, 3, 4, 4, 5, 5]"
ONE,991,"Спец: [1, 1, 2, 2, 3, 4, 4, 4, 3, 4, 4, 5, 5] != Общий: [1, 1, 2, 2, 3, 3, 3, 3, 3, 4, 4, 5, 5]"
ONE,993,"Спец: [1, 1, 2, 2, 3, 4, 4, 4, 3, 4, 4, 5, 5] != Общий: [1, 1, 2, 2, 2, 2, 2, 2, 3, 4, 4, 5, 5]"
ONE,994,"Спец: [1, 1, 1, 2, 2, 3, 4, 4, 4, 3, 4, 4, 4, 3, 4, 4, 5, 5] != Общий: [1, 1, 1, 2, 2, 2, 2, 2, 2, 3, 3, 3, 3, 3, 4, 4, 5, 5]"
ONE,995,"Спец: [1, 1, 2, 2, 3, 4, 4, 4, 3, 4, 4, 5, 5] != Общий: [1, 1, 2, 2, 3, 3, 3, 3, 3, 4, 4, 5, 5]"
ONE,996,"Спец: [1, 1, 2, 2, 3, 4, 4, 4, 3, 4, 4, 5, 5] != Общий: [1, 1, 2, 2, 3, 3, 3, 3, 3, 4, 4, 5, 5]"
ONE,997,"Спец: [1, 1, 1, 2, 2, 3, 3, 4, 4, 3, 4, 4, 4, 3, 4, 4, 5, 5] != Общий: [1, 1, 1, 2, 2, 2, 2, 2, 2, 3, 3, 3, 3, 3, 4, 4, 5, 5]"
OOCL,0,"Спец: [1, 4] != Общий: [1, 1]"
OOCL,2,"Спец: [1, 5] != Общий: [1, 1]"
OOCL,3,"Спец: [1, 5] != Общий: [1, 1]"
OOCL,4,"Спец: [1, 2] != Общий: [1, 1]"
OOCL,5,"Спец: [1, 5] != Общий: [1, 1]"
OOCL,15,"Спец: [1, 4] != Общий: [1, 3]"
OOCL,18,"Спец: [1, 4] != Общий: [1, 3]"
OOCL,19,"Спец: [1, 4] != Общий: [1, 1]"
OOCL,20,"Спец: [1, 4] != Общий: [1, 1]"
OOCL,21,"Спец: [1, 5] != Общий: [1, 1]"
OOCL,22,"Спец: [1, 5] != Общий: [1, 1]"
OOCL,24,"Спец: [1, 5] != Общий: [1, 1]"
OOCL,25,"Спец: [1, 5] != Общий: [1, 1]"
OOCL,26,"Спец: [1, 4] != Общий: [1, 3]"
OOCL,27,"Спец: [1, 2] != Общий: [1, 1]"
OOCL,31,"Спец: [1, 2] != Общий: [1, 1]"
OOCL,32,"Спец: [1, 2] != Общий: [1, 1]"
OOCL,33,"Спец: [1, 4] != Общий: [1, 3]"
OOCL,40,"Спец: [1, 2] != Общий: [1, 1]"
OOCL,41,"Спец: [1, 2] != Общий: [1, 1]"
OOCL,42,"Спец: [1, 2] != Общий: [1, 1]"
OOCL,47,"Спец: [1, 2] != Общий: [1, 1]"
OOCL,48,"Спец: [1, 2] != Общий: [1, 1]"
OOCL,49,"Спец: [1, 2] != Общий: [1, 1]"
OOCL,54,"Спец: [1, 2] != Общий: [1, 1]"
OOCL,58,"Спец: [1, 5] != Общий: [1, 1]"
OOCL,59,"Спец: [1, 2] != Общий: [1, 1]"
OOCL,61,"Спец: [1, 5] != Общий: [1, 1]"
OOCL,62,"Спец: [1, 2] != Общий: [1, 1]"
OOCL,63,"Спец: [1] != Общий: [1, 1]"
OOCL,64,"Спец: [1, 2] != Общий: [1, 1]"
OOCL,67,"Спец: [1, 4] != Общий: [1, 3]"
OOCL,68,"Спец: [1] != Общий: [1, 1]"
OOCL,69,"Спец: [1] != Общий: [1, 1]"
OOCL,70,"Спец: [1, 2] != Общий: [1, 1]"
OOCL,74,"Спец: [1] != Общий: [1, 1]"
OOCL,75,"Спец: [1, 4] != Общий: [1, 3]"
OOCL,78,"Спец: [1, 4] != Общий: [1, 3]"
OOCL,80,"Спец: [1, 5] != Общий: [1, 1]"
OOCL,81,"Спец: [1] != Общий: [1, 1]"
OOCL,85,"Спец: [1, 4] != Общий: [1, 3]"
OOCL,86,"Спец: [1] != Общий: [1, 1]"
OOCL,87,"Спец: [1] != Общий: [1, 1]"
OOCL,89,"Спец: [1, 5] != Общий: [1, 1]"
OOCL,90,"Спец: [1, 4] != Общий: [1, 3]"
OOCL,91,"Спец: [1, 5] != Общий: [1, 1]"
OOCL,94,"Спец: [1] != Общий: [1, 1]"
OOCL,95,"Спец: [1, 4] != Общий: [1, 3]"
OOCL,96,"Спец: [1] != Общий: [1, 1]"
OOCL,97,"Спец: [1] != Общий: [1, 1]"
OOCL,100,"Спец: [1] != Общий: [1, 1]"
OOCL,101,"Спец: [1, 4] != Общий: [1, 3]"
OOCL,102,"Спец: [1, 5] != Общий: [1, 1]"
OOCL,103,"Спец: [1] != Общий: [1, 1]"
OOCL,104,"Спец: [1, 2] != Общий: [1, 1]"
OOCL,105,"Спец: [1, 2] != Общий: [1, 1]"
OOCL,106,"Спец: [1] != Общий: [1, 1]"
OOCL,107,"Спец: [1, 5] != Общий: [1, 1]"
OOCL,108,"Спец: [1] != Общий: [1, 1]"
OOCL,109,"Спец: [1] != Общий: [1, 1]"
OOCL,110,"Спец: [1, 2] != Общий: [1, 1]"
OOCL,111,"Спец: [1, 2] != Общий: [1, 1]"
OOCL,113,"Спец: [1, 5] != Общий: [1, 1]"
OOCL,114,"Спец: [1] != Общий: [1, 1]"
OOCL,116,"Спец: [1, 2] != Общий: [1, 1]"
OOCL,117,"Спец: [1, 4] != Общий: [1, 3]"
OOCL,118,"Спец: [1, 5] != Общий: [1, 1]"
OOCL,120,"Спец: [1, 2] != Общий: [1, 1]"
OOCL,121,"Спец: [1, 4] != Общий: [1, 3]"
OOCL,125,"Спец: [1, 4] != Общий: [1, 3]"
OOCL,126,"Спец: [1, 2] != Общий: [1, 1]"
OOCL,127,"Спец: [1, 2] != Общий: [1, 1]"
OOCL,128,"Спец: [1, 4] != Общий: [1, 3]"
OOCL,133,"Спец: [1, 4] != Общий: [1, 3]"
OOCL,134,"Спец: [1, 4] != Общий: [1, 3]"
OOCL,135,"Спец: [1] != Общий: [1, 1]"
OOCL,137,"Спец: [1, 2] != Общий: [1, 1]"
OOCL,138,"Спец: [1, 2] != Общий: [1, 1]"
OOCL,139,"Спец: [1, 4] != Общий: [1, 3]"
OOCL,140,"Спец: [1, 4] != Общий: [1, 3]"
OOCL,141,"Спец: [1, 2] != Общий: [1, 1]"
OOCL,142,"Спец: [1] != Общий: [1, 1]"
OOCL,143,"Спец: [1, 4] != Общий: [1, 3]"
OOCL,144,"Спец: [1, 5] != Общий: [1, 1]"
OOCL,145,"Спец: [1] != Общий: [1, 1]"
OOCL,146,"Спец: [1] != Общий: [1, 1]"
OOCL,147,"Спец: [1] != Общий: [1, 1]"
OOCL,148,"Спец: [1] != Общий: [1, 1]"
OOCL,152,"Спец: [1, 5] != Общий: [1, 1]"
OOCL,154,"Спец: [1, 4] != Общий: [1, 3]"
OOCL,155,"Спец: [1] != Общий: [1, 1]"
OOCL,156,"Спец: [1, 5] != Общий: [1, 1]"
OOCL,159,"Спец: [1, 2] != Общий: [1, 1]"
OOCL,161,"Спец: [1, 4] != Общий: [1, 3]"
OOCL,164,"Спец: [1, 2] != Общий: [1, 1]"
OOCL,165,"Спец: [1, 4] != Общий: [1, 3]"
OOCL,166,"Спец: [1] != Общий: [1, 1]"
OOCL,170,"Спец: [1, 5] != Общий: [1, 1]"
OOCL,171,"Спец: [1, 2] != Общий: [1, 1]"
OOCL,172,"Спец: [1, 2] != Общий: [1, 1]"
OOCL,173,"Спец: [1, 2] != Общий: [1, 1]"
OOCL,175,"Спец: [1, 4] != Общий: [1, 1]"
OOCL,180,"Спец: [1, 4] != Общий: [1, 3]"
OOCL,181,"Спец: [1] != Общий: [1, 1]"
OOCL,182,"Спец: [1, 2] != Общий: [1, 1]"
OOCL,184,"Спец: [1, 5] != Общий: [1, 1]"
OOCL,186,"Спец: [1] != Общий: [1, 1]"
OOCL,187,"Спец: [1, 2] != Общий: [1, 1]"
OOCL,188,"Спец: [1, 2] != Общий: [1, 1]"
OOCL,189,"Спец: [1, 2] != Общий: [1, 1]"
OOCL,190,"Спец: [1, 2] != Общий: [1, 3]"
OOCL,192,"Спец: [1, 5] != Общий: [1, 1]"
OOCL,193,"Спец: [1, 5] != Общий: [1, 1]"
OOCL,194,"Спец: [1, 5] != Общий: [1, 1]"
OOCL,195,"Спец: [1, 4] != Общий: [1, 1]"
OOCL,196,"Спец: [1, 4] != Общий: [1, 3]"
OOCL,198,"Спец: [1, 4] != Общий: [1, 3]"
OOCL,199,"Спец: [1] != Общий: [1, 1]"
OOCL,200,"Спец: [1] != Общий: [1, 1]"
OOCL,201,"Спец: [1] != Общий: [1, 1]"
OOCL,202,"Спец: [1, 4] != Общий: [1, 1]"
OOCL,203,"Спец: [1] != Общий: [1, 1]"
OOCL,204,"Спец: [1] != Общий: [1, 1]"
OOCL,205,"Спец: [1, 4] != Общий: [1, 3]"
OOCL,206,"Спец: [1, 2] != Общий: [1, 1]"
OOCL,207,"Спец: [1] != Общий: [1, 1]"
OOCL,208,"Спец: [1, 5] != Общий: [1, 1]"
OOCL,210,"Спец: [1, 4] != Общий: [1, 3]"
OOCL,211,"Спец: [1, 4] != Общий: [1, 3]"
OOCL,212,"Спец: [1, 4] != Общий: [1, 1]"
OOCL,213,"Спец: [1] != Общий: [1, 1]"
OOCL,214,"Спец: [1] != Общий: [1, 1]"
OOCL,215,"Спец: [1] != Общий: [1, 1]"
OOCL,216,"Спец: [1, 2] != Общий: [1, 1]"
OOCL,218,"Спец: [1, 4] != Общий: [1, 3]"
OOCL,219,"Спец: [1, 2] != Общий: [1, 1]"
OOCL,221,"Спец: [1] != Общий: [1, 1]"
OOCL,222,"Спец: [1, 2] != Общий: [1, 1]"
OOCL,223,"Спец: [1, 5] != Общий: [1, 1]"
OOCL,226,"Спец: [1, 4] != Общий: [1, 3]"
OOCL,229,"Спец: [1, 2] != Общий: [1, 1]"
OOCL,230,"Спец: [1, 3] != Общий: [1, 1]"
OOCL,231,"Спец: [1, 2] != Общий: [1, 1]"
OOCL,232,"Спец: [1] != Общий: [1, 1]"
OOCL,233,"Спец: [1, 5] != Общий: [1, 1]"
OOCL,236,"Спец: [1] != Общий: [1, 1]"
OOCL,237,"Спец: [1, 5] != Общий: [1, 1]"
OOCL,238,"Спец: [1, 5] != Общий: [1, 1]"
OOCL,243,"Спец: [1, 5] != Общий: [1, 1]"
OOCL,244,"Спец: [1, 4] != Общий: [1, 3]"
OOCL,245,"Спец: [1, 2] != Общий: [1, 1]"
OOCL,246,"Спец: [1, 5] != Общий: [1, 1]"
OOCL,247,"Спец: [1, 5] != Общий: [1, 1]"
OOCL,248,"Спец: [1, 5] != Общий: [1, 1]"
OOCL,249,"Спец: [1, 5] != Общий: [1, 1]"
OOCL,250,"Спец: [1, 2] != Общий: [1, 1]"
OOCL,251,"Спец: [1, 2] != Общий: [1, 1]"
OOCL,252,"Спец: [1, 4] != Общий: [1, 3]"
OOCL,253,"Спец: [1, 2] != Общий: [1, 3]"
OOCL,254,"Спец: [1, 2] != Общий: [1, 1]"
OOCL,256,"Спец: [1, 2] != Общий: [1, 3]"
OOCL,257,"Спец: [1, 2] != Общий: [1, 1]"
OOCL,261,"Спец: [1, 2] != Общий: [1, 1]"
OOCL,262,"Спец: [1, 4] != Общий: [1, 3]"
OOCL,263,"Спец: [1, 4] != Общий: [1, 3]"
OOCL,269,"Спец: [1, 5] != Общий: [1, 1]"
OOCL,271,"Спец: [1] != Общий: [1, 1]"
OOCL,273,"Спец: [1, 5] != Общий: [1, 1]"
OOCL,274,"Спец: [1, 4] != Общий: [1, 3]"
OOCL,281,"Спец: [1] != Общий: [1, 1]"
OOCL,287,"Спец: [1, 5] != Общий: [1, 1]"
OOCL,289,"Спец: [1] != Общий: [1, 1]"
OOCL,291,"Спец: [1, 2] != Общий: [1, 1]"
OOCL,292,"Спец: [1] != Общий: [1, 1]"
OOCL,293,"Спец: [1, 5] != Общий: [1, 1]"
OOCL,295,"Спец: [1] != Общий: [1, 1]"
OOCL,297,"Спец: [1, 4] != Общий: [1, 1]"
OOCL,298,"Спец: [1] != Общий: [1, 1]"
OOCL,302,"Спец: [1] != Общий: [1, 1]"
OOCL,303,"Спец: [1, 5] != Общий: [1, 1]"
OOCL,304,"Спец: [1, 4] != Общий: [1, 1]"
OOCL,305,"Спец: [1, 2] != Общий: [1, 1]"
OOCL,306,"Спец: [1] != Общий: [1, 1]"
OOCL,307,"Спец: [1, 2] != Общий: [1, 3]"
OOCL,308,"Спец: [1, 3] != Общий: [1, 1]"
OOCL,309,"Спец: [1, 3] != Общий: [1, 1]"
OOCL,310,"Спец: [1, 3] != Общий: [1, 1]"
OOCL,313,"Спец: [1, 2] != Общий: [1, 3]"
OOCL,314,"Спец: [1] != Общий: [1, 1]"
OOCL,315,"Спец: [1, 2] != Общий: [1, 1]"
OOCL,316,"Спец: [1, 2] != Общий: [1, 1]"
OOCL,317,"Спец: [1, 2] != Общий: [1, 1]"
OOCL,318,"Спец: [1, 4] != Общий: [1, 1]"
OOCL,319,"Спец: [1] != Общий: [1, 1]"
OOCL,320,"Спец: [1, 5] != Общий: [1, 1]"
OOCL,321,"Спец: [1, 4] != Общий: [1, 1]"
OOCL,322,"Спец: [1, 5] != Общий: [1, 1]"
OOCL,323,"Спец: [1] != Общий: [1, 1]"
OOCL,324,"Спец: [1, 5] != Общий: [1, 1]"
OOCL,325,"Спец: [1, 2] != Общий: [1, 1]"
OOCL,326,"Спец: [1] != Общий: [1, 1]"
OOCL,327,"Спец: [1, 5] != Общий: [1, 1]"
OOCL,328,"Спец: [1, 5] != Общий: [1, 1]"
OOCL,329,"Спец: [1, 5] != Общий: [1, 1]"
OOCL,330,"Спец: [1, 5] != Общий: [1, 1]"
OOCL,331,"Спец: [1, 2] != Общий: [1, 3]"
OOCL,332,"Спец: [1, 5] != Общий: [1, 1]"
OOCL,333,"Спец: [1, 5] != Общий: [1, 1]"
OOCL,334,"Спец: [1, 5] != Общий: [1, 1]"
OOCL,335,"Спец: [1, 5] != Общий: [1, 1]"
OOCL,336,"Спец: [1, 5] != Общий: [1, 1]"
OOCL,337,"Спец: [1, 2] != Общий: [1, 3]"
OOCL,338,"Спец: [1] != Общий: [1, 1]"
OOCL,339,"Спец: [1, 4] != Общий: [1, 3]"
OOCL,340,"Спец: [1, 4] != Общий: [1, 3]"
OOCL,341,"Спец: [1, 4] != Общий: [1, 3]"
OOCL,342,"Спец: [1, 4] != Общий: [1, 3]"
OOCL,343,"Спец: [1, 4] != Общий: [1, 1]"
OOCL,344,"Спец: [1, 4] != Общий: [1, 3]"
OOCL,345,"Спец: [1, 4] != Общий: [1, 3]"
OOCL,346,"Спец: [1, 4] != Общий: [1, 3]"
OOCL,347,"Спец: [1, 4] != Общий: [1, 3]"
OOCL,348,"Спец: [1] != Общий: [1, 1]"
OOCL,349,"Спец: [1, 4] != Общий: [1, 3]"
OOCL,350,"Спец: [1, 4] != Общий: [1, 3]"
OOCL,351,"Спец: [1] != Общий: [1, 1]"
OOCL,352,"Спец: [1, 4] != Общий: [1, 3]"
OOCL,353,"Спец: [1, 4] != Общий: [1, 1]"
OOCL,354,"Спец: [1] != Общий: [1, 1]"
OOCL,355,"Спец: [1] != Общий: [1, 1]"
OOCL,356,"Спец: [1, 4] != Общий: [1, 3]"
OOCL,357,"Спец: [1, 4] != Общий: [1, 3]"
OOCL,358,"Спец: [1, 2] != Общий: [1, 1]"
OOCL,359,"Спец: [1, 4] != Общий: [1, 3]"
OOCL,360,"Спец: [1, 5] != Общий: [1, 1]"
OOCL,361,"Спец: [1, 5] != Общий: [1, 1]"
OOCL,362,"Спец: [1, 5] != Общий: [1, 1]"
OOCL,363,"Спец: [1, 5] != Общий: [1, 1]"
OOCL,364,"Спец: [1] != Общий: [1, 1]"
OOCL,365,"Спец: [1] != Общий: [1, 1]"
OOCL,366,"Спец: [1, 2] != Общий: [1, 1]"
OOCL,367,"Спец: [1] != Общий: [1, 1]"
OOCL,369,"Спец: [1] != Общий: [1, 1]"
OOCL,370,"Спец: [1] != Общий: [1, 1]"
OOCL,373,"Спец: [1] != Общий: [1, 1]"
OOCL,374,"Спец: [1] != Общий: [1, 1]"
OOCL,375,"Спец: [1] != Общий: [1, 1]"
OOCL,376,"Спец: [1] != Общий: [1, 1]"
OOCL,377,"Спец: [1, 5] != Общий: [1, 1]"
OOCL,378,"Спец: [1, 4] != Общий: [1, 3]"
OOCL,379,"Спец: [1] != Общий: [1, 1]"
OOCL,380,"Спец: [1, 4] != Общий: [1, 3]"
OOCL,381,"Спец: [1, 4] != Общий: [1, 3]"
OOCL,382,"Спец: [1, 4] != Общий: [1, 3]"
OOCL,383,"Спец: [1] != Общий: [1, 1]"
OOCL,384,"Спец: [1] != Общий: [1, 1]"
OOCL,385,"Спец: [1] != Общий: [1, 1]"
OOCL,386,"Спец: [1] != Общий: [1, 1]"
OOCL,387,"Спец: [1] != Общий: [1, 1]"
OOCL,389,"Спец: [1, 5] != Общий: [1, 1]"
OOCL,390,"Спец: [1] != Общий: [1, 1]"
OOCL,391,"Спец: [1, 5] != Общий: [1, 1]"
OOCL,392,"Спец: [1, 5] != Общий: [1, 1]"
OOCL,395,"Спец: [1, 2] != Общий: [1, 3]"
OOCL,396,"Спец: [1, 4] != Общий: [1, 3]"
OOCL,398,"Спец: [1] != Общий: [1, 1]"
OOCL,399,"Спец: [1, 2] != Общий: [1, 1]"
OOCL,402,"Спец: [1, 5] != Общий: [1, 1]"
OOCL,403,"Спец: [1, 5] != Общий: [1, 1]"
OOCL,404,"Спец: [1, 5] != Общий: [1, 1]"
OOCL,405,"Спец: [1, 5] != Общий: [1, 1]"
OOCL,406,"Спец: [1, 2] != Общий: [1, 1]"
OOCL,408,"Спец: [1, 4] != Общий: [1, 3]"
OOCL,409,"Спец: [1, 4] != Общий: [1, 1]"
OOCL,410,"Спец: [1, 2] != Общий: [1, 1]"
OOCL,412,"Спец: [1, 5] != Общий: [1, 1]"
OOCL,414,"Спец: [1, 2] != Общий: [1, 1]"
OOCL,415,"Спец: [1, 2] != Общий: [1, 1]"
OOCL,416,"Спец: [1, 5] != Общий: [1, 1]"
OOCL,417,"Спец: [1, 2] != Общий: [1, 1]"
OOCL,418,"Спец: [1, 5] != Общий: [1, 1]"
OOCL,419,"Спец: [1, 5] != Общий: [1, 1]"
OOCL,420,"Спец: [1, 5] != Общий: [1, 1]"
OOCL,421,"Спец: [1, 5] != Общий: [1, 1]"
OOCL,422,"Спец: [1, 2] != Общий: [1, 1]"
OOCL,423,"Спец: [1, 4] != Общий: [1, 1]"
OOCL,427,"Спец: [1, 2] != Общий: [1, 1]"
OOCL,428,"Спец: [1, 2] != Общий: [1, 1]"
OOCL,430,"Спец: [1, 2] != Общий: [1, 1]"
OOCL,431,"Спец: [1, 5] != Общий: [1, 1]"
OOCL,432,"Спец: [1, 5] != Общий: [1, 1]"
OOCL,433,"Спец: [1, 2] != Общий: [1, 1]"
OOCL,434,"Спец: [1] != Общий: [1, 1]"
OOCL,435,"Спец: [1, 2] != Общий: [1, 1]"
OOCL,438,"Спец: [1, 2] != Общий: [1, 1]"
OOCL,439,"Спец: [1, 2] != Общий: [1, 1]"
OOCL,440,"Спец: [1, 5] != Общий: [1, 1]"
OOCL,441,"Спец: [1, 5] != Общий: [1, 1]"
OOCL,442,"Спец: [1, 2] != Общий: [1, 1]"
OOCL,443,"Спец: [1, 2] != Общий: [1, 1]"
OOCL,444,"Спец: [1, 5] != Общий: [1, 1]"
OOCL,445,"Спец: [1, 2] != Общий: [1, 1]"
OOCL,447,"Спец: [1, 5] != Общий: [1, 1]"
OOCL,448,"Спец: [1, 2] != Общий: [1, 1]"
OOCL,449,"Спец: [1, 5] != Общий: [1, 1]"
OOCL,457,"Спец: [1, 2] != Общий: [1, 1]"
OOCL,459,"Спец: [1, 4] != Общий: [1, 3]"
OOCL,460,"Спец: [1] != Общий: [1, 1]"
OOCL,461,"Спец: [1, 2] != Общий: [1, 1]"
OOCL,462,"Спец: [1, 2] != Общий: [1, 1]"
OOCL,464,"Спец: [1, 4] != Общий: [1, 3]"
OOCL,468,"Спец: [1, 4] != Общий: [1, 3]"
OOCL,469,"Спец: [1, 4] != Общий: [1, 3]"
OOCL,470,"Спец: [1, 2] != Общий: [1, 1]"
OOCL,471,"Спец: [1, 4] != Общий: [1, 3]"
OOCL,472,"Спец: [1, 4] != Общий: [1, 3]"
OOCL,473,"Спец: [1] != Общий: [1, 1]"
OOCL,476,"Спец: [1, 5] != Общий: [1, 1]"
OOCL,477,"Спец: [1] != Общий: [1, 1]"
OOCL,478,"Спец: [1, 5] != Общий: [1, 1]"
OOCL,479,"Спец: [1, 4] != Общий: [1, 1]"
OOCL,480,"Спец: [1] != Общий: [1, 1]"
OOCL,481,"Спец: [1, 2] != Общий: [1, 1]"
OOCL,483,"Спец: [1, 4] != Общий: [1, 3]"
OOCL,484,"Спец: [1, 4] != Общий: [1, 3]"
OOCL,485,"Спец: [1] != Общий: [1, 1]"
OOCL,486,"Спец: [1, 5] != Общий: [1, 1]"
OOCL,487,"Спец: [1, 4] != Общий: [1, 3]"
OOCL,488,"Спец: [1] != Общий: [1, 1]"
OOCL,493,"Спец: [1, 2] != Общий: [1, 1]"
OOCL,494,"Спец: [1, 4] != Общий: [1, 3]"
OOCL,495,"Спец: [1, 4] != Общий: [1, 3]"
OOCL,496,"Спец: [1] != Общий: [1, 1]"
OOCL,497,"Спец: [1] != Общий: [1, 1]"
OOCL,498,"Спец: [1, 4] != Общий: [1, 3]"
OOCL,499,"Спец: [1, 4] != Общий: [1, 3]"
OOCL,500,"Спец: [1] != Общий: [1, 1]"
OOCL,501,"Спец: [1] != Общий: [1, 1]"
OOCL,502,"Спец: [1] != Общий: [1, 1]"
OOCL,503,"Спец: [1, 4] != Общий: [1, 1]"
OOCL,504,"Спец: [1] != Общий: [1, 1]"
OOCL,505,"Спец: [1, 2] != Общий: [1, 1]"
OOCL,506,"Спец: [1, 2] != Общий: [1, 1]"
OOCL,507,"Спец: [1] != Общий: [1, 1]"
OOCL,508,"Спец: [1] != Общий: [1, 1]"
OOCL,509,"Спец: [1, 4] != Общий: [1, 3]"
OOCL,512,"Спец: [1] != Общий: [1, 1]"
OOCL,513,"Спец: [1, 2] != Общий: [1, 1]"
OOCL,514,"Спец: [1] != Общий: [1, 1]"
OOCL,515,"Спец: [1, 2] != Общий: [1, 1]"
OOCL,517,"Спец: [1, 5] != Общий: [1, 1]"
OOCL,518,"Спец: [1, 3] != Общий: [1, 1]"
OOCL,520,"Спец: [1, 2] != Общий: [1, 1]"
OOCL,522,"Спец: [1, 2] != Общий: [1, 1]"
OOCL,525,"Спец: [1, 2] != Общий: [1, 3]"
OOCL,526,"Спец: [1] != Общий: [1, 1]"
OOCL,528,"Спец: [1, 2] != Общий: [1, 1]"
OOCL,529,"Спец: [1, 4] != Общий: [1, 3]"
OOCL,530,"Спец: [1, 4] != Общий: [1, 1]"
OOCL,531,"Спец: [1] != Общий: [1, 1]"
OOCL,532,"Спец: [1, 4] != Общий: [1, 1]"
OOCL,533,"Спец: [1, 4] != Общий: [1, 1]"
OOCL,534,"Спец: [1] != Общий: [1, 1]"
OOCL,536,"Спец: [1, 4] != Общий: [1, 3]"
OOCL,537,"Спец: [1, 4] != Общий: [1, 1]"
OOCL,538,"Спец: [1] != Общий: [1, 1]"
OOCL,539,"Спец: [1, 4] != Общий: [1, 3]"
OOCL,540,"Спец: [1] != Общий: [1, 1]"
OOCL,541,"Спец: [1] != Общий: [1, 1]"
OOCL,542,"Спец: [1, 4] != Общий: [1, 1]"
OOCL,543,"Спец: [1, 4] != Общий: [1, 1]"
OOCL,544,"Спец: [1] != Общий: [1, 1]"
OOCL,545,"Спец: [1] != Общий: [1, 1]"
OOCL,546,"Спец: [1] != Общий: [1, 1]"
OOCL,547,"Спец: [1, 4] != Общий: [1, 1]"
OOCL,548,"Спец: [1] != Общий: [1, 1]"
OOCL,549,"Спец: [1, 4] != Общий: [1, 1]"
OOCL,550,"Спец: [1, 5] != Общий: [1, 1]"
OOCL,551,"Спец: [1, 5] != Общий: [1, 1]"
OOCL,553,"Спец: [1, 4] != Общий: [1, 3]"
OOCL,554,"Спец: [1, 4] != Общий: [1, 3]"
OOCL,555,"Спец: [1, 4] != Общий: [1, 3]"
OOCL,558,"Спец: [1, 4] != Общий: [1, 3]"
OOCL,559,"Спец: [1] != Общий: [1, 1]"
OOCL,560,"Спец: [1, 2] != Общий: [1, 1]"
OOCL,561,"Спец: [1] != Общий: [1, 1]"
OOCL,564,"Спец: [1, 5] != Общий: [1, 1]"
OOCL,566,"Спец: [1, 5] != Общий: [1, 1]"
OOCL,569,"Спец: [1] != Общий: [1, 1]"
OOCL,570,"Спец: [1] != Общий: [1, 1]"
OOCL,571,"Спец: [1, 5] != Общий: [1, 1]"
OOCL,574,"Спец: [1, 4] != Общий: [1, 3]"
OOCL,577,"Спец: [1, 2] != Общий: [1, 1]"
OOCL,578,"Спец: [1, 4] != Общий: [1, 3]"
OOCL,580,"Спец: [1, 4] != Общий: [1, 3]"
OOCL,581,"Спец: [1, 4] != Общий: [1, 3]"
OOCL,582,"Спец: [1, 5] != Общий: [1, 1]"
OOCL,588,"Спец: [1, 4] != Общий: [1, 3]"
OOCL,589,"Спец: [1, 4] != Общий: [1, 3]"
OOCL,590,"Спец: [1, 2] != Общий: [1, 1]"
OOCL,591,"Спец: [1, 2] != Общий: [1, 1]"
OOCL,592,"Спец: [1, 4] != Общий: [1, 1]"
OOCL,593,"Спец: [1, 3] != Общий: [1, 1]"
OOCL,594,"Спец: [1] != Общий: [1, 1]"
OOCL,595,"Спец: [1, 4] != Общий: [1, 3]"
OOCL,596,"Спец: [1, 4] != Общий: [1, 3]"
OOCL,597,"Спец: [1] != Общий: [1, 1]"
OOCL,598,"Спец: [1, 4] != Общий: [1, 3]"
OOCL,599,"Спец: [1, 3] != Общий: [1, 1]"
OOCL,601,"Спец: [1, 4] != Общий: [1, 3]"
OOCL,602,"Спец: [1, 5] != Общий: [1, 1]"
OOCL,605,"Спец: [1] != Общий: [1, 1]"
OOCL,606,"Спец: [1, 2] != Общий: [1, 1]"
OOCL,608,"Спец: [1] != Общий: [1, 1]"
OOCL,609,"Спец: [1, 2] != Общий: [1, 1]"
OOCL,610,"Спец: [1, 4] != Общий: [1, 1]"
OOCL,611,"Спец: [1] != Общий: [1, 1]"
OOCL,612,"Спец: [1, 2] != Общий: [1, 1]"
OOCL,613,"Спец: [1, 5] != Общий: [1, 1]"
OOCL,615,"Спец: [1, 2] != Общий: [1, 1]"
OOCL,620,"Спец: [1, 5] != Общий: [1, 1]"
OOCL,622,"Спец: [1, 5] != Общий: [1, 1]"
OOCL,623,"Спец: [1, 5] != Общий: [1, 1]"
OOCL,624,"Спец: [1, 5] != Общий: [1, 1]"
OOCL,625,"Спец: [1, 5] != Общий: [1, 1]"
OOCL,627,"Спец: [1, 5] != Общий: [1, 1]"
OOCL,628,"Спец: [1, 4] != Общий: [1, 3]"
OOCL,629,"Спец: [1, 5] != Общий: [1, 1]"
OOCL,630,"Спец: [1, 5] != Общий: [1, 1]"
OOCL,631,"Спец: [1, 4] != Общий: [1, 3]"
OOCL,632,"Спец: [1, 4] != Общий: [1, 3]"
OOCL,633,"Спец: [1, 4] != Общий: [1, 3]"
OOCL,634,"Спец: [1, 4] != Общий: [1, 3]"
OOCL,635,"Спец: [1, 2] != Общий: [1, 1]"
OOCL,636,"Спец: [1, 5] != Общий: [1, 1]"
OOCL,638,"Спец: [1, 5] != Общий: [1, 1]"
OOCL,640,"Спец: [1] != Общий: [1, 1]"
OOCL,641,"Спец: [1, 2] != Общий: [1, 1]"
OOCL,645,"Спец: [1, 5] != Общий: [1, 1]"
OOCL,650,"Спец: [1, 2] != Общий: [1, 1]"
OOCL,653,"Спец: [1, 5] != Общий: [1, 1]"
OOCL,654,"Спец: [1] != Общий: [1, 1]"
OOCL,655,"Спец: [1, 5] != Общий: [1, 1]"
OOCL,656,"Спец: [1] != Общий: [1, 1]"
OOCL,657,"Спец: [1, 4] != Общий: [1, 1]"
OOCL,658,"Спец: [1, 5] != Общий: [1, 1]"
OOCL,659,"Спец: [1, 3] != Общий: [1, 1]"
OOCL,660,"Спец: [1, 5] != Общий: [1, 1]"
OOCL,663,"Спец: [1] != Общий: [1, 1]"
OOCL,664,"Спец: [1, 5] != Общий: [1, 1]"
OOCL,670,"Спец: [1] != Общий: [1, 1]"
OOCL,671,"Спец: [1, 4] != Общий: [1, 3]"
OOCL,674,"Спец: [1, 5] != Общий: [1, 1]"
OOCL,677,"Спец: [1] != Общий: [1, 1]"
OOCL,679,"Спец: [1] != Общий: [1, 1]"
OOCL,680,"Спец: [1] != Общий: [1, 1]"
OOCL,685,"Спец: [1] != Общий: [1, 1]"
OOCL,686,"Спец: [1] != Общий: [1, 1]"
OOCL,687,"Спец: [1] != Общий: [1, 1]"
OOCL,689,"Спец: [1, 2] != Общий: [1, 1]"
OOCL,691,"Спец: [1] != Общий: [1, 1]"
OOCL,692,"Спец: [1, 3] != Общий: [1, 1]"
OOCL,693,"Спец: [1, 5] != Общий: [1, 1]"
OOCL,694,"Спец: [1, 5] != Общий: [1, 1]"
OOCL,695,"Спец: [1, 2] != Общий: [1, 1]"
OOCL,696,"Спец: [1, 5] != Общий: [1, 1]"
OOCL,697,"Спец: [1, 2] != Общий: [1, 1]"
OOCL,698,"Спец: [1, 5] != Общий: [1, 1]"
OOCL,699,"Спец: [1, 5] != Общий: [1, 1]"
OOCL,700,"Спец: [1, 5] != Общий: [1, 1]"
OOCL,701,"Спец: [1, 5] != Общий: [1, 1]"
OOCL,702,"Спец: [1, 5] != Общий: [1, 1]"
OOCL,703,"Спец: [1, 5] != Общий: [1, 1]"
OOCL,704,"Спец: [1, 5] != Общий: [1, 1]"
OOCL,705,"Спец: [1, 5] != Общий: [1, 1]"
OOCL,706,"Спец: [1, 5] != Общий: [1, 1]"
OOCL,707,"Спец: [1, 5] != Общий: [1, 1]"
OOCL,708,"Спец: [1, 5] != Общий: [1, 1]"
OOCL,709,"Спец: [1, 5] != Общий: [1, 1]"
OOCL,710,"Спец: [1, 5] != Общий: [1, 1]"
OOCL,711,"Спец: [1, 5] != Общий: [1, 1]"
OOCL,712,"Спец: [1, 5] != Общий: [1, 1]"
OOCL,713,"Спец: [1, 5] != Общий: [1, 1]"
OOCL,714,"Спец: [1, 5] != Общий: [1, 1]"
OOCL,715,"Спец: [1, 5] != Общий: [1, 1]"
OOCL,716,"Спец: [1, 5] != Общий: [1, 1]"
OOCL,717,"Спец: [1, 5] != Общий: [1, 1]"
OOCL,718,"Спец: [1, 5] != Общий: [1, 1]"
OOCL,719,"Спец: [1, 5] != Общий: [1, 1]"
OOCL,720,"Спец: [1, 5] != Общий: [1, 1]"
OOCL,721,"Спец: [1, 4] != Общий: [1, 1]"
OOCL,722,"Спец: [1, 4] != Общий: [1, 1]"
OOCL,723,"Спец: [1, 3] != Общий: [1, 1]"
OOCL,724,"Спец: [1, 4] != Общий: [1, 1]"
OOCL,725,"Спец: [1, 5] != Общий: [1, 1]"
OOCL,726,"Спец: [1, 5] != Общий: [1, 1]"
OOCL,728,"Спец: [1, 5] != Общий: [1, 1]"
OOCL,729,"Спец: [1, 4] != Общий: [1, 1]"
OOCL,730,"Спец: [1, 4] != Общий: [1, 1]"
OOCL,731,"Спец: [1, 5] != Общий: [1, 1]"
OOCL,732,"Спец: [1, 5] != Общий: [1, 1]"
OOCL,733,"Спец: [1, 4] != Общий: [1, 1]"
OOCL,734,"Спец: [1, 4] != Общий: [1, 1]"
OOCL,735,"Спец: [1] != Общий: [1, 1]"
OOCL,736,"Спец: [1, 5] != Общий: [1, 1]"
OOCL,738,"Спец: [1, 4] != Общий: [1, 1]"
OOCL,739,"Спец: [1, 4] != Общий: [1, 1]"
OOCL,740,"Спец: [1, 2] != Общий: [1, 1]"
OOCL,741,"Спец: [1, 2] != Общий: [1, 1]"
OOCL,742,"Спец: [1, 5] != Общий: [1, 1]"
OOCL,743,"Спец: [1, 5] != Общий: [1, 1]"
OOCL,744,"Спец: [1, 5] != Общий: [1, 1]"
OOCL,745,"Спец: [1, 2] != Общий: [1, 1]"
OOCL,746,"Спец: [1, 2] != Общий: [1, 1]"
OOCL,747,"Спец: [1] != Общий: [1, 1]"
OOCL,748,"Спец: [1] != Общий: [1, 1]"
OOCL,749,"Спец: [1, 5] != Общий: [1, 1]"
OOCL,750,"Спец: [1, 5] != Общий: [1, 1]"
OOCL,751,"Спец: [1, 5] != Общий: [1, 1]"
OOCL,752,"Спец: [1] != Общий: [1, 1]"
OOCL,753,"Спец: [1, 2] != Общий: [1, 1]"
OOCL,754,"Спец: [1, 5] != Общий: [1, 1]"
OOCL,755,"Спец: [1, 5] != Общий: [1, 1]"
OOCL,756,"Спец: [1, 4] != Общий: [1, 1]"
OOCL,757,"Спец: [1, 5] != Общий: [1, 1]"
OOCL,758,"Спец: [1, 5] != Общий: [1, 1]"
OOCL,760,"Спец: [1, 5] != Общий: [1, 1]"
OOCL,762,"Спец: [1, 4] != Общий: [1, 1]"
OOCL,763,"Спец: [1, 4] != Общий: [1, 1]"
OOCL,764,"Спец: [1, 5] != Общий: [1, 1]"
OOCL,765,"Спец: [1, 4] != Общий: [1, 3]"
OOCL,766,"Спец: [1, 5] != Общий: [1, 1]"
OOCL,768,"Спец: [1, 3] != Общий: [1, 1]"
OOCL,769,"Спец: [1, 2] != Общий: [1, 1]"
OOCL,770,"Спец: [1, 5] != Общий: [1, 1]"
OOCL,771,"Спец: [1, 5] != Общий: [1, 1]"
OOCL,772,"Спец: [1, 5] != Общий: [1, 1]"
OOCL,774,"Спец: [1, 5] != Общий: [1, 1]"
OOCL,775,"Спец: [1, 5] != Общий: [1, 1]"
OOCL,776,"Спец: [1, 2] != Общий: [1, 1]"
OOCL,778,"Спец: [1, 5] != Общий: [1, 1]"
OOCL,779,"Спец: [1, 4] != Общий: [1, 1]"
OOCL,784,"Спец: [1] != Общий: [1, 1]"
OOCL,785,"Спец: [1] != Общий: [1, 1]"
OOCL,787,"Спец: [1, 5] != Общий: [1, 1]"
OOCL,788,"Спец: [1] != Общий: [1, 1]"
OOCL,789,"Спец: [1, 5] != Общий: [1, 1]"
OOCL,791,"Спец: [1, 2] != Общий: [1, 1]"
OOCL,792,"Спец: [1] != Общий: [1, 1]"
OOCL,793,"Спец: [1, 2] != Общий: [1, 1]"
OOCL,795,"Спец: [1] != Общий: [1, 1]"
OOCL,796,"Спец: [1] != Общий: [1, 1]"
OOCL,797,"Спец: [1, 5] != Общий: [1, 1]"
OOCL,799,"Спец: [1, 5] != Общий: [1, 1]"
OOCL,801,"Спец: [1, 2] != Общий: [1, 1]"
OOCL,802,"Спец: [1] != Общий: [1, 1]"
OOCL,807,"Спец: [1, 4] != Общий: [1, 3]"
OOCL,809,"Спец: [1, 4] != Общий: [1, 3]"
OOCL,810,"Спец: [1, 4] != Общий: [1, 3]"
OOCL,811,"Спец: [1, 5] != Общий: [1, 1]"
OOCL,812,"Спец: [1, 4] != Общий: [1, 3]"
OOCL,813,"Спец: [1, 5] != Общий: [1, 1]"
OOCL,815,"Спец: [1, 2] != Общий: [1, 1]"
OOCL,816,"Спец: [1] != Общий: [1, 1]"
OOCL,817,"Спец: [1, 2] != Общий: [1, 1]"
OOCL,819,"Спец: [1, 5] != Общий: [1, 1]"
OOCL,820,"Спец: [1, 4] != Общий: [1, 3]"
OOCL,824,"Спец: [1, 5] != Общий: [1, 1]"
OOCL,826,"Спец: [1, 4] != Общий: [1, 3]"
OOCL,828,"Спец: [1, 2] != Общий: [1, 1]"
OOCL,832,"Спец: [1, 4] != Общий: [1, 3]"
OOCL,836,"Спец: [1, 2] != Общий: [1, 1]"
OOCL,838,"Спец: [1, 4] != Общий: [1, 3]"
OOCL,839,"Спец: [1] != Общий: [1, 1]"
OOCL,840,"Спец: [1, 4] != Общий: [1, 3]"
OOCL,841,"Спец: [1, 5] != Общий: [1, 1]"
OOCL,842,"Спец: [1, 2] != Общий: [1, 3]"
OOCL,845,"Спец: [1, 4] != Общий: [1, 3]"
OOCL,847,"Спец: [1, 4] != Общий: [1, 3]"
OOCL,848,"Спец: [1, 5] != Общий: [1, 1]"
OOCL,849,"Спец: [1, 2] != Общий: [1, 1]"
OOCL,851,"Спец: [1, 2] != Общий: [1, 1]"
OOCL,852,"Спец: [1, 2] != Общий: [1, 1]"
OOCL,853,"Спец: [1, 4] != Общий: [1, 1]"
OOCL,857,"Спец: [1, 4] != Общий: [1, 3]"
OOCL,859,"Спец: [1, 4] != Общий: [1, 3]"
OOCL,860,"Спец: [1, 4] != Общий: [1, 3]"
OOCL,861,"Спец: [1, 2] != Общий: [1, 1]"
OOCL,863,"Спец: [1, 2] != Общий: [1, 1]"
OOCL,864,"Спец: [1] != Общий: [1, 1]"
OOCL,867,"Спец: [1] != Общий: [1, 1]"
OOCL,868,"Спец: [1] != Общий: [1, 1]"
OOCL,869,"Спец: [1] != Общий: [1, 1]"
OOCL,870,"Спец: [1] != Общий: [1, 1]"
OOCL,871,"Спец: [1] != Общий: [1, 1]"
OOCL,872,"Спец: [1] != Общий: [1, 1]"
OOCL,873,"Спец: [1, 2] != Общий: [1, 1]"
OOCL,874,"Спец: [1] != Общий: [1, 1]"
OOCL,876,"Спец: [1] != Общий: [1, 1]"
OOCL,877,"Спец: [1, 5] != Общий: [1, 1]"
OOCL,878,"Спец: [1, 5] != Общий: [1, 1]"
OOCL,879,"Спец: [1, 4] != Общий: [1, 1]"
OOCL,880,"Спец: [1, 4] != Общий: [1, 1]"
OOCL,884,"Спец: [1, 4] != Общий: [1, 1]"
OOCL,885,"Спец: [1] != Общий: [1, 1]"
OOCL,886,"Спец: [1] != Общий: [1, 1]"
OOCL,887,"Спец: [1] != Общий: [1, 1]"
OOCL,889,"Спец: [1, 4] != Общий: [1, 3]"
OOCL,890,"Спец: [1, 2] != Общий: [1, 1]"
OOCL,891,"Спец: [1] != Общий: [1, 1]"
OOCL,892,"Спец: [1] != Общий: [1, 1]"
OOCL,894,"Спец: [1, 5] != Общий: [1, 1]"
OOCL,896,"Спец: [1, 4] != Общий: [1, 3]"
OOCL,898,"Спец: [1, 4] != Общий: [1, 3]"
OOCL,899,"Спец: [1, 2] != Общий: [1, 1]"
OOCL,900,"Спец: [1] != Общий: [1, 1]"
OOCL,901,"Спец: [1, 4] != Общий: [1, 3]"
OOCL,902,"Спец: [1] != Общий: [1, 1]"
OOCL,903,"Спец: [1, 4] != Общий: [1, 3]"
OOCL,904,"Спец: [1, 4] != Общий: [1, 3]"
OOCL,905,"Спец: [1, 4] != Общий: [1, 3]"
OOCL,906,"Спец: [1] != Общий: [1, 1]"
OOCL,907,"Спец: [1] != Общий: [1, 1]"
OOCL,908,"Спец: [1] != Общий: [1, 1]"
OOCL,910,"Спец: [1] != Общий: [1, 1]"
OOCL,911,"Спец: [1, 5] != Общий: [1, 1]"
OOCL,912,"Спец: [1] != Общий: [1, 1]"
OOCL,913,"Спец: [1, 4] != Общий: [1, 3]"
OOCL,915,"Спец: [1, 2] != Общий: [1, 3]"
OOCL,917,"Спец: [1] != Общий: [1, 1]"
OOCL,918,"Спец: [1, 2] != Общий: [1, 1]"
OOCL,919,"Спец: [1, 4] != Общий: [1, 3]"
OOCL,920,"Спец: [1, 5] != Общий: [1, 1]"
OOCL,923,"Спец: [1, 5] != Общий: [1, 1]"
OOCL,924,"Спец: [1, 2] != Общий: [1, 1]"
OOCL,925,"Спец: [1, 5] != Общий: [1, 1]"
OOCL,926,"Спец: [1, 5] != Общий: [1, 1]"
OOCL,928,"Спец: [1, 2] != Общий: [1, 1]"
OOCL,930,"Спец: [1, 4] != Общий: [1, 3]"
OOCL,931,"Спец: [1, 4] != Общий: [1, 3]"
OOCL,932,"Спец: [1, 5] != Общий: [1, 1]"
OOCL,933,"Спец: [1] != Общий: [1, 1]"
OOCL,935,"Спец: [1, 4] != Общий: [1, 3]"
OOCL,936,"Спец: [1] != Общий: [1, 1]"
OOCL,937,"Спец: [1, 5] != Общий: [1, 1]"
OOCL,938,"Спец: [1] != Общий: [1, 1]"
OOCL,939,"Спец: [1, 5] != Общий: [1, 1]"
OOCL,940,"Спец: [1, 5] != Общий: [1, 1]"
OOCL,941,"Спец: [1, 5] != Общий: [1, 1]"
OOCL,942,"Спец: [1, 5] != Общий: [1, 1]"
OOCL,943,"Спец: [1, 5] != Общий: [1, 1]"
OOCL,944,"Спец: [1, 5] != Общий: [1, 1]"
OOCL,945,"Спец: [1, 2] != Общий: [1, 1]"
OOCL,946,"Спец: [1, 5] != Общий: [1, 1]"
OOCL,947,"Спец: [1, 5] != Общий: [1, 1]"
OOCL,949,"Спец: [1] != Общий: [1, 1]"
OOCL,951,"Спец: [1, 4] != Общий: [1, 3]"
OOCL,953,"Спец: [1, 2] != Общий: [1, 1]"
OOCL,954,"Спец: [1, 4] != Общий: [1, 3]"
OOCL,955,"Спец: [1] != Общий: [1, 1]"
OOCL,956,"Спец: [1, 4] != Общий: [1, 3]"
OOCL,959,"Спец: [1, 5] != Общий: [1, 1]"
OOCL,960,"Спец: [1, 4] != Общий: [1, 3]"
OOCL,961,"Спец: [1, 5] != Общий: [1, 1]"
OOCL,962,"Спец: [1, 5] != Общий: [1, 1]"
OOCL,964,"Спец: [1] != Общий: [1, 1]"
OOCL,966,"Спец: [1, 2] != Общий: [1, 1]"
OOCL,967,"Спец: [1, 4] != Общий: [1, 3]"
OOCL,968,"Спец: [1, 4] != Общий: [1, 3]"
OOCL,971,"Спец: [1, 5] != Общий: [1, 1]"
OOCL,975,"Спец: [1, 2] != Общий: [1, 1]"
OOCL,977,"Спец: [1, 4] != Общий: [1, 1]"
OOCL,979,"Спец: [1] != Общий: [1, 1]"
OOCL,982,"Спец: [1, 5] != Общий: [1, 1]"
OOCL,983,"Спец: [1, 5] != Общий: [1, 1]"
OOCL,984,"Спец: [1] != Общий: [1, 1]"
OOCL,986,"Спец: [1, 5] != Общий: [1, 1]"
OOCL,987,"Спец: [1] != Общий: [1, 1]"
OOCL,988,"Спец: [1, 5] != Общий: [1, 1]"
OOCL,989,"Спец: [1] != Общий: [1, 1]"
OOCL,990,"Спец: [1, 5] != Общий: [1, 1]"
OOCL,991,"Спец: [1, 5] != Общий: [1, 1]"
OOCL,992,"Спец: [1] != Общий: [1, 1]"
OOCL,993,"Спец: [1, 4] != Общий: [1, 3]"
OOCL,994,"Спец: [1, 4] != Общий: [1, 3]"
OOCL,995,"Спец: [1, 2] != Общий: [1, 1]"
OOCL,996,"Спец: [1, 5] != Общий: [1, 1]"
OOCL,997,"Спец: [1, 5] != Общий: [1, 1]"
OOCL,998,"Спец: [1, 5] != Общий: [1, 1]"
HMM,0,"Спец: [1, 2, 2, 2, 3] != Общий: [1, 1, 2, 2, 3]"
HMM,1,"Спец: [1, 2, 2, 2, 2, 2, 3] != Общий: [1, 1, 2, 2, 2, 2, 3]"
HMM,2,"Спец: [1, 2, 2, 2, 3, 4, 4, 3, 3, 3] != Общий: [1, 1, 2, 2, 3, 4, 4, 4, 5, 5]"
HMM,3,"Спец: [1, 2, 2] != Общий: [1, 1, 2]"
HMM,4,"Спец: [1, 2, 2, 2, 3] != Общий: [1, 1, 2, 2, 3]"
HMM,5,"Спец: [1, 2, 2, 2, 3] != Общий: [1, 1, 2, 2, 3]"
HMM,6,"Спец: [1, 2, 2, 2, 3] != Общий: [1, 1, 2, 2, 3]"
HMM,7,"Спец: [1, 2, 2] != Общий: [1, 1, 2]"
HMM,8,"Спец: [1, 2, 2, 2, 3] != Общий: [1, 1, 2, 2, 3]"
HMM,9,"Спец: [1, 2, 2, 2, 3] != Общий: [1, 1, 2, 2, 3]"
HMM,10,"Спец: [1, 2] != Общий: [1, 1]"
HMM,11,"Спец: [1, 2, 2, 2, 3] != Общий: [1, 1, 2, 2, 3]"
HMM,12,"Спец: [1, 2, 2, 2, 3] != Общий: [1, 1, 2, 2, 3]"
HMM,13,"Спец: [1, 2, 2, 2, 3] != Общий: [1, 1, 2, 2, 3]"
HMM,14,"Спец: [1, 2, 2, 2, 3] != Общий: [1, 1, 2, 2, 3]"
HMM,15,"Спец: [1, 2, 2, 2, 3, 4, 4, 3, 3, 3] != Общий: [1, 1, 2, 2, 3, 4, 4, 4, 5, 5]"
HMM,16,"Спец: [1, 2, 2, 2, 3] != Общий: [1, 1, 2, 2, 3]"
HMM,17,"Спец: [1, 2, 2, 3, 4, 4, 3, 3, 3, 3] != Общий: [1, 1, 2, 3, 3, 3, 3, 3, 3, 3]"
HMM,18,"Спец: [1, 2, 2, 2, 3] != Общий: [1, 1, 2, 2, 3]"
HMM,19,"Спец: [1, 2, 2, 2, 3] != Общий: [1, 1, 2, 2, 3]"
HMM,20,"Спец: [1, 2, 2, 2, 3] != Общий: [1, 1, 2, 2, 3]"
HMM,21,"Спец: [1, 2, 2, 2, 3, 4, 4, 3, 3, 3] != Общий: [1, 1, 2, 2, 3, 4, 4, 4, 5, 5]"
HMM,22,"Спец: [1, 2, 2, 2, 3, 3, 3, 3] != Общий: [1, 1, 2, 2, 3, 3, 3, 3]"
HMM,23,"Спец: [1, 2, 2, 2, 3] != Общий: [1, 1, 2, 2, 3]"
HMM,24,"Спец: [1, 2, 2, 2, 3, 4, 4, 3, 3, 3] != Общий: [1, 1, 2, 2, 3, 4, 4, 4, 5, 5]"
HMM,25,"Спец: [1, 2, 2, 2, 3, 4, 3, 3, 4] != Общий: [1, 1, 2, 2, 3, 4, 4, 5, 4]"
HMM,26,"Спец: [1, 2, 2, 2, 3, 4] != Общий: [1, 1, 2, 2, 3, 4]"
HMM,27,"Спец: [1, 2, 2, 2, 3, 3, 4, 4, 5, 5] != Общий: [1, 1, 2, 2, 3, 4, 4, 4, 5, 5]"
HMM,28,"Спец: [1, 2, 2, 2, 3, 3, 4, 4, 5, 5] != Общий: [1, 1, 2, 2, 3, 4, 4, 4, 5, 5]"
HMM,29,"Спец: [1, 2, 2, 2, 3] != Общий: [1, 1, 2, 2, 3]"
HMM,30,"Спец: [1, 2, 2, 2, 3] != Общий: [1, 1, 2, 2, 3]"
HMM,31,"Спец: [1, 2, 2] != Общий: [1, 1, 3]"
HMM,32,"Спец: [1, 2, 2, 2, 3] != Общий: [1, 1, 2, 2, 3]"
HMM,33,"Спец: [1, 2, 2, 2, 3, 3, 3, 3, 3, 3] != Общий: [1, 1, 2, 2, 3, 3, 3, 3, 3, 3]"
HMM,34,"Спец: [1, 2, 2, 3, 4, 4, 3] != Общий: [1, 1, 2, 3, 3, 3, 3]"
HMM,35,"Спец: [1, 2, 2, 2, 3] != Общий: [1, 1, 2, 2, 3]"
HMM,36,"Спец: [1, 2, 2, 2, 3, 4, 4, 3, 3] != Общий: [1, 1, 2, 2, 3, 4, 4, 4, 5]"
HMM,37,"Спец: [1, 2, 2, 2, 3, 3, 3, 3, 3, 3] != Общий: [1, 1, 2, 2, 3, 3, 3, 3, 3, 3]"
HMM,38,"Спец: [1, 2, 3, 3, 3, 3, 3, 3, 3, 3, 4, 4, 3, 3] != Общий: [1, 1, 3, 3, 3, 3, 3, 3, 3, 3, 4, 4, 4, 5]"
HMM,39,"Спец: [1, 2, 3, 3, 3, 3, 3, 3, 3, 3, 4, 4, 3, 3] != Общий: [1, 1, 3, 3, 3, 3, 3, 3, 3, 3, 4, 4, 4, 5]"
HMM,40,"Спец: [1, 2, 2, 2, 3, 3, 3, 3] != Общий: [1, 1, 2, 2, 3, 3, 3, 3]"
HMM,41,"Спец: [1, 2, 2, 2, 3, 3, 3, 3, 3, 3, 3, 3] != Общий: [1, 1, 2, 2, 3, 3, 3, 3, 3, 3, 3, 3]"
HMM,42,"Спец: [1, 2, 2, 2, 3, 3, 3, 3, 3, 3, 3, 3] != Общий: [1, 1, 2, 2, 3, 3, 3, 3, 3, 3, 3, 3]"
HMM,43,"Спец: [1, 2, 2, 2, 3] != Общий: [1, 1, 2, 2, 3]"
HMM,44,"Спец: [1, 2, 2, 2, 3] != Общий: [1, 1, 2, 2, 3]"
HMM,45,"Спец: [1, 2, 2, 2, 3] != Общий: [1, 1, 2, 2, 3]"
HMM,46,"Спец: [1, 2, 2, 2, 3] != Общий: [1, 1, 2, 2, 3]"
HMM,47,"Спец: [1, 2, 2, 2, 3, 3, 3, 3, 3, 3] != Общий: [1, 1, 2, 2, 3, 3, 3, 3, 3, 3]"
HMM,48,"Спец: [1, 2, 2, 2, 3] != Общий: [1, 1, 2, 2, 3]"
HMM,49,"Спец: [1, 2, 2, 2, 3, 3, 3, 3, 3, 3, 3, 3, 3] != Общий: [1, 1, 2, 2, 3, 3, 3, 3, 3, 3, 3, 3, 3]"
HMM,50,"Спец: [1, 2, 2, 2, 3, 3, 3, 3, 3, 3, 3, 3, 3] != Общий: [1, 1, 2, 2, 3, 3, 3, 3, 3, 3, 3, 3, 3]"
HMM,51,"Спец: [1, 2, 2, 2, 3, 3, 3, 3, 3, 3, 3, 3, 3, 3, 3] != Общий: [1, 1, 2, 2, 3, 3, 3, 3, 3, 3, 3, 3, 3, 3, 3]"
HMM,52,"Спец: [1, 2, 2, 2, 3, 3, 3, 3, 3, 3, 3, 3, 3, 3, 3] != Общий: [1, 1, 2, 2, 3, 3, 3, 3, 3, 3, 3, 3, 3, 3, 3]"
HMM,53,"Спец: [1, 2, 3, 3, 3, 3, 3, 3, 3, 3, 4, 4, 3, 3] != Общий: [1, 1, 3, 3, 3, 3, 3, 3, 3, 3, 4, 4, 4, 5]"
HMM,54,"Спец: [1, 2, 3, 4, 4, 3, 3] != Общий: [1, 2, 3, 4, 4, 4, 5]"
HMM,55,"Спец: [1, 2, 2, 2, 3] != Общий: [1, 1, 2, 2, 3]"
HMM,56,"Спец: [1, 2, 2, 2, 3] != Общий: [1, 1, 2, 2, 3]"
HMM,57,"Спец: [1, 2, 2, 2, 3, 3, 3, 3] != Общий: [1, 1, 2, 2, 3, 3, 3, 3]"
HMM,58,"Спец: [1, 2, 2, 3, 4, 4, 3, 3, 3, 3] != Общий: [1, 1, 2, 3, 3, 3, 3, 3, 3, 3]"
HMM,59,"Спец: [1, 2, 2, 2, 3, 4, 4, 3, 3] != Общий: [1, 1, 2, 2, 3, 4, 4, 4, 5]"
HMM,60,"Спец: [1, 2, 2, 2, 3, 4, 4, 3, 3] != Общий: [1, 1, 2, 2, 3, 4, 4, 4, 5]"
HMM,61,"Спец: [1, 2, 2, 2, 3, 4, 4, 3, 3] != Общий: [1, 1, 2, 2, 3, 4, 4, 4, 5]"
HMM,62,"Спец: [1, 2, 2, 2, 3, 3, 3, 3] != Общий: [1, 1, 2, 2, 3, 3, 3, 3]"
HMM,63,"Спец: [1, 2, 2, 2, 3, 3, 3, 3] != Общий: [1, 1, 2, 2, 3, 3, 3, 3]"
HMM,64,"Спец: [1, 2, 2, 2, 3] != Общий: [1, 1, 2, 2, 3]"
HMM,65,"Спец: [1, 2, 2, 2, 3] != Общий: [1, 1, 2, 2, 3]"
HMM,66,"Спец: [1, 2, 2, 2, 3, 3, 3, 3] != Общий: [1, 1, 2, 2, 3, 3, 3, 3]"
HMM,67,"Спец: [1, 2, 2, 2, 3, 3, 3, 3, 3, 3, 4, 4, 3, 3] != Общий: [1, 1, 2, 2, 3, 3, 3, 3, 3, 3, 4, 4, 4, 5]"
HMM,68,"Спец: [1, 2, 2] != Общий: [1, 1, 2]"
HMM,69,"Спец: [1, 2, 2, 2, 3] != Общий: [1, 1, 2, 2, 3]"
HMM,70,"Спец: [1, 2, 2, 2, 3, 4, 4, 3, 3, 4] != Общий: [1, 1, 2, 2, 3, 4, 4, 4, 3, 3]"
HMM,71,"Спец: [1, 2, 2, 2, 3, 3, 3, 3] != Общий: [1, 1, 2, 2, 3, 3, 3, 3]"
HMM,72,"Спец: [1, 2, 2, 2, 3, 3, 3, 3] != Общий: [1, 1, 2, 2, 3, 3, 3, 3]"
HMM,73,"Спец: [1, 2, 2, 2, 3, 3, 3, 3] != Общий: [1, 1, 2, 2, 3, 3, 3, 3]"
HMM,74,"Спец: [1, 2, 2, 3, 4, 4, 3] != Общий: [1, 1, 2, 3, 3, 3, 3]"
HMM,75,"Спец: [1, 2, 2, 2, 3] != Общий: [1, 1, 2, 2, 3]"
HMM,76,"Спец: [1, 2, 2, 3, 4, 4, 3] != Общий: [1, 1, 2, 3, 3, 3, 3]"
HMM,77,"Спец: [1, 2, 2, 2, 3, 3, 3, 3] != Общий: [1, 1, 2, 2, 3, 3, 3, 3]"
HMM,78,"Спец: [1, 2, 2, 2, 3] != Общий: [1, 1, 2, 2, 3]"
HMM,79,"Спец: [1, 2, 2, 2, 3, 3, 3, 3] != Общий: [1, 1, 2, 2, 3, 3, 3, 3]"
HMM,80,"Спец: [1, 2, 2, 2, 3, 3, 3, 3] != Общий: [1, 1, 2, 2, 3, 3, 3, 3]"
HMM,81,"Спец: [1, 2, 2, 3, 4, 4, 3, 3, 3, 3] != Общий: [1, 1, 2, 3, 3, 3, 3, 3, 3, 3]"
HMM,82,"Спец: [1, 2, 2, 2, 3, 3, 3, 3, 3] != Общий: [1, 1, 2, 2, 3, 3, 3, 3, 3]"
HMM,83,"Спец: [1, 2, 2, 2, 3, 3, 3, 3, 3] != Общий: [1, 1, 2, 2, 3, 3, 3, 3, 3]"
HMM,84,"Спец: [1, 2, 2, 3, 4, 4, 3] != Общий: [1, 1, 2, 3, 3, 3, 3]"
HMM,85,"Спец: [1, 2, 2, 2, 3] != Общий: [1, 1, 2, 2, 3]"
HMM,86,"Спец: [1, 2, 2, 2, 3, 4, 4, 3, 3] != Общий: [1, 1, 2, 2, 3, 4, 4, 4, 5]"
HMM,87,"Спец: [1, 2, 2, 2, 3] != Общий: [1, 1, 2, 2, 3]"
HMM,88,"Спец: [1, 2, 2, 2, 3] != Общий: [1, 1, 2, 2, 3]"
HMM,89,"Спец: [1, 2, 2] != Общий: [1, 1, 2]"
HMM,90,"Спец: [1, 2, 2, 2, 3] != Общий: [1, 1, 2, 2, 3]"
HMM,91,"Спец: [1, 2, 2, 2, 3] != Общий: [1, 1, 2, 2, 3]"
HMM,92,"Спец: [1, 2, 2, 2, 3] != Общий: [1, 1, 2, 2, 3]"
HMM,93,"Спец: [1, 2, 2, 2, 3] != Общий: [1, 1, 2, 2, 3]"
HMM,94,"Спец: [1, 2, 2, 2, 3] != Общий: [1, 1, 2, 2, 3]"
HMM,95,"Спец: [1, 2, 2, 3, 4, 4, 3] != Общий: [1, 1, 2, 3, 3, 3, 3]"
HMM,96,"Спец: [1, 2, 2, 2, 3, 4, 3, 3, 4] != Общий: [1, 1, 2, 2, 3, 4, 4, 5, 4]"
HMM,97,"Спец: [1, 2, 2, 2, 3, 4, 4, 3, 3, 3] != Общий: [1, 1, 2, 2, 3, 4, 4, 4, 5, 5]"
HMM,98,"Спец: [1, 2, 2, 2, 3] != Общий: [1, 1, 2, 2, 3]"
HMM,99,"Спец: [1, 2, 3, 3, 3, 3, 3, 3, 3, 3, 4, 4, 3, 3] != Общий: [1, 1, 3, 3, 3, 3, 3, 3, 3, 3, 4, 4, 4, 5]"
HMM,100,"Спец: [1, 2, 3, 3, 3, 3, 3, 3, 3, 3, 4, 4, 3, 3] != Общий: [1, 1, 3, 3, 3, 3, 3, 3, 3, 3, 4, 4, 4, 5]"
HMM,101,"Спец: [1, 2, 2, 2, 3] != Общий: [1, 1, 2, 2, 3]"
HMM,102,"Спец: [1, 2, 2, 3, 4, 4, 3, 4, 4, 3, 3, 3] != Общий: [1, 1, 2, 3, 3, 3, 3, 4, 4, 4, 5, 5]"
HMM,103,"Спец: [1, 2, 3, 3, 3, 3, 3, 3, 3, 3, 4, 4, 3, 3] != Общий: [1, 1, 3, 3, 3, 3, 3, 3, 3, 3, 4, 4, 4, 5]"
HMM,104,"Спец: [1, 2, 2] != Общий: [1, 1, 2]"
HMM,105,"Спец: [1, 2, 2, 3, 4, 4, 3, 3, 3, 3] != Общий: [1, 1, 2, 3, 3, 3, 3, 3, 3, 3]"
HMM,106,"Спец: [1, 2, 2, 2, 3] != Общий: [1, 1, 2, 2, 3]"
HMM,107,"Спец: [1, 2, 2] != Общий: [1, 1, 2]"
HMM,108,"Спец: [1, 2, 2, 2, 3, 3, 3, 3, 3, 3, 4, 4, 3, 3, 3] != Общий: [1, 1, 2, 2, 3, 3, 3, 3, 3, 3, 4, 4, 4, 5, 5]"
HMM,109,"Спец: [1, 2, 2, 2, 3] != Общий: [1, 1, 2, 2, 3]"
HMM,110,"Спец: [1, 2, 2, 2, 3] != Общий: [1, 1, 2, 2, 3]"
HMM,112,"Спец: [1, 2, 2, 2, 3, 4, 4, 3, 3] != Общий: [1, 1, 2, 2, 3, 4, 4, 4, 5]"
HMM,113,"Спец: [1, 2, 2, 2, 3] != Общий: [1, 1, 2, 2, 3]"
HMM,114,"Спец: [1, 2, 2, 2, 3] != Общий: [1, 1, 2, 2, 3]"
HMM,115,"Спец: [1, 2, 2, 2, 3, 4, 4, 3, 3] != Общий: [1, 1, 2, 2, 3, 4, 4, 4, 5]"
HMM,116,"Спец: [1, 2] != Общий: [1, 1]"
HMM,117,"Спец: [1, 2, 2] != Общий: [1, 1, 2]"
HMM,118,"Спец: [1, 2, 2, 2, 3] != Общий: [1, 1, 2, 2, 3]"
HMM,119,"Спец: [1, 2, 2, 2, 3] != Общий: [1, 1, 2, 2, 3]"
HMM,120,"Спец: [1, 2, 2, 2, 3] != Общий: [1, 1, 2, 2, 3]"
HMM,121,"Спец: [1, 2, 2, 2, 3] != Общий: [1, 1, 2, 2, 3]"
HMM,122,"Спец: [1, 2, 2, 2, 3] != Общий: [1, 1, 2, 2, 3]"
HMM,123,"Спец: [1, 2, 2, 2, 3] != Общий: [1, 1, 2, 2, 3]"
HMM,124,"Спец: [1, 2, 2, 2, 3, 4, 4, 3] != Общий: [1, 1, 2, 2, 3, 4, 4, 4]"
HMM,125,"Спец: [1, 2, 2, 2, 3] != Общий: [1, 1, 2, 2, 3]"
HMM,126,"Спец: [1, 2, 2, 2, 3, 4, 4, 3] != Общий: [1, 1, 2, 2, 3, 4, 4, 4]"
HMM,127,"Спец: [1, 2, 2, 2, 3] != Общий: [1, 1, 2, 2, 3]"
HMM,128,"Спец: [1, 2, 2, 2, 3] != Общий: [1, 1, 2, 2, 3]"
HMM,129,"Спец: [1, 2, 2, 2, 3] != Общий: [1, 1, 2, 2, 3]"
HMM,130,"Спец: [1, 2, 2, 2, 3, 3, 3, 3] != Общий: [1, 1, 2, 2, 3, 3, 3, 3]"
HMM,131,"Спец: [1, 2, 2, 3, 4, 4, 3, 3, 3, 3, 3, 3] != Общий: [1, 1, 2, 3, 3, 3, 3, 3, 3, 3, 3, 3]"
HMM,132,"Спец: [1, 2, 2, 3, 4, 4, 3, 3, 3, 3, 3, 3] != Общий: [1, 1, 2, 3, 3, 3, 3, 3, 3, 3, 3, 3]"
HMM,133,"Спец: [1, 2, 2, 2, 3] != Общий: [1, 1, 2, 2, 3]"
HMM,134,"Спец: [1, 2, 2, 2, 3, 3, 3, 3] != Общий: [1, 1, 2, 2, 3, 3, 3, 3]"
HMM,135,"Спец: [1, 2, 2, 2, 3, 3, 3, 3, 3, 3] != Общий: [1, 1, 2, 2, 3, 3, 3, 3, 3, 3]"
HMM,136,"Спец: [1, 2, 2, 2, 3, 3, 3, 3, 3, 3, 3, 3, 4, 4, 3, 3] != Общий: [1, 1, 2, 2, 3, 3, 3, 3, 3, 3, 3, 3, 4, 4, 4, 5]"
HMM,137,"Спец: [1, 2, 2, 2, 3] != Общий: [1, 1, 2, 2, 3]"
HMM,138,"Спец: [1, 2, 2, 2, 3, 4, 4, 3, 3] != Общий: [1, 1, 2, 2, 3, 4, 4, 4, 5]"
HMM,139,"Спец: [1, 2, 2, 3, 4, 4, 3] != Общий: [1, 1, 2, 3, 3, 3, 3]"
HMM,140,"Спец: [1, 2, 2, 2, 3, 3, 3, 3, 3, 3, 3, 3, 3] != Общий: [1, 1, 2, 2, 3, 3, 3, 3, 3, 3, 3, 3, 3]"
HMM,141,"Спец: [1, 2, 2, 2, 3, 3, 3, 3, 3, 3, 3, 3] != Общий: [1, 1, 2, 2, 3, 3, 3, 3, 3, 3, 3, 3]"
HMM,142,"Спец: [1, 2, 2, 2, 3] != Общий: [1, 1, 2, 2, 3]"
HMM,143,"Спец: [1, 2, 2, 2, 3] != Общий: [1, 1, 2, 2, 3]"
HMM,144,"Спец: [1, 2, 2, 2, 3, 3, 3] != Общий: [1, 1, 2, 2, 3, 3, 3]"
HMM,145,"Спец: [1, 2, 2, 3, 4, 4, 3] != Общий: [1, 1, 2, 3, 3, 3, 3]"
HMM,146,"Спец: [1, 2] != Общий: [1, 1]"
HMM,147,"Спец: [1, 2, 2, 2, 3] != Общий: [1, 1, 2, 2, 3]"
HMM,148,"Спец: [1, 2, 2, 2, 3] != Общий: [1, 1, 2, 2, 3]"
HMM,149,"Спец: [1, 2, 2, 2, 3, 3, 3, 3, 3, 3, 4, 4, 3, 3, 3] != Общий: [1, 1, 2, 2, 3, 3, 3, 3, 3, 3, 4, 4, 4, 5, 5]"
HMM,150,"Спец: [1, 2, 2, 2, 3, 3, 3, 3, 3, 3, 3, 3, 4, 4, 3, 3] != Общий: [1, 1, 2, 2, 3, 3, 3, 3, 3, 3, 3, 3, 4, 4, 4, 5]"
HMM,151,"Спец: [1, 2, 2, 2, 3, 3, 3, 3, 3, 3, 3] != Общий: [1, 1, 2, 2, 3, 3, 3, 3, 3, 3, 3]"
HMM,152,"Спец: [1, 2, 2, 2, 3] != Общий: [1, 1, 2, 2, 3]"
HMM,153,"Спец: [1, 2, 2] != Общий: [1, 1, 2]"
HMM,154,"Спец: [1, 2, 2, 2, 3, 3, 3, 3, 3, 3] != Общий: [1, 1, 2, 2, 3, 3, 3, 3, 3, 3]"
HMM,155,"Спец: [1, 2, 2, 2, 3, 3, 3, 3, 3, 3] != Общий: [1, 1, 2, 2, 3, 3, 3, 3, 3, 3]"
HMM,156,"Спец: [1, 2, 2, 2, 3, 3, 3, 3, 3, 3] != Общий: [1, 1, 2, 2, 3, 3, 3, 3, 3, 3]"
HMM,157,"Спец: [1, 2, 2, 2, 3, 3, 3, 3, 3, 3] != Общий: [1, 1, 2, 2, 3, 3, 3, 3, 3, 3]"
HMM,158,"Спец: [1, 2, 2, 2, 3] != Общий: [1, 1, 2, 2, 3]"
HMM,159,"Спец: [1, 2, 2, 2, 3, 3, 3, 3, 3, 3, 3, 3] != Общий: [1, 1, 2, 2, 3, 3, 3, 3, 3, 3, 3, 3]"
HMM,160,"Спец: [1, 2, 2, 2, 3, 3, 3, 3, 3, 3, 3, 3] != Общий: [1, 1, 2, 2, 3, 3, 3, 3, 3, 3, 3, 3]"
HMM,161,"Спец: [1, 2, 2, 2, 3] != Общий: [1, 1, 2, 2, 3]"
HMM,162,"Спец: [1, 2, 2, 2, 3] != Общий: [1, 1, 2, 2, 3]"
HMM,163,"Спец: [1, 2, 2, 2, 3, 3, 3, 3, 3, 3, 3, 3] != Общий: [1, 1, 2, 2, 3, 3, 3, 3, 3, 3, 3, 3]"
HMM,164,"Спец: [1, 2, 2, 2, 3] != Общий: [1, 1, 2, 2, 3]"
HMM,165,"Спец: [1, 2, 2, 2, 3] != Общий: [1, 1, 2, 2, 3]"
HMM,166,"Спец: [1, 2, 2, 2, 3, 3, 3, 3, 3, 3, 3, 3, 3, 3, 3] != Общий: [1, 1, 2, 2, 3, 3, 3, 3, 3, 3, 3, 3, 3, 3, 3]"
HMM,167,"Спец: [1, 2, 2, 2, 3] != Общий: [1, 1, 2, 2, 3]"
HMM,168,"Спец: [1, 2, 2, 2, 3, 3, 3, 3, 3, 3, 3, 3, 3] != Общий: [1, 1, 2, 2, 3, 3, 3, 3, 3, 3, 3, 3, 3]"
HMM,169,"Спец: [1, 2, 2, 2, 3, 3, 3, 3, 3, 3, 3, 3, 3] != Общий: [1, 1, 2, 2, 3, 3, 3, 3, 3, 3, 3, 3, 3]"
HMM,170,"Спец: [1, 2, 2, 2, 3, 3, 3, 3, 3, 3, 3, 3, 3, 3, 3] != Общий: [1, 1, 2, 2, 3, 3, 3, 3, 3, 3, 3, 3, 3, 3, 3]"
HMM,171,"Спец: [1, 2, 2, 2, 3, 3, 3, 3, 3, 3, 3, 3, 3, 3, 3] != Общий: [1, 1, 2, 2, 3, 3, 3, 3, 3, 3, 3, 3, 3, 3, 3]"
HMM,172,"Спец: [1, 2, 2, 2, 3, 4, 4, 3, 3, 3] != Общий: [1, 1, 2, 2, 3, 4, 4, 4, 5, 5]"
HMM,173,"Спец: [1, 2, 2, 2, 3, 3, 3, 3, 3, 3] != Общий: [1, 1, 2, 2, 3, 3, 3, 3, 3, 3]"
HMM,174,"Спец: [1, 2, 2, 2, 3, 3, 3, 3, 3, 3] != Общий: [1, 1, 2, 2, 3, 3, 3, 3, 3, 3]"
HMM,175,"Спец: [1, 2, 2, 2, 3, 4, 4, 3, 3, 3] != Общий: [1, 1, 2, 2, 3, 4, 4, 4, 5, 5]"
HMM,176,"Спец: [1, 2, 3, 4, 4, 3, 3] != Общий: [1, 2, 3, 4, 4, 4, 5]"
HMM,177,"Спец: [1, 2, 2, 3, 4, 4, 3] != Общий: [1, 1, 2, 3, 3, 3, 3]"
HMM,178,"Спец: [1, 2, 2, 2, 3, 4, 4, 3, 3, 3] != Общий: [1, 1, 2, 2, 3, 4, 4, 4, 5, 5]"
HMM,179,"Спец: [1, 2, 2, 2, 3, 4, 4, 3, 3, 3] != Общий: [1, 1, 2, 2, 3, 4, 4, 4, 5, 5]"
HMM,180,"Спец: [1, 2, 2, 2, 3, 3, 3, 3, 3, 3, 3, 3, 4, 4, 3, 3, 3] != Общий: [1, 1, 2, 2, 3, 3, 3, 3, 3, 3, 3, 3, 4, 4, 4, 5, 5]"
HMM,181,"Спец: [1, 2, 2, 2, 3] != Общий: [1, 1, 2, 2, 3]"
HMM,182,"Спец: [1, 2, 2, 2, 3] != Общий: [1, 1, 2, 2, 3]"
HMM,183,"Спец: [1, 2, 2, 2, 3, 3, 3, 3, 3, 3] != Общий: [1, 1, 2, 2, 3, 3, 3, 3, 3, 3]"
HMM,184,"Спец: [1, 2, 2, 2, 3, 4, 4, 3, 3, 3] != Общий: [1, 1, 2, 2, 3, 4, 4, 4, 5, 5]"
HMM,185,"Спец: [1, 2, 2, 2, 3, 3, 3, 3] != Общий: [1, 1, 2, 2, 3, 3, 3, 3]"
HMM,186,"Спец: [1, 2, 2, 2, 3, 3] != Общий: [1, 1, 2, 2, 3, 3]"
HMM,187,"Спец: [1, 2, 2, 2, 3, 4, 4, 3, 3, 3] != Общий: [1, 1, 2, 2, 3, 4, 4, 4, 5, 5]"
HMM,188,"Спец: [1, 2, 2, 2, 3, 4, 4, 3, 3] != Общий: [1, 1, 2, 2, 3, 4, 4, 4, 5]"
HMM,189,"Спец: [1, 2, 2, 2, 3, 4, 4, 3, 3, 3] != Общий: [1, 1, 2, 2, 3, 4, 4, 4, 5, 5]"
HMM,190,"Спец: [1, 2, 2, 2, 3] != Общий: [1, 1, 2, 2, 3]"
HMM,191,"Спец: [1, 2, 2, 2, 3] != Общий: [1, 1, 2, 2, 3]"
HMM,192,"Спец: [1, 2, 2, 3, 4, 4, 3, 3, 3, 3, 3, 3] != Общий: [1, 1, 2, 3, 3, 3, 3, 3, 3, 3, 3, 3]"
HMM,193,"Спец: [1, 2, 2, 3, 4, 4, 3, 3, 3, 3, 3, 3] != Общий: [1, 1, 2, 3, 3, 3, 3, 3, 3, 3, 3, 3]"
HMM,194,"Спец: [1, 2, 2, 2, 3] != Общий: [1, 1, 2, 2, 3]"
HMM,195,"Спец: [1, 2, 2, 2, 3] != Общий: [1, 1, 2, 2, 3]"
HMM,196,"Спец: [1, 2, 2, 2, 3, 4, 4] != Общий: [1, 1, 2, 2, 2, 2, 2]"
HMM,197,"Спец: [1, 2, 2, 2, 3, 4, 4, 3, 3, 3] != Общий: [1, 1, 2, 2, 3, 4, 4, 4, 5, 5]"
HMM,198,"Спец: [1, 2, 2, 2, 3] != Общий: [1, 1, 2, 2, 3]"
HMM,199,"Спец: [1, 2, 2, 2, 3, 3, 3, 3] != Общий: [1, 1, 2, 2, 3, 3, 3, 3]"
HMM,200,"Спец: [1, 2, 2, 2, 3] != Общий: [1, 1, 2, 2, 3]"
HMM,201,"Спец: [1, 2, 2, 2] != Общий: [1, 1, 2, 2]"
HMM,202,"Спец: [1, 2, 2, 2, 3] != Общий: [1, 1, 2, 2, 3]"
HMM,203,"Спец: [1, 2, 2, 2, 3] != Общий: [1, 1, 2, 2, 3]"
HMM,204,"Спец: [1, 2, 2, 2, 3, 4, 4, 3, 3, 3] != Общий: [1, 1, 2, 2, 3, 4, 4, 4, 5, 5]"
HMM,205,"Спец: [1, 2, 2, 3, 4, 4, 3] != Общий: [1, 1, 2, 3, 3, 3, 3]"
HMM,206,"Спец: [1, 2, 2] != Общий: [1, 1, 2]"
HMM,207,"Спец: [1, 2, 2, 2, 3] != Общий: [1, 1, 2, 2, 3]"
HMM,208,"Спец: [1, 2, 2, 2, 3] != Общий: [1, 1, 2, 2, 3]"
HMM,209,"Спец: [1, 2, 2, 2, 3, 3, 3, 3, 3, 3, 3, 3] != Общий: [1, 1, 2, 2, 3, 3, 3, 3, 3, 3, 3, 3]"
HMM,210,"Спец: [1, 2, 2, 2, 3] != Общий: [1, 1, 2, 2, 3]"
HMM,211,"Спец: [1, 2, 2, 2, 3] != Общий: [1, 1, 2, 2, 3]"
HMM,212,"Спец: [1, 2, 2, 2, 3, 3, 3, 3] != Общий: [1, 1, 2, 2, 3, 3, 3, 3]"
HMM,213,"Спец: [1, 2, 2, 2, 3] != Общий: [1, 1, 2, 2, 3]"
HMM,214,"Спец: [1, 2, 2, 2, 3, 3, 3, 3, 3, 4, 4, 3, 3, 3] != Общий: [1, 1, 2, 2, 3, 3, 3, 3, 3, 4, 4, 4, 5, 5]"
HMM,215,"Спец: [1, 2, 2, 2, 3] != Общий: [1, 1, 2, 2, 3]"
HMM,216,"Спец: [1, 2, 2, 2, 3, 3, 3, 3] != Общий: [1, 1, 2, 2, 3, 3, 3, 3]"
HMM,217,"Спец: [1, 2, 2, 2, 3, 3, 3, 3, 3, 3] != Общий: [1, 1, 2, 2, 3, 3, 3, 3, 3, 3]"
HMM,218,"Спец: [1, 2, 2, 3, 4, 4, 3] != Общий: [1, 1, 2, 3, 3, 3, 3]"
HMM,219,"Спец: [1, 2, 2, 2, 3] != Общий: [1, 1, 2, 2, 3]"
HMM,220,"Спец: [1, 2, 2, 2, 3] != Общий: [1, 1, 2, 2, 3]"
HMM,221,"Спец: [1, 2, 2, 3, 4, 4, 3] != Общий: [1, 1, 2, 3, 3, 3, 3]"
HMM,222,"Спец: [1, 2, 2] != Общий: [1, 1, 2]"
HMM,223,"Спец: [1, 2, 2, 2, 3] != Общий: [1, 1, 2, 2, 3]"
HMM,224,"Спец: [1, 2, 2, 2, 3] != Общий: [1, 1, 2, 2, 3]"
HMM,225,"Спец: [1, 2, 2, 2, 3, 3, 3, 3, 3, 3, 4, 4, 3, 3] != Общий: [1, 1, 2, 2, 3, 3, 3, 3, 3, 3, 4, 4, 4, 5]"
HMM,226,"Спец: [1, 2, 2, 2, 3] != Общий: [1, 1, 2, 2, 3]"
HMM,227,"Спец: [1, 2, 2, 2, 3] != Общий: [1, 1, 2, 2, 3]"
HMM,228,"Спец: [1, 2, 2, 2, 3] != Общий: [1, 1, 2, 2, 3]"
HMM,229,"Спец: [1, 2, 2, 2, 3, 3, 3, 3, 3, 3] != Общий: [1, 1, 2, 2, 3, 3, 3, 3, 3, 3]"
HMM,230,"Спец: [1, 2, 2, 2, 3] != Общий: [1, 1, 2, 2, 3]"
HMM,231,"Спец: [1, 2, 2, 3, 4, 4, 3, 3, 3, 3, 3, 3, 3, 3, 4, 4, 3, 3] != Общий: [1, 1, 2, 3, 3, 3, 3, 3, 3, 3, 3, 3, 3, 3, 4, 4, 4, 5]"
HMM,232,"Спец: [1, 2, 2, 2, 2, 2, 3, 3, 3, 3, 3, 3] != Общий: [1, 1, 2, 2, 2, 2, 3, 3, 3, 3, 3, 3]"
HMM,233,"Спец: [1, 2, 2, 2, 3, 3, 4, 4, 5, 5] != Общий: [1, 1, 2, 2, 3, 4, 4, 4, 5, 5]"
HMM,234,"Спец: [1, 2, 2, 2, 3, 4, 4, 3] != Общий: [1, 1, 2, 2, 3, 4, 4, 4]"
HMM,235,"Спец: [1, 2, 2, 2, 3, 3, 3, 3, 3, 3, 3, 3] != Общий: [1, 1, 2, 2, 3, 3, 3, 3, 3, 3, 3, 3]"
HMM,236,"Спец: [1, 2, 2, 3, 4, 4, 3] != Общий: [1, 1, 2, 3, 3, 3, 3]"
HMM,237,"Спец: [1, 2, 2, 3, 4, 4, 3] != Общий: [1, 1, 2, 3, 3, 3, 3]"
HMM,238,"Спец: [1, 2, 2, 2, 3, 3, 3, 3] != Общий: [1, 1, 2, 2, 3, 3, 3, 3]"
HMM,239,"Спец: [1, 2, 2, 2, 3, 4, 4, 3, 3] != Общий: [1, 1, 2, 2, 3, 4, 4, 4, 5]"
HMM,240,"Спец: [1, 2, 2, 2, 3] != Общий: [1, 1, 2, 2, 3]"
HMM,241,"Спец: [1, 2, 3, 4, 4, 3, 3] != Общий: [1, 2, 3, 4, 4, 4, 5]"
HMM,242,"Спец: [1, 2, 2, 2, 3, 4, 4, 3, 3, 3] != Общий: [1, 1, 2, 2, 3, 4, 4, 4, 5, 5]"
HMM,243,"Спец: [1, 2, 2, 2, 3, 3, 3, 3, 3, 3] != Общий: [1, 1, 2, 2, 3, 3, 3, 3, 3, 3]"
HMM,244,"Спец: [1, 2, 2, 2, 3] != Общий: [1, 1, 2, 2, 3]"
HMM,245,"Спец: [1, 2, 2, 2, 3, 3, 3, 3, 3, 3] != Общий: [1, 1, 2, 2, 3, 3, 3, 3, 3, 3]"
HMM,246,"Спец: [1, 2, 2, 2] != Общий: [1, 1, 2, 2]"
HMM,247,"Спец: [1, 2, 2, 2, 3] != Общий: [1, 1, 2, 2, 3]"
HMM,248,"Спец: [1, 2, 2, 3, 4, 4, 3, 3, 3, 3] != Общий: [1, 1, 2, 3, 3, 3, 3, 3, 3, 3]"
HMM,249,"Спец: [1, 2, 2, 2, 3, 3, 3, 3, 3, 3, 4, 4, 3, 3, 4, 5] != Общий: [1, 1, 2, 2, 3, 3, 3, 3, 3, 3, 4, 4, 4, 3, 3, 3]"
HMM,250,"Спец: [1, 2, 2, 2, 3, 3, 3, 3, 3, 3, 4, 4, 3, 3, 4, 5] != Общий: [1, 1, 2, 2, 3, 3, 3, 3, 3, 3, 4, 4, 4, 3, 3, 3]"
HMM,251,"Спец: [1, 2, 2, 2, 3, 4, 4, 3, 3] != Общий: [1, 1, 2, 2, 3, 4, 4, 4, 5]"
HMM,252,"Спец: [1, 2, 2, 2, 3, 4, 4, 3, 3] != Общий: [1, 1, 2, 2, 3, 4, 4, 4, 5]"
HMM,253,"Спец: [1, 2, 2, 2, 3, 3, 3, 3, 3, 3, 4, 4, 3, 3] != Общий: [1, 1, 2, 2, 3, 3, 3, 3, 3, 3, 4, 4, 4, 5]"
HMM,254,"Спец: [1, 2, 2, 2, 3, 3, 3, 3, 3, 3, 4, 4, 3, 3] != Общий: [1, 1, 2, 2, 3, 3, 3, 3, 3, 3, 4, 4, 4, 5]"
HMM,255,"Спец: [1, 2, 2, 2, 3] != Общий: [1, 1, 2, 2, 3]"
HMM,256,"Спец: [1, 2, 2, 2, 3, 3, 3, 3, 3, 3, 4, 4, 3, 3, 3] != Общий: [1, 1, 2, 2, 3, 3, 3, 3, 3, 3, 4, 4, 4, 5, 5]"
HMM,257,"Спец: [1, 2, 2, 2, 3, 3, 3, 3, 3, 3, 4, 4, 3, 3, 3] != Общий: [1, 1, 2, 2, 3, 3, 3, 3, 3, 3, 4, 4, 4, 5, 5]"
HMM,258,"Спец: [1, 2, 2, 3, 4, 4, 3, 4, 4, 3, 3] != Общий: [1, 1, 2, 3, 3, 3, 3, 4, 4, 4, 5]"
HMM,259,"Спец: [1, 2, 2, 2, 3, 3, 3, 3, 3, 3, 4, 4, 3, 3, 4, 5] != Общий: [1, 1, 2, 2, 3, 3, 3, 3, 3, 3, 4, 4, 4, 3, 3, 3]"
HMM,260,"Спец: [1, 2, 2, 2, 3, 3, 3, 3, 3, 3, 4, 4, 3, 3, 3] != Общий: [1, 1, 2, 2, 3, 3, 3, 3, 3, 3, 4, 4, 4, 5, 5]"
HMM,261,"Спец: [1, 2, 2, 2, 3] != Общий: [1, 1, 2, 2, 3]"
HMM,262,"Спец: [1, 2, 2, 2, 3, 3, 3, 3, 3, 3, 3, 3, 3, 3] != Общий: [1, 1, 2, 2, 3, 3, 3, 3, 3, 3, 3, 4, 5, 5]"
HMM,263,"Спец: [1, 2, 2, 2, 3, 3, 3, 3, 3, 3, 4, 4, 3, 3, 3, 4, 5, 5, 5] != Общий: [1, 1, 2, 2, 3, 3, 3, 3, 3, 3, 4, 4, 4, 5, 5, 5, 5, 5, 5]"
HMM,264,"Спец: [1, 2, 2, 3, 4, 4, 3] != Общий: [1, 1, 2, 3, 3, 3, 3]"
HMM,265,"Спец: [1, 2, 2, 2, 3, 3, 3, 3, 3, 3, 3, 4, 4] != Общий: [1, 1, 2, 2, 3, 3, 3, 3, 3, 3, 3, 4, 4]"
HMM,266,"Спец: [1, 2] != Общий: [1, 1]"
HMM,267,"Спец: [1, 2, 2, 2, 3, 4, 4, 3, 3, 3] != Общий: [1, 1, 2, 2, 3, 4, 4, 4, 5, 5]"
HMM,268,"Спец: [1, 2, 2, 2, 3, 4, 4, 3, 3, 3] != Общий: [1, 1, 2, 2, 3, 4, 4, 4, 5, 5]"
HMM,269,"Спец: [1, 2, 2, 2, 3, 4, 4, 3, 3, 3] != Общий: [1, 1, 2, 2, 3, 4, 4, 4, 5, 5]"
HMM,270,"Спец: [1, 2, 2, 2, 3, 3, 3, 3, 3, 3, 3, 3] != Общий: [1, 1, 2, 2, 3, 3, 3, 3, 3, 3, 3, 3]"
HMM,271,"Спец: [1, 2, 2] != Общий: [1, 1, 2]"
HMM,272,"Спец: [1, 2, 2] != Общий: [1, 1, 2]"
HMM,273,"Спец: [1, 2, 2] != Общий: [1, 1, 2]"
HMM,274,"Спец: [1, 2, 2, 3, 4, 4, 3, 3, 3, 3, 3, 3, 4, 4, 3, 3, 3] != Общий: [1, 1, 2, 2, 2, 2, 3, 3, 3, 3, 3, 3, 4, 4, 4, 5, 5]"
HMM,275,"Спец: [1, 2, 2, 3, 4, 4, 3, 4, 4, 3, 3] != Общий: [1, 1, 2, 3, 3, 3, 3, 4, 4, 4, 5]"
HMM,276,"Спец: [1, 2, 2, 2, 3, 3, 3, 3, 3, 3] != Общий: [1, 1, 2, 2, 3, 3, 3, 3, 3, 3]"
HMM,277,"Спец: [1, 2, 2, 2, 3] != Общий: [1, 1, 2, 2, 3]"
HMM,278,"Спец: [1, 2, 2, 2, 3, 4, 4, 3] != Общий: [1, 1, 2, 2, 3, 4, 4, 4]"
HMM,279,"Спец: [1, 2, 2, 2, 3] != Общий: [1, 1, 2, 2, 3]"
HMM,280,"Спец: [1, 2, 2, 2, 3] != Общий: [1, 1, 2, 2, 3]"
HMM,281,"Спец: [1, 2, 2, 2, 3, 4, 4, 3, 3, 3] != Общий: [1, 1, 2, 2, 3, 4, 4, 4, 5, 5]"
HMM,282,"Спец: [1, 2, 2, 2, 3, 3, 3, 3, 3, 3, 4, 4, 3] != Общий: [1, 1, 2, 2, 3, 3, 3, 3, 3, 3, 4, 4, 4]"
HMM,283,"Спец: [1, 2, 2, 3, 3, 4, 4, 3, 3] != Общий: [1, 1, 2, 3, 3, 4, 4, 4, 5]"
HMM,284,"Спец: [1, 2, 2, 3, 3, 4, 4, 3, 3] != Общий: [1, 1, 2, 3, 3, 4, 4, 4, 5]"
HMM,285,"Спец: [1, 2, 2, 2, 3, 3, 3, 3] != Общий: [1, 1, 2, 2, 3, 3, 3, 3]"
HMM,286,"Спец: [1, 2, 2, 2, 3, 4, 4, 3] != Общий: [1, 1, 2, 2, 3, 4, 4, 4]"
HMM,287,"Спец: [1, 2, 2] != Общий: [1, 1, 2]"
HMM,288,"Спец: [1, 2, 2, 2, 3, 3, 3, 3, 3, 3] != Общий: [1, 1, 2, 2, 3, 3, 3, 3, 3, 3]"
HMM,289,"Спец: [1, 2, 2, 2, 3] != Общий: [1, 1, 2, 2, 3]"
HMM,290,"Спец: [1, 2, 2, 2, 3, 3, 3, 3] != Общий: [1, 1, 2, 2, 3, 3, 3, 3]"
HMM,291,"Спец: [1, 2, 2, 2, 3, 4, 4, 3, 3, 3] != Общий: [1, 1, 2, 2, 3, 4, 4, 4, 5, 5]"
HMM,292,"Спец: [1, 2, 2, 2, 3] != Общий: [1, 1, 2, 2, 3]"
HMM,293,"Спец: [1, 2, 2, 2, 3] != Общий: [1, 1, 2, 2, 3]"
HMM,294,"Спец: [1, 2, 2, 2] != Общий: [1, 1, 2, 2]"
HMM,295,"Спец: [1, 2, 2, 2, 3, 3, 3, 4, 4] != Общий: [1, 1, 2, 2, 3, 4, 5, 4, 4]"
HMM,296,"Спец: [1, 2, 2, 2, 3, 4, 4, 3, 3] != Общий: [1, 1, 2, 2, 3, 4, 4, 4, 5]"
HMM,297,"Спец: [1, 2, 2, 3, 4, 4, 3, 3, 3] != Общий: [1, 1, 2, 3, 3, 3, 3, 3, 3]"
HMM,298,"Спец: [1, 2] != Общий: [1, 1]"
HMM,299,"Спец: [1, 2, 2, 2, 3] != Общий: [1, 1, 2, 2, 3]"
HMM,300,"Спец: [1, 2, 2, 2, 3, 3, 3, 3] != Общий: [1, 1, 2, 2, 3, 3, 3, 3]"
HMM,301,"Спец: [1, 2] != Общий: [1, 1]"
HMM,302,"Спец: [1, 2, 2] != Общий: [1, 1, 2]"
HMM,303,"Спец: [1, 2, 2, 2] != Общий: [1, 1, 2, 2]"
HMM,304,"Спец: [1, 2, 2, 2, 3] != Общий: [1, 1, 2, 2, 3]"
HMM,305,"Спец: [1, 2, 2, 2, 3] != Общий: [1, 1, 2, 2, 3]"
HMM,306,"Спец: [1, 2, 2, 2, 3, 4, 4, 3, 3, 3] != Общий: [1, 1, 2, 2, 3, 4, 4, 4, 5, 5]"
HMM,307,"Спец: [1, 2, 2, 2, 3, 3, 3, 3] != Общий: [1, 1, 2, 2, 3, 3, 3, 3]"
HMM,308,"Спец: [1, 2, 2, 2, 3] != Общий: [1, 1, 2, 2, 3]"
HMM,309,"Спец: [1, 2, 2, 2, 3] != Общий: [1, 1, 2, 2, 3]"
HMM,310,"Спец: [1, 2, 2, 2, 3] != Общий: [1, 1, 2, 2, 3]"
HMM,311,"Спец: [1, 2] != Общий: [1, 1]"
HMM,312,"Спец: [1, 2] != Общий: [1, 1]"
HMM,313,"Спец: [1, 2, 2, 2, 3, 3, 3, 3, 3, 3] != Общий: [1, 1, 2, 2, 3, 3, 3, 3, 3, 3]"
HMM,314,"Спец: [1, 2, 2, 2, 3, 3, 3, 3, 3, 3] != Общий: [1, 1, 2, 2, 3, 3, 3, 3, 3, 3]"
HMM,315,"Спец: [1, 2, 2, 2, 3] != Общий: [1, 1, 2, 2, 3]"
HMM,316,"Спец: [1, 2, 2, 2, 3, 3, 3, 3, 3, 3, 4, 4, 3, 3, 3] != Общий: [1, 1, 2, 2, 3, 3, 3, 3, 3, 3, 4, 4, 4, 5, 5]"
HMM,317,"Спец: [1, 2, 2, 2, 3] != Общий: [1, 1, 2, 2, 3]"
HMM,318,"Спец: [1, 2, 2, 3, 4, 4, 3, 4, 3, 4, 5, 5] != Общий: [1, 1, 2, 3, 3, 3, 3, 4, 4, 4, 5, 5]"
HMM,319,"Спец: [1, 2, 2, 2, 3] != Общий: [1, 1, 2, 2, 3]"
HMM,320,"Спец: [1, 2, 2, 2, 3] != Общий: [1, 1, 2, 2, 3]"
HMM,321,"Спец: [1, 2, 2, 2, 3] != Общий: [1, 1, 2, 2, 3]"
HMM,322,"Спец: [1, 2, 2, 2, 3] != Общий: [1, 1, 2, 2, 3]"
HMM,323,"Спец: [1, 2, 2, 2, 3, 3, 3, 3, 3, 3] != Общий: [1, 1, 2, 2, 3, 3, 3, 3, 3, 3]"
HMM,324,"Спец: [1, 2, 2, 2, 3] != Общий: [1, 1, 2, 2, 3]"
HMM,325,"Спец: [1, 2, 2, 2, 3, 3, 3, 3, 3, 3, 3, 3, 3] != Общий: [1, 1, 2, 2, 3, 3, 3, 3, 3, 3, 3, 3, 3]"
HMM,326,"Спец: [1, 2, 2, 2, 3, 3, 3, 3, 3, 3, 3, 3, 3] != Общий: [1, 1, 2, 2, 3, 3, 3, 3, 3, 3, 3, 3, 3]"
HMM,327,"Спец: [1, 2, 2, 2, 3, 3, 3, 3, 3, 3, 3, 3, 3, 3, 3] != Общий: [1, 1, 2, 2, 3, 3, 3, 3, 3, 3, 3, 3, 3, 3, 3]"
HMM,328,"Спец: [1, 2, 2, 2, 3, 3, 3, 3, 3, 3, 3, 3, 3, 3, 3] != Общий: [1, 1, 2, 2, 3, 3, 3, 3, 3, 3, 3, 3, 3, 3, 3]"
HMM,329,"Спец: [1, 2, 2, 2, 3, 3, 3, 3] != Общий: [1, 1, 2, 2, 3, 3, 3, 3]"
HMM,330,"Спец: [1, 2, 2, 2, 3, 3, 3, 3] != Общий: [1, 1, 2, 2, 3, 3, 3, 3]"
HMM,331,"Спец: [1, 2, 2, 2, 3, 3, 3, 3] != Общий: [1, 1, 2, 2, 3, 3, 3, 3]"
HMM,332,"Спец: [1, 2, 2, 2, 3, 3, 3, 3] != Общий: [1, 1, 2, 2, 3, 3, 3, 3]"
HMM,333,"Спец: [1, 2, 2, 2, 3, 3, 3, 3] != Общий: [1, 1, 2, 2, 3, 3, 3, 3]"
HMM,334,"Спец: [1, 2, 2, 2, 3] != Общий: [1, 1, 2, 2, 3]"
HMM,335,"Спец: [1, 2, 2, 2, 3] != Общий: [1, 1, 2, 2, 3]"
HMM,336,"Спец: [1, 2, 2, 2, 3] != Общий: [1, 1, 2, 2, 3]"
HMM,337,"Спец: [1, 2, 2, 2, 3] != Общий: [1, 1, 2, 2, 3]"
HMM,338,"Спец: [1, 2, 2, 2, 3, 4, 4, 3, 3, 3] != Общий: [1, 1, 2, 2, 3, 4, 4, 4, 5, 5]"
HMM,339,"Спец: [1, 2, 2, 2, 3] != Общий: [1, 1, 2, 2, 3]"
HMM,340,"Спец: [1, 2, 2] != Общий: [1, 1, 2]"
HMM,341,"Спец: [1, 2, 2, 2, 3] != Общий: [1, 1, 2, 2, 3]"
HMM,342,"Спец: [1, 2, 2, 2, 3] != Общий: [1, 1, 2, 2, 3]"
HMM,343,"Спец: [1, 2, 2] != Общий: [1, 1, 2]"
HMM,344,"Спец: [1, 2, 2, 2, 3] != Общий: [1, 1, 2, 2, 3]"
HMM,345,"Спец: [1, 2, 2, 2, 3, 4, 4, 3, 3] != Общий: [1, 1, 2, 2, 3, 4, 4, 4, 5]"
HMM,346,"Спец: [1, 2, 2, 2, 3, 4, 4, 3, 3, 3] != Общий: [1, 1, 2, 2, 3, 4, 4, 4, 5, 5]"
HMM,347,"Спец: [1, 2, 2, 2, 3, 4, 4, 3, 3, 3] != Общий: [1, 1, 2, 2, 3, 4, 4, 4, 5, 5]"
HMM,348,"Спец: [1, 2, 2, 2, 3, 4, 4, 3] != Общий: [1, 1, 2, 2, 3, 4, 4, 4]"
HMM,349,"Спец: [1, 2, 2, 2, 3] != Общий: [1, 1, 2, 2, 3]"
HMM,350,"Спец: [1, 2, 2, 2, 3, 3, 3, 3, 3, 3] != Общий: [1, 1, 2, 2, 3, 3, 3, 3, 3, 3]"
HMM,351,"Спец: [1, 2, 2] != Общий: [1, 1, 2]"
HMM,352,"Спец: [1, 2, 2, 2, 3] != Общий: [1, 1, 2, 2, 3]"
HMM,353,"Спец: [1, 2, 2, 2, 3, 3, 3, 3, 3, 3] != Общий: [1, 1, 2, 2, 3, 3, 3, 3, 3, 3]"
HMM,354,"Спец: [1, 2, 2] != Общий: [1, 1, 2]"
HMM,355,"Спец: [1, 2, 2, 2, 3, 4, 4, 3, 3, 3] != Общий: [1, 1, 2, 2, 3, 4, 4, 4, 5, 5]"
HMM,356,"Спец: [1, 2, 2, 2, 3, 4, 4, 3, 3, 3] != Общий: [1, 1, 2, 2, 3, 4, 4, 4, 5, 5]"
HMM,357,"Спец: [1, 2, 2, 2, 3, 4, 4, 3, 3, 4, 5] != Общий: [1, 1, 2, 2, 3, 4, 4, 4, 5, 5, 5]"
HMM,358,"Спец: [1, 2, 2, 2, 3, 4, 4, 3, 3, 3] != Общий: [1, 1, 2, 2, 3, 4, 4, 4, 5, 5]"
HMM,359,"Спец: [1, 2, 2, 2, 3] != Общий: [1, 1, 2, 2, 3]"
HMM,360,"Спец: [1, 2, 2, 2, 3, 3, 3, 3, 3, 3] != Общий: [1, 1, 2, 2, 3, 3, 3, 3, 3, 3]"
HMM,361,"Спец: [1, 2, 2, 2, 3] != Общий: [1, 1, 2, 2, 3]"
HMM,362,"Спец: [1, 2, 2, 2, 3, 3, 3, 3, 3, 3] != Общий: [1, 1, 2, 2, 3, 3, 3, 3, 3, 3]"
HMM,363,"Спец: [1, 2, 2, 2, 3, 3, 3, 3, 3, 3] != Общий: [1, 1, 2, 2, 3, 3, 3, 3, 3, 3]"
HMM,364,"Спец: [1, 2, 2, 2, 3, 3, 3, 3, 3, 3, 3, 3] != Общий: [1, 1, 2, 2, 3, 3, 3, 3, 3, 3, 3, 3]"
HMM,365,"Спец: [1, 2, 2, 2, 3, 3, 3, 3, 3, 3, 3, 3] != Общий: [1, 1, 2, 2, 3, 3, 3, 3, 3, 3, 3, 3]"
HMM,366,"Спец: [1, 2, 2, 2, 3, 3, 3, 3] != Общий: [1, 1, 2, 2, 3, 3, 3, 3]"
HMM,367,"Спец: [1, 2, 2, 2, 3, 3, 3, 3] != Общий: [1, 1, 2, 2, 3, 3, 3, 3]"
HMM,368,"Спец: [1, 2, 2, 2, 3, 3, 3, 3] != Общий: [1, 1, 2, 2, 3, 3, 3, 3]"
HMM,369,"Спец: [1, 2, 2, 2, 3, 3, 3, 3] != Общий: [1, 1, 2, 2, 3, 3, 3, 3]"
HMM,370,"Спец: [1, 2, 2, 2, 3, 3, 3, 3] != Общий: [1, 1, 2, 2, 3, 3, 3, 3]"
HMM,371,"Спец: [1, 2, 2, 2, 3, 3, 3, 3] != Общий: [1, 1, 2, 2, 3, 3, 3, 3]"
HMM,372,"Спец: [1, 2, 2, 2, 3, 3, 3, 3] != Общий: [1, 1, 2, 2, 3, 3, 3, 3]"
HMM,373,"Спец: [1, 2, 2, 2, 3, 3, 3, 3] != Общий: [1, 1, 2, 2, 3, 3, 3, 3]"
HMM,374,"Спец: [1, 2, 2, 2, 3, 3, 3, 3] != Общий: [1, 1, 2, 2, 3, 3, 3, 3]"
HMM,375,"Спец: [1, 2, 2, 2, 3, 3, 3, 3, 3, 3, 3, 3, 3, 3, 3] != Общий: [1, 1, 2, 2, 3, 3, 3, 3, 3, 3, 3, 3, 3, 3, 3]"
HMM,376,"Спец: [1, 2, 2, 2, 3, 3, 3, 3, 3, 3, 3, 3, 3, 3, 3] != Общий: [1, 1, 2, 2, 3, 3, 3, 3, 3, 3, 3, 3, 3, 3, 3]"
HMM,377,"Спец: [1, 2, 2, 2, 3, 3, 3, 3, 3, 3, 3, 3, 3, 3, 3] != Общий: [1, 1, 2, 2, 3, 3, 3, 3, 3, 3, 3, 3, 3, 3, 3]"
HMM,378,"Спец: [1, 2, 2, 2, 3, 3, 3, 3, 3, 3, 3, 3, 3, 3, 3] != Общий: [1, 1, 2, 2, 3, 3, 3, 3, 3, 3, 3, 3, 3, 3, 3]"
HMM,379,"Спец: [1, 2, 2, 3, 4, 4, 3, 3, 3, 3] != Общий: [1, 1, 2, 3, 3, 3, 3, 3, 3, 3]"
HMM,380,"Спец: [1, 2, 2, 2, 3, 3, 3, 3, 3] != Общий: [1, 1, 2, 2, 3, 3, 3, 3, 3]"
HMM,381,"Спец: [1, 2, 2, 2, 2, 2, 3, 3] != Общий: [1, 1, 2, 2, 2, 2, 2, 2]"
HMM,382,"Спец: [1, 2, 2, 2, 3, 3, 3, 3] != Общий: [1, 1, 2, 2, 3, 3, 3, 3]"
HMM,383,"Спец: [1, 2, 2, 3, 4, 4, 3, 3, 3, 3, 3] != Общий: [1, 1, 2, 3, 3, 3, 3, 3, 3, 3, 3]"
HMM,384,"Спец: [1, 2, 2, 3, 4, 4, 3] != Общий: [1, 1, 2, 3, 3, 3, 3]"
HMM,385,"Спец: [1, 2, 2, 2, 3] != Общий: [1, 1, 2, 2, 3]"
HMM,386,"Спец: [1, 2, 2] != Общий: [1, 1, 2]"
HMM,387,"Спец: [1, 2, 2, 2, 3, 4, 4] != Общий: [1, 1, 2, 2, 3, 4, 4]"
HMM,388,"Спец: [1, 2, 2] != Общий: [1, 1, 2]"
HMM,389,"Спец: [1, 2, 2, 2, 3] != Общий: [1, 1, 2, 2, 3]"
HMM,390,"Спец: [1, 2, 2, 3, 4, 4, 3, 3, 3, 3, 3] != Общий: [1, 1, 2, 3, 3, 3, 3, 3, 3, 3, 3]"
HMM,391,"Спец: [1, 2, 2, 2, 3, 3, 3, 3] != Общий: [1, 1, 2, 2, 3, 3, 3, 3]"
HMM,392,"Спец: [1, 2, 2, 3, 4, 4, 3] != Общий: [1, 1, 2, 3, 3, 3, 3]"
HMM,393,"Спец: [1, 2, 2, 2, 3, 3, 3, 3, 3] != Общий: [1, 1, 2, 2, 3, 3, 3, 3, 3]"
HMM,394,"Спец: [1, 2, 2, 2, 3] != Общий: [1, 1, 2, 2, 3]"
HMM,395,"Спец: [1, 2, 2, 2, 3] != Общий: [1, 1, 2, 2, 3]"
HMM,396,"Спец: [1, 2, 2, 2, 3] != Общий: [1, 1, 2, 2, 3]"
HMM,397,"Спец: [1, 2, 2, 2, 3, 4, 4, 3, 3, 3] != Общий: [1, 1, 2, 2, 3, 4, 4, 4, 5, 5]"
HMM,398,"Спец: [1, 2, 2, 2, 3, 4, 4, 3, 3, 3] != Общий: [1, 1, 2, 2, 3, 4, 4, 4, 5, 5]"
HMM,399,"Спец: [1, 2, 2, 2, 3, 4, 4, 3, 3, 3] != Общий: [1, 1, 2, 2, 3, 4, 4, 4, 5, 5]"
HMM,400,"Спец: [1, 2, 3, 4, 3, 3, 4] != Общий: [1, 2, 3, 4, 4, 5, 4]"
HMM,401,"Спец: [1, 2, 2, 2, 3] != Общий: [1, 1, 2, 2, 3]"
HMM,402,"Спец: [1, 2, 2, 2, 3] != Общий: [1, 1, 2, 2, 3]"
HMM,403,"Спец: [1, 2, 2, 3, 4, 4, 3] != Общий: [1, 1, 2, 3, 3, 3, 3]"
HMM,404,"Спец: [1, 2, 2, 2, 3, 4, 4, 3, 3, 3] != Общий: [1, 1, 2, 2, 3, 4, 4, 4, 5, 5]"
HMM,405,"Спец: [1, 2, 2, 2, 3] != Общий: [1, 1, 2, 2, 3]"
HMM,406,"Спец: [1, 2, 2, 2, 3, 4, 3, 4, 5, 5] != Общий: [1, 1, 2, 2, 3, 4, 4, 4, 5, 5]"
HMM,407,"Спец: [1, 2, 2, 2, 3, 4, 3, 4, 5, 5] != Общий: [1, 1, 2, 2, 3, 4, 4, 4, 5, 5]"
HMM,408,"Спец: [1, 2, 2, 2, 3, 3, 3, 3, 3, 3, 3, 3, 3, 4, 4] != Общий: [1, 1, 2, 2, 3, 3, 3, 3, 3, 3, 4, 5, 5, 4, 4]"
HMM,409,"Спец: [1, 2, 2, 2, 3] != Общий: [1, 1, 2, 2, 3]"
HMM,410,"Спец: [1, 2, 2, 2, 3, 4, 4, 3, 3, 3] != Общий: [1, 1, 2, 2, 3, 4, 4, 4, 5, 5]"
HMM,411,"Спец: [1, 2, 2, 3, 4, 4, 3, 4, 4, 3, 3, 3] != Общий: [1, 1, 2, 3, 3, 3, 3, 4, 4, 4, 5, 5]"
HMM,412,"Спец: [1, 2, 2, 2, 3, 3, 3, 3, 4, 4, 3, 3, 3] != Общий: [1, 1, 2, 2, 3, 3, 3, 3, 4, 4, 4, 5, 5]"
HMM,413,"Спец: [1, 2, 2, 2, 3, 4, 4, 3, 3, 3] != Общий: [1, 1, 2, 2, 3, 4, 4, 4, 5, 5]"
HMM,414,"Спец: [1, 2, 2, 2, 3, 4, 4, 3, 3, 3] != Общий: [1, 1, 2, 2, 3, 4, 4, 4, 5, 5]"
HMM,415,"Спец: [1, 2, 2, 2, 3, 4, 4, 3, 3, 3] != Общий: [1, 1, 2, 2, 3, 4, 4, 4, 5, 5]"
HMM,416,"Спец: [1, 2, 2, 2, 3, 4, 4, 3, 3, 3] != Общий: [1, 1, 2, 2, 3, 4, 4, 4, 5, 5]"
HMM,417,"Спец: [1, 2, 2, 2, 3, 4, 4, 3, 3, 3] != Общий: [1, 1, 2, 2, 3, 4, 4, 4, 5, 5]"
HMM,418,"Спец: [1, 2, 2, 2, 3, 4, 4, 3, 3] != Общий: [1, 1, 2, 2, 3, 4, 4, 4, 5]"
HMM,419,"Спец: [1, 2, 2] != Общий: [1, 1, 2]"
HMM,420,"Спец: [1, 2, 2, 2, 3, 4, 4, 3, 3, 3] != Общий: [1, 1, 2, 2, 3, 4, 4, 4, 5, 5]"
HMM,421,"Спец: [1, 2, 2, 2, 3, 4, 4, 3, 3, 3] != Общий: [1, 1, 2, 2, 3, 4, 4, 4, 5, 5]"
HMM,422,"Спец: [1, 2, 2, 2, 3, 4, 4, 3, 3, 3] != Общий: [1, 1, 2, 2, 3, 4, 4, 4, 5, 5]"
HMM,423,"Спец: [1, 2, 2, 2, 3] != Общий: [1, 1, 2, 2, 3]"
HMM,424,"Спец: [1, 2, 2] != Общий: [1, 1, 2]"
HMM,425,"Спец: [1, 2, 2, 2, 3, 4, 4, 3, 3, 3] != Общий: [1, 1, 2, 2, 3, 4, 4, 4, 5, 5]"
HMM,426,"Спец: [1, 2, 2, 2, 3] != Общий: [1, 1, 2, 2, 3]"
HMM,427,"Спец: [1, 2, 2] != Общий: [1, 1, 2]"
HMM,428,"Спец: [1, 2, 2, 2, 3] != Общий: [1, 1, 2, 2, 3]"
HMM,429,"Спец: [1, 2, 2, 2, 3] != Общий: [1, 1, 2, 2, 3]"
HMM,430,"Спец: [1, 2, 2, 2, 3] != Общий: [1, 1, 2, 2, 3]"
HMM,431,"Спец: [1, 2, 2, 2, 3, 3, 3] != Общий: [1, 1, 2, 2, 3, 3, 3]"
HMM,432,"Спец: [1, 2, 2, 2, 3] != Общий: [1, 1, 2, 2, 3]"
HMM,433,"Спец: [1, 2, 2, 2, 3] != Общий: [1, 1, 2, 2, 3]"
HMM,434,"Спец: [1, 2, 2, 2, 3] != Общий: [1, 1, 2, 2, 3]"
HMM,435,"Спец: [1, 2, 2, 2, 3] != Общий: [1, 1, 2, 2, 3]"
HMM,436,"Спец: [1, 2, 2, 2, 3] != Общий: [1, 1, 2, 2, 3]"
HMM,437,"Спец: [1, 2, 2, 2, 3] != Общий: [1, 1, 2, 2, 3]"
HMM,438,"Спец: [1, 2, 2, 2, 3] != Общий: [1, 1, 2, 2, 3]"
HMM,439,"Спец: [1, 2, 2, 2, 3] != Общий: [1, 1, 2, 2, 3]"
HMM,440,"Спец: [1, 2, 2, 2, 3] != Общий: [1, 1, 2, 2, 3]"
HMM,441,"Спец: [1, 2, 2, 2, 3] != Общий: [1, 1, 2, 2, 3]"
HMM,442,"Спец: [1, 2, 2, 2, 3] != Общий: [1, 1, 2, 2, 3]"
HMM,443,"Спец: [1, 2, 2, 2, 3] != Общий: [1, 1, 2, 2, 3]"
HMM,444,"Спец: [1, 2, 2, 2, 3] != Общий: [1, 1, 2, 2, 3]"
HMM,445,"Спец: [1, 2, 2, 3, 4, 4, 3] != Общий: [1, 1, 2, 3, 3, 3, 3]"
HMM,446,"Спец: [1, 2, 2, 3, 4, 4, 3] != Общий: [1, 1, 2, 3, 3, 3, 3]"
HMM,447,"Спец: [1, 2, 2, 2, 3] != Общий: [1, 1, 2, 2, 3]"
HMM,448,"Спец: [1, 2, 2, 2, 3] != Общий: [1, 1, 2, 2, 3]"
HMM,449,"Спец: [1, 2, 2] != Общий: [1, 1, 2]"
HMM,450,"Спец: [1, 2, 2, 3, 4, 4, 3] != Общий: [1, 1, 2, 3, 3, 3, 3]"
HMM,451,"Спец: [1, 2, 2, 2, 3] != Общий: [1, 1, 2, 2, 3]"
HMM,452,"Спец: [1, 2, 2, 2, 3] != Общий: [1, 1, 2, 2, 3]"
HMM,453,"Спец: [1, 2, 2, 2, 3, 3] != Общий: [1, 1, 2, 2, 3, 3]"
HMM,454,"Спец: [1, 2, 2, 2, 3] != Общий: [1, 1, 2, 2, 3]"
HMM,455,"Спец: [1, 2, 2, 3, 4, 4, 3] != Общий: [1, 1, 2, 3, 3, 3, 3]"
HMM,456,"Спец: [1, 2, 2, 2, 3] != Общий: [1, 1, 2, 2, 3]"
HMM,457,"Спец: [1, 2, 2, 2, 3] != Общий: [1, 1, 2, 2, 3]"
HMM,458,"Спец: [1, 2] != Общий: [1, 1]"
HMM,459,"Спец: [1, 2, 2, 2, 3] != Общий: [1, 1, 2, 2, 3]"
HMM,460,"Спец: [1, 2, 2, 2, 3] != Общий: [1, 1, 2, 2, 3]"
HMM,461,"Спец: [1, 2, 2, 2, 3] != Общий: [1, 1, 2, 2, 3]"
HMM,462,"Спец: [1, 2, 2] != Общий: [1, 1, 2]"
HMM,463,"Спец: [1, 2, 2, 2, 3] != Общий: [1, 1, 2, 2, 3]"
HMM,464,"Спец: [1, 2, 2] != Общий: [1, 1, 2]"
HMM,465,"Спец: [1, 2, 2, 2, 3, 4, 4, 3] != Общий: [1, 1, 2, 2, 3, 4, 4, 4]"
HMM,466,"Спец: [1, 2, 2, 2, 3] != Общий: [1, 1, 2, 2, 3]"
HMM,467,"Спец: [1, 2, 2, 2, 3] != Общий: [1, 1, 2, 2, 3]"
HMM,468,"Спец: [1, 2, 2, 2, 3] != Общий: [1, 1, 2, 2, 3]"
HMM,469,"Спец: [1, 2, 2, 2, 3] != Общий: [1, 1, 2, 2, 3]"
HMM,470,"Спец: [1, 2, 2, 2, 3] != Общий: [1, 1, 2, 2, 3]"
HMM,471,"Спец: [1, 2, 2, 2, 3] != Общий: [1, 1, 2, 2, 3]"
HMM,472,"Спец: [1, 2, 2, 2, 3, 3, 3, 3] != Общий: [1, 1, 2, 2, 3, 3, 3, 3]"
HMM,473,"Спец: [1, 2, 2, 2, 3] != Общий: [1, 1, 2, 2, 3]"
HMM,474,"Спец: [1, 2, 2] != Общий: [1, 1, 2]"
HMM,475,"Спец: [1, 2, 2, 2, 3] != Общий: [1, 1, 2, 2, 3]"
HMM,476,"Спец: [1, 2, 2, 2, 3] != Общий: [1, 1, 2, 2, 3]"
HMM,477,"Спец: [1, 2, 2, 2, 3] != Общий: [1, 1, 2, 2, 3]"
HMM,478,"Спец: [1, 2, 2, 2, 3] != Общий: [1, 1, 2, 2, 3]"
HMM,479,"Спец: [1, 2, 2, 2, 3, 4, 4, 3] != Общий: [1, 1, 2, 2, 3, 4, 4, 4]"
HMM,480,"Спец: [1, 2, 2] != Общий: [1, 1, 2]"
HMM,481,"Спец: [1, 2, 2, 2, 3, 4, 4, 3] != Общий: [1, 1, 2, 2, 3, 4, 4, 4]"
HMM,482,"Спец: [1, 2, 2, 2, 3] != Общий: [1, 1, 2, 2, 3]"
HMM,483,"Спец: [1, 2, 2, 2, 3] != Общий: [1, 1, 2, 2, 3]"
HMM,484,"Спец: [1, 2, 2, 2, 3] != Общий: [1, 1, 2, 2, 3]"
HMM,485,"Спец: [1, 2, 2, 2, 3] != Общий: [1, 1, 2, 2, 3]"
HMM,486,"Спец: [1, 2] != Общий: [1, 1]"
HMM,487,"Спец: [1, 2, 2, 2, 3] != Общий: [1, 1, 2, 2, 3]"
HMM,488,"Спец: [1, 2, 2, 2, 3] != Общий: [1, 1, 2, 2, 3]"
HMM,489,"Спец: [1, 2, 2, 2, 3] != Общий: [1, 1, 2, 2, 3]"
HMM,490,"Спец: [1, 2, 2, 2, 3] != Общий: [1, 1, 2, 2, 3]"
HMM,491,"Спец: [1, 2, 2] != Общий: [1, 1, 2]"
HMM,492,"Спец: [1, 2, 2, 2, 3] != Общий: [1, 1, 2, 2, 3]"
HMM,493,"Спец: [1, 2, 2] != Общий: [1, 1, 2]"
HMM,494,"Спец: [1, 2, 2, 2, 3] != Общий: [1, 1, 2, 2, 3]"
HMM,495,"Спец: [1, 2, 2, 2, 3] != Общий: [1, 1, 2, 2, 3]"
HMM,496,"Спец: [1, 2, 2, 2, 3] != Общий: [1, 1, 2, 2, 3]"
HMM,497,"Спец: [1, 2, 2, 2, 3, 4, 4, 4, 3] != Общий: [1, 1, 2, 2, 2, 2, 2, 2, 3]"
HMM,498,"Спец: [1, 2, 2, 2, 3] != Общий: [1, 1, 2, 2, 3]"
HMM,499,"Спец: [1, 2, 2, 2, 3] != Общий: [1, 1, 2, 2, 3]"
HMM,500,"Спец: [1, 2, 2, 2, 3] != Общий: [1, 1, 2, 2, 3]"
HMM,501,"Спец: [1, 2, 2] != Общий: [1, 1, 2]"
HMM,502,"Спец: [1, 2, 2, 2, 3] != Общий: [1, 1, 2, 2, 3]"
HMM,503,"Спец: [1, 2, 2, 2, 3] != Общий: [1, 1, 2, 2, 3]"
HMM,504,"Спец: [1, 2, 2, 2, 3] != Общий: [1, 1, 2, 2, 3]"
HMM,505,"Спец: [1, 2, 2, 2, 3, 4, 4, 4, 3] != Общий: [1, 1, 2, 2, 2, 2, 2, 2, 3]"
HMM,506,"Спец: [1, 2, 2, 2, 3] != Общий: [1, 1, 2, 2, 3]"
HMM,507,"Спец: [1, 2, 2, 2, 3] != Общий: [1, 1, 2, 2, 3]"
HMM,508,"Спец: [1, 2, 2, 2, 3] != Общий: [1, 1, 2, 2, 3]"
HMM,509,"Спец: [1, 2, 2, 2, 3] != Общий: [1, 1, 2, 2, 3]"
HMM,510,"Спец: [1, 2, 2, 2, 3, 4, 4, 3] != Общий: [1, 1, 2, 2, 3, 4, 4, 4]"
HMM,511,"Спец: [1, 2, 2, 2, 3] != Общий: [1, 1, 2, 2, 3]"
HMM,512,"Спец: [1, 2, 2] != Общий: [1, 1, 2]"
HMM,513,"Спец: [1, 2, 2, 2, 3] != Общий: [1, 1, 2, 2, 3]"
HMM,514,"Спец: [1, 2, 2, 2, 3] != Общий: [1, 1, 2, 2, 3]"
HMM,515,"Спец: [1, 2, 2, 2, 3] != Общий: [1, 1, 2, 2, 3]"
HMM,516,"Спец: [1, 2, 2, 2, 3] != Общий: [1, 1, 2, 2, 3]"
HMM,517,"Спец: [1, 2, 2, 2, 3] != Общий: [1, 1, 2, 2, 3]"
HMM,518,"Спец: [1, 2, 2, 2, 3] != Общий: [1, 1, 2, 2, 3]"
HMM,519,"Спец: [1, 2, 2, 2, 3, 4, 4, 4, 3] != Общий: [1, 1, 2, 2, 2, 2, 2, 2, 3]"
HMM,520,"Спец: [1, 2, 2, 2, 3] != Общий: [1, 1, 2, 2, 3]"
HMM,521,"Спец: [1, 2, 2] != Общий: [1, 1, 2]"
HMM,522,"Спец: [1, 2, 2, 2, 3, 4, 4, 4, 3] != Общий: [1, 1, 2, 2, 2, 2, 2, 2, 3]"
HMM,523,"Спец: [1, 2, 2, 2, 3, 3, 3, 3, 3, 3] != Общий: [1, 1, 2, 2, 3, 3, 3, 3, 3, 3]"
HMM,524,"Спец: [1, 2, 2, 3] != Общий: [1, 1, 2, 3]"
HMM,525,"Спец: [1, 2, 2, 2, 3, 3, 3, 3, 3, 3, 4, 3, 3, 3] != Общий: [1, 1, 2, 2, 3, 3, 3, 3, 3, 3, 4, 4, 5, 5]"
HMM,526,"Спец: [1, 2] != Общий: [1, 1]"
HMM,527,"Спец: [1, 2, 2, 2, 3] != Общий: [1, 1, 2, 2, 3]"
HMM,528,"Спец: [1, 2, 2, 2, 3, 4, 4, 3, 3, 4, 5, 5] != Общий: [1, 1, 2, 2, 3, 4, 4, 4, 5, 5, 5, 5]"
HMM,529,"Спец: [1, 2, 2, 2, 3, 4, 4, 3, 3, 3] != Общий: [1, 1, 2, 2, 3, 4, 4, 4, 5, 5]"
HMM,530,"Спец: [1, 2, 3, 3, 3, 3, 3, 3, 3, 3, 4, 4, 3, 3] != Общий: [1, 1, 3, 3, 3, 3, 3, 3, 3, 3, 4, 4, 4, 5]"
HMM,531,"Спец: [1, 2, 3, 3, 3, 3, 3, 3, 3, 3, 4, 4, 3, 3] != Общий: [1, 1, 3, 3, 3, 3, 3, 3, 3, 3, 4, 4, 4, 5]"
HMM,532,"Спец: [1, 2, 2, 2, 3, 4, 4, 3, 3, 3] != Общий: [1, 1, 2, 2, 3, 4, 4, 4, 5, 5]"
HMM,533,"Спец: [1, 2, 2, 2, 3, 3, 3, 3, 3, 3, 3, 3] != Общий: [1, 1, 2, 2, 3, 3, 3, 3, 3, 3, 3, 3]"
HMM,534,"Спец: [1, 2, 2, 2, 3, 3, 3, 3, 3, 3, 3, 3] != Общий: [1, 1, 2, 2, 3, 3, 3, 3, 3, 3, 3, 3]"
HMM,535,"Спец: [1, 2, 2, 2, 3] != Общий: [1, 1, 2, 2, 3]"
HMM,536,"Спец: [1, 2, 2, 3, 4, 4, 3] != Общий: [1, 1, 2, 3, 3, 3, 3]"
HMM,537,"Спец: [1, 2, 3, 4, 4, 3, 3] != Общий: [1, 2, 3, 4, 4, 4, 5]"
HMM,538,"Спец: [1, 2, 2, 2, 3, 3, 3, 3] != Общий: [1, 1, 2, 2, 3, 3, 3, 3]"
HMM,539,"Спец: [1, 2] != Общий: [1, 1]"
HMM,540,"Спец: [1, 2, 2, 2, 3] != Общий: [1, 1, 2, 2, 3]"
HMM,541,"Спец: [1, 2, 2] != Общий: [1, 1, 2]"
HMM,542,"Спец: [1, 2, 2, 2, 3, 3, 3, 3, 3, 3, 3, 3] != Общий: [1, 1, 2, 2, 3, 3, 3, 3, 3, 3, 3, 3]"
HMM,543,"Спец: [1, 2, 2, 2, 3] != Общий: [1, 1, 2, 2, 3]"
HMM,544,"Спец: [1, 2, 2, 2, 3] != Общий: [1, 1, 2, 2, 3]"
HMM,545,"Спец: [1, 2, 2, 2, 3, 4, 4, 3] != Общий: [1, 1, 2, 2, 3, 4, 4, 4]"
HMM,546,"Спец: [1, 2, 2, 3, 4, 4, 3] != Общий: [1, 1, 2, 3, 3, 3, 3]"
HMM,547,"Спец: [1, 2, 2, 2, 3] != Общий: [1, 1, 2, 2, 3]"
HMM,548,"Спец: [1, 2, 2, 3, 4, 4, 3] != Общий: [1, 1, 2, 3, 3, 3, 3]"
HMM,549,"Спец: [1, 2, 2] != Общий: [1, 1, 2]"
HMM,550,"Спец: [1, 2, 2, 2, 3] != Общий: [1, 1, 2, 2, 3]"
HMM,551,"Спец: [1, 2, 2, 3, 4, 4, 3, 3, 3, 3] != Общий: [1, 1, 2, 3, 3, 3, 3, 3, 3, 3]"
HMM,552,"Спец: [1, 2, 2, 2, 3] != Общий: [1, 1, 2, 2, 3]"
HMM,553,"Спец: [1, 2, 2] != Общий: [1, 1, 2]"
HMM,554,"Спец: [1, 2, 2, 2, 3, 3] != Общий: [1, 1, 2, 2, 3, 3]"
HMM,555,"Спец: [1, 2, 2, 2, 3] != Общий: [1, 1, 2, 2, 3]"
HMM,556,"Спец: [1, 2, 2, 2, 3, 3] != Общий: [1, 1, 2, 2, 3, 3]"
HMM,557,"Спец: [1, 2, 2, 2, 3] != Общий: [1, 1, 2, 2, 3]"
HMM,558,"Спец: [1, 2, 2] != Общий: [1, 1, 2]"
HMM,559,"Спец: [1, 2, 2, 2, 3] != Общий: [1, 1, 2, 2, 3]"
HMM,560,"Спец: [1, 2, 2, 2, 3] != Общий: [1, 1, 2, 2, 3]"
HMM,561,"Спец: [1, 2, 2, 2, 3] != Общий: [1, 1, 2, 2, 3]"
HMM,562,"Спец: [1, 2, 2] != Общий: [1, 1, 2]"
HMM,563,"Спец: [1, 2, 2, 2, 3] != Общий: [1, 1, 2, 2, 3]"
HMM,564,"Спец: [1, 2, 2, 2, 3] != Общий: [1, 1, 2, 2, 3]"
HMM,565,"Спец: [1, 2, 2, 2, 3] != Общий: [1, 1, 2, 2, 3]"
HMM,566,"Спец: [1, 2, 2, 2, 3] != Общий: [1, 1, 2, 2, 3]"
HMM,567,"Спец: [1, 2, 2, 2, 3] != Общий: [1, 1, 2, 2, 3]"
HMM,568,"Спец: [1, 2, 2, 2, 3] != Общий: [1, 1, 2, 2, 3]"
HMM,569,"Спец: [1, 2, 2, 2, 3] != Общий: [1, 1, 2, 2, 3]"
HMM,570,"Спец: [1, 2, 2, 2, 3] != Общий: [1, 1, 2, 2, 3]"
HMM,571,"Спец: [1, 2, 2, 2, 3] != Общий: [1, 1, 2, 2, 3]"
HMM,572,"Спец: [1, 2, 2, 2, 3] != Общий: [1, 1, 2, 2, 3]"
HMM,573,"Спец: [1, 2, 2, 2, 3] != Общий: [1, 1, 2, 2, 3]"
HMM,574,"Спец: [1, 2, 2, 2, 3] != Общий: [1, 1, 2, 2, 3]"
HMM,575,"Спец: [1, 2, 2, 2, 3] != Общий: [1, 1, 2, 2, 3]"
HMM,576,"Спец: [1, 2, 2, 2, 3] != Общий: [1, 1, 2, 2, 3]"
HMM,577,"Спец: [1, 2, 2, 2, 3] != Общий: [1, 1, 2, 2, 3]"
HMM,578,"Спец: [1, 2, 2, 2, 3] != Общий: [1, 1, 2, 2, 3]"
HMM,579,"Спец: [1, 2, 2, 2, 3] != Общий: [1, 1, 2, 2, 3]"
HMM,580,"Спец: [1, 2, 2, 2, 3] != Общий: [1, 1, 2, 2, 3]"
HMM,581,"Спец: [1, 2, 2, 2, 3] != Общий: [1, 1, 2, 2, 3]"
HMM,582,"Спец: [1, 2, 2, 2, 3, 4, 4, 3] != Общий: [1, 1, 2, 2, 3, 4, 4, 4]"
HMM,583,"Спец: [1, 2, 2, 2, 3, 3, 3, 3, 3, 3] != Общий: [1, 1, 2, 2, 3, 3, 3, 3, 3, 3]"
HMM,584,"Спец: [1, 2, 2, 2, 3] != Общий: [1, 1, 2, 2, 3]"
HMM,585,"Спец: [1, 2, 2, 2, 3, 3, 3, 3, 3, 3] != Общий: [1, 1, 2, 2, 3, 3, 3, 3, 3, 3]"
HMM,586,"Спец: [1, 2, 2, 2, 3] != Общий: [1, 1, 2, 2, 3]"
HMM,587,"Спец: [1, 2, 2, 2, 3, 3, 3, 3, 3, 3, 3, 3, 3] != Общий: [1, 1, 2, 2, 3, 3, 3, 3, 3, 3, 3, 3, 3]"
HMM,588,"Спец: [1, 2, 2, 2, 3] != Общий: [1, 1, 2, 2, 3]"
HMM,589,"Спец: [1, 2, 2, 2, 3] != Общий: [1, 1, 2, 2, 3]"
HMM,590,"Спец: [1, 2, 2, 2, 3] != Общий: [1, 1, 2, 2, 3]"
HMM,591,"Спец: [1, 2, 2, 2, 3] != Общий: [1, 1, 2, 2, 3]"
HMM,592,"Спец: [1, 2, 2, 2, 3] != Общий: [1, 1, 2, 2, 3]"
HMM,593,"Спец: [1, 2, 2, 2, 3] != Общий: [1, 1, 2, 2, 3]"
HMM,594,"Спец: [1, 2, 2, 2, 3] != Общий: [1, 1, 2, 2, 3]"
HMM,595,"Спец: [1, 2, 2, 2, 3] != Общий: [1, 1, 2, 2, 3]"
HMM,596,"Спец: [1, 2, 2, 2, 3] != Общий: [1, 1, 2, 2, 3]"
HMM,597,"Спец: [1, 2, 2, 2, 3] != Общий: [1, 1, 2, 2, 3]"
HMM,598,"Спец: [1, 2, 2, 2, 3] != Общий: [1, 1, 2, 2, 3]"
HMM,599,"Спец: [1, 2, 2, 2, 3] != Общий: [1, 1, 2, 2, 3]"
HMM,600,"Спец: [1, 2, 2, 2, 3] != Общий: [1, 1, 2, 2, 3]"
HMM,601,"Спец: [1, 2, 2, 2, 3] != Общий: [1, 1, 2, 2, 3]"
HMM,602,"Спец: [1, 2, 2, 2, 3] != Общий: [1, 1, 2, 2, 3]"
HMM,603,"Спец: [1, 2, 2, 2, 3] != Общий: [1, 1, 2, 2, 3]"
HMM,604,"Спец: [1, 2, 2, 2, 3] != Общий: [1, 1, 2, 2, 3]"
HMM,605,"Спец: [1, 2, 2, 2, 3] != Общий: [1, 1, 2, 2, 3]"
HMM,606,"Спец: [1, 2, 2, 2, 3] != Общий: [1, 1, 2, 2, 3]"
HMM,607,"Спец: [1, 2, 2, 2, 3, 3, 3, 3, 3, 3] != Общий: [1, 1, 2, 2, 3, 3, 3, 3, 3, 3]"
HMM,608,"Спец: [1, 2, 2, 2, 3, 3, 3, 3, 3, 3, 3, 3, 4, 4, 3, 3] != Общий: [1, 1, 2, 2, 3, 3, 3, 3, 3, 3, 3, 3, 4, 4, 4, 5]"
HMM,609,"Спец: [1, 2, 2, 2, 3] != Общий: [1, 1, 2, 2, 3]"
HMM,610,"Спец: [1, 2, 2, 2, 3] != Общий: [1, 1, 2, 2, 3]"
HMM,611,"Спец: [1, 2, 2, 2, 3] != Общий: [1, 1, 2, 2, 3]"
HMM,612,"Спец: [1, 2, 2, 2, 3] != Общий: [1, 1, 2, 2, 3]"
HMM,613,"Спец: [1, 2, 2, 3, 4, 4, 3] != Общий: [1, 1, 2, 3, 3, 3, 3]"
HMM,614,"Спец: [1, 2, 2, 2, 3] != Общий: [1, 1, 2, 2, 3]"
HMM,615,"Спец: [1, 2, 2] != Общий: [1, 1, 2]"
HMM,616,"Спец: [1, 2, 2, 2, 3, 3, 3, 3] != Общий: [1, 1, 2, 2, 3, 3, 3, 3]"
HMM,617,"Спец: [1, 2, 2, 2, 3, 3, 3, 3] != Общий: [1, 1, 2, 2, 3, 3, 3, 3]"
HMM,618,"Спец: [1, 2, 2, 2, 3, 3, 3, 3] != Общий: [1, 1, 2, 2, 3, 3, 3, 3]"
HMM,619,"Спец: [1, 2, 2] != Общий: [1, 1, 2]"
HMM,620,"Спец: [1, 2, 2, 2, 3, 3, 3, 3] != Общий: [1, 1, 2, 2, 3, 3, 3, 3]"
HMM,621,"Спец: [1, 2, 2, 2, 3] != Общий: [1, 1, 2, 2, 3]"
HMM,622,"Спец: [1, 2, 2, 2, 3, 3, 3, 3, 3, 3] != Общий: [1, 1, 2, 2, 3, 3, 3, 3, 3, 3]"
HMM,623,"Спец: [1, 2, 2, 2, 3, 3, 3, 3, 3, 4, 4, 3] != Общий: [1, 1, 2, 2, 3, 3, 3, 3, 3, 4, 4, 4]"
HMM,624,"Спец: [1, 2, 2] != Общий: [1, 1, 2]"
HMM,625,"Спец: [1, 2, 2, 2, 3, 3, 3, 3, 3, 3, 3, 3, 3, 3, 3] != Общий: [1, 1, 2, 2, 3, 3, 3, 3, 3, 3, 3, 3, 3, 3, 3]"
HMM,626,"Спец: [1, 2, 2, 2, 3, 3, 3, 3] != Общий: [1, 1, 2, 2, 3, 3, 3, 3]"
HMM,627,"Спец: [1, 2, 2] != Общий: [1, 1, 2]"
HMM,628,"Спец: [1, 2, 2, 2, 3] != Общий: [1, 1, 2, 2, 3]"
HMM,629,"Спец: [1, 2, 2, 2, 3, 3, 3, 3, 3, 3, 3, 3, 3, 3, 3, 3] != Общий: [1, 1, 2, 2, 3, 3, 3, 3, 3, 3, 3, 3, 3, 3, 3, 3]"
HMM,630,"Спец: [1, 2, 2, 2, 3, 3, 3, 3] != Общий: [1, 1, 2, 2, 3, 3, 3, 3]"
HMM,631,"Спец: [1, 2, 2, 2, 3, 4, 4, 3, 3, 3] != Общий: [1, 1, 2, 2, 3, 4, 4, 4, 5, 5]"
HMM,632,"Спец: [1, 2, 2, 2, 3] != Общий: [1, 1, 2, 2, 3]"
HMM,633,"Спец: [1, 2, 2, 3, 4, 4, 3] != Общий: [1, 1, 2, 3, 3, 3, 3]"
HMM,634,"Спец: [1, 2, 2, 3] != Общий: [1, 1, 2, 3]"
HMM,635,"Спец: [1, 2, 2, 2, 3] != Общий: [1, 1, 2, 2, 3]"
HMM,636,"Спец: [1, 2, 2, 3, 4, 4, 3] != Общий: [1, 1, 2, 3, 3, 3, 3]"
HMM,637,"Спец: [1, 2, 2, 2, 3] != Общий: [1, 1, 2, 2, 3]"
HMM,638,"Спец: [1, 2, 2, 2, 3] != Общий: [1, 1, 2, 2, 3]"
HMM,639,"Спец: [1, 2, 2, 2, 3, 3, 3, 3] != Общий: [1, 1, 2, 2, 3, 3, 3, 3]"
HMM,640,"Спец: [1, 2, 2, 2, 3] != Общий: [1, 1, 2, 2, 3]"
HMM,641,"Спец: [1, 2, 2, 2, 3] != Общий: [1, 1, 2, 2, 3]"
HMM,642,"Спец: [1, 2, 2, 2, 3, 3, 3, 3, 3, 3] != Общий: [1, 1, 2, 2, 3, 3, 3, 3, 3, 3]"
HMM,643,"Спец: [1, 2, 2, 2, 3] != Общий: [1, 1, 2, 2, 3]"
HMM,644,"Спец: [1, 2, 2, 2, 3, 3, 3, 3, 3, 3] != Общий: [1, 1, 2, 2, 3, 3, 3, 3, 3, 3]"
HMM,645,"Спец: [1, 2, 2, 2, 3] != Общий: [1, 1, 2, 2, 3]"
HMM,646,"Спец: [1, 2, 2, 2, 3] != Общий: [1, 1, 2, 2, 3]"
HMM,647,"Спец: [1, 2, 2, 2, 3, 3, 3, 3, 3, 3] != Общий: [1, 1, 2, 2, 3, 3, 3, 3, 3, 3]"
HMM,648,"Спец: [1, 2, 2, 2, 3] != Общий: [1, 1, 2, 2, 3]"
HMM,649,"Спец: [1, 2, 2, 2, 3, 3, 3, 3, 3] != Общий: [1, 1, 2, 2, 3, 3, 3, 3, 3]"
HMM,650,"Спец: [1, 2, 2, 2, 3, 3, 3, 3] != Общий: [1, 1, 2, 2, 3, 3, 3, 3]"
HMM,651,"Спец: [1, 2, 2, 2, 3] != Общий: [1, 1, 2, 2, 3]"
HMM,652,"Спец: [1, 2, 2, 2, 3, 4, 4, 3, 3, 3] != Общий: [1, 1, 2, 2, 3, 4, 4, 4, 5, 5]"
HMM,653,"Спец: [1, 2, 2, 2, 3] != Общий: [1, 1, 2, 2, 3]"
HMM,654,"Спец: [1, 2, 2] != Общий: [1, 1, 2]"
HMM,655,"Спец: [1, 2, 2] != Общий: [1, 1, 2]"
HMM,656,"Спец: [1, 2, 2, 2] != Общий: [1, 1, 2, 2]"
HMM,657,"Спец: [1, 2, 2, 2] != Общий: [1, 1, 2, 2]"
HMM,658,"Спец: [1, 2, 2, 2] != Общий: [1, 1, 2, 2]"
HMM,659,"Спец: [1, 2, 2] != Общий: [1, 1, 2]"
HMM,660,"Спец: [1, 2, 2] != Общий: [1, 1, 2]"
HMM,661,"Спец: [1, 2, 2] != Общий: [1, 1, 2]"
HMM,662,"Спец: [1, 2, 2] != Общий: [1, 1, 2]"
HMM,663,"Спец: [1, 2, 2, 2] != Общий: [1, 1, 2, 2]"
HMM,664,"Спец: [1, 2, 2, 2] != Общий: [1, 1, 2, 2]"
HMM,665,"Спец: [1, 2, 2] != Общий: [1, 1, 2]"
HMM,666,"Спец: [1, 2, 2, 2, 3, 3, 3, 3, 3, 3, 3, 3] != Общий: [1, 1, 2, 2, 3, 3, 3, 3, 3, 4, 5, 5]"
HMM,667,"Спец: [1, 2, 2, 2, 3, 3, 3, 3] != Общий: [1, 1, 2, 2, 3, 3, 3, 3]"
HMM,668,"Спец: [1, 2, 2, 2, 3, 3, 3, 3] != Общий: [1, 1, 2, 2, 3, 3, 3, 3]"
HMM,669,"Спец: [1, 2, 2, 2, 3] != Общий: [1, 1, 2, 2, 3]"
HMM,670,"Спец: [1, 2, 2, 2, 3] != Общий: [1, 1, 2, 2, 3]"
HMM,671,"Спец: [1, 2, 2, 2, 3, 3, 3, 3] != Общий: [1, 1, 2, 2, 3, 3, 3, 3]"
HMM,672,"Спец: [1, 2, 2, 2, 3] != Общий: [1, 1, 2, 2, 3]"
HMM,673,"Спец: [1, 2, 2, 3, 4, 4, 3, 3, 3, 3] != Общий: [1, 1, 2, 3, 3, 3, 3, 3, 3, 3]"
HMM,674,"Спец: [1, 2, 2, 2, 3, 4, 4, 3, 3] != Общий: [1, 1, 2, 2, 3, 4, 4, 4, 5]"
HMM,675,"Спец: [1, 2, 2, 2, 3, 4, 4, 3, 3] != Общий: [1, 1, 2, 2, 3, 4, 4, 4, 5]"
HMM,676,"Спец: [1, 2, 2, 2, 3, 3, 3, 3, 3, 3, 4, 4, 3, 3, 3] != Общий: [1, 1, 2, 2, 3, 3, 3, 3, 3, 3, 4, 4, 4, 5, 5]"
HMM,677,"Спец: [1, 2, 2, 2, 3] != Общий: [1, 1, 2, 2, 3]"
HMM,678,"Спец: [1, 2, 2, 2, 3, 3, 3, 3, 3, 3, 4, 4, 3, 3] != Общий: [1, 1, 2, 2, 3, 3, 3, 3, 3, 3, 4, 4, 4, 5]"
HMM,679,"Спец: [1, 2, 2] != Общий: [1, 1, 2]"
HMM,680,"Спец: [1, 2, 2, 2, 3] != Общий: [1, 1, 2, 2, 3]"
HMM,681,"Спец: [1, 2, 2, 2, 3] != Общий: [1, 1, 2, 2, 3]"
HMM,682,"Спец: [1, 2, 2, 2, 3, 3, 3, 3] != Общий: [1, 1, 2, 2, 3, 3, 3, 3]"
HMM,683,"Спец: [1, 2, 2, 2, 3, 3, 3, 3, 3, 3, 3, 3, 4, 4, 3, 3, 3] != Общий: [1, 1, 2, 2, 3, 3, 3, 3, 3, 3, 3, 3, 4, 4, 4, 5, 5]"
HMM,684,"Спец: [1, 2, 2, 2, 3] != Общий: [1, 1, 2, 2, 3]"
HMM,685,"Спец: [1, 2, 2, 2, 3] != Общий: [1, 1, 2, 2, 3]"
HMM,686,"Спец: [1, 2, 2, 2, 3, 4, 4, 3, 3, 3] != Общий: [1, 1, 2, 2, 3, 4, 4, 4, 5, 5]"
HMM,687,"Спец: [1, 2, 2, 2, 3] != Общий: [1, 1, 2, 2, 3]"
HMM,688,"Спец: [1, 2, 2, 2, 3] != Общий: [1, 1, 2, 2, 3]"
HMM,689,"Спец: [1, 2, 2, 2, 3] != Общий: [1, 1, 2, 2, 3]"
HMM,690,"Спец: [1, 2, 2, 2, 3] != Общий: [1, 1, 2, 2, 3]"
HMM,691,"Спец: [1, 2, 2, 2, 3] != Общий: [1, 1, 2, 2, 3]"
HMM,692,"Спец: [1, 2, 2, 2, 3, 4, 4, 4, 3] != Общий: [1, 1, 2, 2, 2, 2, 2, 2, 3]"
HMM,693,"Спец: [1, 2, 2, 2, 3, 4, 4, 4, 3] != Общий: [1, 1, 2, 2, 2, 2, 2, 2, 3]"
HMM,694,"Спец: [1, 2, 2, 2, 3, 4, 4, 4, 3] != Общий: [1, 1, 2, 2, 2, 2, 2, 2, 3]"
HMM,695,"Спец: [1, 2, 2, 2, 3] != Общий: [1, 1, 2, 2, 3]"
HMM,696,"Спец: [1, 2, 2, 2, 3] != Общий: [1, 1, 2, 2, 3]"
HMM,697,"Спец: [1, 2, 2, 2, 3] != Общий: [1, 1, 2, 2, 3]"
HMM,698,"Спец: [1, 2, 2, 2, 3] != Общий: [1, 1, 2, 2, 3]"
HMM,699,"Спец: [1, 2, 2, 2, 3] != Общий: [1, 1, 2, 2, 3]"
HMM,700,"Спец: [1, 2, 2, 2, 3] != Общий: [1, 1, 2, 2, 3]"
HMM,701,"Спец: [1, 2, 2, 2] != Общий: [1, 1, 2, 2]"
HMM,702,"Спец: [1, 2, 2, 2] != Общий: [1, 1, 2, 2]"
HMM,703,"Спец: [1, 2, 2, 2] != Общий: [1, 1, 2, 2]"
HMM,704,"Спец: [1, 2, 2, 2, 3, 4, 4, 4, 3] != Общий: [1, 1, 2, 2, 2, 2, 2, 2, 3]"
HMM,705,"Спец: [1, 2, 2, 2, 3, 4, 4, 4, 3] != Общий: [1, 1, 2, 2, 2, 2, 2, 2, 3]"
HMM,706,"Спец: [1, 2, 2, 2, 3] != Общий: [1, 1, 2, 2, 3]"
HMM,707,"Спец: [1, 2, 2, 2, 3] != Общий: [1, 1, 2, 2, 3]"
HMM,708,"Спец: [1, 2, 2, 2, 3, 4, 4, 3] != Общий: [1, 1, 2, 2, 3, 4, 4, 4]"
HMM,709,"Спец: [1, 2, 2, 2, 3, 4, 4, 3] != Общий: [1, 1, 2, 2, 3, 4, 4, 4]"
HMM,710,"Спец: [1, 2, 2, 2, 3, 4, 4, 3] != Общий: [1, 1, 2, 2, 3, 4, 4, 4]"
HMM,711,"Спец: [1, 2, 2, 2, 3] != Общий: [1, 1, 2, 2, 3]"
HMM,712,"Спец: [1, 2, 2, 2, 3] != Общий: [1, 1, 2, 2, 3]"
HMM,713,"Спец: [1, 2, 2, 2, 3, 4, 4, 4, 3] != Общий: [1, 1, 2, 2, 2, 2, 2, 2, 3]"
HMM,714,"Спец: [1, 2, 2, 2, 3] != Общий: [1, 1, 2, 2, 3]"
HMM,715,"Спец: [1, 2, 2, 2, 3] != Общий: [1, 1, 2, 2, 3]"
HMM,716,"Спец: [1, 2, 2, 2, 3] != Общий: [1, 1, 2, 2, 3]"
HMM,717,"Спец: [1, 2, 2, 2, 3] != Общий: [1, 1, 2, 2, 3]"
HMM,718,"Спец: [1, 2, 2, 2, 3, 3, 3, 3, 3, 3, 3, 4, 3] != Общий: [1, 1, 2, 2, 3, 3, 3, 3, 3, 3, 3, 4, 4]"
HMM,719,"Спец: [1, 2, 2, 2, 3, 3, 3, 3, 3, 3, 3, 4, 3] != Общий: [1, 1, 2, 2, 3, 3, 3, 3, 3, 3, 3, 4, 4]"
HMM,720,"Спец: [1, 2, 2, 2, 3] != Общий: [1, 1, 2, 2, 3]"
HMM,721,"Спец: [1, 2, 2, 2, 3] != Общий: [1, 1, 2, 2, 3]"
HMM,722,"Спец: [1, 2, 2, 2, 3] != Общий: [1, 1, 2, 2, 3]"
HMM,723,"Спец: [1, 2, 2, 2, 3] != Общий: [1, 1, 2, 2, 3]"
HMM,724,"Спец: [1, 2, 2, 2, 3] != Общий: [1, 1, 2, 2, 3]"
HMM,725,"Спец: [1, 2, 2, 2, 3, 3, 3, 3] != Общий: [1, 1, 2, 2, 3, 3, 3, 3]"
HMM,726,"Спец: [1, 2] != Общий: [1, 1]"
HMM,727,"Спец: [1, 2, 2, 2, 3, 4, 4, 3] != Общий: [1, 1, 2, 2, 3, 4, 4, 4]"
HMM,728,"Спец: [1, 2, 2, 2, 3, 4, 4, 3] != Общий: [1, 1, 2, 2, 3, 4, 4, 4]"
HMM,729,"Спец: [1, 2, 2, 2, 3, 4, 4, 3] != Общий: [1, 1, 2, 2, 3, 4, 4, 4]"
HMM,730,"Спец: [1, 2, 2, 2, 3] != Общий: [1, 1, 2, 2, 3]"
HMM,731,"Спец: [1, 2, 2, 2, 3, 4, 4, 3] != Общий: [1, 1, 2, 2, 3, 4, 4, 4]"
HMM,732,"Спец: [1, 2, 2, 2, 3, 4, 4, 3] != Общий: [1, 1, 2, 2, 3, 4, 4, 4]"
HMM,733,"Спец: [1, 2, 2, 2, 3] != Общий: [1, 1, 2, 2, 3]"
HMM,734,"Спец: [1, 2, 2, 2, 3] != Общий: [1, 1, 2, 2, 3]"
HMM,735,"Спец: [1, 2, 2, 2, 3] != Общий: [1, 1, 2, 2, 3]"
HMM,736,"Спец: [1, 2, 2, 2, 3] != Общий: [1, 1, 2, 2, 3]"
HMM,737,"Спец: [1, 2, 2, 2, 3] != Общий: [1, 1, 2, 2, 3]"
HMM,738,"Спец: [1, 2, 2, 2] != Общий: [1, 1, 2, 2]"
HMM,739,"Спец: [1, 2, 2, 2] != Общий: [1, 1, 2, 2]"
HMM,740,"Спец: [1, 2, 2, 2] != Общий: [1, 1, 2, 2]"
HMM,741,"Спец: [1, 2, 2, 2, 3] != Общий: [1, 1, 2, 2, 3]"
HMM,742,"Спец: [1, 2, 2, 2, 3] != Общий: [1, 1, 2, 2, 3]"
HMM,743,"Спец: [1, 2, 2, 2, 3] != Общий: [1, 1, 2, 2, 3]"
HMM,744,"Спец: [1, 2, 2, 2, 3] != Общий: [1, 1, 2, 2, 3]"
HMM,745,"Спец: [1, 2, 2, 2, 3] != Общий: [1, 1, 2, 2, 3]"
HMM,746,"Спец: [1, 2, 2, 2, 3, 4, 4, 3] != Общий: [1, 1, 2, 2, 3, 4, 4, 4]"
HMM,747,"Спец: [1, 2, 2, 2, 3, 4, 4, 3] != Общий: [1, 1, 2, 2, 3, 4, 4, 4]"
HMM,748,"Спец: [1, 2, 2, 2, 3] != Общий: [1, 1, 2, 2, 3]"
HMM,749,"Спец: [1, 2, 2, 2, 3] != Общий: [1, 1, 2, 2, 3]"
HMM,750,"Спец: [1, 2, 2, 2, 3] != Общий: [1, 1, 2, 2, 3]"
HMM,751,"Спец: [1, 2, 2, 2, 3, 4, 4, 3] != Общий: [1, 1, 2, 2, 3, 4, 4, 4]"
HMM,752,"Спец: [1, 2, 2, 2, 3, 4, 4, 3] != Общий: [1, 1, 2, 2, 3, 4, 4, 4]"
HMM,753,"Спец: [1, 2, 2, 2, 3, 4, 4, 3] != Общий: [1, 1, 2, 2, 3, 4, 4, 4]"
HMM,754,"Спец: [1, 2, 2, 2, 3, 4, 4, 3] != Общий: [1, 1, 2, 2, 3, 4, 4, 4]"
HMM,755,"Спец: [1, 2, 2, 2, 3] != Общий: [1, 1, 2, 2, 3]"
HMM,756,"Спец: [1, 2, 2] != Общий: [1, 1, 2]"
HMM,757,"Спец: [1, 2, 2, 2, 3, 4, 4, 3, 3, 3] != Общий: [1, 1, 2, 2, 3, 4, 4, 4, 5, 5]"
HMM,758,"Спец: [1, 2, 2, 2, 3] != Общий: [1, 1, 2, 2, 3]"
HMM,759,"Спец: [1, 2, 2, 2, 3, 4, 4, 3, 3, 3] != Общий: [1, 1, 2, 2, 3, 4, 4, 4, 5, 5]"
HMM,760,"Спец: [1, 2, 2, 2, 3] != Общий: [1, 1, 2, 2, 3]"
HMM,761,"Спец: [1, 2, 2, 2, 3] != Общий: [1, 1, 2, 2, 3]"
HMM,762,"Спец: [1, 2, 2, 2, 3] != Общий: [1, 1, 2, 2, 3]"
HMM,763,"Спец: [1, 2, 2, 2, 3, 4, 4, 3] != Общий: [1, 1, 2, 2, 3, 4, 4, 4]"
HMM,764,"Спец: [1, 2, 2, 2, 3, 4, 4, 3, 3] != Общий: [1, 1, 2, 2, 3, 4, 4, 4, 5]"
HMM,765,"Спец: [1, 2, 2, 2, 3, 4, 4, 3] != Общий: [1, 1, 2, 2, 3, 4, 4, 4]"
HMM,766,"Спец: [1, 2, 2, 2, 3, 4, 4, 3] != Общий: [1, 1, 2, 2, 3, 4, 4, 4]"
HMM,767,"Спец: [1, 2, 2, 2, 3, 4, 4, 3] != Общий: [1, 1, 2, 2, 3, 4, 4, 4]"
HMM,768,"Спец: [1, 2, 2, 2, 3] != Общий: [1, 1, 2, 2, 3]"
HMM,769,"Спец: [1, 2, 2, 2, 3] != Общий: [1, 1, 2, 2, 3]"
HMM,770,"Спец: [1, 2, 2, 2, 3] != Общий: [1, 1, 2, 2, 3]"
HMM,771,"Спец: [1, 2, 2, 2, 3] != Общий: [1, 1, 2, 2, 3]"
HMM,772,"Спец: [1, 2, 2, 2, 3] != Общий: [1, 1, 2, 2, 3]"
HMM,773,"Спец: [1, 2, 2, 2, 3] != Общий: [1, 1, 2, 2, 3]"
HMM,774,"Спец: [1, 2, 2, 2, 3] != Общий: [1, 1, 2, 2, 3]"
HMM,775,"Спец: [1, 2, 2, 2, 3] != Общий: [1, 1, 2, 2, 3]"
HMM,776,"Спец: [1, 2, 2, 2] != Общий: [1, 1, 2, 2]"
HMM,777,"Спец: [1, 2, 2, 2, 3] != Общий: [1, 1, 2, 2, 3]"
HMM,778,"Спец: [1, 2, 2, 2, 3] != Общий: [1, 1, 2, 2, 3]"
HMM,779,"Спец: [1, 2, 2, 2, 3] != Общий: [1, 1, 2, 2, 3]"
HMM,780,"Спец: [1, 2, 2, 2, 3] != Общий: [1, 1, 2, 2, 3]"
HMM,781,"Спец: [1, 2, 2, 2, 3] != Общий: [1, 1, 2, 2, 3]"
HMM,782,"Спец: [1, 2, 2, 2, 3] != Общий: [1, 1, 2, 2, 3]"
HMM,783,"Спец: [1, 2, 2, 2, 3, 4, 4, 4, 3] != Общий: [1, 1, 2, 2, 2, 2, 2, 2, 3]"
HMM,784,"Спец: [1, 2, 2, 2, 3] != Общий: [1, 1, 2, 2, 3]"
HMM,785,"Спец: [1, 2, 2, 2] != Общий: [1, 1, 2, 2]"
HMM,786,"Спец: [1, 2, 2, 2] != Общий: [1, 1, 2, 2]"
HMM,787,"Спец: [1, 2, 2, 2] != Общий: [1, 1, 2, 2]"
HMM,788,"Спец: [1, 2, 2, 2, 3] != Общий: [1, 1, 2, 2, 3]"
HMM,789,"Спец: [1, 2, 2, 2, 3] != Общий: [1, 1, 2, 2, 3]"
HMM,790,"Спец: [1, 2, 2, 2, 3, 4, 4, 3] != Общий: [1, 1, 2, 2, 3, 4, 4, 4]"
HMM,791,"Спец: [1, 2, 2, 2, 3, 4, 4, 3] != Общий: [1, 1, 2, 2, 3, 4, 4, 4]"
HMM,792,"Спец: [1, 2, 2, 2, 3, 4, 4, 3] != Общий: [1, 1, 2, 2, 3, 4, 4, 4]"
HMM,793,"Спец: [1, 2, 2, 2, 3] != Общий: [1, 1, 2, 2, 3]"
HMM,794,"Спец: [1, 2, 2, 2, 3] != Общий: [1, 1, 2, 2, 3]"
HMM,795,"Спец: [1, 2, 2, 2, 3, 3, 3, 3, 3, 3] != Общий: [1, 1, 2, 2, 3, 3, 3, 3, 3, 3]"
HMM,796,"Спец: [1, 2, 2, 2, 3] != Общий: [1, 1, 2, 2, 3]"
HMM,797,"Спец: [1, 2, 2, 2, 3, 3, 3, 3, 3, 3, 3, 3, 3] != Общий: [1, 1, 2, 2, 3, 3, 3, 3, 3, 3, 3, 3, 3]"
HMM,798,"Спец: [1, 2, 2, 2, 3, 3, 3, 3, 3, 3, 3, 3, 3] != Общий: [1, 1, 2, 2, 3, 3, 3, 3, 3, 3, 3, 3, 3]"
HMM,799,"Спец: [1, 2, 2, 2, 3, 3, 3, 3, 3, 3, 3, 3, 3, 3, 3] != Общий: [1, 1, 2, 2, 3, 3, 3, 3, 3, 3, 3, 3, 3, 3, 3]"
HMM,800,"Спец: [1, 2, 2, 2, 3, 3, 3, 3, 3, 3, 3, 3, 3, 3, 3] != Общий: [1, 1, 2, 2, 3, 3, 3, 3, 3, 3, 3, 3, 3, 3, 3]"
HMM,801,"Спец: [1, 2, 2, 2, 3, 3, 3, 3] != Общий: [1, 1, 2, 2, 3, 3, 3, 3]"
HMM,802,"Спец: [1, 2, 2, 2, 3, 3, 3, 3] != Общий: [1, 1, 2, 2, 3, 3, 3, 3]"
HMM,803,"Спец: [1, 2, 2, 2, 3, 3, 3, 3] != Общий: [1, 1, 2, 2, 3, 3, 3, 3]"
HMM,804,"Спец: [1, 2, 2, 2, 3, 3, 3, 3] != Общий: [1, 1, 2, 2, 3, 3, 3, 3]"
HMM,805,"Спец: [1, 2, 2, 2, 3, 3, 3, 3] != Общий: [1, 1, 2, 2, 3, 3, 3, 3]"
HMM,806,"Спец: [1, 2, 2, 3, 4, 4, 3, 3, 3, 3, 3] != Общий: [1, 1, 2, 3, 3, 3, 3, 3, 3, 3, 3]"
HMM,807,"Спец: [1, 2, 2, 2, 3, 4, 4, 3, 3, 3] != Общий: [1, 1, 2, 2, 3, 4, 4, 4, 5, 5]"
HMM,808,"Спец: [1, 2, 2] != Общий: [1, 1, 2]"
HMM,809,"Спец: [1, 2, 2, 2, 3] != Общий: [1, 1, 2, 2, 3]"
HMM,810,"Спец: [1, 2, 2, 2, 3] != Общий: [1, 1, 2, 2, 3]"
HMM,811,"Спец: [1, 2, 2, 2, 3] != Общий: [1, 1, 2, 2, 3]"
HMM,812,"Спец: [1, 2, 2, 2, 3] != Общий: [1, 1, 2, 2, 3]"
HMM,813,"Спец: [1, 2, 2, 2] != Общий: [1, 1, 2, 2]"
HMM,814,"Спец: [1, 2, 2, 2, 3] != Общий: [1, 1, 2, 2, 3]"
HMM,815,"Спец: [1, 2, 2, 2, 3] != Общий: [1, 1, 2, 2, 3]"
HMM,816,"Спец: [1, 2, 2, 2, 3, 4, 4, 3, 3, 3] != Общий: [1, 1, 2, 2, 3, 4, 4, 4, 5, 5]"
HMM,817,"Спец: [1, 2, 2, 3, 4, 4, 3] != Общий: [1, 1, 2, 3, 3, 3, 3]"
HMM,818,"Спец: [1, 2, 2, 2, 3] != Общий: [1, 1, 2, 2, 3]"
HMM,819,"Спец: [1, 2, 2, 2, 3, 4, 4, 3, 3, 3] != Общий: [1, 1, 2, 2, 3, 4, 4, 4, 5, 5]"
HMM,820,"Спец: [1, 2, 2, 2, 3, 3, 3, 3] != Общий: [1, 1, 2, 2, 3, 3, 3, 3]"
HMM,821,"Спец: [1, 2, 2, 2, 3] != Общий: [1, 1, 2, 2, 3]"
HMM,822,"Спец: [1, 2, 2, 2, 3, 4, 4, 3, 3, 3] != Общий: [1, 1, 2, 2, 3, 4, 4, 4, 5, 5]"
HMM,823,"Спец: [1, 2, 2, 2, 3, 3, 3, 3, 3, 3] != Общий: [1, 1, 2, 2, 3, 3, 3, 3, 3, 3]"
HMM,824,"Спец: [1, 2, 2] != Общий: [1, 1, 2]"
HMM,825,"Спец: [1, 2, 2, 2, 3] != Общий: [1, 1, 2, 2, 3]"
HMM,826,"Спец: [1, 2, 3, 3, 3, 3, 3, 3, 3, 3, 4, 4, 3, 3] != Общий: [1, 1, 3, 3, 3, 3, 3, 3, 3, 3, 4, 4, 4, 5]"
HMM,827,"Спец: [1, 2, 2, 2, 3] != Общий: [1, 1, 2, 2, 3]"
HMM,828,"Спец: [1, 2, 2, 2, 3] != Общий: [1, 1, 2, 2, 3]"
HMM,829,"Спец: [1, 2, 2, 2, 3, 4, 4, 3, 3, 3, 4, 5, 5] != Общий: [1, 1, 2, 2, 3, 4, 4, 4, 5, 5, 5, 5, 5]"
HMM,830,"Спец: [1, 2, 2, 2, 3] != Общий: [1, 1, 2, 2, 3]"
HMM,831,"Спец: [1, 2, 2, 2, 3, 3, 3, 3] != Общий: [1, 1, 2, 2, 3, 3, 3, 3]"
HMM,832,"Спец: [1, 2, 2, 2, 3, 3, 3, 3, 3, 3, 4, 4, 3, 3, 3] != Общий: [1, 1, 2, 2, 3, 3, 3, 3, 3, 3, 4, 4, 4, 5, 5]"
HMM,833,"Спец: [1, 2, 2, 2, 3, 4, 4, 3, 3] != Общий: [1, 1, 2, 2, 3, 4, 4, 4, 5]"
HMM,834,"Спец: [1, 2, 2, 2, 3] != Общий: [1, 1, 2, 2, 3]"
HMM,835,"Спец: [1, 2, 2, 2, 3, 3, 3, 3, 3, 3] != Общий: [1, 1, 2, 2, 3, 3, 3, 3, 3, 3]"
HMM,836,"Спец: [1, 2, 2, 2, 3] != Общий: [1, 1, 2, 2, 3]"
HMM,837,"Спец: [1, 2, 2, 2, 3] != Общий: [1, 1, 2, 2, 3]"
HMM,838,"Спец: [1, 2, 2, 2, 3] != Общий: [1, 1, 2, 2, 3]"
HMM,839,"Спец: [1, 2, 2, 2, 3] != Общий: [1, 1, 2, 2, 3]"
HMM,840,"Спец: [1, 2, 2, 2, 3, 4, 4, 3, 3, 4, 5, 5] != Общий: [1, 1, 2, 2, 3, 4, 4, 4, 5, 5, 5, 5]"
HMM,841,"Спец: [1, 2, 2, 2, 3, 3, 3, 3, 3, 3, 3, 3, 4, 4, 3, 3, 3] != Общий: [1, 1, 2, 2, 3, 3, 3, 3, 3, 3, 3, 3, 4, 4, 4, 5, 5]"
HMM,842,"Спец: [1, 2, 2, 2, 3, 4, 4, 3, 3] != Общий: [1, 1, 2, 2, 3, 4, 4, 4, 5]"
HMM,843,"Спец: [1, 2, 2, 2, 3] != Общий: [1, 1, 2, 2, 3]"
HMM,844,"Спец: [1, 2, 2, 2, 3, 3, 4, 4, 5, 5] != Общий: [1, 1, 2, 2, 3, 4, 4, 4, 5, 5]"
HMM,845,"Спец: [1, 2, 2, 2, 3, 3, 3, 3] != Общий: [1, 1, 2, 2, 3, 3, 3, 3]"
HMM,846,"Спец: [1, 2, 2, 2, 3, 3, 3, 3, 3, 4, 4, 3] != Общий: [1, 1, 2, 2, 3, 3, 3, 3, 3, 4, 4, 4]"
HMM,847,"Спец: [1, 2, 2, 2, 3, 3, 3, 3, 3, 3] != Общий: [1, 1, 2, 2, 3, 3, 3, 3, 3, 3]"
HMM,848,"Спец: [1, 2, 2] != Общий: [1, 1, 2]"
HMM,849,"Спец: [1, 2, 2, 2, 3, 3, 3, 3, 3, 3, 3, 3, 3, 3, 3, 3] != Общий: [1, 1, 2, 2, 3, 3, 3, 3, 3, 3, 3, 3, 3, 3, 3, 3]"
HMM,850,"Спец: [1, 2, 2, 2, 3, 3, 3, 3] != Общий: [1, 1, 2, 2, 3, 3, 3, 3]"
HMM,851,"Спец: [1, 2, 2, 2, 3, 4, 4, 3, 3] != Общий: [1, 1, 2, 2, 3, 4, 4, 4, 5]"
HMM,852,"Спец: [1, 2, 2, 2, 3, 4, 4] != Общий: [1, 1, 2, 2, 3, 4, 4]"
HMM,853,"Спец: [1, 2, 2] != Общий: [1, 1, 2]"
HMM,854,"Спец: [1, 2, 2, 2, 3, 4, 4, 3, 3, 3] != Общий: [1, 1, 2, 2, 3, 4, 4, 4, 5, 5]"
HMM,855,"Спец: [1, 2, 2, 2, 3] != Общий: [1, 1, 2, 2, 2]"
HMM,856,"Спец: [1, 2, 2, 2, 3] != Общий: [1, 1, 2, 2, 3]"
HMM,857,"Спец: [1, 2, 2, 2, 3, 3, 3, 3] != Общий: [1, 1, 2, 2, 3, 3, 3, 3]"
HMM,858,"Спец: [1, 2, 2, 2, 3, 3, 3, 3, 3, 3] != Общий: [1, 1, 2, 2, 3, 3, 3, 3, 3, 3]"
HMM,859,"Спец: [1, 2, 2, 2, 3] != Общий: [1, 1, 3, 3, 3]"
HMM,860,"Спец: [1, 2, 2] != Общий: [1, 1, 2]"
HMM,861,"Спец: [1, 2, 2, 2, 3, 3, 3, 3, 3, 3] != Общий: [1, 1, 2, 2, 3, 3, 3, 3, 3, 3]"
HMM,862,"Спец: [1, 2, 2, 2, 3, 3, 3, 3, 3, 3] != Общий: [1, 1, 2, 2, 3, 3, 3, 3, 3, 3]"
HMM,863,"Спец: [1, 2, 2, 2, 3, 3, 3, 3, 3, 3] != Общий: [1, 1, 2, 2, 3, 3, 3, 3, 3, 3]"
HMM,864,"Спец: [1, 2, 2, 2, 3, 3, 3, 3, 3, 3] != Общий: [1, 1, 2, 2, 3, 3, 3, 3, 3, 3]"
HMM,865,"Спец: [1, 2, 2, 2, 3] != Общий: [1, 1, 2, 2, 3]"
HMM,866,"Спец: [1, 2, 2, 2, 3, 3, 3, 3, 3, 3, 3, 3] != Общий: [1, 1, 2, 2, 3, 3, 3, 3, 3, 3, 3, 3]"
HMM,867,"Спец: [1, 2, 2, 2, 3, 3, 3, 3, 3, 3, 3, 3] != Общий: [1, 1, 2, 2, 3, 3, 3, 3, 3, 3, 3, 3]"
HMM,868,"Спец: [1, 2, 2, 2, 3] != Общий: [1, 1, 2, 2, 3]"
HMM,869,"Спец: [1, 2, 2, 2, 3] != Общий: [1, 1, 2, 2, 3]"
HMM,870,"Спец: [1, 2, 2, 2, 3, 3, 3, 3, 3, 3, 3, 3] != Общий: [1, 1, 2, 2, 3, 3, 3, 3, 3, 3, 3, 3]"
HMM,871,"Спец: [1, 2, 2, 2, 3] != Общий: [1, 1, 2, 2, 3]"
HMM,872,"Спец: [1, 2, 2, 2, 3] != Общий: [1, 1, 2, 2, 3]"
HMM,873,"Спец: [1, 2, 2, 2, 3, 3, 3, 3, 3, 3, 3, 3, 3, 3, 3] != Общий: [1, 1, 2, 2, 3, 3, 3, 3, 3, 3, 3, 3, 3, 3, 3]"
HMM,874,"Спец: [1, 2, 2, 2, 3] != Общий: [1, 1, 2, 2, 3]"
HMM,875,"Спец: [1, 2, 2, 2, 3, 3, 3, 3, 3, 3, 3, 3, 3, 3, 3] != Общий: [1, 1, 2, 2, 3, 3, 3, 3, 3, 3, 3, 3, 3, 3, 3]"
HMM,876,"Спец: [1, 2, 2, 2, 3, 3, 3, 3, 3, 3, 3, 3, 3, 3, 3] != Общий: [1, 1, 2, 2, 3, 3, 3, 3, 3, 3, 3, 3, 3, 3, 3]"
HMM,877,"Спец: [1, 2, 2, 2, 3, 3, 3, 3, 3, 3] != Общий: [1, 1, 2, 2, 3, 3, 3, 3, 3, 3]"
HMM,878,"Спец: [1, 2, 2, 2, 3] != Общий: [1, 1, 2, 2, 3]"
HMM,879,"Спец: [1, 2, 2, 2, 3] != Общий: [1, 1, 2, 2, 3]"
HMM,880,"Спец: [1, 2, 2, 2, 3] != Общий: [1, 1, 2, 2, 3]"
HMM,881,"Спец: [1, 2, 2, 2, 3, 4, 4, 3, 3, 3] != Общий: [1, 1, 2, 2, 3, 4, 4, 4, 5, 5]"
HMM,882,"Спец: [1, 2, 2, 2, 3, 3, 3, 3, 3, 3, 3, 3, 4, 4, 3, 3] != Общий: [1, 1, 2, 2, 3, 3, 3, 3, 3, 3, 3, 3, 4, 4, 4, 5]"
HMM,883,"Спец: [1, 2, 2, 2, 3] != Общий: [1, 1, 2, 2, 3]"
HMM,884,"Спец: [1, 2, 2, 2, 3, 3, 3, 3, 3, 3, 3, 3, 3, 3] != Общий: [1, 1, 2, 2, 3, 3, 3, 3, 3, 3, 3, 3, 3, 3]"
HMM,885,"Спец: [1, 2, 3, 3, 3, 4, 4] != Общий: [1, 1, 3, 3, 3, 4, 4]"
HMM,886,"Спец: [1, 2, 2, 2, 3] != Общий: [1, 1, 2, 2, 3]"
HMM,887,"Спец: [1, 2, 2, 2, 3] != Общий: [1, 1, 2, 2, 3]"
HMM,888,"Спец: [1, 2, 2, 3, 4, 4, 3] != Общий: [1, 1, 2, 3, 3, 3, 3]"
HMM,889,"Спец: [1, 2, 2, 3, 4, 4, 3] != Общий: [1, 1, 2, 3, 3, 3, 3]"
HMM,890,"Спец: [1, 2, 2, 2, 3, 3, 3, 3, 3] != Общий: [1, 1, 2, 2, 3, 3, 3, 3, 3]"
HMM,891,"Спец: [1, 2, 2, 2, 3, 3, 3, 3, 3, 3, 3, 3, 3, 3] != Общий: [1, 1, 2, 2, 3, 3, 3, 3, 3, 3, 3, 3, 3, 3]"
HMM,892,"Спец: [1, 2, 2, 2, 3] != Общий: [1, 1, 2, 2, 3]"
HMM,893,"Спец: [1, 2, 2, 2, 3] != Общий: [1, 1, 2, 2, 3]"
HMM,894,"Спец: [1, 2, 2, 2, 3, 3, 3, 3] != Общий: [1, 1, 2, 2, 3, 3, 3, 3]"
HMM,895,"Спец: [1, 2, 2, 2, 3] != Общий: [1, 1, 2, 2, 3]"
HMM,896,"Спец: [1, 2, 2, 2, 3, 4, 4, 3, 3, 3] != Общий: [1, 1, 2, 2, 3, 4, 4, 4, 5, 5]"
HMM,897,"Спец: [1, 2, 2, 2, 3] != Общий: [1, 1, 2, 2, 3]"
HMM,898,"Спец: [1, 2, 2, 2, 3] != Общий: [1, 1, 2, 2, 3]"
HMM,899,"Спец: [1, 2, 2, 2, 3] != Общий: [1, 1, 2, 2, 3]"
HMM,900,"Спец: [1, 2, 2, 2, 3] != Общий: [1, 1, 2, 2, 3]"
HMM,901,"Спец: [1, 2, 2, 2, 3] != Общий: [1, 1, 2, 2, 3]"
HMM,902,"Спец: [1, 2, 2, 2, 3, 4, 4, 3, 3, 3] != Общий: [1, 1, 2, 2, 3, 4, 4, 4, 5, 5]"
HMM,903,"Спец: [1, 2, 2, 3, 3, 3, 3, 3, 3, 3, 4, 3, 4, 5] != Общий: [1, 1, 2, 3, 3, 3, 3, 3, 3, 3, 4, 4, 4, 5]"
HMM,904,"Спец: [1, 2, 2, 3, 4, 4, 3, 3, 3, 3, 3, 3, 3, 3, 3] != Общий: [1, 1, 2, 3, 3, 3, 3, 3, 3, 3, 3, 3, 3, 3, 3]"
HMM,905,"Спец: [1, 2, 2, 2, 3] != Общий: [1, 1, 2, 2, 3]"
HMM,906,"Спец: [1, 2, 2, 2, 3, 4, 4, 3] != Общий: [1, 1, 2, 2, 3, 4, 4, 4]"
HMM,907,"Спец: [1, 2, 2, 2, 3] != Общий: [1, 1, 2, 2, 3]"
HMM,908,"Спец: [1, 2, 2, 2, 3] != Общий: [1, 1, 2, 2, 3]"
HMM,909,"Спец: [1, 2, 2, 2, 3] != Общий: [1, 1, 2, 2, 3]"
HMM,910,"Спец: [1, 2, 2, 2, 3] != Общий: [1, 1, 2, 2, 3]"
HMM,911,"Спец: [1, 2, 2, 2, 3] != Общий: [1, 1, 2, 2, 3]"
HMM,912,"Спец: [1, 2, 2, 2, 3, 4, 4, 3, 3, 3] != Общий: [1, 1, 2, 2, 3, 4, 4, 4, 5, 5]"
HMM,913,"Спец: [1, 2, 2, 2, 3, 3, 3, 3, 3, 3, 4, 4, 3] != Общий: [1, 1, 2, 2, 3, 3, 3, 3, 3, 3, 4, 4, 4]"
HMM,914,"Спец: [1, 2, 2, 2, 3, 4, 4, 3] != Общий: [1, 1, 2, 2, 3, 4, 4, 4]"
HMM,915,"Спец: [1, 2, 2, 2, 3, 3, 3, 3, 3, 3, 3, 3, 3, 3] != Общий: [1, 1, 2, 2, 3, 3, 3, 3, 3, 3, 3, 3, 3, 3]"
HMM,916,"Спец: [1, 2, 2, 2, 3, 4, 4, 3, 3] != Общий: [1, 1, 2, 2, 3, 4, 4, 4, 5]"
HMM,917,"Спец: [1, 2, 2, 2, 3, 3, 3, 3, 3] != Общий: [1, 1, 2, 2, 3, 3, 3, 3, 3]"
HMM,918,"Спец: [1, 2, 2, 2, 3] != Общий: [1, 1, 2, 2, 3]"
HMM,919,"Спец: [1, 2, 2, 2, 3] != Общий: [1, 1, 2, 2, 3]"
HMM,920,"Спец: [1, 2, 2, 2, 3, 4, 4, 3] != Общий: [1, 1, 2, 2, 3, 4, 4, 4]"
HMM,921,"Спец: [1, 2, 2, 2, 3] != Общий: [1, 1, 2, 2, 3]"
HMM,922,"Спец: [1, 2, 2, 2, 3] != Общий: [1, 1, 2, 2, 3]"
HMM,923,"Спец: [1, 2, 2, 2, 3] != Общий: [1, 1, 2, 2, 3]"
HMM,924,"Спец: [1, 2, 2, 2, 3, 3, 3, 3, 3, 3, 3, 3, 3, 3] != Общий: [1, 1, 2, 2, 3, 3, 3, 3, 3, 3, 3, 3, 3, 3]"
HMM,925,"Спец: [1, 2, 2, 2, 3, 4, 4, 3, 3, 3] != Общий: [1, 1, 2, 2, 3, 4, 4, 4, 5, 5]"
HMM,926,"Спец: [1, 2, 2, 2, 3, 4, 4, 3, 3] != Общий: [1, 1, 2, 2, 3, 4, 4, 4, 5]"
HMM,927,"Спец: [1, 2, 2, 2, 3] != Общий: [1, 1, 2, 2, 3]"
HMM,928,"Спец: [1, 2, 2] != Общий: [1, 1, 2]"
HMM,929,"Спец: [1, 2, 2, 2, 3] != Общий: [1, 1, 2, 2, 3]"
HMM,930,"Спец: [1, 2, 2, 2, 3] != Общий: [1, 1, 2, 2, 3]"
HMM,931,"Спец: [1, 2, 2, 2, 3, 3, 3, 3] != Общий: [1, 1, 2, 2, 3, 3, 3, 3]"
HMM,932,"Спец: [1, 2, 2, 2, 3, 3, 3, 3, 3, 3] != Общий: [1, 1, 2, 2, 3, 3, 3, 3, 3, 3]"
HMM,933,"Спец: [1, 2, 2, 2, 3, 3, 3, 3, 3, 3, 3, 3, 3, 3, 3, 3] != Общий: [1, 1, 2, 2, 3, 3, 3, 3, 3, 3, 3, 3, 3, 3, 3, 3]"
HMM,934,"Спец: [1, 2, 2, 2, 3] != Общий: [1, 1, 2, 2, 3]"
HMM,935,"Спец: [1, 2, 2, 2, 3] != Общий: [1, 1, 2, 2, 3]"
HMM,936,"Спец: [1, 2, 2, 2, 3] != Общий: [1, 1, 2, 2, 3]"
HMM,937,"Спец: [1, 2, 2, 2, 3] != Общий: [1, 1, 2, 2, 3]"
HMM,938,"Спец: [1, 2, 2, 2, 3] != Общий: [1, 1, 2, 2, 3]"
HMM,939,"Спец: [1, 2, 2, 2, 3] != Общий: [1, 1, 2, 2, 3]"
HMM,940,"Спец: [1, 2, 2, 2, 3] != Общий: [1, 1, 2, 2, 3]"
HMM,941,"Спец: [1, 2, 2, 2, 3] != Общий: [1, 1, 2, 2, 3]"
HMM,942,"Спец: [1, 2, 2, 2, 3] != Общий: [1, 1, 2, 2, 3]"
HMM,943,"Спец: [1, 2, 2, 2, 3, 3, 3, 3, 3, 3, 3, 3, 3, 3] != Общий: [1, 1, 2, 2, 3, 3, 3, 3, 3, 3, 3, 3, 3, 3]"
HMM,944,"Спец: [1, 2, 2, 2, 3, 3, 3, 3, 3, 3] != Общий: [1, 1, 2, 2, 3, 3, 3, 3, 3, 3]"
HMM,945,"Спец: [1, 2, 2, 3, 4, 4, 3] != Общий: [1, 1, 2, 3, 3, 3, 3]"
HMM,946,"Спец: [1, 2, 2, 2, 3, 3, 3, 3, 3] != Общий: [1, 1, 2, 2, 3, 3, 3, 3, 3]"
HMM,947,"Спец: [1, 2, 2, 2, 3] != Общий: [1, 1, 2, 2, 3]"
HMM,948,"Спец: [1, 2, 2, 2, 3, 4, 4, 3] != Общий: [1, 1, 2, 2, 3, 4, 4, 4]"
HMM,949,"Спец: [1, 2, 2, 2, 3] != Общий: [1, 1, 2, 2, 3]"
HMM,950,"Спец: [1, 2, 2, 2, 3] != Общий: [1, 1, 2, 2, 3]"
HMM,951,"Спец: [1, 2, 2, 2, 3] != Общий: [1, 1, 2, 2, 3]"
HMM,952,"Спец: [1, 2, 2, 2, 3, 3, 3, 3] != Общий: [1, 1, 2, 2, 3, 3, 3, 3]"
HMM,953,"Спец: [1, 2, 2, 2, 3, 3, 3, 3, 3, 3, 3, 3, 3, 3] != Общий: [1, 1, 2, 2, 3, 3, 3, 3, 3, 3, 3, 3, 3, 3]"
HMM,954,"Спец: [1, 2, 2, 2, 3] != Общий: [1, 1, 2, 2, 3]"
HMM,955,"Спец: [1, 2, 2, 2, 3] != Общий: [1, 1, 2, 2, 3]"
HMM,956,"Спец: [1, 2, 2, 2, 3] != Общий: [1, 1, 2, 2, 3]"
HMM,957,"Спец: [1, 2, 2, 2, 3] != Общий: [1, 1, 2, 2, 3]"
HMM,958,"Спец: [1, 2, 2, 2, 3, 3, 3, 3, 3] != Общий: [1, 1, 2, 2, 3, 3, 3, 3, 3]"
HMM,959,"Спец: [1, 2, 2, 2, 3] != Общий: [1, 1, 2, 2, 3]"
HMM,960,"Спец: [1, 2, 2, 2, 3] != Общий: [1, 1, 2, 2, 3]"
HMM,961,"Спец: [1, 2, 2, 2, 3] != Общий: [1, 1, 2, 2, 3]"
HMM,962,"Спец: [1, 2, 2, 3, 4, 4, 3, 3, 3, 3] != Общий: [1, 1, 2, 3, 3, 3, 3, 3, 3, 3]"
HMM,963,"Спец: [1, 2, 2, 2, 3, 3, 3, 3] != Общий: [1, 1, 2, 2, 3, 3, 3, 3]"
HMM,964,"Спец: [1, 2, 2, 2, 3, 3, 3, 3] != Общий: [1, 1, 2, 2, 3, 3, 3, 3]"
HMM,965,"Спец: [1, 2, 2, 3, 4, 4, 3] != Общий: [1, 1, 2, 3, 3, 3, 3]"
HMM,966,"Спец: [1, 2, 2, 2, 3] != Общий: [1, 1, 2, 2, 3]"
HMM,967,"Спец: [1, 2, 2, 2, 3] != Общий: [1, 1, 2, 2, 3]"
HMM,968,"Спец: [1, 2, 2, 2, 3] != Общий: [1, 1, 2, 2, 3]"
HMM,969,"Спец: [1, 2, 2, 2, 3, 3, 3, 3, 3, 3, 4, 4, 3] != Общий: [1, 1, 2, 2, 3, 3, 3, 3, 3, 3, 4, 4, 4]"
HMM,970,"Спец: [1, 2, 2, 2, 3] != Общий: [1, 1, 2, 2, 3]"
HMM,971,"Спец: [1, 2, 2, 3, 4, 4, 3, 4, 4, 3, 3, 3] != Общий: [1, 1, 2, 3, 3, 3, 3, 4, 4, 4, 5, 5]"
HMM,972,"Спец: [1, 2, 2, 2, 3, 4, 4, 4, 3] != Общий: [1, 1, 2, 2, 2, 2, 2, 2, 3]"
HMM,973,"Спец: [1, 2, 2, 2, 3] != Общий: [1, 1, 2, 2, 3]"
HMM,974,"Спец: [1, 2, 2, 2, 3] != Общий: [1, 1, 2, 2, 3]"
HMM,975,"Спец: [1, 2, 2, 2, 3, 4, 4, 3] != Общий: [1, 1, 2, 2, 3, 4, 4, 4]"
HMM,976,"Спец: [1, 2, 2] != Общий: [1, 1, 2]"
HMM,977,"Спец: [1, 2, 2, 2, 3, 3, 3, 3, 3, 3] != Общий: [1, 1, 2, 2, 3, 3, 3, 3, 3, 3]"
HMM,978,"Спец: [1, 2, 2, 2, 3, 4, 4, 3, 3] != Общий: [1, 1, 2, 2, 3, 4, 4, 4, 5]"
HMM,979,"Спец: [1, 2, 2, 2, 3, 3, 3, 3, 3, 3, 3, 3, 3, 3] != Общий: [1, 1, 2, 2, 3, 3, 3, 3, 3, 3, 3, 4, 5, 5]"
HMM,980,"Спец: [1, 2, 2, 2, 3, 3, 3, 3, 3] != Общий: [1, 1, 2, 2, 3, 3, 3, 3, 3]"
HMM,981,"Спец: [1, 2, 2, 2, 3] != Общий: [1, 1, 2, 2, 3]"
HMM,982,"Спец: [1, 2, 2, 2, 3, 4, 4, 3, 3, 3] != Общий: [1, 1, 2, 2, 3, 4, 4, 4, 5, 5]"
HMM,983,"Спец: [1, 2, 2, 2, 3, 4, 4, 3, 3, 3] != Общий: [1, 1, 2, 2, 3, 4, 4, 4, 5, 5]"
HMM,984,"Спец: [1, 2, 2, 2, 3, 4, 4, 3, 3, 3] != Общий: [1, 1, 2, 2, 3, 4, 4, 4, 5, 5]"
HMM,985,"Спец: [1, 2, 2, 3, 4, 4, 3, 3, 3, 3, 3] != Общий: [1, 1, 2, 3, 3, 3, 3, 3, 3, 3, 3]"
HMM,986,"Спец: [1, 2, 2, 2, 3, 4, 4, 3, 3, 3] != Общий: [1, 1, 2, 2, 3, 4, 4, 4, 5, 5]"
HMM,987,"Спец: [1, 2, 2, 3, 4, 4, 3] != Общий: [1, 1, 2, 3, 3, 3, 3]"
HMM,988,"Спец: [1, 2, 2, 2, 3] != Общий: [1, 1, 2, 2, 3]"
HMM,989,"Спец: [1, 2, 2, 2, 3] != Общий: [1, 1, 2, 2, 3]"
HMM,990,"Спец: [1, 2, 2, 2, 3, 3, 3, 3] != Общий: [1, 1, 2, 2, 3, 3, 3, 3]"
HMM,991,"Спец: [1, 2, 2, 2, 3, 3, 3, 3, 3] != Общий: [1, 1, 2, 2, 3, 3, 3, 3, 3]"
HMM,992,"Спец: [1, 2, 2, 2, 3, 3, 3, 3, 3, 3, 3, 3] != Общий: [1, 1, 2, 2, 3, 3, 3, 3, 3, 3, 3, 3]"
HMM,993,"Спец: [1, 2, 2, 3, 4, 4, 3] != Общий: [1, 1, 2, 3, 3, 3, 3]"
HMM,994,"Спец: [1, 2, 2] != Общий: [1, 1, 2]"
HMM,995,"Спец: [1, 2, 2] != Общий: [1, 1, 2]"
HMM,996,"Спец: [1, 2, 2, 2, 3] != Общий: [1, 1, 2, 2, 3]"
HMM,997,"Спец: [1, 2, 2, 2, 3, 4, 4, 3] != Общий: [1, 1, 2, 2, 3, 4, 4, 4]"
HMM,998,"Спец: [1, 2, 2] != Общий: [1, 1, 2]"
HMM,999,"Спец: [1, 2, 2] != Общий: [1, 1, 2]"
Kuehne Nagel,1,"Спец: [1, 3, 4, 3, 3, 4, 4, 3, 3, 4, 3, 3, 4, 4, 4, 5, 5, 5, 5] != Общий: [1, 1, 2, 2, 3, 3, 3, 3, 3, 3, 3, 3, 4, 4, 4, 5, 4, 5, 5]"
Kuehne Nagel,2,"Спец: [1, 3, 3, 4, 3, 3, 4, 4, 3, 3, 4, 4, 3, 3, 4, 4, 5, 5, 5] != Общий: [1, 1, 2, 2, 2, 3, 3, 3, 3, 3, 3, 3, 3, 3, 4, 4, 5, 5, 5]"
Kuehne Nagel,4,"Спец: [1, 2, 3, 3, 4, 4, 3, 3, 4, 4, 3, 3, 4, 4, 5] != Общий: [1, 1, 1, 3, 3, 4, 4, 3, 3, 3, 3, 3, 4, 4, 5]"
Kuehne Nagel,5,"Спец: [1, 2, 3, 4, 3, 3, 4, 4, 5, 5, 5] != Общий: [1, 1, 1, 2, 2, 3, 4, 4, 5, 5, 5]"
Kuehne Nagel,6,"Спец: [1, 3, 4, 4, 3, 3, 4, 4, 3, 3, 4, 4, 4, 5, 5, 5, 5] != Общий: [1, 1, 1, 2, 2, 3, 3, 3, 3, 3, 4, 4, 4, 5, 5, 3, 3]"
Kuehne Nagel,7,"Спец: [1, 2, 3, 3, 4, 3, 4] != Общий: [1, 1, 1, 2, 2, 3, 4]"
Kuehne Nagel,9,"Спец: [1, 2, 2, 3, 3, 4, 4, 3, 3, 4] != Общий: [1, 1, 2, 2, 3, 3, 4, 4, 3, 4]"
Kuehne Nagel,10,"Спец: [1, 2, 3, 4, 4, 3, 3, 4, 4, 5, 5, 5] != Общий: [1, 1, 1, 2, 2, 2, 3, 4, 4, 5, 5, 5]"
Kuehne Nagel,11,"Спец: [1, 2, 3, 4, 3, 3, 4, 4, 3, 3, 4, 4, 5, 5, 5, 5, 5] != Общий: [1, 1, 1, 2, 2, 3, 3, 3, 3, 3, 4, 4, 5, 5, 4, 5, 5]"
Kuehne Nagel,13,"Спец: [1, 2, 3, 4, 3, 3, 4, 4, 3, 3, 4, 4, 5, 5] != Общий: [1, 1, 1, 2, 2, 3, 3, 3, 3, 3, 4, 4, 5, 5]"
Kuehne Nagel,14,"Спец: [1, 2, 2, 2, 3, 3, 4, 5] != Общий: [1, 1, 2, 2, 2, 3, 4, 5]"
Kuehne Nagel,15,"Спец: [1, 2, 3, 3, 4, 3, 3, 4, 5] != Общий: [1, 1, 1, 2, 2, 2, 3, 4, 5]"
Kuehne Nagel,16,"Спец: [1, 2, 2, 2, 3, 3, 4, 5] != Общий: [1, 1, 2, 2, 2, 3, 4, 5]"
Kuehne Nagel,17,"Спец: [1, 2, 3, 3, 4, 3, 3, 4, 5] != Общий: [1, 1, 1, 2, 2, 2, 3, 4, 5]"
Kuehne Nagel,18,"Спец: [1, 2, 3, 3, 4, 3, 3, 4, 5] != Общий: [1, 1, 1, 2, 2, 2, 3, 4, 5]"
Kuehne Nagel,20,"Спец: [1, 3, 4, 3, 3, 4, 4, 4, 5, 5] != Общий: [1, 1, 2, 2, 3, 4, 4, 4, 5, 5]"
Kuehne Nagel,21,"Спец: [1, 2, 2, 3, 4, 3, 3, 4, 4, 3, 3, 3, 4, 4, 5, 5, 5] != Общий: [1, 1, 2, 2, 2, 2, 3, 4, 4, 5, 3, 3, 4, 5, 5, 3, 3]"
Kuehne Nagel,22,"Спец: [1, 2, 3, 3, 4, 3, 3, 4, 4, 4, 5, 5, 5, 5] != Общий: [1, 1, 1, 2, 2, 2, 3, 4, 4, 4, 5, 5, 3, 3]"
Kuehne Nagel,23,"Спец: [1, 3, 3, 4, 3, 3, 4, 4, 4, 5, 5, 5] != Общий: [1, 1, 2, 2, 2, 3, 4, 4, 4, 5, 5, 5]"
Kuehne Nagel,25,"Спец: [1, 2, 3, 4, 3, 3, 4, 3, 3, 4, 3, 3, 4] != Общий: [1, 1, 1, 2, 2, 3, 3, 3, 3, 3, 3, 3, 4]"
Kuehne Nagel,26,"Спец: [1, 2, 3, 4, 3, 3, 4, 4, 5, 5] != Общий: [1, 1, 1, 2, 2, 3, 4, 4, 5, 5]"
Kuehne Nagel,27,"Спец: [1, 3, 3, 4, 4, 4, 5, 5] != Общий: [1, 2, 3, 4, 4, 4, 5, 5]"
Kuehne Nagel,28,"Спец: [1, 3, 4, 3, 3, 4, 3, 4, 3, 3, 4, 4, 5, 5] != Общий: [1, 1, 2, 2, 3, 3, 3, 3, 3, 3, 4, 4, 5, 5]"
Kuehne Nagel,29,"Спец: [1, 3, 3, 4, 3, 3, 4, 4, 4, 5, 5, 5, 5] != Общий: [1, 1, 2, 2, 2, 3, 4, 4, 4, 5, 5, 3, 3]"
Kuehne Nagel,31,"Спец: [1, 2, 3, 3, 4, 3, 3, 4, 4, 4, 5, 5, 5, 5] != Общий: [1, 2, 2, 3, 3, 3, 3, 4, 4, 4, 5, 5, 3, 3]"
Kuehne Nagel,32,"Спец: [1, 2, 3, 3, 4, 3, 3, 4, 4, 4, 5, 5, 5, 5] != Общий: [1, 1, 1, 2, 2, 2, 3, 4, 4, 4, 5, 5, 3, 3]"
Kuehne Nagel,33,"Спец: [1, 2, 2, 3, 4, 3, 3, 4] != Общий: [1, 1, 2, 2, 2, 2, 3, 4]"
Kuehne Nagel,34,"Спец: [1, 3, 4, 4, 4, 3, 3, 4, 4, 5, 5, 5] != Общий: [1, 1, 1, 2, 2, 2, 3, 4, 4, 5, 5, 5]"
Kuehne Nagel,35,"Спец: [1, 2, 3, 4, 3, 3, 4, 4, 4, 5, 5] != Общий: [1, 1, 1, 2, 2, 3, 4, 4, 4, 5, 5]"
Kuehne Nagel,36,"Спец: [1, 2, 3, 4, 3, 3, 4, 4, 3, 3, 4, 4, 5, 5] != Общий: [1, 1, 1, 2, 2, 3, 3, 3, 3, 3, 4, 4, 5, 5]"
Kuehne Nagel,38,"Спец: [1, 2, 3, 4, 3, 3, 4, 4, 5, 5] != Общий: [1, 1, 1, 2, 2, 3, 4, 4, 5, 5]"
Kuehne Nagel,39,"Спец: [1, 2, 2, 2, 3, 3, 4, 4, 4, 5, 5, 5, 5] != Общий: [1, 1, 2, 2, 2, 3, 4, 4, 4, 5, 5, 3, 3]"
Kuehne Nagel,41,"Спец: [1, 2, 3, 4, 3, 3, 4, 4, 3, 3, 4, 4, 3, 3, 4, 4, 4, 5, 5] != Общий: [1, 1, 1, 2, 2, 3, 3, 3, 3, 3, 3, 3, 3, 3, 4, 4, 4, 5, 5]"
Kuehne Nagel,42,"Спец: [1, 2, 3, 3, 4, 4, 3, 4] != Общий: [1, 1, 2, 3, 3, 3, 3, 4]"
Kuehne Nagel,43,"Спец: [1, 2, 2, 3, 4, 3, 3, 4, 4, 3, 3, 3, 4, 4, 5, 5, 5] != Общий: [1, 1, 2, 2, 2, 2, 3, 4, 4, 5, 3, 3, 4, 5, 5, 3, 3]"
Kuehne Nagel,44,"Спец: [1, 3, 4, 3, 3, 4, 4, 4, 5, 5] != Общий: [1, 1, 2, 2, 3, 4, 4, 4, 5, 5]"
Kuehne Nagel,45,"Спец: [1, 3, 3, 4, 3, 3, 4, 4, 4, 5, 5, 5] != Общий: [1, 1, 2, 2, 2, 3, 4, 4, 4, 5, 5, 5]"
Kuehne Nagel,47,"Спец: [1, 2, 2, 3, 3, 4, 4, 3, 4] != Общий: [1, 2, 2, 2, 3, 3, 3, 3, 4]"
Kuehne Nagel,48,"Спец: [1, 2, 3, 3, 4, 4, 3, 4] != Общий: [1, 1, 2, 3, 3, 3, 3, 4]"
Kuehne Nagel,49,"Спец: [1, 2, 3, 4, 3, 3, 4, 4, 5, 5] != Общий: [1, 1, 1, 2, 2, 3, 4, 4, 5, 5]"
Kuehne Nagel,50,"Спец: [1, 2, 3, 4, 3, 3, 4, 3, 3, 4, 3, 3, 4] != Общий: [1, 1, 1, 2, 2, 3, 3, 3, 3, 3, 3, 3, 4]"
Kuehne Nagel,51,"Спец: [1, 3, 3, 4, 3, 3, 4, 4, 4, 5, 5, 5, 5] != Общий: [1, 1, 2, 2, 2, 3, 4, 4, 4, 5, 5, 3, 3]"
Kuehne Nagel,52,"Спец: [1, 3, 4, 3, 4] != Общий: [1, 3, 3, 3, 4]"
Kuehne Nagel,53,"Спец: [1, 2, 3, 3, 4, 4, 3, 4] != Общий: [1, 1, 2, 3, 3, 3, 3, 4]"
Kuehne Nagel,54,"Спец: [1, 2, 3, 4, 3, 3, 4, 4, 4, 5, 5] != Общий: [1, 1, 1, 2, 2, 3, 4, 4, 4, 5, 5]"
Kuehne Nagel,55,"Спец: [1, 2, 2, 3, 3, 4, 4, 3, 3, 4, 4, 5] != Общий: [1, 1, 1, 2, 3, 3, 3, 3, 3, 4, 4, 5]"
Kuehne Nagel,56,"Спец: [1, 2, 2, 3, 3, 4, 4, 3, 4] != Общий: [1, 2, 2, 2, 3, 3, 3, 3, 4]"
Kuehne Nagel,57,"Спец: [1, 2, 2, 2, 3, 3, 4, 4, 3, 3, 4] != Общий: [1, 1, 1, 2, 2, 3, 3, 3, 3, 3, 4]"
Kuehne Nagel,58,"Спец: [1, 2, 3, 3, 4, 4, 3, 4] != Общий: [1, 1, 2, 3, 3, 3, 3, 4]"
Kuehne Nagel,59,"Спец: [1, 2, 2, 3, 3, 4, 4, 3, 4] != Общий: [1, 2, 2, 2, 3, 3, 3, 3, 4]"
Kuehne Nagel,60,"Спец: [1, 2, 3, 4, 3, 3, 4, 4, 3, 3, 4, 4, 5, 5, 5] != Общий: [1, 1, 1, 2, 2, 3, 3, 3, 3, 3, 4, 4, 5, 5, 5]"
Kuehne Nagel,61,"Спец: [1, 2, 2, 2, 3, 3, 4, 4, 5, 5] != Общий: [1, 1, 1, 2, 2, 3, 4, 4, 5, 5]"
Kuehne Nagel,62,"Спец: [1, 2, 2, 2, 3, 3, 4, 5] != Общий: [1, 1, 2, 2, 2, 3, 4, 5]"
Kuehne Nagel,63,"Спец: [1, 2, 2, 2, 3, 3, 3, 4, 4, 5] != Общий: [1, 1, 2, 2, 2, 2, 3, 4, 4, 5]"
Kuehne Nagel,64,"Спец: [1, 2, 2, 2, 3, 3, 3, 4, 4, 5] != Общий: [1, 1, 2, 2, 2, 2, 3, 4, 4, 5]"
Kuehne Nagel,65,"Спец: [1, 2, 2, 2, 3, 3, 4, 5] != Общий: [1, 1, 2, 2, 2, 3, 4, 5]"
Kuehne Nagel,66,"Спец: [1, 1, 2, 2, 2, 3, 3, 4, 5, 5, 5] != Общий: [1, 1, 1, 1, 2, 2, 3, 4, 5, 4, 5]"
Kuehne Nagel,68,"Спец: [1, 3, 4, 4, 4, 3, 3, 4, 4, 4, 5, 5, 5] != Общий: [1, 1, 1, 2, 2, 2, 3, 4, 4, 4, 5, 4, 5]"
Kuehne Nagel,69,"Спец: [1, 2, 3, 3, 4, 5] != Общий: [1, 2, 2, 3, 4, 5]"
Kuehne Nagel,70,"Спец: [1, 3, 4, 4, 3, 3, 4, 4, 3, 3, 4, 4, 3, 3, 4, 4, 5, 5] != Общий: [1, 1, 1, 2, 2, 3, 3, 3, 3, 3, 3, 3, 3, 3, 4, 4, 5, 5]"
Kuehne Nagel,71,"Спец: [1, 2, 3, 4, 3, 3, 4, 4, 4, 5, 5] != Общий: [1, 1, 1, 2, 2, 3, 4, 4, 4, 5, 5]"
Kuehne Nagel,72,"Спец: [1, 2, 2, 3, 4, 3, 3, 4, 4, 3, 3, 4, 4, 3, 3, 4] != Общий: [1, 1, 1, 3, 3, 3, 3, 3, 3, 3, 3, 3, 3, 3, 3, 4]"
Kuehne Nagel,73,"Спец: [1, 2, 3, 4, 4, 3, 3, 4, 4, 5, 5] != Общий: [1, 2, 3, 3, 3, 3, 3, 4, 4, 5, 5]"
Kuehne Nagel,74,"Спец: [1, 2, 3, 3, 4, 3, 3, 4, 3, 4] != Общий: [1, 1, 2, 3, 3, 3, 3, 3, 3, 4]"
Kuehne Nagel,75,"Спец: [1, 2, 3, 4, 3, 3, 4, 4, 4, 5, 5, 5, 5] != Общий: [1, 1, 1, 2, 2, 3, 4, 4, 4, 5, 5, 5, 3]"
Kuehne Nagel,76,"Спец: [1, 3, 4, 4, 3, 3, 4, 4, 4, 5, 5] != Общий: [1, 1, 2, 2, 2, 3, 4, 4, 4, 5, 5]"
Kuehne Nagel,78,"Спец: [1, 2, 2, 3, 4, 3, 3, 4, 4, 3, 3, 3, 4, 4, 5, 5, 5] != Общий: [1, 1, 2, 2, 2, 2, 3, 4, 4, 5, 3, 3, 4, 5, 5, 3, 3]"
Kuehne Nagel,79,"Спец: [1, 3, 4, 3, 3, 4, 4, 4, 5, 5] != Общий: [1, 1, 2, 2, 3, 4, 4, 4, 5, 5]"
Kuehne Nagel,80,"Спец: [1, 3, 3, 4, 3, 3, 4, 4, 4, 5, 5, 5] != Общий: [1, 1, 2, 2, 2, 3, 4, 4, 4, 5, 5, 5]"
Kuehne Nagel,82,"Спец: [1, 3, 4, 4, 3, 3, 4, 4, 4, 5, 5] != Общий: [1, 1, 2, 2, 2, 3, 4, 4, 4, 5, 5]"
Kuehne Nagel,83,"Спец: [1, 2, 3, 4, 3, 3, 4, 3, 3, 4, 3, 3, 4] != Общий: [1, 1, 1, 2, 2, 3, 3, 3, 3, 3, 3, 3, 4]"
Kuehne Nagel,84,"Спец: [1, 2, 3, 4, 3, 3, 4, 4, 5, 5] != Общий: [1, 1, 1, 2, 2, 3, 4, 4, 5, 5]"
Kuehne Nagel,85,"Спец: [1, 3, 3, 4, 4, 4, 5, 5] != Общий: [1, 2, 3, 4, 4, 4, 5, 5]"
Kuehne Nagel,86,"Спец: [1, 3, 3, 4, 3, 3, 4, 4, 4, 5, 5, 5, 5] != Общий: [1, 1, 2, 2, 2, 3, 4, 4, 4, 5, 5, 3, 3]"
Kuehne Nagel,87,"Спец: [1, 2, 3, 4, 3, 4] != Общий: [1, 1, 3, 3, 3, 4]"
Kuehne Nagel,88,"Спец: [1, 3, 4, 4, 3, 3, 4, 4, 4, 5, 5] != Общий: [1, 1, 2, 2, 2, 3, 4, 4, 4, 5, 5]"
Kuehne Nagel,90,"Спец: [1, 2, 3, 4, 3, 3, 4, 4, 5, 5] != Общий: [1, 1, 1, 2, 2, 3, 4, 4, 5, 5]"
Kuehne Nagel,91,"Спец: [1, 2, 3, 4, 3, 4] != Общий: [1, 1, 3, 3, 3, 4]"
Kuehne Nagel,92,"Спец: [1, 2, 2, 2, 3, 3, 3, 4, 4, 5, 5] != Общий: [1, 1, 2, 2, 2, 2, 3, 4, 4, 5, 5]"
Kuehne Nagel,93,"Спец: [1, 2, 2, 2, 3, 3, 4, 4, 5] != Общий: [1, 1, 2, 2, 2, 3, 4, 4, 5]"
Kuehne Nagel,94,"Спец: [1, 2, 2, 2, 3, 3, 4, 4, 5] != Общий: [1, 1, 2, 2, 2, 3, 4, 4, 5]"
Kuehne Nagel,95,"Спец: [1, 2, 2, 2, 3, 3, 3, 4, 4, 5, 5] != Общий: [1, 1, 2, 2, 2, 2, 3, 4, 4, 5, 5]"
Kuehne Nagel,97,"Спец: [1, 2, 3, 4, 3, 3, 4, 4, 4, 5, 5, 5] != Общий: [1, 1, 1, 2, 2, 3, 4, 4, 4, 5, 5, 5]"
Kuehne Nagel,98,"Спец: [1, 3, 4, 4, 3, 3, 4, 3, 3, 4, 4, 5, 5, 5] != Общий: [1, 1, 1, 2, 2, 3, 3, 3, 3, 4, 4, 5, 5, 5]"
Kuehne Nagel,99,"Спец: [1, 2, 2, 2, 3, 4, 3, 4, 3, 4] != Общий: [1, 1, 1, 1, 3, 3, 3, 3, 3, 4]"
Kuehne Nagel,100,"Спец: [1, 2, 3, 3, 4, 3, 3, 4, 4, 3, 3, 4, 4, 5, 5, 5] != Общий: [1, 1, 1, 2, 2, 2, 3, 3, 3, 3, 3, 4, 4, 5, 5, 5]"
Kuehne Nagel,101,"Спец: [1, 2, 2, 2, 3, 3, 4, 3, 4] != Общий: [1, 1, 2, 2, 2, 3, 3, 3, 4]"
Kuehne Nagel,102,"Спец: [1, 2, 2, 2, 3, 4] != Общий: [1, 1, 1, 1, 3, 4]"
Kuehne Nagel,103,"Спец: [1, 2, 2, 2, 2, 3, 3, 4] != Общий: [1, 1, 1, 1, 2, 2, 3, 4]"
Kuehne Nagel,104,"Спец: [1, 2, 2, 2, 2, 3, 3, 4] != Общий: [1, 2, 2, 2, 2, 2, 3, 4]"
Kuehne Nagel,105,"Спец: [1, 2, 2, 2, 3, 3, 4, 4, 5] != Общий: [1, 1, 1, 2, 2, 3, 4, 4, 5]"
Kuehne Nagel,107,"Спец: [1, 3, 4, 3, 3, 4, 4, 3, 3, 4, 3, 3, 4, 4, 4, 5, 5, 5, 5] != Общий: [1, 1, 2, 2, 3, 3, 3, 3, 3, 3, 3, 3, 4, 4, 4, 5, 4, 5, 5]"
Kuehne Nagel,110,"Спец: [1, 2, 3, 4, 3, 3, 4, 4, 5, 5] != Общий: [1, 1, 1, 2, 2, 3, 4, 4, 5, 5]"
Kuehne Nagel,111,"Спец: [1, 3, 4, 4, 3, 3, 4, 4, 4, 5, 5] != Общий: [1, 1, 1, 2, 2, 3, 4, 4, 4, 5, 5]"
Kuehne Nagel,112,"Спец: [1, 2, 2, 2, 3, 3, 4, 4, 5] != Общий: [1, 1, 1, 2, 2, 3, 4, 4, 5]"
Kuehne Nagel,113,"Спец: [1, 2, 3, 3, 3, 4] != Общий: [1, 1, 1, 2, 3, 4]"
Kuehne Nagel,114,"Спец: [1, 2, 2, 3, 4] != Общий: [1, 1, 2, 3, 4]"
Kuehne Nagel,115,"Спец: [1, 2, 2, 3, 4] != Общий: [1, 1, 2, 3, 4]"
Kuehne Nagel,116,"Спец: [1, 2, 2, 3, 4] != Общий: [1, 1, 2, 3, 4]"
Kuehne Nagel,117,"Спец: [1, 2, 3, 4, 3, 3, 3, 4, 4, 5, 5] != Общий: [1, 1, 1, 2, 2, 3, 3, 4, 4, 5, 5]"
Kuehne Nagel,118,"Спец: [1, 2, 3, 3, 3, 4] != Общий: [1, 1, 1, 2, 3, 4]"
Kuehne Nagel,119,"Спец: [1, 3, 4, 4, 4, 3, 3, 4, 4, 3, 3, 4, 4, 5, 5, 5, 5, 5, 5, 5, 5] != Общий: [1, 1, 1, 2, 2, 2, 3, 3, 3, 3, 3, 4, 4, 5, 5, 3, 4, 5, 5, 5, 5]"
Kuehne Nagel,120,"Спец: [1, 2, 3, 4, 3, 3, 4, 4, 3, 3, 4, 4, 5, 5] != Общий: [1, 1, 1, 2, 2, 3, 3, 3, 3, 3, 4, 4, 5, 5]"
Kuehne Nagel,121,"Спец: [1, 2, 3, 4, 3, 3, 4, 4, 3, 3, 4, 4, 4, 5, 5, 5, 5] != Общий: [1, 1, 1, 2, 2, 3, 3, 3, 3, 3, 4, 4, 4, 5, 5, 3, 3]"
Kuehne Nagel,122,"Спец: [1, 2, 2, 2, 3, 3, 4, 5] != Общий: [1, 1, 2, 2, 2, 3, 4, 5]"
Kuehne Nagel,123,"Спец: [1, 2, 2, 2, 3, 3, 4, 5] != Общий: [1, 1, 2, 2, 2, 3, 4, 5]"
Kuehne Nagel,124,"Спец: [1, 2, 3, 3, 4, 3, 4, 5] != Общий: [1, 1, 1, 2, 2, 3, 4, 5]"
Kuehne Nagel,125,"Спец: [1, 2, 3, 3, 4, 3, 4, 5] != Общий: [1, 1, 1, 2, 2, 3, 4, 5]"
Kuehne Nagel,126,"Спец: [1, 2, 3, 3, 4, 3, 3, 4, 5] != Общий: [1, 1, 1, 2, 2, 2, 3, 4, 5]"
Kuehne Nagel,127,"Спец: [1, 2, 3, 3, 4] != Общий: [1, 1, 2, 3, 4]"
Kuehne Nagel,128,"Спец: [1, 3, 4, 4, 3, 3, 4, 4, 4, 5, 5] != Общий: [1, 1, 2, 2, 2, 3, 4, 4, 4, 5, 5]"
Kuehne Nagel,129,"Спец: [1, 3, 4, 4, 3, 3, 4, 4, 5, 5, 5] != Общий: [1, 1, 2, 2, 2, 3, 4, 4, 5, 5, 5]"
Kuehne Nagel,131,"Спец: [1, 3, 4, 3, 3, 4, 4, 4, 5, 5] != Общий: [1, 1, 2, 2, 3, 4, 4, 4, 5, 5]"
Kuehne Nagel,132,"Спец: [1, 2, 2, 3, 4, 3, 3, 4, 4, 3, 3, 3, 4, 4, 5, 5, 5] != Общий: [1, 1, 2, 2, 2, 2, 3, 4, 4, 5, 3, 3, 4, 5, 5, 3, 3]"
Kuehne Nagel,134,"Спец: [1, 2, 3, 3, 4, 3, 3, 4, 4, 4, 5, 5, 5, 5] != Общий: [1, 1, 1, 2, 2, 2, 3, 4, 4, 4, 5, 5, 3, 3]"
Kuehne Nagel,135,"Спец: [1, 3, 3, 4, 3, 3, 4, 4, 4, 5, 5, 5] != Общий: [1, 1, 2, 2, 2, 3, 4, 4, 4, 5, 5, 5]"
Kuehne Nagel,137,"Спец: [1, 2, 3, 4, 3, 3, 4, 4, 3, 3, 4, 3, 3, 4, 4, 3, 3, 4, 4, 5, 5] != Общий: [1, 1, 1, 2, 2, 3, 3, 3, 3, 3, 3, 3, 3, 3, 3, 3, 3, 4, 4, 5, 5]"
Kuehne Nagel,138,"Спец: [1, 3, 4, 3, 3, 4, 3, 4, 3, 3, 4, 4, 5, 5] != Общий: [1, 1, 2, 2, 3, 3, 3, 3, 3, 3, 4, 4, 5, 5]"
Kuehne Nagel,139,"Спец: [1, 2, 3, 4, 3, 3, 4, 3, 3, 4, 3, 3, 4] != Общий: [1, 1, 1, 2, 2, 3, 3, 3, 3, 3, 3, 3, 4]"
Kuehne Nagel,140,"Спец: [1, 2, 3, 4, 3, 3, 4, 4, 5, 5] != Общий: [1, 1, 1, 2, 2, 3, 4, 4, 5, 5]"
Kuehne Nagel,141,"Спец: [1, 3, 3, 4, 4, 4, 5, 5] != Общий: [1, 2, 3, 4, 4, 4, 5, 5]"
Kuehne Nagel,142,"Спец: [1, 2, 3, 4, 3, 3, 4, 4, 5, 5] != Общий: [1, 1, 1, 2, 2, 3, 4, 4, 5, 5]"
Kuehne Nagel,143,"Спец: [1, 2, 3, 4, 3, 3, 4, 4, 5, 5] != Общий: [1, 1, 1, 2, 2, 3, 4, 4, 5, 5]"
Kuehne Nagel,144,"Спец: [1, 3, 3, 4, 3, 3, 4, 4, 4, 5, 5, 5, 5] != Общий: [1, 1, 2, 2, 2, 3, 4, 4, 4, 5, 5, 3, 3]"
Kuehne Nagel,145,"Спец: [1, 3, 4, 3, 3, 4, 4, 3, 3, 4, 3, 3, 4, 4, 4, 5, 5, 5, 5] != Общий: [1, 1, 2, 2, 3, 3, 3, 3, 3, 3, 3, 3, 4, 4, 4, 5, 4, 5, 5]"
Kuehne Nagel,146,"Спец: [1, 3, 3, 4, 3, 3, 4, 4, 3, 3, 4, 4, 3, 3, 4, 4, 5, 5, 5] != Общий: [1, 1, 2, 2, 2, 3, 3, 3, 3, 3, 3, 3, 3, 3, 4, 4, 5, 5, 5]"
Kuehne Nagel,147,"Спец: [1, 2, 3, 4, 3, 3, 4, 4, 5, 5] != Общий: [1, 1, 1, 2, 2, 3, 4, 4, 5, 5]"
Kuehne Nagel,149,"Спец: [1, 3, 4, 4, 4, 3, 3, 4, 4, 3, 3, 4, 4, 4, 5, 5] != Общий: [1, 1, 1, 2, 2, 2, 3, 3, 3, 3, 3, 4, 4, 4, 5, 5]"
Kuehne Nagel,150,"Спец: [1, 3, 3, 4, 3, 4, 4, 5, 5] != Общий: [1, 1, 2, 2, 3, 4, 4, 5, 5]"
Kuehne Nagel,151,"Спец: [1, 2, 3, 4, 3, 3, 4, 4, 3, 3, 4, 4, 3, 3, 4, 4, 5, 5, 5] != Общий: [1, 1, 1, 2, 2, 3, 3, 3, 3, 3, 3, 3, 3, 3, 4, 4, 5, 5, 5]"
Kuehne Nagel,152,"Спец: [1, 2, 3, 3, 4] != Общий: [1, 1, 2, 3, 4]"
Kuehne Nagel,153,"Спец: [1, 2, 3, 4, 3, 3, 4, 4, 4, 5, 5] != Общий: [1, 1, 1, 2, 2, 3, 4, 4, 4, 5, 5]"
Kuehne Nagel,154,"Спец: [1, 3, 4, 4, 3, 3, 4, 4, 5, 5] != Общий: [1, 1, 1, 2, 2, 3, 4, 4, 5, 5]"
Kuehne Nagel,155,"Спец: [1, 3, 3, 4, 4, 3, 4, 4, 4, 5, 5] != Общий: [1, 2, 3, 3, 3, 3, 4, 4, 4, 5, 5]"
Kuehne Nagel,156,"Спец: [1, 3, 3, 4, 4, 3, 4, 4, 4, 5, 5] != Общий: [1, 2, 3, 3, 3, 3, 4, 4, 4, 5, 5]"
Kuehne Nagel,157,"Спец: [1, 3, 4, 4, 3, 3, 4, 4, 4, 5, 5] != Общий: [1, 1, 1, 2, 2, 3, 4, 4, 4, 5, 5]"
Kuehne Nagel,158,"Спец: [1, 3, 4, 4, 3, 3, 4, 4, 5, 5] != Общий: [1, 1, 1, 2, 2, 3, 4, 4, 5, 5]"
Kuehne Nagel,159,"Спец: [1, 3, 4, 4, 4, 3, 3, 4, 4, 4, 5, 5, 5, 5] != Общий: [1, 1, 1, 2, 2, 2, 3, 4, 4, 4, 5, 5, 3, 3]"
Kuehne Nagel,160,"Спец: [1, 3, 3, 3, 4, 3, 4, 3, 4, 4, 5, 5] != Общий: [1, 1, 2, 3, 3, 3, 3, 3, 4, 4, 5, 5]"
Kuehne Nagel,161,"Спец: [1, 2, 2, 3, 3, 4, 3, 3, 4] != Общий: [1, 1, 2, 3, 3, 3, 3, 3, 4]"
Kuehne Nagel,162,"Спец: [1, 2, 2, 3, 3, 4, 4, 3, 3, 4, 4, 5, 5] != Общий: [1, 2, 2, 2, 3, 3, 3, 3, 3, 4, 4, 5, 5]"
Kuehne Nagel,163,"Спец: [1, 3, 4, 4, 3, 3, 4, 4, 3, 3, 4, 4, 5, 5] != Общий: [1, 1, 1, 2, 2, 3, 3, 3, 3, 3, 4, 4, 5, 5]"
Kuehne Nagel,164,"Спец: [1, 3, 4, 4, 3, 3, 4, 4, 3, 3, 4, 4, 5, 5] != Общий: [1, 1, 1, 2, 2, 3, 3, 3, 3, 3, 4, 4, 5, 5]"
Kuehne Nagel,165,"Спец: [1, 3, 4, 4, 3, 3, 4, 4, 3, 3, 4, 4, 5, 5] != Общий: [1, 1, 1, 2, 2, 3, 3, 3, 3, 3, 4, 4, 5, 5]"
Kuehne Nagel,166,"Спец: [1, 2, 3, 4, 3, 3, 4, 4, 5, 5, 5] != Общий: [1, 1, 1, 2, 2, 3, 4, 4, 5, 5, 5]"
Kuehne Nagel,167,"Спец: [1, 2, 3, 3, 4, 3, 3, 4, 5] != Общий: [1, 1, 1, 2, 2, 2, 3, 4, 5]"
Kuehne Nagel,168,"Спец: [1, 2, 3, 3, 4, 3, 3, 4, 5] != Общий: [1, 1, 1, 2, 2, 2, 3, 4, 5]"
Kuehne Nagel,169,"Спец: [1, 2, 2, 2, 3, 3, 4, 5] != Общий: [1, 1, 2, 2, 2, 3, 4, 5]"
Kuehne Nagel,170,"Спец: [1, 2, 3, 3, 4, 3, 3, 4, 5] != Общий: [1, 1, 1, 2, 2, 2, 3, 4, 5]"
Kuehne Nagel,171,"Спец: [1, 2, 2, 2, 3, 3, 4, 5] != Общий: [1, 1, 2, 2, 2, 3, 4, 5]"
Kuehne Nagel,172,"Спец: [1, 3, 4, 4, 4, 3, 3, 4, 4, 4, 5, 5] != Общий: [1, 1, 1, 2, 2, 2, 3, 4, 4, 4, 5, 5]"
Kuehne Nagel,175,"Спец: [1, 2, 2, 2, 2, 3, 3, 4, 4, 5] != Общий: [1, 1, 2, 2, 2, 2, 3, 4, 4, 5]"
Kuehne Nagel,176,"Спец: [1, 2, 2, 2, 2, 3, 3, 4, 4, 5] != Общий: [1, 1, 2, 2, 2, 2, 3, 4, 4, 5]"
Kuehne Nagel,177,"Спец: [1, 2, 3, 4, 3, 3, 4, 4, 4, 5, 5, 5, 5] != Общий: [1, 1, 1, 2, 2, 3, 4, 4, 4, 5, 5, 3, 3]"
Kuehne Nagel,179,"Спец: [1, 2, 3, 4, 3, 3, 4, 4, 3, 3, 4, 4, 5, 5, 5] != Общий: [1, 1, 1, 2, 2, 3, 3, 3, 3, 3, 4, 4, 5, 5, 5]"
Kuehne Nagel,180,"Спец: [1, 2, 2, 3, 3, 4, 3, 3, 4] != Общий: [1, 1, 2, 3, 3, 3, 3, 3, 4]"
Kuehne Nagel,181,"Спец: [1, 2, 3, 3, 4] != Общий: [1, 1, 2, 3, 4]"
Kuehne Nagel,183,"Спец: [1, 2, 3, 4, 3, 4, 3, 3, 4, 4, 4, 5] != Общий: [1, 1, 1, 2, 3, 3, 3, 3, 4, 4, 4, 5]"
Kuehne Nagel,184,"Спец: [1, 3, 4, 3, 4, 3, 3, 4, 5] != Общий: [1, 3, 3, 3, 3, 3, 3, 4, 5]"
Kuehne Nagel,185,"Спец: [1, 2, 2, 2, 3, 3, 4, 4, 5, 5, 5, 5, 5, 5, 5, 5, 5, 5] != Общий: [1, 1, 2, 2, 2, 3, 4, 4, 5, 5, 3, 4, 5, 5, 5, 5, 3, 3]"
Kuehne Nagel,186,"Спец: [1, 3, 4, 4, 3, 3, 4, 4, 4, 5, 5] != Общий: [1, 1, 2, 2, 2, 3, 4, 4, 4, 5, 5]"
Kuehne Nagel,187,"Спец: [1, 2, 3, 4, 3, 3, 4, 3, 4] != Общий: [1, 1, 1, 2, 2, 3, 3, 3, 4]"
Kuehne Nagel,188,"Спец: [1, 2, 3, 3, 4, 3, 4, 3, 4, 4, 5, 5, 5, 5, 5, 5, 5, 5, 5, 5, 5, 5] != Общий: [1, 1, 1, 2, 2, 2, 2, 3, 4, 4, 5, 5, 5, 3, 4, 4, 5, 5, 5, 5, 3, 3]"
Kuehne Nagel,189,"Спец: [1, 2, 3, 3, 4, 3, 3, 4, 4, 3, 3, 4, 4, 4, 5, 5, 5, 5] != Общий: [1, 1, 1, 2, 2, 2, 3, 3, 3, 3, 3, 4, 4, 4, 5, 5, 3, 3]"
Kuehne Nagel,190,"Спец: [1, 3, 4, 3, 4, 5, 5] != Общий: [1, 3, 3, 3, 4, 5, 5]"
Kuehne Nagel,192,"Спец: [1, 2, 3, 4, 3, 3, 4, 4, 4, 5, 5, 5] != Общий: [1, 1, 1, 2, 2, 3, 4, 4, 4, 5, 5, 5]"
Kuehne Nagel,193,"Спец: [1, 2, 2, 2, 3, 3, 4, 4, 3, 3, 4, 4, 5, 5, 5] != Общий: [1, 1, 2, 2, 2, 3, 3, 3, 3, 3, 4, 4, 5, 5, 5]"
Kuehne Nagel,194,"Спец: [1, 2, 2, 2, 3, 3, 3, 4, 5] != Общий: [1, 1, 2, 2, 2, 2, 3, 4, 5]"
Kuehne Nagel,195,"Спец: [1, 2, 2, 2, 3, 3, 4, 5] != Общий: [1, 1, 2, 2, 2, 3, 4, 5]"
Kuehne Nagel,196,"Спец: [1, 2, 2, 2, 3, 3, 4, 5] != Общий: [1, 1, 2, 2, 2, 3, 4, 5]"
Kuehne Nagel,197,"Спец: [1, 2, 2, 2, 3, 3, 3, 4, 5] != Общий: [1, 1, 2, 2, 2, 2, 3, 4, 5]"
Kuehne Nagel,198,"Спец: [1, 3, 4, 4, 3, 3, 4, 4, 4, 5, 5] != Общий: [1, 1, 1, 2, 2, 3, 4, 4, 4, 5, 5]"
Kuehne Nagel,199,"Спец: [1, 3, 4, 3, 3, 4, 3, 4, 3, 3, 4, 4, 5, 5] != Общий: [1, 1, 2, 2, 3, 3, 3, 3, 3, 3, 4, 4, 5, 5]"
Kuehne Nagel,200,"Спец: [1, 2, 2, 2, 2, 3, 3, 4, 4, 5] != Общий: [1, 1, 2, 2, 2, 2, 3, 4, 4, 5]"
Kuehne Nagel,201,"Спец: [1, 2, 2, 2, 2, 3, 3, 4, 5] != Общий: [1, 1, 1, 1, 2, 2, 3, 4, 5]"
Kuehne Nagel,202,"Спец: [1, 3, 4, 4, 4, 4, 3, 3, 4, 4, 4, 5, 5, 5, 5] != Общий: [1, 1, 2, 2, 2, 2, 2, 3, 4, 4, 4, 5, 5, 3, 3]"
Kuehne Nagel,203,"Спец: [1, 3, 4, 4, 4, 4, 3, 3, 4, 4, 4, 5, 5, 5, 5] != Общий: [1, 1, 2, 2, 2, 2, 2, 3, 4, 4, 4, 5, 5, 3, 3]"
Kuehne Nagel,204,"Спец: [1, 3, 4, 4, 4, 4, 3, 3, 4, 4, 4, 5, 5, 5, 5] != Общий: [1, 1, 2, 2, 2, 2, 2, 3, 4, 4, 4, 5, 5, 3, 3]"
Kuehne Nagel,205,"Спец: [1, 3, 4, 4, 3, 3, 4, 4, 5, 5] != Общий: [1, 1, 1, 2, 2, 3, 4, 4, 5, 5]"
Kuehne Nagel,207,"Спец: [1, 2, 3, 3, 4, 4, 4, 4, 5, 5, 5] != Общий: [1, 2, 2, 3, 3, 4, 4, 4, 5, 5, 5]"
Kuehne Nagel,208,"Спец: [1, 3, 4, 4, 3, 3, 4, 4, 4, 5, 5] != Общий: [1, 1, 2, 2, 2, 3, 4, 4, 4, 5, 5]"
Kuehne Nagel,209,"Спец: [1, 3, 4, 4, 3, 3, 4, 5] != Общий: [1, 1, 1, 2, 2, 3, 4, 5]"
Kuehne Nagel,210,"Спец: [1, 3, 4, 4, 3, 3, 4, 5] != Общий: [1, 1, 1, 2, 2, 3, 4, 5]"
Kuehne Nagel,211,"Спец: [1, 2, 3, 3, 4, 4, 4, 4, 5, 5, 5] != Общий: [1, 2, 2, 3, 3, 4, 4, 4, 5, 5, 5]"
Kuehne Nagel,212,"Спец: [1, 2, 2, 2, 3, 3, 4, 4, 4, 5, 5, 5, 5] != Общий: [1, 1, 2, 2, 2, 3, 4, 4, 4, 5, 5, 3, 3]"
Kuehne Nagel,213,"Спец: [1, 2, 3, 3, 3, 4, 4, 5, 5] != Общий: [1, 1, 1, 2, 3, 4, 4, 5, 5]"
Kuehne Nagel,214,"Спец: [1, 2, 3, 4, 4, 3, 3, 4, 5] != Общий: [1, 1, 1, 2, 2, 2, 3, 4, 5]"
Kuehne Nagel,215,"Спец: [1, 2, 3, 4, 3, 3, 4, 4, 3, 3, 4, 4, 5, 5] != Общий: [1, 1, 1, 2, 2, 3, 3, 3, 3, 3, 4, 4, 5, 5]"
Kuehne Nagel,216,"Спец: [1, 3, 4, 4, 4, 3, 3, 4, 4, 5, 5] != Общий: [1, 1, 1, 2, 2, 2, 3, 4, 4, 5, 5]"
Kuehne Nagel,217,"Спец: [1, 3, 4, 4, 3, 3, 4, 4, 3, 3, 4, 4, 3, 3, 4, 4, 5, 5] != Общий: [1, 1, 1, 2, 2, 3, 3, 3, 3, 3, 3, 3, 3, 3, 4, 4, 5, 5]"
Kuehne Nagel,218,"Спец: [1, 2, 2, 2, 3, 3, 4, 5] != Общий: [1, 1, 2, 2, 2, 3, 4, 5]"
Kuehne Nagel,219,"Спец: [1, 3, 4, 4, 4, 3, 3, 4] != Общий: [1, 1, 1, 2, 2, 3, 3, 4]"
Kuehne Nagel,220,"Спец: [1, 2, 2, 2, 3, 3, 4, 5, 5] != Общий: [1, 1, 2, 2, 2, 3, 4, 5, 4]"
Kuehne Nagel,221,"Спец: [1, 3, 4, 4, 3, 3, 4, 5] != Общий: [1, 1, 1, 2, 2, 3, 4, 5]"
Kuehne Nagel,222,"Спец: [1, 2, 2, 2, 3, 3, 4] != Общий: [1, 1, 2, 2, 3, 3, 4]"
Kuehne Nagel,223,"Спец: [1, 2, 3, 3, 4, 3, 3, 4, 5] != Общий: [1, 1, 1, 2, 2, 2, 3, 4, 5]"
Kuehne Nagel,224,"Спец: [1, 3, 4, 4] != Общий: [1, 3, 3, 4]"
Kuehne Nagel,225,"Спец: [1, 2, 3, 3, 4, 3, 3, 4, 5] != Общий: [1, 1, 1, 2, 2, 2, 3, 4, 5]"
Kuehne Nagel,226,"Спец: [1, 2, 2, 3, 4, 3, 4, 5] != Общий: [1, 1, 2, 3, 3, 3, 4, 5]"
Kuehne Nagel,227,"Спец: [1, 2, 2, 2, 3, 3, 4, 5, 5] != Общий: [1, 1, 2, 2, 2, 3, 4, 5, 4]"
Kuehne Nagel,228,"Спец: [1, 3, 4, 4, 4, 3, 3, 4] != Общий: [1, 1, 1, 2, 2, 3, 3, 4]"
Kuehne Nagel,229,"Спец: [1, 2, 2, 2, 3, 3, 4] != Общий: [1, 1, 2, 2, 3, 3, 4]"
Kuehne Nagel,230,"Спец: [1, 2, 3, 3, 4, 3, 3, 4, 5] != Общий: [1, 1, 1, 2, 2, 2, 3, 4, 5]"
Kuehne Nagel,231,"Спец: [1, 2, 2, 2, 3, 4, 5] != Общий: [1, 1, 2, 2, 3, 4, 5]"
Kuehne Nagel,232,"Спец: [1, 3, 4, 4, 4, 3, 3, 4, 4, 5, 5] != Общий: [1, 1, 1, 2, 2, 2, 3, 4, 4, 5, 5]"
Kuehne Nagel,233,"Спец: [1, 3, 4, 4, 4, 3, 3, 4, 4, 3, 3, 4, 4, 5, 5] != Общий: [1, 1, 1, 2, 2, 2, 3, 3, 3, 3, 3, 4, 4, 5, 5]"
Kuehne Nagel,234,"Спец: [1, 2, 3, 4, 3, 3, 4, 4, 3, 3, 4, 4, 3, 3, 4, 4] != Общий: [1, 2, 2, 2, 2, 3, 3, 3, 3, 3, 3, 3, 3, 3, 4, 4]"
Kuehne Nagel,235,"Спец: [1, 3, 4, 3, 4] != Общий: [1, 3, 3, 3, 4]"
Kuehne Nagel,236,"Спец: [1, 2, 3, 4, 3, 3, 4, 4, 3, 3, 4, 4, 4, 5, 5] != Общий: [1, 1, 1, 2, 2, 3, 3, 3, 3, 3, 4, 4, 4, 5, 5]"
Kuehne Nagel,237,"Спец: [1, 2, 3, 3, 4, 3, 3, 4, 4, 4, 5, 5] != Общий: [1, 1, 1, 2, 2, 2, 3, 4, 4, 4, 5, 5]"
Kuehne Nagel,239,"Спец: [1, 2, 2, 3, 4, 3, 3, 4, 4, 3, 3, 3, 4, 4, 5, 5, 5] != Общий: [1, 1, 2, 2, 2, 2, 3, 4, 4, 5, 3, 3, 4, 5, 5, 3, 3]"
Kuehne Nagel,240,"Спец: [1, 3, 4, 4, 3, 3, 4, 4, 4, 4, 5, 5, 5, 5] != Общий: [1, 1, 1, 2, 2, 3, 4, 4, 4, 4, 5, 5, 3, 3]"
Kuehne Nagel,241,"Спец: [1, 2, 2, 2, 3, 3, 4, 4, 5, 5] != Общий: [1, 1, 2, 2, 2, 3, 4, 4, 5, 5]"
Kuehne Nagel,242,"Спец: [1, 2, 2, 3, 4] != Общий: [1, 1, 2, 3, 4]"
Kuehne Nagel,243,"Спец: [1, 3, 4, 4, 3, 3, 4, 4, 3, 3, 4, 4, 4, 5, 5, 5] != Общий: [1, 1, 1, 2, 2, 3, 3, 3, 3, 3, 4, 4, 4, 5, 5, 5]"
Kuehne Nagel,244,"Спец: [1, 2, 2, 2, 3, 3, 4, 4, 5] != Общий: [1, 1, 1, 2, 2, 3, 4, 4, 5]"
Kuehne Nagel,245,"Спец: [1, 2, 3, 4, 5, 5] != Общий: [1, 1, 3, 4, 5, 5]"
Kuehne Nagel,246,"Спец: [1, 2, 2, 3, 4] != Общий: [1, 1, 2, 3, 4]"
Kuehne Nagel,247,"Спец: [1, 3, 4, 4, 4, 3, 4, 3, 4, 5] != Общий: [1, 1, 1, 2, 2, 3, 3, 3, 4, 5]"
Kuehne Nagel,248,"Спец: [1, 2, 2, 2, 3, 3, 4, 4, 5] != Общий: [1, 1, 1, 2, 2, 3, 4, 4, 5]"
Kuehne Nagel,249,"Спец: [1, 3, 4, 4, 4, 3, 4, 3, 4, 5] != Общий: [1, 1, 1, 2, 2, 3, 3, 3, 4, 5]"
Kuehne Nagel,250,"Спец: [1, 3, 4, 4, 4, 3, 3, 4, 4, 3, 3, 4, 4, 3, 3, 4] != Общий: [1, 1, 1, 2, 2, 2, 3, 3, 3, 3, 3, 3, 3, 3, 3, 4]"
Kuehne Nagel,251,"Спец: [1, 3, 4, 4, 4, 3, 4, 3, 4, 5] != Общий: [1, 1, 1, 2, 2, 3, 3, 3, 4, 5]"
Kuehne Nagel,252,"Спец: [1, 3, 4, 4, 4, 3, 4, 3, 4, 5] != Общий: [1, 1, 1, 2, 2, 3, 3, 3, 4, 5]"
Kuehne Nagel,253,"Спец: [1, 2, 3, 4, 3, 3, 4, 4, 3, 3, 4] != Общий: [1, 1, 1, 2, 2, 3, 3, 3, 3, 3, 4]"
Kuehne Nagel,254,"Спец: [1, 2, 3, 4, 3, 4, 5] != Общий: [1, 1, 3, 3, 3, 4, 5]"
Kuehne Nagel,255,"Спец: [1, 3, 4, 4, 3, 3, 4, 4, 3, 3, 4, 4, 4, 5, 5, 5] != Общий: [1, 1, 1, 2, 2, 3, 3, 3, 3, 3, 4, 4, 4, 5, 5, 5]"
Kuehne Nagel,256,"Спец: [1, 2, 2, 3, 4, 3, 3, 4, 3, 4, 5] != Общий: [1, 1, 2, 2, 2, 2, 3, 3, 3, 4, 5]"
Kuehne Nagel,257,"Спец: [1, 3, 3, 4, 3, 3, 4, 5, 5] != Общий: [1, 1, 2, 2, 2, 3, 4, 5, 5]"
Kuehne Nagel,258,"Спец: [1, 3, 3, 4, 3, 3, 4, 4, 5, 5, 5] != Общий: [1, 1, 2, 2, 2, 3, 4, 4, 5, 5, 5]"
Kuehne Nagel,260,"Спец: [1, 2, 2, 3, 3, 4, 3, 4] != Общий: [1, 1, 2, 2, 3, 3, 3, 4]"
Kuehne Nagel,261,"Спец: [1, 2, 2, 2, 3, 3, 4, 4, 5] != Общий: [1, 1, 2, 2, 2, 3, 4, 4, 5]"
Kuehne Nagel,262,"Спец: [1, 3, 4, 4] != Общий: [1, 3, 3, 4]"
Kuehne Nagel,263,"Спец: [1, 2, 2, 2, 3, 3, 4, 5] != Общий: [1, 1, 2, 2, 2, 3, 4, 5]"
Kuehne Nagel,264,"Спец: [1, 2, 3, 3, 4, 3, 3, 4, 5] != Общий: [1, 1, 1, 2, 2, 2, 3, 4, 5]"
Kuehne Nagel,265,"Спец: [1, 2, 2, 3, 4, 3, 4, 5] != Общий: [1, 1, 2, 3, 3, 3, 4, 5]"
Kuehne Nagel,266,"Спец: [1, 2, 3, 3, 4, 3, 3, 4, 5] != Общий: [1, 1, 1, 2, 2, 2, 3, 4, 5]"
Kuehne Nagel,267,"Спец: [1, 2, 2, 2, 3, 3, 4, 4, 5] != Общий: [1, 1, 2, 2, 2, 3, 4, 4, 5]"
Kuehne Nagel,268,"Спец: [1, 3, 4, 4, 4, 3, 4, 5] != Общий: [1, 1, 1, 2, 2, 3, 4, 5]"
Kuehne Nagel,269,"Спец: [1, 2, 2, 2, 3, 3, 4] != Общий: [1, 1, 2, 2, 3, 3, 4]"
Kuehne Nagel,270,"Спец: [1, 2, 2, 2, 3, 4, 5] != Общий: [1, 1, 2, 2, 3, 4, 5]"
Kuehne Nagel,271,"Спец: [1, 2, 2, 2, 3, 3, 4] != Общий: [1, 1, 2, 2, 3, 3, 4]"
Kuehne Nagel,272,"Спец: [1, 2, 3, 3, 4, 3, 3, 4, 5] != Общий: [1, 1, 1, 2, 2, 2, 3, 4, 5]"
Kuehne Nagel,273,"Спец: [1, 3, 4, 4, 4, 3, 4, 5] != Общий: [1, 1, 1, 2, 2, 3, 4, 5]"
Kuehne Nagel,274,"Спец: [1, 2, 3, 3, 4, 3, 3, 4, 4, 4, 5, 5, 5] != Общий: [1, 1, 1, 2, 2, 2, 3, 4, 4, 4, 5, 5, 5]"
Kuehne Nagel,275,"Спец: [1, 2, 2, 2, 2, 3, 3, 4, 5, 5, 5] != Общий: [1, 1, 1, 1, 2, 2, 3, 4, 5, 4, 5]"
Kuehne Nagel,277,"Спец: [1, 2, 3, 3, 4, 3, 3, 4, 4, 4, 3, 3, 3, 4, 4, 4, 5, 5] != Общий: [1, 1, 1, 2, 2, 2, 3, 4, 4, 4, 5, 5, 5, 4, 5, 5, 5, 5]"
Kuehne Nagel,278,"Спец: [1, 3, 4, 4, 3, 3, 4, 4, 4, 3, 3, 3, 4, 4, 4, 5, 5, 5] != Общий: [1, 1, 1, 2, 2, 3, 4, 4, 4, 5, 5, 3, 4, 4, 5, 5, 5, 5]"
Kuehne Nagel,279,"Спец: [1, 2, 3, 4, 3, 3, 4, 4, 4, 5, 5] != Общий: [1, 1, 1, 2, 2, 3, 4, 4, 4, 5, 5]"
Kuehne Nagel,280,"Спец: [1, 2, 3, 3, 3, 4, 3, 3, 4, 4, 5, 5] != Общий: [1, 1, 1, 2, 3, 3, 3, 3, 4, 4, 5, 5]"
Kuehne Nagel,281,"Спец: [1, 3, 4, 4, 3, 3, 4, 4, 3, 3, 4, 3, 3, 4, 5] != Общий: [1, 1, 1, 2, 2, 3, 3, 3, 3, 3, 3, 3, 3, 4, 5]"
Kuehne Nagel,282,"Спец: [1, 2, 2, 2, 2, 3, 3, 4, 4, 5, 5] != Общий: [1, 1, 1, 1, 2, 2, 3, 4, 4, 5, 5]"
Kuehne Nagel,283,"Спец: [1, 2, 3, 4, 3, 3, 4, 4, 5, 5, 5] != Общий: [1, 1, 1, 2, 2, 3, 4, 4, 5, 5, 5]"
Kuehne Nagel,284,"Спец: [1, 2, 3, 3, 3, 4] != Общий: [1, 2, 2, 2, 3, 4]"
Kuehne Nagel,285,"Спец: [1, 2, 3, 4, 3, 3, 4, 3, 4] != Общий: [1, 2, 2, 2, 2, 3, 3, 3, 4]"
Kuehne Nagel,286,"Спец: [1, 2, 3, 4, 3, 3, 4, 3, 3, 4, 4, 3, 3, 4, 4, 5, 5, 5] != Общий: [1, 1, 1, 2, 2, 3, 3, 3, 3, 3, 3, 3, 3, 4, 4, 5, 5, 5]"
Kuehne Nagel,287,"Спец: [1, 2, 3, 4, 3, 4] != Общий: [1, 2, 2, 2, 3, 4]"
Kuehne Nagel,288,"Спец: [1, 2, 3, 4, 3, 4] != Общий: [1, 2, 2, 2, 3, 4]"
Kuehne Nagel,289,"Спец: [1, 3, 4, 3, 3, 4, 4, 3, 4, 3, 4] != Общий: [1, 1, 2, 2, 3, 3, 3, 3, 3, 3, 4]"
Kuehne Nagel,290,"Спец: [1, 2, 3, 4, 3, 3, 4, 3, 3, 4, 4, 3, 3, 4, 4, 5, 5, 5] != Общий: [1, 1, 1, 2, 2, 3, 3, 3, 3, 3, 3, 3, 3, 4, 4, 5, 5, 5]"
Kuehne Nagel,291,"Спец: [1, 2, 3, 3, 3, 4] != Общий: [1, 2, 2, 2, 3, 4]"
Kuehne Nagel,292,"Спец: [1, 2, 2, 3, 4, 4, 3, 3, 4, 4, 4, 5, 5, 5, 5] != Общий: [1, 1, 2, 2, 2, 2, 2, 3, 4, 4, 4, 5, 5, 3, 3]"
Kuehne Nagel,293,"Спец: [1, 2, 2, 3, 4, 4, 4, 5] != Общий: [1, 1, 2, 3, 4, 4, 4, 5]"
Kuehne Nagel,294,"Спец: [1, 2, 2, 3, 3, 4, 4, 4, 5, 5, 5] != Общий: [1, 2, 2, 2, 3, 4, 4, 4, 5, 5, 5]"
Kuehne Nagel,295,"Спец: [1, 2, 3, 4, 3, 4] != Общий: [1, 2, 3, 3, 3, 4]"
Kuehne Nagel,296,"Спец: [1, 2, 3, 4, 3, 3, 4, 4, 3, 3, 4, 4, 5, 5, 5] != Общий: [1, 1, 1, 2, 2, 3, 3, 3, 3, 3, 4, 4, 5, 5, 5]"
Kuehne Nagel,297,"Спец: [1, 3, 4, 3, 3, 4, 4, 3, 3, 4, 4, 3, 3, 4, 4, 3, 3, 4, 4, 5, 5] != Общий: [1, 1, 2, 2, 3, 3, 3, 3, 3, 3, 3, 3, 3, 3, 3, 3, 3, 4, 4, 5, 5]"
Kuehne Nagel,298,"Спец: [1, 2, 3, 4, 3, 3, 4, 4, 3, 3, 4, 4, 5, 5, 5] != Общий: [1, 1, 1, 2, 2, 3, 3, 3, 3, 3, 4, 4, 5, 5, 5]"
Kuehne Nagel,299,"Спец: [1, 2, 3, 4, 3, 3, 4, 4, 3, 3, 4, 4, 5, 5, 5] != Общий: [1, 1, 1, 2, 2, 3, 3, 3, 3, 3, 4, 4, 5, 5, 5]"
Kuehne Nagel,300,"Спец: [1, 3, 4, 4, 4, 3, 3, 4, 4, 3, 3, 4, 4, 5, 5, 5] != Общий: [1, 1, 1, 2, 2, 2, 3, 3, 3, 3, 3, 4, 4, 5, 5, 5]"
Kuehne Nagel,301,"Спец: [1, 2, 2, 2, 2, 3, 3, 4, 4, 5] != Общий: [1, 1, 1, 1, 2, 2, 3, 4, 4, 5]"
Kuehne Nagel,302,"Спец: [1, 2, 3, 4, 3, 3, 4, 4, 3, 3, 4, 4, 3, 3, 4, 4, 5, 5] != Общий: [1, 1, 1, 2, 2, 3, 3, 3, 3, 3, 3, 3, 3, 3, 4, 4, 5, 5]"
Kuehne Nagel,303,"Спец: [1, 2, 2, 3, 4] != Общий: [1, 1, 2, 3, 4]"
Kuehne Nagel,304,"Спец: [1, 2, 2, 3, 4] != Общий: [1, 1, 2, 3, 4]"
Kuehne Nagel,305,"Спец: [1, 2, 2, 2, 3, 4] != Общий: [1, 1, 2, 2, 3, 4]"
Kuehne Nagel,306,"Спец: [1, 2, 2, 2, 3, 4] != Общий: [1, 1, 2, 2, 3, 4]"
Kuehne Nagel,307,"Спец: [1, 2, 2, 2, 3, 4] != Общий: [1, 1, 2, 2, 3, 4]"
Kuehne Nagel,308,"Спец: [1, 2, 2, 2, 3, 4] != Общий: [1, 1, 2, 2, 3, 4]"
Kuehne Nagel,309,"Спец: [1, 2, 2, 2, 3, 4] != Общий: [1, 1, 2, 2, 3, 4]"
Kuehne Nagel,310,"Спец: [1, 2, 2, 2, 3, 4] != Общий: [1, 1, 2, 2, 3, 4]"
Kuehne Nagel,311,"Спец: [1, 2, 2, 2, 3, 4] != Общий: [1, 1, 2, 2, 3, 4]"
Kuehne Nagel,312,"Спец: [1, 2, 2, 3, 4] != Общий: [1, 1, 2, 3, 4]"
Kuehne Nagel,313,"Спец: [1, 2, 2, 2, 3, 3, 4, 4, 3, 3, 4] != Общий: [1, 1, 1, 2, 2, 3, 3, 3, 3, 3, 4]"
Kuehne Nagel,314,"Спец: [1, 2, 3, 4, 3, 3, 4, 4, 5, 5] != Общий: [1, 1, 1, 2, 2, 3, 4, 4, 5, 5]"
Kuehne Nagel,315,"Спец: [1, 2, 2, 3, 4] != Общий: [1, 1, 2, 3, 4]"
Kuehne Nagel,316,"Спец: [1, 2, 2, 3, 4] != Общий: [1, 1, 2, 3, 4]"
Kuehne Nagel,317,"Спец: [1, 2, 3, 4, 3, 3, 4, 4, 3, 3, 4, 4, 3, 3, 4, 4, 5, 5, 5] != Общий: [1, 1, 1, 2, 2, 3, 3, 3, 3, 3, 3, 3, 3, 3, 4, 4, 5, 5, 5]"
Kuehne Nagel,318,"Спец: [1, 2, 2, 2, 3, 4] != Общий: [1, 1, 2, 2, 3, 4]"
Kuehne Nagel,319,"Спец: [1, 2, 2, 2, 3, 4] != Общий: [1, 1, 2, 2, 3, 4]"
Kuehne Nagel,320,"Спец: [1, 2, 3, 4, 3, 4, 3, 4] != Общий: [1, 1, 1, 2, 3, 3, 3, 4]"
Kuehne Nagel,321,"Спец: [1, 3, 4, 4, 3, 3, 4, 4, 4, 5, 5] != Общий: [1, 1, 1, 2, 2, 3, 4, 4, 4, 5, 5]"
Kuehne Nagel,322,"Спец: [1, 3, 3, 4, 3, 4, 5] != Общий: [1, 1, 2, 2, 3, 4, 5]"
Kuehne Nagel,323,"Спец: [1, 2, 2, 2, 3, 4] != Общий: [1, 1, 2, 2, 3, 4]"
Kuehne Nagel,324,"Спец: [1, 2, 2, 2, 2, 3, 4] != Общий: [1, 1, 2, 2, 2, 3, 4]"
Kuehne Nagel,325,"Спец: [1, 2, 3, 4, 3, 3, 4, 4, 3, 3, 4] != Общий: [1, 1, 1, 2, 2, 3, 3, 3, 3, 3, 4]"
Kuehne Nagel,326,"Спец: [1, 2, 2, 3, 4, 3, 3, 4] != Общий: [1, 2, 2, 3, 3, 3, 3, 4]"
Kuehne Nagel,327,"Спец: [1, 2, 2, 3, 3, 3, 4, 4] != Общий: [1, 1, 2, 2, 2, 3, 4, 4]"
Kuehne Nagel,328,"Спец: [1, 3, 4, 4, 3, 4] != Общий: [1, 1, 1, 2, 3, 4]"
Kuehne Nagel,329,"Спец: [1, 3, 4, 4, 3, 4] != Общий: [1, 1, 1, 2, 3, 4]"
Kuehne Nagel,330,"Спец: [1, 2, 3, 4, 3, 3, 4, 4, 3, 3, 4, 4, 3, 3, 4, 4, 5, 5] != Общий: [1, 1, 1, 2, 2, 3, 3, 3, 3, 3, 3, 3, 3, 3, 4, 4, 5, 5]"
Kuehne Nagel,331,"Спец: [1, 2, 3, 4, 3, 3, 4, 4, 3, 3, 4, 4, 3, 3, 4, 4, 5, 5] != Общий: [1, 1, 1, 2, 2, 3, 3, 3, 3, 3, 3, 3, 3, 3, 4, 4, 5, 5]"
Kuehne Nagel,332,"Спец: [1, 2, 3, 3, 3, 4, 4, 3, 3, 4] != Общий: [1, 1, 1, 2, 3, 3, 3, 3, 3, 4]"
Kuehne Nagel,333,"Спец: [1, 2, 3, 4, 3, 3, 4, 4, 3, 3, 4] != Общий: [1, 1, 1, 2, 2, 3, 3, 3, 3, 3, 4]"
Kuehne Nagel,334,"Спец: [1, 2, 3, 4, 3, 3, 4, 4, 5, 5, 5, 5, 5, 5, 5, 5, 5] != Общий: [1, 1, 1, 2, 2, 3, 4, 4, 5, 5, 3, 4, 5, 5, 5, 3, 3]"
Kuehne Nagel,335,"Спец: [1, 3, 4, 4, 3, 3, 4, 4, 4, 5, 5] != Общий: [1, 1, 1, 2, 2, 3, 4, 4, 4, 5, 5]"
Kuehne Nagel,336,"Спец: [1, 2, 2, 3, 3, 4] != Общий: [1, 1, 2, 2, 3, 4]"
Kuehne Nagel,337,"Спец: [1, 2, 3, 4, 3, 3, 4, 4, 3, 3, 4, 4, 4] != Общий: [1, 2, 2, 2, 2, 3, 3, 3, 3, 3, 4, 4, 4]"
Kuehne Nagel,338,"Спец: [1, 3, 4, 4, 3, 3, 4, 4] != Общий: [1, 1, 2, 2, 2, 3, 4, 4]"
Kuehne Nagel,339,"Спец: [1, 3, 4, 4, 3, 3, 4] != Общий: [1, 1, 2, 2, 2, 3, 4]"
Kuehne Nagel,340,"Спец: [1, 2, 2, 3, 3, 3, 4] != Общий: [1, 1, 2, 2, 2, 3, 4]"
Kuehne Nagel,341,"Спец: [1, 2, 3, 4, 3, 3, 4] != Общий: [1, 1, 1, 2, 2, 3, 4]"
Kuehne Nagel,342,"Спец: [1, 2, 2, 3, 3, 4, 3, 3, 4] != Общий: [1, 1, 2, 3, 3, 3, 3, 3, 4]"
Kuehne Nagel,343,"Спец: [1, 3, 4, 4, 4, 3, 3, 4, 4, 5, 5] != Общий: [1, 1, 1, 2, 2, 2, 3, 4, 4, 5, 5]"
Kuehne Nagel,344,"Спец: [1, 2, 2, 3, 3, 4] != Общий: [1, 1, 2, 2, 3, 4]"
Kuehne Nagel,345,"Спец: [1, 3, 4, 3, 3, 4, 4, 3, 3, 4, 4, 5, 5] != Общий: [1, 1, 2, 2, 3, 3, 3, 3, 3, 4, 4, 5, 5]"
Kuehne Nagel,346,"Спец: [1, 2, 3, 3, 3, 4, 3, 4, 3, 4] != Общий: [1, 1, 1, 2, 3, 3, 3, 3, 3, 4]"
Kuehne Nagel,347,"Спец: [1, 2, 2, 3, 3, 4, 3, 3, 4] != Общий: [1, 1, 2, 3, 3, 3, 3, 3, 4]"
Kuehne Nagel,348,"Спец: [1, 2, 3, 4, 3, 3, 4, 4, 5, 5, 5, 5, 5, 5, 5, 5, 5, 5] != Общий: [1, 1, 1, 2, 2, 3, 4, 4, 5, 5, 5, 4, 5, 5, 5, 5, 3, 3]"
Kuehne Nagel,349,"Спец: [1, 3, 4, 4, 4, 3, 3, 4, 4, 5, 5, 5, 5, 5, 5, 5, 5] != Общий: [1, 1, 1, 2, 2, 2, 3, 4, 4, 5, 5, 4, 5, 5, 5, 5, 5]"
Kuehne Nagel,351,"Спец: [1, 3, 4, 4, 4, 3, 3, 4, 4, 4, 5, 5, 5, 5] != Общий: [1, 1, 1, 2, 2, 2, 3, 4, 4, 4, 5, 5, 3, 3]"
Kuehne Nagel,352,"Спец: [1, 3, 4, 3, 3, 4, 4, 5, 5, 5] != Общий: [1, 3, 3, 3, 3, 4, 4, 5, 5, 5]"
Kuehne Nagel,353,"Спец: [1, 2, 3, 3, 4, 3, 3, 4, 4, 3, 3, 4, 4, 5, 5] != Общий: [1, 1, 1, 2, 2, 2, 3, 3, 3, 3, 3, 4, 4, 5, 5]"
Kuehne Nagel,354,"Спец: [1, 2, 3, 4, 3, 3, 4, 4, 3, 3, 4, 4, 4, 4, 5, 5, 5] != Общий: [1, 1, 1, 2, 2, 3, 3, 3, 3, 3, 4, 4, 4, 4, 5, 5, 5]"
Kuehne Nagel,355,"Спец: [1, 2, 3, 4, 3, 3, 4, 4, 5, 5, 5, 5, 5, 5, 5, 5, 5] != Общий: [1, 1, 1, 2, 2, 3, 4, 4, 5, 5, 3, 4, 5, 5, 5, 3, 3]"
Kuehne Nagel,356,"Спец: [1, 2, 2, 2, 3, 3, 4, 4, 5, 5] != Общий: [1, 2, 2, 2, 2, 3, 4, 4, 5, 5]"
Kuehne Nagel,357,"Спец: [1, 3, 4, 3, 3, 4, 4, 3, 3, 4, 4, 3, 3, 4] != Общий: [1, 1, 2, 2, 3, 3, 3, 3, 3, 3, 3, 3, 3, 4]"
Kuehne Nagel,358,"Спец: [1, 2, 2, 2, 3, 3, 4, 4, 5, 5] != Общий: [1, 2, 2, 2, 2, 3, 4, 4, 5, 5]"
Kuehne Nagel,359,"Спец: [1, 2, 2, 2, 3, 4, 3, 4] != Общий: [1, 1, 2, 2, 3, 3, 3, 4]"
Kuehne Nagel,361,"Спец: [1, 2, 2, 3, 3, 4, 4, 3, 3, 4, 4, 4, 5, 5, 5] != Общий: [1, 1, 2, 2, 3, 3, 3, 3, 3, 4, 4, 4, 5, 5, 5]"
Kuehne Nagel,362,"Спец: [1, 2, 3, 4, 3, 3, 4, 4, 3, 3, 4, 4, 5, 5, 5] != Общий: [1, 1, 1, 2, 2, 3, 3, 3, 3, 3, 4, 4, 5, 5, 5]"
Kuehne Nagel,363,"Спец: [1, 2, 3, 4, 3, 3, 4, 4, 3, 3, 4, 5] != Общий: [1, 1, 1, 2, 2, 3, 3, 3, 3, 3, 4, 5]"
Kuehne Nagel,365,"Спец: [1, 2, 3, 4, 3, 3, 4, 4, 4, 5, 5, 5, 5] != Общий: [1, 1, 1, 2, 2, 3, 4, 4, 4, 5, 5, 3, 3]"
Kuehne Nagel,366,"Спец: [1, 3, 3, 4, 3, 3, 4, 4, 4, 5, 5] != Общий: [1, 1, 2, 2, 2, 3, 4, 4, 4, 5, 5]"
Kuehne Nagel,369,"Спец: [1, 2, 3, 4, 3, 3, 4, 4, 3, 3, 4, 4, 5, 5, 5] != Общий: [1, 1, 1, 2, 2, 3, 3, 3, 3, 3, 4, 4, 5, 5, 5]"
Kuehne Nagel,370,"Спец: [1, 2, 3, 4, 3, 3, 4] != Общий: [1, 1, 1, 2, 2, 3, 4]"
Kuehne Nagel,371,"Спец: [1, 2, 3, 4, 3, 3, 4] != Общий: [1, 1, 1, 2, 2, 3, 4]"
Kuehne Nagel,372,"Спец: [1, 2, 3, 3, 4, 3, 3, 4, 5] != Общий: [1, 1, 1, 2, 2, 2, 3, 4, 5]"
Kuehne Nagel,373,"Спец: [1, 2, 3, 4, 3, 3, 4, 4, 3, 3, 4, 4, 3, 3, 4, 4, 5, 5] != Общий: [1, 1, 1, 2, 2, 3, 3, 3, 3, 3, 3, 3, 3, 3, 4, 4, 5, 5]"
Kuehne Nagel,374,"Спец: [1, 2, 2, 2, 3, 3, 4, 5] != Общий: [1, 1, 2, 2, 2, 3, 4, 5]"
Kuehne Nagel,375,"Спец: [1, 2, 2, 2, 3, 3, 4, 5] != Общий: [1, 1, 2, 2, 2, 3, 4, 5]"
Kuehne Nagel,376,"Спец: [1, 2, 2, 2, 3, 3, 4, 4, 5, 5, 5, 5] != Общий: [1, 1, 2, 2, 2, 3, 4, 4, 5, 5, 3, 3]"
Kuehne Nagel,377,"Спец: [1, 2, 3, 3, 4, 3, 4, 5] != Общий: [1, 1, 1, 2, 2, 3, 4, 5]"
Kuehne Nagel,378,"Спец: [1, 2, 2, 2, 3, 3, 4, 4, 5, 5] != Общий: [1, 1, 2, 2, 2, 3, 4, 4, 5, 5]"
Kuehne Nagel,379,"Спец: [1, 2, 2, 2, 3, 3, 3, 4, 4, 5, 5, 5, 5] != Общий: [1, 1, 2, 2, 2, 2, 3, 4, 4, 5, 5, 3, 3]"
Kuehne Nagel,380,"Спец: [1, 2, 2, 2, 3, 3, 3, 4, 4, 5, 5, 5, 5] != Общий: [1, 1, 2, 2, 2, 2, 3, 4, 4, 5, 5, 3, 3]"
Kuehne Nagel,381,"Спец: [1, 2, 3, 3, 4, 3, 4, 5] != Общий: [1, 1, 1, 2, 2, 3, 4, 5]"
Kuehne Nagel,382,"Спец: [1, 3, 4, 4, 3, 3, 4, 4, 4, 5, 5] != Общий: [1, 1, 2, 2, 2, 3, 4, 4, 4, 5, 5]"
Kuehne Nagel,383,"Спец: [1, 2, 3, 4, 3, 3, 4, 4, 4, 5, 5] != Общий: [1, 1, 1, 2, 2, 3, 4, 4, 4, 5, 5]"
Kuehne Nagel,384,"Спец: [1, 2, 3, 3, 3, 4, 4, 4, 5, 5] != Общий: [1, 1, 1, 2, 3, 4, 4, 4, 5, 5]"
Kuehne Nagel,385,"Спец: [1, 3, 4, 4, 4, 3, 3, 4, 4, 5, 5, 5, 5, 5] != Общий: [1, 1, 1, 2, 2, 2, 3, 4, 4, 5, 4, 5, 3, 3]"
Kuehne Nagel,386,"Спец: [1, 2, 2, 3, 3, 4, 3, 4, 3, 4] != Общий: [1, 1, 2, 2, 3, 3, 3, 3, 3, 4]"
Kuehne Nagel,387,"Спец: [1, 2, 2, 3, 4, 3, 3, 4, 4, 3, 3, 4, 4, 4, 5, 5] != Общий: [1, 1, 2, 2, 2, 2, 3, 3, 3, 3, 3, 4, 4, 4, 5, 5]"
Kuehne Nagel,389,"Спец: [1, 2, 3, 3, 4, 3, 3, 4, 4, 3, 3, 4, 4, 5, 5, 5] != Общий: [1, 1, 1, 2, 2, 2, 3, 3, 3, 3, 3, 4, 4, 5, 5, 5]"
Kuehne Nagel,391,"Спец: [1, 2, 3, 3, 4, 3, 3, 4, 4, 3, 3, 4, 4, 5, 5, 5] != Общий: [1, 1, 1, 2, 2, 2, 3, 3, 3, 3, 3, 4, 4, 5, 5, 5]"
Kuehne Nagel,392,"Спец: [1, 2, 3, 4, 3, 3, 4, 4, 4, 5, 5] != Общий: [1, 1, 1, 2, 2, 3, 4, 4, 4, 5, 5]"
Kuehne Nagel,394,"Спец: [1, 2, 2, 3, 4, 3, 3, 4, 4, 3, 3, 3, 4, 4, 5, 5, 5] != Общий: [1, 1, 2, 2, 2, 2, 3, 4, 4, 5, 3, 3, 4, 5, 5, 3, 3]"
Kuehne Nagel,395,"Спец: [1, 3, 4, 3, 3, 4, 4, 4, 5, 5] != Общий: [1, 1, 2, 2, 3, 4, 4, 4, 5, 5]"
Kuehne Nagel,397,"Спец: [1, 2, 3, 3, 4, 3, 3, 4, 4, 4, 5, 5, 5, 5] != Общий: [1, 1, 1, 2, 2, 2, 3, 4, 4, 4, 5, 5, 3, 3]"
Kuehne Nagel,398,"Спец: [1, 3, 3, 4, 3, 3, 4, 4, 4, 5, 5, 5] != Общий: [1, 1, 2, 2, 2, 3, 4, 4, 4, 5, 5, 5]"
Kuehne Nagel,400,"Спец: [1, 2, 3, 4, 3, 3, 4, 4, 3, 3, 4, 4, 3, 3, 4, 4, 5, 5, 5] != Общий: [1, 1, 1, 2, 2, 3, 3, 3, 3, 3, 3, 3, 3, 3, 4, 4, 5, 5, 5]"
Kuehne Nagel,401,"Спец: [1, 3, 4, 4, 3, 3, 4, 4, 4, 5, 5] != Общий: [1, 1, 1, 2, 2, 3, 4, 4, 4, 5, 5]"
Kuehne Nagel,402,"Спец: [1, 3, 4, 3, 3, 4, 3, 4, 3, 3, 4, 4, 5, 5] != Общий: [1, 1, 2, 2, 3, 3, 3, 3, 3, 3, 4, 4, 5, 5]"
Kuehne Nagel,403,"Спец: [1, 2, 3, 4, 3, 3, 4, 3, 3, 4, 3, 3, 4] != Общий: [1, 1, 1, 2, 2, 3, 3, 3, 3, 3, 3, 3, 4]"
Kuehne Nagel,404,"Спец: [1, 2, 3, 4, 3, 3, 4, 4, 5, 5] != Общий: [1, 1, 1, 2, 2, 3, 4, 4, 5, 5]"
Kuehne Nagel,405,"Спец: [1, 3, 4, 3, 3, 4, 3, 3, 4, 4, 5, 5, 5] != Общий: [1, 1, 1, 2, 3, 3, 3, 3, 4, 4, 5, 5, 5]"
Kuehne Nagel,406,"Спец: [1, 3, 3, 4, 4, 4, 5, 5] != Общий: [1, 2, 3, 4, 4, 4, 5, 5]"
Kuehne Nagel,407,"Спец: [1, 2, 3, 3, 4, 3, 3, 4] != Общий: [1, 1, 1, 2, 2, 2, 3, 4]"
Kuehne Nagel,408,"Спец: [1, 3, 3, 4, 3, 3, 4, 4, 4, 5, 5, 5, 5] != Общий: [1, 1, 2, 2, 2, 3, 4, 4, 4, 5, 5, 3, 3]"
Kuehne Nagel,409,"Спец: [1, 2, 3, 3, 4] != Общий: [1, 1, 2, 3, 4]"
Kuehne Nagel,410,"Спец: [1, 3, 4, 3, 3, 4, 4, 3, 3, 4, 3, 3, 4, 4, 4, 5, 5, 5, 5] != Общий: [1, 1, 2, 2, 3, 3, 3, 3, 3, 3, 3, 3, 4, 4, 4, 5, 4, 5, 5]"
Kuehne Nagel,411,"Спец: [1, 3, 3, 4, 3, 3, 4, 4, 3, 3, 4, 4, 3, 3, 4, 4, 5, 5, 5] != Общий: [1, 1, 2, 2, 2, 3, 3, 3, 3, 3, 3, 3, 3, 3, 4, 4, 5, 5, 5]"
Kuehne Nagel,412,"Спец: [1, 3, 4, 3, 3, 4, 4, 3, 4, 4, 4, 5, 5] != Общий: [1, 1, 1, 2, 3, 3, 3, 3, 4, 4, 4, 5, 5]"
Kuehne Nagel,413,"Спец: [1, 3, 4, 3, 3, 4, 4, 3, 4, 4, 4, 5, 5] != Общий: [1, 1, 1, 2, 3, 3, 3, 3, 4, 4, 4, 5, 5]"
Kuehne Nagel,414,"Спец: [1, 2, 2, 2, 3, 3, 4, 4, 5] != Общий: [1, 1, 1, 2, 2, 3, 4, 4, 5]"
Kuehne Nagel,416,"Спец: [1, 3, 4, 3, 4, 5, 5] != Общий: [1, 3, 3, 3, 4, 5, 5]"
Kuehne Nagel,417,"Спец: [1, 2, 3, 3, 4, 3, 3, 4, 4, 3, 3, 4, 4, 5, 5, 5] != Общий: [1, 1, 1, 2, 2, 2, 3, 3, 3, 3, 3, 4, 4, 5, 5, 5]"
Kuehne Nagel,418,"Спец: [1, 2, 2, 2, 3, 3, 4, 4, 5, 5] != Общий: [1, 1, 2, 2, 2, 3, 4, 4, 5, 5]"
Kuehne Nagel,419,"Спец: [1, 2, 3, 3, 3, 3, 4, 4, 5, 5] != Общий: [1, 1, 1, 2, 2, 3, 4, 4, 5, 5]"
Kuehne Nagel,420,"Спец: [1, 2, 3, 3, 3, 3, 4, 4, 5, 5] != Общий: [1, 1, 1, 2, 2, 3, 4, 4, 5, 5]"
Kuehne Nagel,421,"Спец: [1, 3, 4, 4, 3, 3, 4, 4, 3, 3, 4] != Общий: [1, 1, 1, 2, 2, 3, 3, 3, 3, 3, 4]"
Kuehne Nagel,423,"Спец: [1, 1, 2, 2, 2, 3, 3, 4, 4, 5, 5, 5, 5, 5] != Общий: [1, 1, 1, 1, 2, 2, 3, 4, 4, 5, 4, 3, 3, 3]"
Kuehne Nagel,424,"Спец: [1, 2, 3, 3, 4, 3, 4, 5] != Общий: [1, 1, 1, 2, 2, 3, 4, 5]"
Kuehne Nagel,425,"Спец: [1, 3, 4, 3, 3, 4, 3, 4, 3, 3, 4, 4, 5, 5] != Общий: [1, 1, 2, 2, 3, 3, 3, 3, 3, 3, 4, 4, 5, 5]"
Kuehne Nagel,426,"Спец: [1, 1, 2, 2, 3, 3, 4, 4, 3, 3, 4, 4, 5] != Общий: [1, 1, 2, 2, 2, 3, 3, 3, 3, 3, 4, 4, 5]"
Kuehne Nagel,427,"Спец: [1, 2, 3, 3, 4, 4, 4, 5, 5] != Общий: [1, 2, 2, 3, 4, 4, 4, 5, 5]"
Kuehne Nagel,428,"Спец: [1, 2, 3, 4, 3, 3, 4, 4, 4, 5, 5, 5, 5] != Общий: [1, 1, 1, 2, 2, 3, 4, 4, 4, 5, 5, 3, 3]"
Kuehne Nagel,429,"Спец: [1, 2, 2, 3, 4, 3, 3, 4, 4, 5, 5] != Общий: [1, 1, 2, 2, 2, 2, 3, 4, 4, 5, 5]"
Kuehne Nagel,430,"Спец: [1, 3, 4, 3, 3, 4, 4, 3, 3, 4, 3, 3, 4, 4, 4, 5, 5, 5, 5] != Общий: [1, 1, 2, 2, 3, 3, 3, 3, 3, 3, 3, 3, 4, 4, 4, 5, 4, 5, 5]"
Kuehne Nagel,431,"Спец: [1, 3, 3, 4, 3, 3, 4, 4, 3, 3, 4, 4, 3, 3, 4, 4, 5, 5, 5] != Общий: [1, 1, 2, 2, 2, 3, 3, 3, 3, 3, 3, 3, 3, 3, 4, 4, 5, 5, 5]"
Kuehne Nagel,432,"Спец: [1, 2, 3, 3, 4, 4, 4, 5, 5] != Общий: [1, 2, 2, 3, 4, 4, 4, 5, 5]"
Kuehne Nagel,433,"Спец: [1, 3, 4, 4, 3, 3, 4, 4, 3, 3, 4, 3, 3, 4] != Общий: [1, 1, 1, 2, 2, 3, 3, 3, 3, 3, 3, 3, 3, 4]"
Kuehne Nagel,434,"Спец: [1, 2, 3, 3, 4, 3, 3, 4] != Общий: [1, 1, 2, 3, 3, 3, 3, 4]"
Kuehne Nagel,435,"Спец: [1, 2, 2, 3, 4, 3, 4, 5] != Общий: [1, 1, 2, 3, 3, 3, 4, 5]"
Kuehne Nagel,436,"Спец: [1, 2, 3, 4, 3, 3, 4, 4, 3, 3, 4, 3, 4] != Общий: [1, 1, 1, 2, 2, 3, 3, 3, 3, 3, 3, 3, 4]"
Kuehne Nagel,437,"Спец: [1, 2, 3, 4, 3, 3, 4, 4, 3, 3, 4, 3, 4] != Общий: [1, 1, 1, 2, 2, 3, 3, 3, 3, 3, 3, 3, 4]"
Kuehne Nagel,438,"Спец: [1, 2, 3, 4, 3, 3, 4, 4, 3, 3, 4, 3, 4] != Общий: [1, 1, 1, 2, 2, 3, 3, 3, 3, 3, 3, 3, 4]"
Kuehne Nagel,439,"Спец: [1, 2, 3, 4, 3, 3, 4, 4, 3, 3, 4, 3, 4] != Общий: [1, 1, 1, 2, 2, 3, 3, 3, 3, 3, 3, 3, 4]"
Kuehne Nagel,440,"Спец: [1, 2, 3, 4, 3, 3, 4, 4, 3, 3, 4, 3, 4] != Общий: [1, 1, 1, 2, 2, 3, 3, 3, 3, 3, 3, 3, 4]"
Kuehne Nagel,441,"Спец: [1, 3, 4, 3, 3, 4, 4, 4, 5, 5] != Общий: [1, 1, 2, 2, 3, 4, 4, 4, 5, 5]"
Kuehne Nagel,442,"Спец: [1, 2, 3, 4, 3, 3, 4, 4, 3, 3, 4, 3, 4] != Общий: [1, 2, 2, 2, 2, 3, 3, 3, 3, 3, 3, 3, 4]"
Kuehne Nagel,443,"Спец: [1, 2, 3, 4, 3, 3, 4, 4, 3, 3, 4, 3, 4] != Общий: [1, 1, 1, 2, 2, 3, 3, 3, 3, 3, 3, 3, 4]"
Kuehne Nagel,444,"Спец: [1, 2, 3, 4, 3, 3, 4, 4, 3, 3, 4, 3, 4] != Общий: [1, 1, 1, 2, 2, 3, 3, 3, 3, 3, 3, 3, 4]"
Kuehne Nagel,445,"Спец: [1, 2, 3, 4, 3, 3, 4, 4, 4, 5, 5, 5, 5] != Общий: [1, 1, 1, 2, 2, 3, 4, 4, 4, 5, 5, 5, 3]"
Kuehne Nagel,447,"Спец: [1, 2, 3, 3, 4, 3, 3, 4, 4, 3, 3, 4, 4, 4, 5, 5, 5, 5] != Общий: [1, 1, 1, 2, 2, 2, 3, 3, 3, 3, 3, 4, 4, 4, 5, 5, 3, 3]"
Kuehne Nagel,449,"Спец: [1, 3, 4, 4, 3, 3, 4, 4, 4, 5, 5] != Общий: [1, 1, 1, 2, 2, 3, 4, 4, 4, 5, 5]"
Kuehne Nagel,450,"Спец: [1, 2, 3, 3, 4, 4, 4, 3, 3, 4, 4, 4, 5, 5] != Общий: [1, 1, 1, 3, 3, 3, 4, 4, 3, 4, 4, 4, 5, 5]"
Kuehne Nagel,451,"Спец: [1, 2, 3, 4, 3, 3, 4] != Общий: [1, 1, 1, 2, 2, 3, 4]"
Kuehne Nagel,452,"Спец: [1, 2, 2, 2, 3, 3, 4, 4, 5, 5, 5, 5, 5, 5, 5, 5, 5, 5] != Общий: [1, 1, 2, 2, 2, 3, 4, 4, 5, 5, 3, 4, 5, 5, 5, 5, 3, 3]"
Kuehne Nagel,454,"Спец: [1, 3, 3, 4, 4, 4, 4, 3, 4] != Общий: [1, 3, 3, 3, 3, 3, 3, 3, 4]"
Kuehne Nagel,455,"Спец: [1, 2, 3, 4, 3, 3, 4, 4, 3, 3, 4, 4, 5, 5, 5] != Общий: [1, 1, 1, 2, 2, 3, 3, 3, 3, 3, 4, 4, 5, 5, 5]"
Kuehne Nagel,457,"Спец: [1, 3, 4, 3, 3, 4, 4, 3, 3, 4, 4, 5, 5] != Общий: [1, 1, 2, 2, 3, 3, 3, 3, 3, 4, 4, 5, 5]"
Kuehne Nagel,459,"Спец: [1, 3, 4, 3, 3, 4, 3, 4, 3, 3, 4, 4, 5, 5] != Общий: [1, 1, 2, 2, 3, 3, 3, 3, 3, 3, 4, 4, 5, 5]"
Kuehne Nagel,460,"Спец: [1, 3, 4, 3, 4] != Общий: [1, 1, 1, 3, 4]"
Kuehne Nagel,461,"Спец: [1, 3, 4, 3, 3, 4, 4, 5, 5] != Общий: [1, 1, 2, 2, 3, 4, 4, 5, 5]"
Kuehne Nagel,462,"Спец: [1, 2, 2, 3, 3, 4, 4, 3, 3, 4, 3, 3, 4, 4, 5, 5] != Общий: [1, 1, 2, 2, 3, 3, 3, 3, 3, 3, 3, 3, 4, 4, 5, 5]"
Kuehne Nagel,463,"Спец: [1, 3, 4, 4, 3, 3, 4, 4, 4, 5, 5] != Общий: [1, 1, 1, 2, 2, 3, 4, 4, 4, 5, 5]"
Kuehne Nagel,464,"Спец: [1, 3, 4, 4, 4, 3, 3, 4, 4, 3, 3, 4, 4, 5, 5, 5, 5] != Общий: [1, 1, 1, 2, 2, 2, 3, 3, 3, 3, 3, 4, 4, 5, 5, 3, 3]"
Kuehne Nagel,465,"Спец: [1, 2, 3, 3, 4, 3, 3, 4, 3, 4, 3, 4, 5] != Общий: [1, 1, 1, 2, 2, 2, 3, 3, 3, 3, 3, 4, 5]"
Kuehne Nagel,466,"Спец: [1, 1, 2, 3, 3, 4, 3, 3, 4, 4, 5, 5] != Общий: [1, 1, 2, 2, 3, 3, 3, 3, 4, 4, 5, 5]"
Kuehne Nagel,467,"Спец: [1, 2, 3, 4, 3, 3, 4, 4, 4, 5, 5, 5, 5, 5, 5, 5] != Общий: [1, 1, 1, 2, 2, 3, 4, 4, 4, 5, 5, 3, 4, 5, 5, 5]"
Kuehne Nagel,468,"Спец: [1, 2, 3, 4, 3, 3, 4, 5, 5] != Общий: [1, 1, 1, 2, 2, 3, 4, 5, 4]"
Kuehne Nagel,469,"Спец: [1, 2, 3, 4, 3, 3, 4, 4, 3, 3, 4, 3, 3, 4, 4, 4, 5, 5, 5] != Общий: [1, 1, 1, 2, 2, 3, 3, 3, 3, 3, 3, 3, 3, 4, 4, 4, 5, 5, 5]"
Kuehne Nagel,470,"Спец: [1, 2, 3, 4, 3, 3, 4, 4, 3, 3, 4, 3, 4, 4, 5, 5] != Общий: [1, 1, 1, 2, 2, 3, 3, 3, 3, 3, 3, 3, 4, 4, 5, 5]"
Kuehne Nagel,471,"Спец: [1, 3, 4, 3, 4, 5, 5, 5] != Общий: [1, 3, 3, 3, 4, 5, 5, 5]"
Kuehne Nagel,472,"Спец: [1, 2, 2, 2, 3, 4, 3, 4] != Общий: [1, 1, 2, 2, 3, 3, 3, 4]"
Kuehne Nagel,473,"Спец: [1, 3, 4, 4, 3, 3, 4, 4, 3, 3, 4, 5, 5, 5] != Общий: [1, 1, 2, 2, 2, 3, 3, 3, 3, 3, 4, 5, 5, 4]"
Kuehne Nagel,474,"Спец: [1, 2, 3, 3, 4, 4, 5, 5] != Общий: [1, 2, 2, 3, 4, 4, 5, 5]"
Kuehne Nagel,475,"Спец: [1, 2, 3, 3, 3, 4, 5, 5, 5] != Общий: [1, 1, 1, 2, 3, 4, 5, 5, 5]"
Kuehne Nagel,476,"Спец: [1, 2, 3, 4, 3, 3, 4, 4, 3, 3, 4, 4, 5, 5] != Общий: [1, 1, 1, 2, 2, 3, 3, 3, 3, 3, 4, 4, 5, 5]"
Kuehne Nagel,477,"Спец: [1, 3, 4, 4, 3, 3, 4, 4, 5, 5, 5] != Общий: [1, 1, 1, 2, 2, 3, 4, 4, 5, 5, 4]"
Kuehne Nagel,478,"Спец: [1, 2, 2, 3, 3, 3, 4, 3, 4, 3, 4] != Общий: [1, 2, 2, 2, 2, 3, 3, 3, 3, 3, 4]"
Kuehne Nagel,479,"Спец: [1, 2, 3, 4, 3, 3, 4, 4, 3, 3, 4, 4, 5, 5, 5] != Общий: [1, 1, 1, 2, 2, 3, 3, 3, 3, 3, 4, 4, 5, 5, 5]"
Kuehne Nagel,480,"Спец: [1, 3, 3, 4, 3, 3, 4, 4, 5, 5] != Общий: [1, 1, 2, 2, 2, 3, 4, 4, 5, 5]"
Kuehne Nagel,481,"Спец: [1, 2, 3, 4, 3, 3, 4, 4, 3, 3, 4, 4, 3, 3, 4, 4, 4, 5] != Общий: [1, 1, 1, 2, 2, 3, 3, 3, 3, 3, 3, 3, 3, 3, 4, 4, 4, 5]"
Kuehne Nagel,482,"Спец: [1, 2, 3, 4, 3, 3, 4, 3, 3, 4, 4, 4, 5, 5] != Общий: [1, 1, 1, 2, 2, 3, 3, 3, 3, 4, 4, 4, 5, 5]"
Kuehne Nagel,483,"Спец: [1, 3, 4, 4, 3, 3, 4, 3, 4] != Общий: [1, 1, 1, 2, 2, 3, 3, 3, 4]"
Kuehne Nagel,484,"Спец: [1, 3, 3, 4, 3, 3, 4, 4, 5, 5] != Общий: [1, 1, 2, 2, 2, 3, 4, 4, 5, 5]"
Kuehne Nagel,485,"Спец: [1, 3, 4, 4, 4, 3, 3, 4, 4, 3, 4] != Общий: [1, 1, 1, 2, 2, 2, 3, 3, 3, 3, 4]"
Kuehne Nagel,486,"Спец: [1, 2, 3, 4, 3, 3, 4, 4, 4, 5, 5, 5, 5] != Общий: [1, 1, 1, 2, 2, 3, 4, 4, 4, 5, 5, 3, 3]"
Kuehne Nagel,487,"Спец: [1, 3, 3, 4, 3, 3, 4, 4, 3, 3, 4, 4, 3, 3, 4, 4, 3, 3, 4, 4, 5, 5] != Общий: [1, 1, 2, 2, 2, 3, 3, 3, 3, 3, 3, 3, 3, 3, 3, 3, 3, 3, 4, 4, 5, 5]"
Kuehne Nagel,488,"Спец: [1, 3, 4, 4, 3, 3, 4, 4, 3, 3, 4, 4, 3, 3, 4, 4, 4, 5, 5] != Общий: [1, 1, 1, 2, 2, 3, 3, 3, 3, 3, 3, 3, 3, 3, 4, 4, 4, 5, 5]"
Kuehne Nagel,490,"Спец: [1, 3, 4, 3, 3, 4, 5] != Общий: [1, 3, 3, 3, 3, 4, 5]"
Kuehne Nagel,491,"Спец: [1, 2, 3, 4, 3, 3, 4, 4, 3, 3, 4, 4, 3, 3, 4, 4, 4, 5, 5, 5] != Общий: [1, 1, 1, 2, 2, 3, 3, 3, 3, 3, 3, 3, 3, 3, 4, 4, 4, 5, 5, 5]"
Kuehne Nagel,493,"Спец: [1, 3, 4, 4, 3, 3, 4, 4, 3, 3, 4, 4, 3, 3, 4, 4, 4, 5, 5] != Общий: [1, 1, 1, 2, 2, 3, 3, 3, 3, 3, 3, 3, 3, 3, 4, 4, 4, 5, 5]"
Kuehne Nagel,494,"Спец: [1, 2, 3, 4, 3, 3, 4, 3, 4] != Общий: [1, 1, 1, 2, 2, 3, 3, 3, 4]"
Kuehne Nagel,496,"Спец: [1, 3, 4, 3, 3, 4, 4, 3, 3, 4, 4, 4, 5, 5] != Общий: [1, 1, 2, 2, 3, 3, 3, 3, 3, 4, 4, 4, 5, 5]"
Kuehne Nagel,497,"Спец: [1, 3, 4, 3, 4, 3, 4] != Общий: [1, 1, 1, 3, 3, 3, 4]"
Kuehne Nagel,498,"Спец: [1, 3, 4, 4, 3, 3, 4] != Общий: [1, 1, 2, 2, 2, 3, 4]"
Kuehne Nagel,499,"Спец: [1, 2, 3, 4, 3, 3, 4, 4, 4, 5, 5] != Общий: [1, 1, 1, 2, 2, 3, 4, 4, 4, 5, 5]"
Kuehne Nagel,500,"Спец: [1, 2, 3, 4, 3, 3, 4] != Общий: [1, 1, 1, 2, 2, 3, 4]"
Kuehne Nagel,501,"Спец: [1, 2, 2, 3, 4, 3, 4, 5] != Общий: [1, 1, 2, 3, 3, 3, 4, 5]"
Kuehne Nagel,502,"Спец: [1, 3, 4, 4, 3, 3, 4, 4, 5, 5] != Общий: [1, 1, 1, 2, 2, 3, 4, 4, 5, 5]"
Kuehne Nagel,503,"Спец: [1, 2, 3, 3, 4, 3, 3, 4, 4, 3, 3, 4, 4, 3, 3, 4, 4, 5, 5] != Общий: [1, 1, 1, 2, 2, 2, 3, 3, 3, 3, 3, 3, 3, 3, 3, 4, 4, 5, 5]"
Kuehne Nagel,504,"Спец: [1, 2, 3, 3, 4, 4, 4, 5, 5, 5] != Общий: [1, 1, 2, 3, 4, 4, 4, 5, 5, 5]"
Kuehne Nagel,505,"Спец: [1, 2, 3, 4, 3, 3, 4, 4, 4, 5, 5, 5, 5] != Общий: [1, 1, 1, 2, 2, 3, 4, 4, 4, 5, 5, 3, 3]"
Kuehne Nagel,506,"Спец: [1, 1, 2, 2, 2, 3, 3, 4, 4, 5, 5, 5] != Общий: [1, 1, 1, 1, 2, 2, 3, 4, 4, 5, 4, 5]"
Kuehne Nagel,507,"Спец: [1, 3, 4, 3, 3, 4, 4, 3, 3, 4, 4, 5, 5, 5] != Общий: [1, 1, 2, 2, 3, 3, 3, 3, 3, 4, 4, 5, 5, 5]"
Kuehne Nagel,508,"Спец: [1, 2, 3, 4, 3, 3, 4, 4, 4, 5, 5] != Общий: [1, 1, 1, 2, 2, 3, 4, 4, 4, 5, 5]"
Kuehne Nagel,509,"Спец: [1, 3, 4, 4, 4, 3, 3, 4, 4, 3, 3, 4, 4, 3, 3, 4, 4, 3, 3, 4, 4, 5, 5, 5] != Общий: [1, 1, 1, 2, 2, 2, 3, 3, 3, 3, 3, 3, 3, 3, 3, 3, 3, 3, 3, 4, 4, 5, 5, 5]"
Kuehne Nagel,510,"Спец: [1, 3, 4, 4, 4, 3, 3, 4, 4, 4, 5, 5, 5] != Общий: [1, 1, 1, 2, 2, 2, 3, 4, 4, 4, 5, 5, 5]"
Kuehne Nagel,511,"Спец: [1, 2, 2, 3, 3, 4, 4, 5, 5, 5] != Общий: [1, 1, 2, 3, 3, 3, 4, 5, 5, 5]"
Kuehne Nagel,512,"Спец: [1, 3, 4, 4, 3, 3, 4, 4, 4, 5, 5, 5, 5, 5, 5, 5] != Общий: [1, 1, 1, 2, 2, 3, 4, 4, 4, 5, 5, 3, 4, 5, 5, 5]"
Kuehne Nagel,513,"Спец: [1, 2, 3, 4, 3, 3, 4, 4, 4, 5, 5] != Общий: [1, 1, 1, 2, 2, 3, 4, 4, 4, 5, 5]"
Kuehne Nagel,514,"Спец: [1, 2, 2, 2, 3, 4, 4, 3, 4] != Общий: [1, 1, 1, 1, 3, 3, 4, 3, 4]"
Kuehne Nagel,515,"Спец: [1, 2, 2, 3, 4, 3, 4, 3, 3, 4, 4, 3, 3, 4, 3, 4] != Общий: [1, 1, 2, 2, 2, 3, 4, 4, 3, 3, 3, 3, 3, 3, 3, 4]"
Kuehne Nagel,516,"Спец: [1, 2, 3, 4, 4, 4, 3, 3, 3, 4, 3, 4] != Общий: [1, 1, 1, 2, 2, 2, 3, 3, 3, 3, 3, 4]"
Kuehne Nagel,517,"Спец: [1, 3, 4, 4, 3, 3, 4, 4, 5, 5] != Общий: [1, 1, 1, 2, 2, 3, 4, 4, 5, 5]"
Kuehne Nagel,518,"Спец: [1, 2, 3, 4, 3, 4, 5] != Общий: [1, 1, 1, 2, 3, 4, 5]"
Kuehne Nagel,519,"Спец: [1, 2, 3, 3, 4, 3, 3, 4, 4, 4, 5, 5, 5, 5] != Общий: [1, 1, 1, 2, 2, 2, 3, 4, 4, 4, 5, 5, 3, 3]"
Kuehne Nagel,521,"Спец: [1, 2, 2, 3, 3, 4, 4, 3, 3, 4, 4, 5, 5, 5, 5, 5, 5, 5, 5, 5, 5, 5] != Общий: [1, 2, 2, 2, 3, 3, 3, 3, 3, 4, 4, 5, 5, 5, 3, 4, 5, 5, 5, 5, 3, 3]"
Kuehne Nagel,522,"Спец: [1, 2, 3, 4, 3, 3, 4, 3, 4] != Общий: [1, 1, 1, 2, 2, 3, 3, 3, 4]"
Kuehne Nagel,523,"Спец: [1, 2, 3, 4, 3, 3, 4, 4, 4, 5, 5, 5] != Общий: [1, 1, 1, 2, 2, 3, 4, 4, 4, 5, 5, 5]"
Kuehne Nagel,524,"Спец: [1, 3, 4, 4, 4, 3, 3, 4, 4, 4, 5, 5] != Общий: [1, 1, 1, 2, 2, 2, 3, 4, 4, 4, 5, 5]"
Kuehne Nagel,525,"Спец: [1, 3, 4, 3, 4, 5, 5, 5] != Общий: [1, 3, 3, 3, 4, 5, 5, 5]"
Kuehne Nagel,526,"Спец: [1, 3, 4, 4, 3, 3, 4] != Общий: [1, 1, 1, 2, 2, 3, 4]"
Kuehne Nagel,527,"Спец: [1, 2, 3, 3, 3, 4, 3, 3, 4, 4, 3, 3, 4, 4, 4, 5, 5, 5] != Общий: [1, 1, 1, 2, 3, 3, 3, 3, 3, 3, 3, 3, 4, 4, 4, 5, 5, 5]"
Kuehne Nagel,528,"Спец: [1, 3, 4, 4, 3, 3, 4, 4, 3, 3, 4, 4, 3, 3, 4, 5, 5, 5, 5, 5] != Общий: [1, 1, 1, 2, 2, 3, 3, 3, 3, 3, 3, 3, 3, 3, 4, 5, 4, 4, 5, 5]"
Kuehne Nagel,529,"Спец: [1, 3, 3, 4, 4, 3, 3, 4, 4, 5, 5, 5, 5, 5, 5, 5, 5, 5, 5, 5] != Общий: [1, 1, 3, 3, 3, 3, 3, 4, 4, 5, 5, 5, 3, 4, 5, 5, 5, 5, 3, 3]"
Kuehne Nagel,530,"Спец: [1, 2, 3, 4, 3, 3, 4, 4, 3, 3, 4, 5, 5, 5] != Общий: [1, 1, 1, 2, 2, 3, 3, 3, 3, 3, 4, 5, 5, 4]"
Kuehne Nagel,531,"Спец: [1, 3, 4, 4, 4, 3, 3, 4, 4, 4, 5, 5] != Общий: [1, 1, 1, 2, 2, 2, 3, 4, 4, 4, 5, 5]"
Kuehne Nagel,532,"Спец: [1, 2, 2, 2, 2, 3, 3, 4, 4, 3, 3, 4] != Общий: [1, 1, 1, 1, 2, 2, 3, 3, 3, 3, 3, 4]"
Kuehne Nagel,533,"Спец: [1, 3, 4, 4, 3, 3, 4, 4, 4, 5] != Общий: [1, 1, 2, 2, 2, 3, 4, 4, 4, 5]"
Kuehne Nagel,534,"Спец: [1, 2, 3, 4, 3, 3, 4, 4, 3, 3, 4, 4, 3, 3, 4, 4, 4, 5, 5, 5] != Общий: [1, 1, 1, 2, 2, 3, 3, 3, 3, 3, 3, 3, 3, 3, 4, 4, 4, 5, 5, 5]"
Kuehne Nagel,535,"Спец: [1, 3, 4, 4, 3, 3, 4, 4, 3, 3, 4, 4, 5, 5] != Общий: [1, 1, 1, 2, 2, 3, 3, 3, 3, 3, 4, 4, 5, 5]"
Kuehne Nagel,536,"Спец: [1, 2, 3, 4, 3, 3, 4, 4, 4, 5, 5] != Общий: [1, 1, 3, 4, 4, 3, 4, 4, 4, 5, 5]"
Kuehne Nagel,537,"Спец: [1, 3, 4, 4, 4, 3, 3, 4, 4, 4, 5, 5] != Общий: [1, 1, 1, 2, 2, 2, 3, 4, 4, 4, 5, 5]"
Kuehne Nagel,539,"Спец: [1, 3, 4, 4, 3, 3, 4] != Общий: [1, 1, 2, 2, 2, 3, 4]"
Kuehne Nagel,540,"Спец: [1, 2, 3, 4, 3, 3, 4, 4, 3, 3, 4, 4, 4, 5, 5, 5] != Общий: [1, 1, 1, 2, 2, 3, 3, 3, 3, 3, 4, 4, 4, 5, 5, 5]"
Kuehne Nagel,541,"Спец: [1, 2, 3, 3, 4, 3, 3, 3, 4, 4, 4, 5, 5] != Общий: [1, 1, 1, 2, 2, 3, 3, 3, 4, 4, 4, 5, 5]"
Kuehne Nagel,542,"Спец: [1, 3, 4, 4, 3, 3, 4, 4, 3, 3, 4, 4, 5, 5, 5, 5, 5, 5, 5, 5] != Общий: [1, 1, 1, 2, 2, 3, 3, 3, 3, 3, 4, 4, 5, 5, 5, 3, 4, 5, 5, 5]"
Kuehne Nagel,543,"Спец: [1, 2, 2, 3, 4, 3, 3, 4, 4, 5, 5] != Общий: [1, 1, 2, 2, 2, 2, 3, 4, 4, 5, 5]"
Kuehne Nagel,544,"Спец: [1, 2, 2, 3, 4, 3, 3, 4, 4, 5, 5] != Общий: [1, 1, 2, 2, 2, 2, 3, 4, 4, 5, 5]"
Kuehne Nagel,545,"Спец: [1, 2, 3, 3, 4, 3, 3, 4, 4, 3, 3, 4, 4, 5, 5] != Общий: [1, 1, 1, 2, 2, 2, 3, 3, 3, 3, 3, 4, 4, 5, 5]"
Kuehne Nagel,546,"Спец: [1, 3, 4, 4, 3, 3, 4, 4, 4, 5, 5, 5, 5, 5, 5, 5] != Общий: [1, 1, 1, 2, 2, 3, 4, 4, 4, 5, 5, 3, 4, 5, 5, 5]"
Kuehne Nagel,547,"Спец: [1, 2, 3, 3, 3, 4, 4, 3, 3, 4, 3, 3, 4, 4] != Общий: [1, 1, 1, 2, 3, 3, 3, 3, 3, 3, 3, 3, 4, 4]"
Kuehne Nagel,548,"Спец: [1, 2, 3, 3, 3, 4, 4, 5, 5, 5] != Общий: [1, 1, 1, 2, 3, 4, 4, 5, 5, 5]"
Kuehne Nagel,549,"Спец: [1, 2, 3, 4, 3, 3, 4, 4, 4, 5, 5, 5] != Общий: [1, 1, 1, 2, 2, 3, 4, 4, 4, 5, 5, 5]"
Kuehne Nagel,550,"Спец: [1, 2, 2, 3, 4, 3, 4, 4] != Общий: [1, 1, 2, 3, 3, 3, 4, 4]"
Kuehne Nagel,551,"Спец: [1, 2, 2, 3, 4, 3, 3, 4, 4, 5, 5] != Общий: [1, 1, 2, 2, 2, 2, 3, 4, 4, 5, 5]"
Kuehne Nagel,552,"Спец: [1, 2, 2, 3, 3, 4, 3, 3, 4, 5, 5, 5] != Общий: [1, 1, 2, 2, 3, 3, 3, 3, 4, 5, 5, 5]"
Kuehne Nagel,553,"Спец: [1, 2, 2, 3, 3, 4, 3, 3, 4] != Общий: [1, 1, 1, 2, 3, 3, 3, 3, 4]"
Kuehne Nagel,554,"Спец: [1, 2, 3, 3, 4, 3, 3, 4] != Общий: [1, 1, 2, 3, 3, 3, 3, 4]"
Kuehne Nagel,555,"Спец: [1, 1, 2, 2, 2, 3, 3, 4, 4, 5, 5] != Общий: [1, 1, 1, 1, 2, 2, 3, 4, 4, 5, 5]"
Kuehne Nagel,556,"Спец: [1, 2, 3, 4, 3, 3, 4, 4, 5, 5, 5] != Общий: [1, 1, 1, 2, 2, 3, 4, 4, 5, 5, 5]"
Kuehne Nagel,557,"Спец: [1, 3, 4, 4, 4, 3, 3, 3, 4, 4, 4, 5, 5, 5] != Общий: [1, 1, 1, 2, 2, 3, 3, 3, 4, 4, 4, 5, 5, 5]"
Kuehne Nagel,558,"Спец: [1, 3, 4, 3, 3, 4, 4] != Общий: [1, 1, 2, 2, 3, 3, 4]"
Kuehne Nagel,559,"Спец: [1, 2, 2, 2, 3, 3, 4, 4, 5, 5, 5] != Общий: [1, 1, 2, 2, 2, 3, 4, 4, 5, 4, 5]"
Kuehne Nagel,560,"Спец: [1, 3, 4, 3, 4] != Общий: [1, 3, 3, 3, 4]"
Kuehne Nagel,561,"Спец: [1, 2, 3, 4, 4, 3, 4, 3, 3, 4, 4, 5, 5, 5] != Общий: [1, 1, 1, 2, 3, 3, 3, 3, 3, 4, 4, 5, 5, 5]"
Kuehne Nagel,562,"Спец: [1, 2, 3, 4, 3, 3, 4, 4, 3, 3, 4, 4, 4, 5, 5, 5] != Общий: [1, 1, 1, 2, 2, 3, 3, 3, 3, 3, 4, 4, 4, 5, 5, 5]"
Kuehne Nagel,564,"Спец: [1, 2, 3, 3, 3, 4, 4, 5, 5] != Общий: [1, 1, 1, 2, 3, 4, 4, 5, 5]"
Kuehne Nagel,565,"Спец: [1, 2, 3, 4, 3, 3, 4, 3, 4] != Общий: [1, 1, 1, 2, 2, 3, 3, 3, 4]"
Kuehne Nagel,566,"Спец: [1, 2, 3, 4, 3, 3, 4, 4, 3, 3, 4, 4, 4] != Общий: [1, 1, 1, 2, 2, 3, 3, 3, 3, 3, 4, 4, 4]"
Kuehne Nagel,567,"Спец: [1, 2, 3, 3, 4, 5] != Общий: [1, 2, 2, 3, 4, 5]"
Kuehne Nagel,568,"Спец: [1, 3, 4, 3, 3, 4, 4, 3, 3, 4, 4, 3, 3, 4, 4, 5, 5, 5] != Общий: [1, 1, 2, 2, 3, 3, 3, 3, 3, 3, 3, 3, 3, 4, 4, 5, 5, 5]"
Kuehne Nagel,569,"Спец: [1, 3, 4, 4, 4, 3, 3, 4, 4, 5] != Общий: [1, 1, 1, 2, 2, 2, 3, 4, 4, 5]"
Kuehne Nagel,570,"Спец: [1, 2, 2, 2, 3, 3, 4, 4, 5] != Общий: [1, 1, 1, 2, 2, 3, 4, 4, 5]"
Kuehne Nagel,571,"Спец: [1, 2, 3, 3, 4, 5] != Общий: [1, 2, 2, 3, 4, 5]"
Kuehne Nagel,572,"Спец: [1, 2, 2, 2, 3, 3, 4] != Общий: [1, 1, 2, 2, 2, 3, 4]"
Kuehne Nagel,574,"Спец: [1, 2, 3, 4, 3, 3, 4, 4, 5, 5, 5] != Общий: [1, 1, 1, 2, 2, 3, 4, 4, 5, 5, 5]"
Kuehne Nagel,575,"Спец: [1, 2, 2, 2, 3, 3, 4, 4, 4, 5, 5, 5, 5] != Общий: [1, 1, 2, 2, 2, 3, 4, 4, 4, 5, 5, 3, 3]"
Kuehne Nagel,576,"Спец: [1, 2, 3, 3, 4, 3, 3, 4, 4, 3, 3, 4, 5] != Общий: [1, 1, 1, 2, 2, 2, 3, 3, 3, 3, 3, 4, 5]"
Kuehne Nagel,577,"Спец: [1, 2, 3, 3, 4, 4, 5] != Общий: [1, 2, 2, 3, 4, 4, 5]"
Kuehne Nagel,578,"Спец: [1, 3, 3, 4, 3, 3, 4, 4, 4, 5] != Общий: [1, 1, 2, 2, 2, 3, 3, 4, 4, 5]"
Kuehne Nagel,579,"Спец: [1, 1, 2, 2, 2, 3, 3, 4, 4, 3, 3, 4, 4, 3, 3, 4, 4, 5, 5] != Общий: [1, 1, 1, 1, 2, 2, 3, 3, 3, 3, 3, 3, 3, 3, 3, 4, 4, 5, 5]"
Kuehne Nagel,580,"Спец: [1, 3, 4, 4, 4, 3, 3, 4, 4, 3, 3, 4, 4, 5, 5] != Общий: [1, 1, 1, 2, 2, 2, 3, 3, 3, 3, 3, 4, 4, 5, 5]"
Kuehne Nagel,582,"Спец: [1, 3, 4, 3, 3, 4, 4, 5, 5, 5] != Общий: [1, 1, 2, 2, 3, 4, 4, 5, 5, 5]"
Kuehne Nagel,583,"Спец: [1, 2, 3, 3, 4, 3, 3, 4, 4, 4, 5, 5, 5, 5] != Общий: [1, 1, 1, 2, 2, 2, 3, 4, 4, 4, 5, 5, 3, 3]"
Kuehne Nagel,584,"Спец: [1, 2, 3, 3, 4, 3, 3, 4, 4, 4, 5, 5, 5, 5] != Общий: [1, 1, 1, 2, 2, 2, 3, 4, 4, 4, 5, 5, 3, 3]"
Kuehne Nagel,585,"Спец: [1, 2, 2, 2, 2, 3, 4] != Общий: [1, 1, 2, 2, 2, 3, 4]"
Kuehne Nagel,586,"Спец: [1, 3, 4, 4, 3, 3, 4, 4, 3, 3, 4, 4, 5, 5, 5] != Общий: [1, 1, 2, 2, 2, 3, 3, 3, 3, 3, 4, 4, 5, 4, 5]"
Kuehne Nagel,587,"Спец: [1, 3, 3, 4, 4, 5, 5] != Общий: [1, 2, 3, 4, 4, 5, 5]"
Kuehne Nagel,588,"Спец: [1, 2, 3, 4, 3, 3, 4, 4, 3, 3, 4, 4, 5, 5, 5, 5, 5, 5, 5] != Общий: [1, 1, 1, 2, 2, 3, 3, 3, 3, 3, 4, 4, 5, 5, 3, 4, 5, 5, 5]"
Kuehne Nagel,589,"Спец: [1, 2, 3, 3, 4, 3, 3, 3, 4, 4] != Общий: [1, 1, 3, 3, 4, 4, 3, 3, 4, 3]"
Kuehne Nagel,590,"Спец: [1, 2, 3, 3, 4, 4, 3, 3, 4, 5] != Общий: [1, 1, 1, 2, 2, 2, 2, 3, 4, 5]"
Kuehne Nagel,591,"Спец: [1, 2, 3, 4, 4, 4, 3] != Общий: [1, 2, 3, 3, 4, 3, 3]"
Kuehne Nagel,592,"Спец: [1, 2, 3, 4, 4, 4, 3] != Общий: [1, 2, 3, 3, 4, 3, 3]"
Kuehne Nagel,593,"Спец: [1, 2, 3, 4, 4, 4, 3] != Общий: [1, 2, 3, 3, 4, 3, 3]"
Kuehne Nagel,594,"Спец: [1, 2, 3, 4, 3, 3, 4, 4, 3, 3, 4, 4, 4, 5] != Общий: [1, 1, 1, 2, 2, 3, 3, 3, 3, 3, 4, 4, 4, 5]"
Kuehne Nagel,595,"Спец: [1, 2, 2, 2, 2, 3, 4] != Общий: [1, 1, 2, 2, 2, 3, 4]"
Kuehne Nagel,596,"Спец: [1, 2, 3, 4, 3, 3, 4, 4, 3, 3, 4, 4, 4, 5, 5, 5] != Общий: [1, 1, 1, 2, 2, 3, 3, 3, 3, 3, 4, 4, 4, 5, 5, 5]"
Kuehne Nagel,597,"Спец: [1, 2, 3, 4, 4, 4, 3] != Общий: [1, 2, 3, 3, 4, 3, 3]"
Kuehne Nagel,598,"Спец: [1, 2, 3, 4, 4, 4, 3] != Общий: [1, 2, 3, 3, 4, 3, 3]"
Kuehne Nagel,599,"Спец: [1, 2, 3, 4, 4, 4, 3] != Общий: [1, 2, 3, 3, 4, 3, 3]"
Kuehne Nagel,600,"Спец: [1, 2, 3, 4, 4, 4, 3] != Общий: [1, 2, 3, 3, 4, 3, 3]"
Kuehne Nagel,601,"Спец: [1, 2, 3, 4, 4, 4, 3] != Общий: [1, 2, 3, 3, 4, 3, 3]"
Kuehne Nagel,602,"Спец: [1, 2, 3, 3, 4, 4, 3, 3, 4, 4, 3, 3, 4, 4, 5, 5] != Общий: [1, 1, 1, 3, 3, 3, 3, 3, 3, 3, 3, 3, 4, 4, 5, 5]"
Kuehne Nagel,603,"Спец: [1, 2, 2, 3, 3, 4, 3, 4] != Общий: [1, 1, 2, 2, 3, 3, 3, 4]"
Kuehne Nagel,604,"Спец: [1, 3, 4, 4, 3, 3, 4, 4, 3, 3, 4, 3, 4, 3, 4, 3, 4, 3, 4] != Общий: [1, 1, 1, 2, 2, 3, 3, 3, 3, 3, 3, 3, 3, 3, 3, 3, 3, 3, 4]"
Kuehne Nagel,605,"Спец: [1, 3, 4, 4, 3, 3, 4, 4, 3, 3, 4, 3, 4, 3, 4, 3, 4, 3, 4] != Общий: [1, 1, 1, 2, 2, 3, 3, 3, 3, 3, 3, 3, 3, 3, 3, 3, 3, 3, 4]"
Kuehne Nagel,606,"Спец: [1, 3, 4, 4, 4, 3, 3, 4, 4, 3, 3, 4, 4, 5, 5] != Общий: [1, 1, 1, 2, 2, 2, 3, 3, 3, 3, 3, 4, 4, 5, 5]"
Kuehne Nagel,607,"Спец: [1, 3, 4, 4, 3, 3, 4, 4, 4, 5, 5, 5, 5] != Общий: [1, 1, 1, 2, 2, 3, 4, 4, 4, 5, 5, 3, 3]"
Kuehne Nagel,608,"Спец: [1, 2, 2, 3, 3, 4, 4, 3, 3, 4, 4, 4, 5, 5, 5, 5, 5, 5, 5] != Общий: [1, 1, 2, 2, 3, 3, 3, 3, 3, 4, 4, 5, 5, 5, 4, 5, 5, 5, 5]"
Kuehne Nagel,609,"Спец: [1, 2, 3, 4, 3, 3, 4, 4, 4, 5, 5] != Общий: [1, 1, 1, 2, 2, 3, 4, 4, 4, 5, 5]"
Kuehne Nagel,610,"Спец: [1, 3, 4, 3, 3, 4, 4, 3, 3, 4, 4, 5, 5, 5] != Общий: [1, 1, 2, 2, 3, 3, 3, 3, 3, 4, 4, 5, 5, 5]"
Kuehne Nagel,611,"Спец: [1, 2, 3, 4, 4, 4, 3] != Общий: [1, 2, 3, 3, 4, 3, 3]"
Kuehne Nagel,612,"Спец: [1, 2, 3, 4, 4, 4, 3] != Общий: [1, 2, 3, 3, 4, 3, 3]"
Kuehne Nagel,613,"Спец: [1, 3, 4, 3, 3, 4, 4, 3, 3, 4, 4, 4, 5, 5] != Общий: [1, 1, 2, 2, 3, 3, 3, 3, 3, 4, 4, 4, 5, 5]"
Kuehne Nagel,614,"Спец: [1, 2, 3, 4, 4, 4, 3] != Общий: [1, 2, 3, 3, 4, 3, 3]"
Kuehne Nagel,615,"Спец: [1, 2, 2, 3, 3, 4, 3, 3, 4, 4, 5] != Общий: [1, 2, 2, 2, 3, 3, 3, 3, 4, 4, 5]"
Kuehne Nagel,616,"Спец: [1, 3, 4, 4, 3, 3, 3, 3, 4, 4] != Общий: [1, 1, 1, 2, 2, 3, 3, 3, 3, 4]"
Kuehne Nagel,617,"Спец: [1, 2, 3, 4, 3, 3, 4] != Общий: [1, 1, 1, 2, 2, 3, 4]"
Kuehne Nagel,618,"Спец: [1, 2, 3, 4, 3, 3, 4] != Общий: [1, 1, 1, 2, 2, 3, 4]"
Kuehne Nagel,619,"Спец: [1, 2, 3, 4, 3, 3, 4] != Общий: [1, 1, 1, 2, 2, 3, 4]"
Kuehne Nagel,620,"Спец: [1, 2, 3, 4, 3, 3, 4] != Общий: [1, 1, 1, 2, 2, 3, 4]"
Kuehne Nagel,621,"Спец: [1, 2, 2, 2, 2, 3, 3, 4, 3, 4, 4, 5] != Общий: [1, 1, 1, 1, 2, 2, 3, 3, 3, 3, 4, 5]"
Kuehne Nagel,622,"Спец: [1, 2, 3, 4, 3, 3, 4] != Общий: [1, 1, 1, 2, 2, 3, 4]"
Kuehne Nagel,623,"Спец: [1, 2, 3, 4, 4, 4, 3] != Общий: [1, 2, 3, 3, 4, 3, 3]"
Kuehne Nagel,624,"Спец: [1, 3, 4, 4, 3, 3, 4, 4, 4, 5, 5] != Общий: [1, 1, 2, 2, 2, 3, 4, 4, 4, 5, 5]"
Kuehne Nagel,625,"Спец: [1, 2, 3, 4, 4, 4, 3] != Общий: [1, 2, 3, 3, 4, 3, 3]"
Kuehne Nagel,627,"Спец: [1, 3, 4, 3, 4, 5, 5] != Общий: [1, 3, 3, 3, 4, 5, 5]"
Kuehne Nagel,628,"Спец: [1, 2, 2, 3, 3, 4, 4, 3, 3, 4, 4, 5, 5, 5] != Общий: [1, 1, 2, 2, 3, 3, 3, 3, 3, 4, 4, 5, 5, 5]"
Kuehne Nagel,629,"Спец: [1, 2, 3, 3, 4, 4, 3, 3, 4, 4, 5, 5] != Общий: [1, 2, 2, 3, 3, 3, 3, 3, 4, 4, 5, 5]"
Kuehne Nagel,630,"Спец: [1, 3, 4, 4, 4, 3, 3, 4, 4, 4, 5, 5] != Общий: [1, 1, 1, 2, 2, 2, 3, 4, 4, 4, 5, 5]"
Kuehne Nagel,631,"Спец: [1, 2, 3, 4, 3, 3, 4, 4, 4, 5, 5, 5] != Общий: [1, 1, 1, 2, 2, 3, 4, 4, 4, 5, 5, 5]"
Kuehne Nagel,632,"Спец: [1, 2, 3, 4, 4, 4, 3] != Общий: [1, 2, 3, 3, 4, 3, 3]"
Kuehne Nagel,633,"Спец: [1, 2, 3, 4, 3, 3, 4, 4, 5, 5] != Общий: [1, 1, 1, 2, 2, 3, 4, 4, 5, 5]"
Kuehne Nagel,634,"Спец: [1, 3, 4, 3, 3, 4, 4, 5, 5] != Общий: [1, 1, 2, 2, 3, 4, 4, 5, 5]"
Kuehne Nagel,635,"Спец: [1, 3, 4, 3, 3, 4, 4, 5, 5] != Общий: [1, 1, 2, 2, 3, 4, 4, 5, 5]"
Kuehne Nagel,636,"Спец: [1, 2, 2, 2, 3, 3, 4, 4, 5] != Общий: [1, 1, 1, 2, 2, 3, 4, 4, 5]"
Kuehne Nagel,637,"Спец: [1, 2, 3, 3, 4, 4, 4, 3, 3, 4, 4, 3, 3, 4, 5] != Общий: [1, 1, 1, 2, 2, 2, 2, 2, 3, 3, 3, 3, 3, 4, 5]"
Kuehne Nagel,638,"Спец: [1, 2, 2, 3, 4, 3, 4, 5] != Общий: [1, 1, 2, 3, 3, 3, 4, 5]"
Kuehne Nagel,639,"Спец: [1, 2, 2, 3, 4, 3, 4, 5] != Общий: [1, 1, 2, 3, 3, 3, 4, 5]"
Kuehne Nagel,640,"Спец: [1, 3, 4, 4, 3, 3, 4, 4, 3, 3, 4, 4, 4, 5, 5, 5, 5] != Общий: [1, 1, 1, 2, 2, 3, 3, 3, 3, 3, 4, 4, 4, 5, 5, 3, 3]"
Kuehne Nagel,641,"Спец: [1, 2, 3, 3, 4, 3, 3, 4, 4, 3, 3, 4, 4, 5, 5, 5, 5, 5, 5, 5, 5, 5] != Общий: [1, 1, 1, 2, 2, 2, 3, 3, 3, 3, 3, 4, 4, 5, 5, 4, 5, 5, 5, 5, 3, 3]"
Kuehne Nagel,642,"Спец: [1, 2, 3, 3, 4, 3, 3, 4, 4, 5, 5, 5] != Общий: [1, 1, 1, 3, 3, 3, 3, 4, 4, 5, 5, 5]"
Kuehne Nagel,643,"Спец: [1, 3, 4, 4] != Общий: [1, 3, 3, 4]"
Kuehne Nagel,644,"Спец: [1, 3, 4, 4] != Общий: [1, 3, 3, 4]"
Kuehne Nagel,645,"Спец: [1, 2, 2, 2, 3, 3, 4, 4, 5, 5] != Общий: [1, 1, 1, 2, 2, 3, 4, 4, 5, 5]"
Kuehne Nagel,646,"Спец: [1, 3, 4, 4, 4, 3, 3, 4, 4, 4, 5, 5] != Общий: [1, 1, 1, 2, 2, 2, 3, 4, 4, 4, 5, 5]"
Kuehne Nagel,648,"Спец: [1, 3, 3, 4, 3, 3, 4, 4, 3, 3, 4, 4, 3, 3, 4, 4, 5, 5, 5] != Общий: [1, 1, 2, 2, 2, 3, 3, 3, 3, 3, 3, 3, 3, 3, 4, 4, 5, 5, 5]"
Kuehne Nagel,649,"Спец: [1, 2, 3, 3, 4, 4, 4, 5, 5, 5] != Общий: [1, 1, 2, 3, 4, 4, 4, 5, 5, 5]"
Kuehne Nagel,650,"Спец: [1, 2, 3, 4, 3, 3, 4, 4, 4, 5, 5, 5, 5] != Общий: [1, 1, 1, 2, 2, 3, 4, 4, 4, 5, 5, 3, 3]"
Kuehne Nagel,651,"Спец: [1, 1, 2, 2, 2, 3, 3, 4, 4, 5, 5, 5] != Общий: [1, 1, 1, 1, 2, 2, 3, 4, 4, 5, 4, 5]"
Kuehne Nagel,652,"Спец: [1, 3, 4, 4, 3, 3, 4, 4, 4, 5, 5] != Общий: [1, 1, 2, 2, 2, 3, 4, 4, 4, 5, 5]"
Kuehne Nagel,653,"Спец: [1, 2, 3, 3, 4, 3, 3, 4, 5] != Общий: [1, 1, 1, 2, 2, 2, 3, 4, 5]"
Kuehne Nagel,654,"Спец: [1, 2, 3, 3, 4, 3, 3, 4, 5] != Общий: [1, 1, 1, 2, 2, 2, 3, 4, 5]"
Kuehne Nagel,655,"Спец: [1, 2, 3, 3, 4, 3, 3, 4, 5] != Общий: [1, 1, 1, 2, 2, 2, 3, 4, 5]"
Kuehne Nagel,656,"Спец: [1, 2, 2, 2, 3, 3, 4, 5] != Общий: [1, 1, 2, 2, 2, 3, 4, 5]"
Kuehne Nagel,657,"Спец: [1, 2, 2, 2, 3, 3, 4, 5] != Общий: [1, 1, 2, 2, 2, 3, 4, 5]"
Kuehne Nagel,658,"Спец: [1, 2, 3, 4, 4, 4, 3] != Общий: [1, 2, 3, 3, 4, 3, 3]"
Kuehne Nagel,659,"Спец: [1, 2, 3, 4, 4, 4, 3] != Общий: [1, 2, 3, 3, 4, 3, 3]"
Kuehne Nagel,660,"Спец: [1, 2, 2, 2, 3, 3, 4, 4, 5, 5] != Общий: [1, 1, 1, 2, 2, 3, 4, 4, 5, 5]"
Kuehne Nagel,661,"Спец: [1, 3, 4, 4, 3, 4, 4, 4, 5, 5, 5] != Общий: [1, 1, 1, 2, 3, 4, 4, 4, 5, 3, 3]"
Kuehne Nagel,662,"Спец: [1, 3, 4, 4, 3, 3, 4, 4, 3, 3, 4, 4, 3, 3, 4, 4, 3, 3, 4, 4, 5, 5] != Общий: [1, 1, 1, 2, 2, 3, 3, 3, 3, 3, 3, 3, 3, 3, 3, 3, 3, 3, 4, 4, 5, 5]"
Kuehne Nagel,663,"Спец: [1, 3, 3, 4, 3, 3, 4, 4, 4, 5, 5, 5, 5] != Общий: [1, 1, 2, 2, 2, 3, 4, 4, 4, 5, 5, 3, 3]"
Kuehne Nagel,664,"Спец: [1, 2, 3, 3, 3, 4, 4, 5, 5] != Общий: [1, 1, 1, 2, 3, 4, 4, 5, 5]"
Kuehne Nagel,666,"Спец: [1, 3, 4, 4, 3, 3, 4, 4, 3, 3, 4, 4, 4, 5, 5] != Общий: [1, 1, 2, 2, 2, 3, 3, 3, 3, 3, 4, 4, 4, 5, 5]"
Kuehne Nagel,668,"Спец: [1, 3, 4, 4, 3, 3, 4, 4, 3, 3, 4, 4, 3, 3, 4] != Общий: [1, 1, 1, 2, 2, 3, 3, 3, 3, 3, 3, 3, 3, 3, 4]"
Kuehne Nagel,669,"Спец: [1, 2, 3, 4, 3, 3, 4, 4, 4, 5, 5, 5] != Общий: [1, 1, 1, 2, 2, 3, 4, 4, 4, 5, 5, 5]"
Kuehne Nagel,670,"Спец: [1, 2, 3, 4, 3, 3, 4, 4, 5, 5] != Общий: [1, 1, 1, 2, 2, 3, 4, 4, 5, 5]"
Kuehne Nagel,671,"Спец: [1, 3, 4, 3, 3, 4, 4, 4, 5, 5, 5, 5] != Общий: [1, 1, 2, 2, 3, 4, 4, 4, 5, 5, 5, 5]"
Kuehne Nagel,672,"Спец: [1, 2, 3, 4, 3, 3, 4, 4, 3, 3, 4, 4, 5, 5] != Общий: [1, 1, 1, 2, 2, 3, 3, 3, 3, 3, 4, 4, 5, 5]"
Kuehne Nagel,673,"Спец: [1, 2, 3, 4, 3, 3, 4, 4, 5, 5, 5] != Общий: [1, 1, 1, 2, 2, 3, 4, 4, 5, 5, 5]"
Kuehne Nagel,676,"Спец: [1, 3, 4, 4, 3, 3, 4, 4, 3, 3, 3, 4, 4, 5, 5, 5] != Общий: [1, 1, 1, 2, 2, 3, 4, 4, 5, 3, 3, 4, 5, 5, 5, 5]"
Kuehne Nagel,677,"Спец: [1, 2, 3, 3, 4, 3, 3, 4, 5] != Общий: [1, 1, 1, 2, 2, 2, 3, 4, 5]"
Kuehne Nagel,678,"Спец: [1, 2, 2, 2, 3, 3, 4, 5] != Общий: [1, 1, 2, 2, 2, 3, 4, 5]"
Kuehne Nagel,679,"Спец: [1, 2, 3, 3, 4, 3, 3, 4, 5] != Общий: [1, 1, 1, 2, 2, 2, 3, 4, 5]"
Kuehne Nagel,680,"Спец: [1, 2, 2, 2, 3, 3, 4, 5] != Общий: [1, 1, 2, 2, 2, 3, 4, 5]"
Kuehne Nagel,681,"Спец: [1, 2, 3, 3, 4, 3, 3, 4, 5] != Общий: [1, 1, 1, 2, 2, 2, 3, 4, 5]"
Kuehne Nagel,683,"Спец: [1, 2, 3, 4, 3, 3, 4, 4, 3, 3, 4, 4, 5, 5, 5] != Общий: [1, 1, 1, 2, 2, 3, 3, 3, 3, 3, 4, 4, 5, 5, 5]"
Kuehne Nagel,684,"Спец: [1, 3, 4, 3, 3, 4, 4, 3, 3, 4, 4, 3, 3, 4, 4, 3, 3, 4, 4, 5, 5] != Общий: [1, 1, 2, 2, 3, 3, 3, 3, 3, 3, 3, 3, 3, 3, 3, 3, 3, 4, 4, 5, 5]"
Kuehne Nagel,685,"Спец: [1, 2, 3, 4, 3, 3, 4, 4, 3, 3, 4, 4, 5, 5, 5] != Общий: [1, 1, 1, 2, 2, 3, 3, 3, 3, 3, 4, 4, 5, 5, 5]"
Kuehne Nagel,686,"Спец: [1, 2, 3, 4, 3, 3, 4, 4, 3, 3, 4, 4, 5, 5, 5] != Общий: [1, 1, 1, 2, 2, 3, 3, 3, 3, 3, 4, 4, 5, 5, 5]"
Kuehne Nagel,687,"Спец: [1, 3, 4, 4, 4, 3, 3, 4, 4, 3, 3, 4, 4, 5, 5, 5] != Общий: [1, 1, 1, 2, 2, 2, 3, 3, 3, 3, 3, 4, 4, 5, 5, 5]"
Kuehne Nagel,688,"Спец: [1, 2, 3, 4, 3, 3, 4, 4, 3, 3, 4, 4, 3, 3, 4, 4, 5, 5] != Общий: [1, 1, 1, 2, 2, 3, 3, 3, 3, 3, 3, 3, 3, 3, 4, 4, 5, 5]"
Kuehne Nagel,691,"Спец: [1, 3, 4, 3, 3, 4, 4, 4, 5, 5] != Общий: [1, 1, 2, 2, 3, 4, 4, 4, 5, 5]"
Kuehne Nagel,692,"Спец: [1, 2, 2, 3, 4, 3, 3, 4, 4, 3, 3, 3, 4, 4, 5, 5, 5] != Общий: [1, 1, 2, 2, 2, 2, 3, 4, 4, 5, 3, 3, 4, 5, 5, 3, 3]"
Kuehne Nagel,693,"Спец: [1, 2, 3, 4, 3, 3, 4, 5] != Общий: [1, 1, 1, 2, 2, 3, 4, 5]"
Kuehne Nagel,694,"Спец: [1, 2, 3, 3, 4, 3, 3, 4, 4, 4, 5, 5, 5, 5] != Общий: [1, 1, 1, 2, 2, 2, 3, 4, 4, 4, 5, 5, 3, 3]"
Kuehne Nagel,695,"Спец: [1, 3, 3, 4, 3, 3, 4, 4, 4, 5, 5, 5] != Общий: [1, 1, 2, 2, 2, 3, 4, 4, 4, 5, 5, 5]"
Kuehne Nagel,697,"Спец: [1, 2, 3, 3, 4] != Общий: [1, 1, 2, 3, 4]"
Kuehne Nagel,698,"Спец: [1, 2, 3, 4, 3, 3, 4, 3, 3, 4, 3, 3, 4] != Общий: [1, 1, 1, 2, 2, 3, 3, 3, 3, 3, 3, 3, 4]"
Kuehne Nagel,699,"Спец: [1, 3, 4, 3, 3, 4, 3, 4, 3, 3, 4, 4, 5, 5] != Общий: [1, 1, 2, 2, 3, 3, 3, 3, 3, 3, 4, 4, 5, 5]"
Kuehne Nagel,700,"Спец: [1, 2, 3, 3, 4, 3, 3, 4, 4, 3, 3, 4, 4, 5, 5, 5] != Общий: [1, 1, 1, 2, 2, 2, 3, 3, 3, 3, 3, 4, 4, 5, 5, 5]"
Kuehne Nagel,701,"Спец: [1, 2, 3, 4, 3, 3, 4, 4, 5, 5] != Общий: [1, 1, 1, 2, 2, 3, 4, 4, 5, 5]"
Kuehne Nagel,702,"Спец: [1, 2, 3, 4, 3, 3, 4, 4, 3, 3, 4, 4, 4, 5, 5] != Общий: [1, 1, 1, 2, 2, 3, 3, 3, 3, 3, 4, 4, 4, 5, 5]"
Kuehne Nagel,703,"Спец: [1, 3, 4, 4, 4, 3, 3, 4, 4, 3, 3, 4, 4, 4, 5, 5] != Общий: [1, 1, 1, 2, 2, 2, 3, 3, 3, 3, 3, 4, 4, 4, 5, 5]"
Kuehne Nagel,704,"Спец: [1, 3, 3, 4, 3, 3, 4, 3, 3, 4, 4, 3, 3, 4, 4, 5, 5] != Общий: [1, 1, 2, 2, 2, 3, 3, 3, 3, 3, 3, 3, 3, 4, 4, 5, 5]"
Kuehne Nagel,705,"Спец: [1, 3, 4, 3, 4, 5, 5] != Общий: [1, 3, 3, 3, 4, 5, 5]"
Kuehne Nagel,706,"Спец: [1, 2, 3, 4, 3, 3, 4, 4, 3, 3, 4, 4, 5, 5, 5] != Общий: [1, 1, 1, 2, 2, 3, 3, 3, 3, 3, 4, 4, 5, 5, 5]"
Kuehne Nagel,707,"Спец: [1, 3, 3, 4, 3, 4, 5, 5, 5] != Общий: [1, 2, 3, 3, 3, 4, 5, 4, 5]"
Kuehne Nagel,708,"Спец: [1, 2, 3, 4, 4, 3, 3, 4, 4, 4, 5, 5, 5] != Общий: [1, 1, 1, 2, 2, 2, 3, 4, 4, 4, 5, 5, 5]"
Kuehne Nagel,709,"Спец: [1, 3, 3, 4, 4, 4, 5, 5] != Общий: [1, 2, 3, 4, 4, 4, 5, 5]"
Kuehne Nagel,710,"Спец: [1, 3, 3, 4, 3, 3, 4, 4, 4, 5, 5, 5, 5] != Общий: [1, 1, 2, 2, 2, 3, 4, 4, 4, 5, 5, 3, 3]"
Kuehne Nagel,711,"Спец: [1, 3, 4, 4, 4, 3, 3, 4, 4, 5, 5, 5, 5, 5, 5, 5] != Общий: [1, 1, 1, 2, 2, 2, 3, 4, 4, 5, 5, 5, 4, 5, 5, 5]"
Kuehne Nagel,712,"Спец: [1, 3, 4, 4, 4, 3, 3, 4, 4, 5, 5, 5, 5, 5, 5, 5, 5, 5] != Общий: [1, 1, 1, 2, 2, 2, 3, 4, 4, 5, 5, 5, 3, 4, 5, 5, 5, 5]"
Kuehne Nagel,713,"Спец: [1, 3, 4, 3, 4, 5] != Общий: [1, 3, 3, 3, 4, 5]"
Kuehne Nagel,714,"Спец: [1, 2, 2, 3, 4, 3, 3, 4, 4, 3, 3, 4, 4, 4, 5, 5, 5, 5] != Общий: [1, 1, 2, 2, 2, 2, 3, 3, 3, 3, 3, 4, 4, 4, 5, 5, 3, 3]"
Kuehne Nagel,716,"Спец: [1, 3, 4, 4, 4, 3, 3, 4, 4, 3, 3, 4, 4, 5, 5, 5, 5, 5] != Общий: [1, 1, 2, 2, 2, 2, 3, 3, 3, 3, 3, 4, 4, 5, 5, 3, 3, 4]"
Kuehne Nagel,717,"Спец: [1, 3, 4, 3, 3, 4, 4, 4, 5, 5, 5] != Общий: [1, 1, 2, 2, 3, 4, 4, 4, 5, 5, 5]"
Kuehne Nagel,719,"Спец: [1, 2, 3, 4, 3, 3, 4, 4, 3, 3, 4, 4, 5, 5, 5] != Общий: [1, 1, 1, 2, 2, 3, 3, 3, 3, 3, 4, 4, 5, 4, 5]"
Kuehne Nagel,720,"Спец: [1, 3, 4, 4, 4, 3, 3, 4, 4, 4, 5, 5, 5, 5] != Общий: [1, 1, 1, 2, 2, 2, 3, 4, 4, 4, 5, 5, 3, 3]"
Kuehne Nagel,721,"Спец: [1, 2, 3, 4, 3, 3, 4, 4, 4, 5] != Общий: [1, 1, 1, 2, 2, 3, 4, 4, 4, 5]"
Kuehne Nagel,722,"Спец: [1, 3, 3, 4, 3, 3, 4, 4, 4, 5, 5, 5, 5] != Общий: [1, 1, 2, 2, 2, 3, 4, 4, 4, 5, 5, 3, 3]"
Kuehne Nagel,724,"Спец: [1, 2, 2, 2, 2, 3, 3, 4, 4, 5] != Общий: [1, 1, 1, 2, 2, 2, 3, 4, 4, 5]"
Kuehne Nagel,725,"Спец: [1, 2, 2, 3, 4, 3, 3, 4, 3, 3, 4, 4, 5, 5] != Общий: [1, 1, 2, 2, 2, 2, 3, 3, 3, 3, 4, 4, 5, 5]"
Kuehne Nagel,726,"Спец: [1, 3, 4, 3, 4, 5] != Общий: [1, 3, 3, 3, 4, 5]"
Kuehne Nagel,728,"Спец: [1, 2, 3, 3, 4, 4, 3, 3, 4, 4, 3, 3, 4, 4, 5, 5, 5] != Общий: [1, 1, 1, 3, 4, 4, 4, 3, 3, 3, 3, 3, 4, 4, 5, 5, 5]"
Kuehne Nagel,729,"Спец: [1, 2, 3, 4, 3, 3, 4, 4, 3, 3, 4, 4, 5, 5, 5] != Общий: [1, 1, 1, 2, 2, 3, 3, 3, 3, 3, 4, 4, 5, 5, 5]"
Kuehne Nagel,730,"Спец: [1, 2, 3, 4, 3, 3, 4, 4, 3, 3, 4, 4, 4, 5, 5, 5, 5] != Общий: [1, 1, 1, 2, 2, 3, 3, 3, 3, 3, 4, 4, 4, 5, 5, 3, 3]"
Kuehne Nagel,731,"Спец: [1, 3, 4, 4, 3, 3, 4, 4, 5, 5, 5] != Общий: [1, 1, 1, 2, 2, 3, 4, 4, 5, 5, 5]"
Kuehne Nagel,732,"Спец: [1, 3, 3, 4, 5] != Общий: [1, 2, 3, 4, 5]"
Kuehne Nagel,733,"Спец: [1, 2, 3, 4, 3, 3, 3, 4, 4] != Общий: [1, 1, 1, 2, 2, 3, 3, 4, 4]"
Kuehne Nagel,734,"Спец: [1, 2, 3, 3, 4, 3, 3, 4, 4, 3, 3, 3, 4, 4] != Общий: [1, 1, 1, 2, 2, 2, 3, 3, 3, 3, 3, 3, 4, 4]"
Kuehne Nagel,735,"Спец: [1, 2, 2, 2, 3, 4, 4, 3, 4] != Общий: [1, 1, 2, 2, 3, 3, 4, 3, 4]"
Kuehne Nagel,736,"Спец: [1, 2, 2, 2, 3, 4] != Общий: [1, 1, 2, 2, 3, 4]"
Kuehne Nagel,737,"Спец: [1, 2, 3, 3, 4, 5] != Общий: [1, 2, 2, 3, 4, 5]"
Kuehne Nagel,738,"Спец: [1, 3, 4, 3, 3, 4, 4, 3, 3, 4, 4, 4, 5, 5] != Общий: [1, 1, 2, 2, 3, 3, 3, 3, 3, 4, 4, 4, 5, 5]"
Kuehne Nagel,739,"Спец: [1, 2, 2, 2, 3, 3, 4, 4, 5] != Общий: [1, 2, 2, 2, 2, 3, 4, 4, 5]"
Kuehne Nagel,740,"Спец: [1, 2, 3, 3, 4, 4, 3, 3, 4, 4, 5, 5] != Общий: [1, 1, 1, 2, 2, 2, 2, 3, 4, 4, 5, 5]"
Kuehne Nagel,741,"Спец: [1, 2, 3, 3, 4, 3, 3, 4, 4, 4, 5, 5, 5, 5] != Общий: [1, 1, 1, 2, 2, 2, 3, 4, 4, 4, 5, 3, 3, 3]"
Kuehne Nagel,742,"Спец: [1, 3, 4, 4, 4, 3, 3, 4] != Общий: [1, 1, 1, 2, 2, 2, 3, 4]"
Kuehne Nagel,743,"Спец: [1, 2, 3, 4, 3, 3, 4, 4, 3, 3, 4, 4, 5, 5] != Общий: [1, 1, 1, 2, 2, 3, 3, 3, 3, 3, 4, 4, 5, 5]"
Kuehne Nagel,744,"Спец: [1, 3, 4, 4, 3, 3, 4, 4, 3, 3, 4, 4, 4, 5, 5, 5] != Общий: [1, 1, 1, 2, 2, 3, 3, 3, 3, 3, 4, 4, 4, 5, 5, 5]"
Kuehne Nagel,745,"Спец: [1, 2, 3, 4, 3, 3, 4, 4, 3, 3, 4, 4, 5, 5, 5] != Общий: [1, 1, 1, 2, 2, 3, 3, 3, 3, 3, 4, 4, 5, 5, 5]"
Kuehne Nagel,746,"Спец: [1, 3, 4, 3, 3, 4, 4, 3, 3, 4, 4, 3, 3, 4, 4, 3, 3, 4, 4, 5, 5] != Общий: [1, 1, 2, 2, 3, 3, 3, 3, 3, 3, 3, 3, 3, 3, 3, 3, 3, 4, 4, 5, 5]"
Kuehne Nagel,747,"Спец: [1, 2, 3, 4, 3, 3, 4, 4, 3, 3, 4, 4, 5, 5, 5] != Общий: [1, 1, 1, 2, 2, 3, 3, 3, 3, 3, 4, 4, 5, 5, 5]"
Kuehne Nagel,748,"Спец: [1, 2, 3, 4, 3, 3, 4, 4, 3, 3, 4, 4, 5, 5, 5] != Общий: [1, 1, 1, 2, 2, 3, 3, 3, 3, 3, 4, 4, 5, 5, 5]"
Kuehne Nagel,749,"Спец: [1, 3, 4, 4, 4, 3, 3, 4, 4, 3, 3, 4, 4, 5, 5, 5] != Общий: [1, 1, 1, 2, 2, 2, 3, 3, 3, 3, 3, 4, 4, 5, 5, 5]"
Kuehne Nagel,750,"Спец: [1, 2, 3, 4, 3, 3, 4, 4, 3, 3, 4, 4, 3, 3, 4, 4, 5, 5] != Общий: [1, 1, 1, 2, 2, 3, 3, 3, 3, 3, 3, 3, 3, 3, 4, 4, 5, 5]"
Kuehne Nagel,751,"Спец: [1, 3, 4, 4, 3, 3, 4, 4, 4, 5, 5] != Общий: [1, 1, 1, 2, 2, 3, 4, 4, 4, 5, 5]"
Kuehne Nagel,752,"Спец: [1, 2, 3, 4, 3, 4, 3, 3, 4, 4, 4, 5] != Общий: [1, 1, 1, 2, 3, 3, 3, 3, 4, 4, 4, 5]"
Kuehne Nagel,753,"Спец: [1, 3, 4, 4, 3, 3, 4, 4, 5, 5] != Общий: [1, 1, 1, 2, 2, 3, 4, 4, 5, 5]"
Kuehne Nagel,754,"Спец: [1, 2, 2, 2, 3, 3, 4, 3, 4] != Общий: [1, 1, 2, 2, 2, 3, 3, 3, 4]"
Kuehne Nagel,755,"Спец: [1, 2, 3, 3, 4, 3, 3, 4, 4, 5, 5] != Общий: [1, 1, 1, 2, 2, 2, 3, 4, 4, 5, 5]"
Kuehne Nagel,756,"Спец: [1, 3, 4, 3, 3, 4, 3, 4, 3, 3, 4, 4, 5, 5] != Общий: [1, 1, 2, 2, 3, 3, 3, 3, 3, 3, 4, 4, 5, 5]"
Kuehne Nagel,757,"Спец: [1, 3, 3, 4, 4, 3, 3, 4, 4, 5, 5, 5] != Общий: [1, 2, 3, 3, 3, 3, 3, 4, 4, 5, 5, 5]"
Kuehne Nagel,758,"Спец: [1, 3, 4, 4, 3, 3, 4, 4, 3, 3, 4, 4, 5, 5, 5, 5, 5, 5, 5, 5, 5, 5] != Общий: [1, 1, 1, 2, 2, 3, 3, 3, 3, 3, 4, 4, 5, 5, 4, 4, 5, 5, 5, 3, 3, 3]"
Kuehne Nagel,759,"Спец: [1, 2, 2, 2, 3, 3, 4, 5] != Общий: [1, 1, 2, 2, 2, 3, 4, 5]"
Kuehne Nagel,760,"Спец: [1, 2, 2, 2, 3, 3, 4, 5] != Общий: [1, 1, 2, 2, 2, 3, 4, 5]"
Kuehne Nagel,761,"Спец: [1, 2, 3, 3, 4, 3, 3, 4, 5] != Общий: [1, 1, 1, 2, 2, 2, 3, 4, 5]"
Kuehne Nagel,762,"Спец: [1, 2, 3, 3, 4, 3, 3, 4, 5] != Общий: [1, 1, 1, 2, 2, 2, 3, 4, 5]"
Kuehne Nagel,763,"Спец: [1, 2, 3, 3, 4, 3, 3, 4, 5] != Общий: [1, 1, 1, 2, 2, 2, 3, 4, 5]"
Kuehne Nagel,764,"Спец: [1, 2, 3, 4, 3, 3, 4, 4, 5, 5, 5, 5, 5, 5, 5, 5, 5, 5, 5] != Общий: [1, 1, 1, 2, 2, 3, 4, 4, 5, 5, 3, 4, 4, 5, 5, 5, 5, 3, 3]"
Kuehne Nagel,765,"Спец: [1, 2, 3, 4, 3, 3, 4, 4, 4, 5, 5, 5] != Общий: [1, 1, 1, 2, 2, 3, 4, 4, 4, 5, 5, 5]"
Kuehne Nagel,766,"Спец: [1, 3, 4, 4, 3, 3, 4, 4, 5] != Общий: [1, 1, 1, 2, 2, 3, 3, 4, 5]"
Kuehne Nagel,768,"Спец: [1, 2, 2, 3, 4, 3, 3, 4, 4, 3, 3, 3, 4, 4, 5, 5, 5] != Общий: [1, 1, 2, 2, 2, 2, 3, 4, 4, 5, 3, 3, 4, 5, 5, 3, 3]"
Kuehne Nagel,769,"Спец: [1, 3, 4, 3, 3, 4, 4, 4, 5, 5] != Общий: [1, 1, 2, 2, 3, 4, 4, 4, 5, 5]"
Kuehne Nagel,773,"Спец: [1, 2, 2, 3, 4, 3, 3, 4, 4, 5, 5] != Общий: [1, 1, 2, 2, 2, 2, 3, 4, 4, 5, 5]"
Kuehne Nagel,774,"Спец: [1, 2, 3, 4, 3, 4, 3, 3, 4, 4, 3, 3, 4, 4, 5, 5, 5] != Общий: [1, 1, 1, 2, 3, 3, 3, 3, 3, 3, 3, 3, 4, 4, 5, 5, 5]"
Kuehne Nagel,775,"Спец: [1, 2, 3, 4, 3, 3, 4, 4, 5, 5] != Общий: [1, 1, 1, 2, 2, 3, 4, 4, 5, 5]"
Kuehne Nagel,776,"Спец: [1, 3, 4, 3, 3, 4, 3, 3, 4, 4, 5, 5] != Общий: [1, 1, 2, 2, 3, 3, 3, 3, 4, 4, 5, 5]"
Kuehne Nagel,777,"Спец: [1, 2, 3, 4, 3, 3, 4, 3, 4, 4, 3, 3, 4, 4, 5, 5] != Общий: [1, 1, 1, 2, 2, 3, 3, 3, 3, 3, 3, 3, 4, 4, 5, 5]"
Kuehne Nagel,778,"Спец: [1, 2, 3, 4, 3, 3, 4, 4, 5, 5, 5] != Общий: [1, 1, 1, 2, 2, 3, 4, 4, 5, 5, 5]"
Kuehne Nagel,779,"Спец: [1, 3, 4, 4, 3, 3, 4, 4, 3, 3, 4, 4, 5, 5, 5] != Общий: [1, 1, 1, 2, 2, 3, 3, 3, 3, 3, 4, 4, 5, 5, 5]"
Kuehne Nagel,780,"Спец: [1, 2, 3, 4, 3, 3, 4, 4, 5, 5, 5] != Общий: [1, 1, 1, 2, 2, 3, 4, 4, 5, 5, 5]"
Kuehne Nagel,781,"Спец: [1, 2, 3, 4, 3, 3, 4, 4, 3, 3, 4, 4, 5, 5, 5] != Общий: [1, 1, 1, 2, 2, 3, 3, 3, 3, 3, 4, 4, 5, 5, 5]"
Kuehne Nagel,782,"Спец: [1, 3, 4, 4, 4, 3, 3, 4, 4, 3, 3, 4, 4, 4, 5, 5] != Общий: [1, 1, 2, 2, 2, 2, 3, 3, 3, 3, 3, 4, 4, 4, 5, 5]"
Kuehne Nagel,783,"Спец: [1, 2, 3, 3, 4, 3, 3, 4, 4, 3, 3, 4, 4, 5, 5] != Общий: [1, 1, 1, 2, 2, 2, 3, 3, 3, 3, 3, 4, 4, 5, 5]"
Kuehne Nagel,784,"Спец: [1, 3, 4, 4, 4, 3, 3, 4, 4, 5, 5] != Общий: [1, 1, 1, 2, 2, 2, 3, 4, 4, 5, 5]"
Kuehne Nagel,785,"Спец: [1, 3, 4, 4, 4, 3, 3, 4, 4, 4, 5, 5, 5] != Общий: [1, 1, 1, 2, 2, 2, 3, 4, 4, 4, 5, 5, 5]"
Kuehne Nagel,786,"Спец: [1, 3, 4, 4, 3, 3, 4, 4, 3, 3, 4, 4, 5, 5, 5] != Общий: [1, 1, 1, 2, 2, 3, 3, 3, 3, 3, 4, 4, 5, 5, 5]"
Kuehne Nagel,787,"Спец: [1, 3, 4, 3, 4, 5] != Общий: [1, 3, 3, 3, 4, 5]"
Kuehne Nagel,788,"Спец: [1, 2, 3, 4, 3, 3, 4, 4, 4, 5, 5] != Общий: [1, 1, 1, 2, 2, 3, 4, 4, 4, 5, 5]"
Kuehne Nagel,789,"Спец: [1, 3, 4, 3, 4, 5] != Общий: [1, 3, 3, 3, 4, 5]"
Kuehne Nagel,790,"Спец: [1, 2, 2, 2, 3, 3, 4, 4, 3, 3, 4, 4, 5] != Общий: [1, 1, 1, 2, 2, 3, 3, 3, 3, 3, 4, 4, 5]"
Kuehne Nagel,791,"Спец: [1, 2, 2, 2, 3, 3, 4, 4, 3, 3, 4, 4, 5] != Общий: [1, 1, 1, 2, 2, 3, 3, 3, 3, 3, 4, 4, 5]"
Kuehne Nagel,792,"Спец: [1, 3, 4, 3, 4, 5] != Общий: [1, 3, 3, 3, 4, 5]"
Kuehne Nagel,794,"Спец: [1, 3, 4, 3, 4, 5] != Общий: [1, 3, 3, 3, 4, 5]"
Kuehne Nagel,795,"Спец: [1, 2, 3, 3, 4, 4, 3, 3, 4, 4, 3, 3, 4, 4, 5, 5, 5, 5] != Общий: [1, 1, 1, 2, 2, 2, 2, 3, 3, 3, 3, 3, 4, 4, 5, 4, 5, 5]"
Kuehne Nagel,796,"Спец: [1, 2, 2, 2, 3, 3, 4, 4, 3, 3, 4, 4, 5] != Общий: [1, 1, 1, 2, 2, 3, 3, 3, 3, 3, 4, 4, 5]"
Kuehne Nagel,797,"Спец: [1, 2, 2, 2, 3, 3, 4, 4, 3, 3, 4, 4, 5] != Общий: [1, 1, 1, 2, 2, 3, 3, 3, 3, 3, 4, 4, 5]"
Kuehne Nagel,798,"Спец: [1, 2, 3, 4, 3, 3, 4, 4, 4, 5, 5] != Общий: [1, 1, 1, 2, 2, 3, 4, 4, 4, 5, 5]"
Kuehne Nagel,799,"Спец: [1, 3, 4, 3, 4, 5] != Общий: [1, 3, 3, 3, 4, 5]"
Kuehne Nagel,800,"Спец: [1, 2, 3, 3, 4, 3, 3, 4, 5] != Общий: [1, 1, 2, 3, 3, 3, 3, 4, 5]"
Kuehne Nagel,801,"Спец: [1, 3, 4, 4, 3, 3, 4, 4, 5, 5] != Общий: [1, 1, 1, 2, 2, 3, 4, 4, 5, 5]"
Kuehne Nagel,802,"Спец: [1, 2, 3, 4, 3, 3, 4, 4, 3, 3, 4, 4, 5, 5, 5] != Общий: [1, 1, 1, 2, 2, 3, 3, 3, 3, 3, 4, 4, 5, 5, 5]"
Kuehne Nagel,803,"Спец: [1, 3, 4, 3, 3, 4, 3, 3, 4, 4, 5, 5, 5] != Общий: [1, 1, 1, 2, 3, 3, 3, 3, 4, 4, 5, 5, 5]"
Kuehne Nagel,804,"Спец: [1, 2, 3, 4, 3, 3, 4, 4, 3, 3, 4, 4, 4, 5, 5] != Общий: [1, 1, 1, 2, 2, 3, 3, 3, 3, 3, 4, 4, 4, 5, 5]"
Kuehne Nagel,805,"Спец: [1, 3, 4, 4, 3, 3, 4, 4, 3, 3, 4, 4, 5, 5, 5] != Общий: [1, 1, 1, 2, 2, 3, 3, 3, 3, 3, 4, 4, 5, 5, 5]"
Kuehne Nagel,806,"Спец: [1, 2, 3, 3, 4, 3, 3, 4, 4, 4, 5, 5, 5] != Общий: [1, 1, 2, 3, 3, 3, 3, 4, 4, 4, 5, 5, 5]"
Kuehne Nagel,807,"Спец: [1, 2, 3, 4, 3, 3, 4, 4, 4, 5, 5, 5, 5] != Общий: [1, 1, 1, 2, 2, 3, 4, 4, 4, 5, 5, 3, 3]"
Kuehne Nagel,809,"Спец: [1, 3, 4, 4, 4, 3, 3, 4, 4, 5, 5, 5, 5, 5, 5, 5, 5, 5] != Общий: [1, 1, 1, 2, 2, 2, 3, 4, 4, 5, 5, 5, 3, 4, 5, 5, 5, 5]"
Kuehne Nagel,810,"Спец: [1, 2, 2, 2, 2, 3, 4] != Общий: [1, 1, 2, 2, 2, 3, 4]"
Kuehne Nagel,812,"Спец: [1, 3, 4, 3, 4, 5] != Общий: [1, 3, 3, 3, 4, 5]"
Kuehne Nagel,813,"Спец: [1, 2, 2, 3, 4, 3, 3, 4, 4, 3, 3, 4, 4, 4, 5, 5, 5, 5] != Общий: [1, 1, 2, 2, 2, 2, 3, 3, 3, 3, 3, 4, 4, 4, 5, 5, 3, 3]"
Kuehne Nagel,815,"Спец: [1, 3, 4, 4, 4, 3, 3, 4, 4, 5, 5, 5, 5, 5, 5, 5] != Общий: [1, 1, 1, 2, 2, 2, 3, 4, 4, 5, 5, 5, 4, 5, 5, 5]"
Kuehne Nagel,816,"Спец: [1, 3, 4, 4, 4, 3, 3, 4, 4, 5, 5, 5, 5, 5, 5, 5, 5, 5] != Общий: [1, 1, 1, 2, 2, 2, 3, 4, 4, 5, 5, 5, 4, 5, 5, 5, 5, 5]"
Kuehne Nagel,817,"Спец: [1, 3, 4, 4, 4, 3, 3, 4, 4, 3, 3, 4, 4, 5, 5, 5, 5, 5] != Общий: [1, 1, 2, 2, 2, 2, 3, 3, 3, 3, 3, 4, 4, 5, 5, 3, 3, 4]"
Kuehne Nagel,818,"Спец: [1, 2, 3, 3, 4, 3, 3, 4, 4, 4, 5, 5, 5, 5] != Общий: [1, 1, 1, 2, 2, 2, 3, 4, 4, 4, 5, 5, 3, 3]"
Kuehne Nagel,819,"Спец: [1, 2, 2, 3, 3, 4, 4, 3, 3, 4, 4, 4, 5, 5, 5, 5] != Общий: [1, 1, 2, 2, 3, 3, 3, 3, 3, 4, 4, 4, 5, 5, 3, 3]"
Kuehne Nagel,820,"Спец: [1, 3, 4, 3, 3, 4, 4, 4, 5, 5, 5] != Общий: [1, 1, 2, 2, 3, 4, 4, 4, 5, 5, 5]"
Kuehne Nagel,822,"Спец: [1, 2, 3, 4, 3, 3, 4, 4, 3, 3, 4, 4, 5, 5, 5] != Общий: [1, 1, 1, 2, 2, 3, 3, 3, 3, 3, 4, 4, 5, 4, 5]"
Kuehne Nagel,823,"Спец: [1, 3, 4, 4, 4, 3, 3, 4, 4, 4, 5, 5, 5, 5] != Общий: [1, 1, 1, 2, 2, 2, 3, 4, 4, 4, 5, 5, 3, 3]"
Kuehne Nagel,824,"Спец: [1, 2, 3, 4, 3, 3, 4, 4, 4, 5] != Общий: [1, 1, 1, 2, 2, 3, 4, 4, 4, 5]"
Kuehne Nagel,825,"Спец: [1, 3, 3, 4, 3, 3, 4, 4, 4, 5, 5, 5, 5] != Общий: [1, 1, 2, 2, 2, 3, 4, 4, 4, 5, 5, 3, 3]"
Kuehne Nagel,827,"Спец: [1, 2, 2, 3, 4, 3, 3, 4, 3, 3, 4, 4, 5, 5] != Общий: [1, 1, 2, 2, 2, 2, 3, 3, 3, 3, 4, 4, 5, 5]"
Kuehne Nagel,828,"Спец: [1, 3, 4, 3, 4, 5] != Общий: [1, 3, 3, 3, 4, 5]"
Kuehne Nagel,830,"Спец: [1, 2, 3, 3, 4, 4, 3, 3, 4, 4, 3, 3, 4, 4, 5, 5, 5] != Общий: [1, 1, 1, 3, 4, 4, 4, 3, 3, 3, 3, 3, 4, 4, 5, 5, 5]"
Kuehne Nagel,831,"Спец: [1, 2, 3, 4, 3, 3, 4, 4, 5, 5, 5] != Общий: [1, 1, 1, 2, 2, 3, 4, 4, 5, 5, 5]"
Kuehne Nagel,832,"Спец: [1, 2, 3, 4, 3, 3, 4, 4, 3, 3, 4, 4, 5, 5, 5] != Общий: [1, 1, 1, 2, 2, 3, 3, 3, 3, 3, 4, 4, 5, 5, 5]"
Kuehne Nagel,833,"Спец: [1, 3, 4, 3, 3, 4, 4, 3, 3, 4] != Общий: [1, 1, 2, 2, 3, 3, 3, 3, 3, 4]"
Kuehne Nagel,834,"Спец: [1, 3, 3, 4, 3, 3, 4, 4, 4, 5, 5, 5] != Общий: [1, 1, 2, 2, 2, 3, 4, 4, 4, 5, 5, 5]"
Kuehne Nagel,836,"Спец: [1, 2, 3, 3, 4, 3, 3, 4, 4, 3, 3, 4, 4, 5, 5] != Общий: [1, 1, 2, 3, 3, 3, 3, 3, 3, 3, 3, 4, 4, 5, 5]"
Kuehne Nagel,837,"Спец: [1, 2, 3, 4, 3, 3, 4, 4, 3, 3, 4, 3, 3, 4, 4, 3, 3, 4, 4, 5, 5] != Общий: [1, 1, 1, 2, 2, 3, 3, 3, 3, 3, 3, 3, 3, 3, 3, 3, 3, 4, 4, 5, 5]"
Kuehne Nagel,838,"Спец: [1, 3, 4, 3, 3, 4, 3, 4, 3, 3, 4, 4, 5, 5] != Общий: [1, 1, 2, 2, 3, 3, 3, 3, 3, 3, 4, 4, 5, 5]"
Kuehne Nagel,839,"Спец: [1, 3, 4, 4, 3, 3, 4, 4, 3, 3, 4, 4, 3, 3, 4, 4, 3, 3, 4] != Общий: [1, 1, 2, 2, 2, 3, 3, 3, 3, 3, 3, 3, 3, 3, 3, 3, 3, 3, 4]"
Kuehne Nagel,840,"Спец: [1, 3, 4, 3, 3, 4, 3, 3, 4, 4, 4, 5, 5] != Общий: [1, 1, 2, 2, 3, 3, 3, 3, 4, 4, 4, 5, 5]"
Kuehne Nagel,841,"Спец: [1, 2, 3, 3, 3, 4, 5] != Общий: [1, 1, 1, 2, 3, 4, 5]"
Kuehne Nagel,842,"Спец: [1, 3, 4, 4, 4, 3, 3, 4, 4, 4, 5, 5] != Общий: [1, 1, 1, 2, 2, 2, 3, 4, 4, 4, 5, 5]"
Kuehne Nagel,843,"Спец: [1, 2, 3, 3, 4, 4, 5, 5] != Общий: [1, 1, 2, 3, 4, 4, 5, 5]"
Kuehne Nagel,844,"Спец: [1, 2, 2, 2, 3, 3, 4, 5, 5, 5] != Общий: [1, 1, 2, 2, 2, 3, 4, 5, 4, 5]"
Kuehne Nagel,845,"Спец: [1, 2, 3, 4, 4, 3, 3, 4, 4, 4, 5, 5] != Общий: [1, 1, 1, 2, 2, 2, 3, 4, 4, 4, 5, 5]"
Kuehne Nagel,846,"Спец: [1, 2, 3, 4, 3, 3, 4, 3, 3, 4, 3, 3, 4] != Общий: [1, 1, 1, 2, 2, 3, 3, 3, 3, 3, 3, 3, 4]"
Kuehne Nagel,847,"Спец: [1, 2, 3, 4, 3, 3, 4, 4, 5, 5] != Общий: [1, 1, 1, 2, 2, 3, 4, 4, 5, 5]"
Kuehne Nagel,848,"Спец: [1, 3, 3, 4, 4, 4, 5, 5] != Общий: [1, 2, 3, 4, 4, 4, 5, 5]"
Kuehne Nagel,849,"Спец: [1, 2, 3, 4, 3, 3, 4, 3, 4] != Общий: [1, 1, 1, 2, 2, 3, 3, 3, 4]"
Kuehne Nagel,850,"Спец: [1, 2, 3, 4, 3, 3, 4, 3, 4] != Общий: [1, 1, 1, 2, 2, 3, 3, 3, 4]"
Kuehne Nagel,851,"Спец: [1, 3, 4, 4, 4, 3, 3, 4, 4, 3, 3, 4, 4, 5, 5, 5] != Общий: [1, 1, 1, 2, 2, 2, 3, 3, 3, 3, 3, 4, 4, 5, 5, 5]"
Kuehne Nagel,852,"Спец: [1, 3, 4, 4, 4, 3, 3, 4, 4, 3, 3, 4, 4, 5, 5, 5] != Общий: [1, 1, 1, 2, 2, 2, 3, 3, 3, 3, 3, 4, 4, 5, 5, 5]"
Kuehne Nagel,853,"Спец: [1, 2, 3, 3, 4, 3, 3, 4, 4, 4, 5, 5, 5] != Общий: [1, 1, 1, 2, 2, 2, 3, 4, 4, 4, 5, 5, 5]"
Kuehne Nagel,854,"Спец: [1, 2, 3, 4, 3, 3, 4, 3, 4] != Общий: [1, 1, 1, 2, 2, 3, 3, 3, 4]"
Kuehne Nagel,855,"Спец: [1, 2, 2, 2, 2, 3, 3, 4] != Общий: [1, 1, 1, 1, 2, 2, 3, 4]"
Kuehne Nagel,856,"Спец: [1, 2, 3, 3, 4, 3, 4, 5] != Общий: [1, 1, 1, 2, 2, 3, 4, 5]"
Kuehne Nagel,857,"Спец: [1, 3, 4, 4, 3, 3, 4, 4, 4, 5, 5] != Общий: [1, 1, 2, 2, 2, 3, 4, 4, 4, 5, 5]"
Kuehne Nagel,858,"Спец: [1, 3, 4, 3, 3, 4, 4, 3, 3, 4, 3, 4] != Общий: [1, 1, 1, 2, 3, 3, 3, 3, 3, 3, 3, 4]"
Kuehne Nagel,859,"Спец: [1, 2, 3, 4, 3, 3, 4, 4, 3, 3, 4, 3, 4] != Общий: [1, 1, 1, 2, 2, 3, 3, 3, 3, 3, 3, 3, 4]"
Kuehne Nagel,860,"Спец: [1, 3, 3, 4, 3, 3, 4, 3, 4] != Общий: [1, 1, 2, 2, 2, 3, 3, 3, 4]"
Kuehne Nagel,861,"Спец: [1, 2, 3, 4, 3, 3, 4, 4, 3, 3, 4, 4, 4, 5, 5] != Общий: [1, 1, 1, 2, 2, 3, 3, 3, 3, 3, 4, 4, 4, 5, 5]"
Kuehne Nagel,863,"Спец: [1, 3, 3, 4, 3, 3, 4, 3, 4] != Общий: [1, 1, 2, 2, 2, 3, 3, 3, 4]"
Kuehne Nagel,865,"Спец: [1, 2, 2, 2, 2, 3, 3, 4] != Общий: [1, 1, 1, 1, 2, 2, 3, 4]"
Kuehne Nagel,866,"Спец: [1, 2, 2, 3, 3, 4, 3, 3, 4] != Общий: [1, 2, 2, 2, 3, 3, 3, 3, 4]"
Kuehne Nagel,867,"Спец: [1, 3, 4, 4, 4, 3, 3, 4, 4, 3, 3, 4] != Общий: [1, 1, 1, 2, 2, 2, 3, 3, 3, 3, 3, 4]"
Kuehne Nagel,868,"Спец: [1, 3, 4, 4, 4, 3, 3, 4, 4, 3, 3, 4] != Общий: [1, 1, 1, 2, 2, 2, 3, 3, 3, 3, 3, 4]"
Kuehne Nagel,869,"Спец: [1, 3, 4, 4, 4, 3, 3, 4, 4, 3, 3, 4] != Общий: [1, 1, 1, 2, 2, 2, 3, 3, 3, 3, 3, 4]"
Kuehne Nagel,870,"Спец: [1, 2, 2, 2, 3, 3, 4, 4, 3, 3, 4] != Общий: [1, 1, 2, 2, 2, 3, 3, 3, 3, 3, 4]"
Kuehne Nagel,871,"Спец: [1, 3, 4, 3, 3, 4, 3, 3, 4, 4, 4, 5, 5] != Общий: [1, 1, 2, 2, 3, 3, 3, 3, 4, 4, 4, 5, 5]"
Kuehne Nagel,873,"Спец: [1, 3, 3, 4, 4, 3, 3, 4, 4, 4, 5, 5] != Общий: [1, 1, 2, 2, 2, 2, 3, 4, 4, 4, 5, 5]"
Kuehne Nagel,874,"Спец: [1, 2, 3, 4, 3, 3, 4, 4, 4, 5, 5, 5] != Общий: [1, 1, 1, 2, 2, 3, 4, 4, 4, 5, 5, 5]"
Kuehne Nagel,875,"Спец: [1, 3, 4, 3, 3, 4, 4, 3, 3, 4, 3, 3, 4, 4, 4, 5, 5, 5, 5] != Общий: [1, 1, 2, 2, 3, 3, 3, 3, 3, 3, 3, 3, 4, 4, 4, 5, 4, 5, 5]"
Kuehne Nagel,876,"Спец: [1, 3, 4, 3, 3, 4, 4, 3, 4, 4, 4, 5, 5] != Общий: [1, 1, 1, 2, 3, 3, 3, 3, 4, 4, 4, 5, 5]"
Kuehne Nagel,877,"Спец: [1, 3, 4, 3, 3, 4, 4, 3, 4, 4, 4, 5, 5] != Общий: [1, 1, 1, 2, 3, 3, 3, 3, 4, 4, 4, 5, 5]"
Kuehne Nagel,880,"Спец: [1, 3, 4, 3, 4, 5, 5] != Общий: [1, 3, 3, 3, 4, 5, 5]"
Kuehne Nagel,881,"Спец: [1, 2, 3, 4, 3, 3, 4, 4, 3, 3, 4] != Общий: [1, 1, 1, 2, 2, 3, 3, 3, 3, 3, 4]"
Kuehne Nagel,882,"Спец: [1, 2, 2, 2, 3, 4] != Общий: [1, 1, 2, 2, 3, 4]"
Kuehne Nagel,883,"Спец: [1, 3, 4, 3, 3, 4, 4, 4, 5, 5] != Общий: [1, 1, 2, 2, 3, 4, 4, 4, 5, 5]"
Kuehne Nagel,884,"Спец: [1, 2, 3, 4, 3, 3, 4, 4, 4, 5, 5] != Общий: [1, 1, 1, 2, 2, 3, 4, 4, 4, 5, 5]"
Kuehne Nagel,885,"Спец: [1, 2, 3, 4, 3, 3, 4, 4, 3, 3, 4, 4, 5, 5, 5, 5, 5, 5, 5] != Общий: [1, 1, 1, 2, 2, 3, 3, 3, 3, 3, 4, 4, 5, 5, 3, 4, 5, 5, 5]"
Kuehne Nagel,886,"Спец: [1, 3, 4, 4, 3, 3, 4, 4, 4, 5, 5] != Общий: [1, 1, 1, 2, 2, 3, 4, 4, 4, 5, 5]"
Kuehne Nagel,887,"Спец: [1, 3, 4, 4, 4, 3, 3, 4, 4, 5, 5, 5] != Общий: [1, 1, 1, 2, 2, 2, 3, 4, 4, 5, 5, 5]"
Kuehne Nagel,888,"Спец: [1, 3, 4, 4, 4, 3, 3, 4, 4, 5, 5, 5] != Общий: [1, 1, 1, 2, 2, 2, 3, 4, 4, 5, 5, 5]"
Kuehne Nagel,889,"Спец: [1, 2, 3, 4, 3, 3, 4, 4, 3, 3, 4, 4, 5, 5, 5] != Общий: [1, 1, 1, 2, 2, 3, 3, 3, 3, 3, 4, 4, 5, 5, 5]"
Kuehne Nagel,890,"Спец: [1, 2, 3, 4, 3, 3, 4] != Общий: [1, 1, 1, 2, 2, 3, 4]"
Kuehne Nagel,891,"Спец: [1, 3, 3, 4, 3, 3, 4, 4, 4, 5, 5] != Общий: [1, 1, 2, 2, 2, 3, 4, 4, 4, 5, 5]"
Kuehne Nagel,892,"Спец: [1, 2, 3, 4, 3, 3, 4, 4, 5, 5] != Общий: [1, 1, 1, 2, 2, 3, 4, 4, 5, 5]"
Kuehne Nagel,893,"Спец: [1, 2, 3, 4, 3, 3, 4, 4, 3, 3, 4, 4, 5, 5, 5] != Общий: [1, 1, 1, 2, 2, 3, 3, 3, 3, 3, 4, 4, 5, 5, 5]"
Kuehne Nagel,894,"Спец: [1, 2, 3, 3, 4, 3, 3, 4, 3, 3, 4, 4, 5, 5] != Общий: [1, 1, 2, 3, 3, 3, 3, 3, 3, 3, 4, 4, 5, 5]"
Kuehne Nagel,895,"Спец: [1, 2, 3, 3, 3, 3, 4, 4, 3, 3, 4, 3, 4] != Общий: [1, 2, 2, 2, 2, 3, 3, 3, 3, 3, 3, 3, 4]"
Kuehne Nagel,896,"Спец: [1, 3, 4, 3, 3, 4, 4, 3, 3, 4, 4, 5, 5, 5] != Общий: [1, 1, 2, 2, 3, 3, 3, 3, 3, 4, 4, 5, 5, 5]"
Kuehne Nagel,897,"Спец: [1, 3, 4, 4, 4, 3, 3, 4, 4, 4, 5, 5] != Общий: [1, 1, 1, 2, 2, 2, 3, 4, 4, 4, 5, 5]"
Kuehne Nagel,898,"Спец: [1, 2, 3, 4, 3, 3, 4, 4, 4, 5, 5, 5] != Общий: [1, 1, 1, 2, 2, 3, 4, 4, 4, 5, 5, 5]"
Kuehne Nagel,899,"Спец: [1, 2, 2, 3, 3, 4, 3, 3, 4, 3, 3, 4, 5, 5, 5] != Общий: [1, 1, 2, 2, 3, 3, 3, 3, 3, 3, 3, 4, 5, 5, 5]"
Kuehne Nagel,900,"Спец: [1, 2, 3, 4, 3, 3, 4, 4, 3, 3, 4, 3, 3, 4, 4, 5, 5] != Общий: [1, 1, 1, 2, 2, 3, 3, 3, 3, 3, 3, 3, 3, 4, 4, 5, 5]"
Kuehne Nagel,902,"Спец: [1, 3, 4, 4, 3, 3, 4, 4, 3, 3, 4] != Общий: [1, 1, 1, 2, 2, 3, 3, 3, 3, 3, 4]"
Kuehne Nagel,903,"Спец: [1, 3, 4, 4, 3, 3, 4, 4, 4, 5, 5] != Общий: [1, 1, 2, 2, 2, 3, 4, 4, 4, 5, 5]"
Kuehne Nagel,904,"Спец: [1, 3, 4, 4, 3, 3, 4, 4, 5, 5, 5] != Общий: [1, 1, 1, 2, 2, 3, 4, 4, 5, 5, 5]"
Kuehne Nagel,905,"Спец: [1, 2, 2, 3, 3, 4] != Общий: [1, 1, 2, 2, 3, 4]"
Kuehne Nagel,906,"Спец: [1, 2, 2, 3, 3, 4] != Общий: [1, 1, 2, 2, 3, 4]"
Kuehne Nagel,907,"Спец: [1, 2, 2, 2, 3, 3, 4, 4, 5, 5] != Общий: [1, 1, 1, 2, 2, 3, 4, 4, 5, 5]"
Kuehne Nagel,908,"Спец: [1, 2, 2, 2, 3, 3, 4, 4, 5, 5] != Общий: [1, 1, 1, 2, 2, 3, 4, 4, 5, 5]"
Kuehne Nagel,909,"Спец: [1, 3, 3, 4, 4, 3, 3, 4, 4, 4, 5, 5] != Общий: [1, 1, 2, 2, 2, 2, 3, 4, 4, 4, 5, 5]"
Kuehne Nagel,910,"Спец: [1, 2, 3, 3, 4, 4, 5, 5] != Общий: [1, 2, 2, 3, 4, 4, 5, 5]"
Kuehne Nagel,911,"Спец: [1, 2, 2, 2, 3, 3, 4, 3, 3, 4, 4, 4, 5, 5] != Общий: [1, 2, 2, 2, 2, 3, 3, 3, 3, 4, 4, 4, 5, 5]"
Kuehne Nagel,913,"Спец: [1, 2, 3, 4, 3, 3, 4, 4, 4, 5, 5, 5] != Общий: [1, 1, 1, 2, 2, 3, 4, 4, 4, 5, 5, 5]"
Kuehne Nagel,914,"Спец: [1, 3, 4, 4, 3, 3, 4, 4, 4, 5, 5, 5, 5, 5, 5, 5] != Общий: [1, 1, 1, 2, 2, 3, 4, 4, 4, 5, 5, 3, 4, 5, 5, 5]"
Kuehne Nagel,915,"Спец: [1, 3, 4, 4, 4, 3, 3, 4, 4, 5, 5, 5, 5, 5, 5, 5, 5, 5] != Общий: [1, 1, 1, 2, 2, 2, 3, 4, 4, 5, 5, 4, 5, 5, 5, 5, 3, 3]"
Kuehne Nagel,917,"Спец: [1, 3, 4, 4, 4, 3, 3, 4, 4, 4, 5, 5] != Общий: [1, 1, 1, 2, 2, 2, 3, 4, 4, 4, 5, 5]"
Kuehne Nagel,918,"Спец: [1, 3, 4, 4, 3, 3, 4, 4, 3, 3, 4, 4, 4, 5, 5, 5, 5] != Общий: [1, 1, 1, 2, 2, 3, 3, 3, 3, 3, 4, 4, 4, 5, 5, 3, 3]"
Kuehne Nagel,920,"Спец: [1, 2, 2, 2, 3, 3, 4, 4, 5, 5, 5, 5] != Общий: [1, 1, 2, 2, 2, 3, 4, 4, 5, 3, 4, 4]"
Kuehne Nagel,921,"Спец: [1, 3, 4, 3, 4, 3, 3, 4, 4, 5] != Общий: [1, 3, 3, 3, 3, 3, 3, 4, 4, 5]"
Kuehne Nagel,922,"Спец: [1, 2, 2, 3, 4, 3, 3, 4, 4, 4, 5, 5] != Общий: [1, 1, 2, 2, 2, 2, 3, 4, 4, 4, 5, 5]"
Kuehne Nagel,923,"Спец: [1, 3, 4, 4, 3, 3, 4, 4, 4, 5, 5] != Общий: [1, 1, 1, 2, 2, 3, 4, 4, 4, 5, 5]"
Kuehne Nagel,924,"Спец: [1, 3, 3, 3, 4, 4, 3, 3, 4, 4, 3, 4, 4, 4, 5, 5, 5] != Общий: [1, 1, 2, 3, 3, 3, 3, 3, 3, 3, 3, 4, 4, 4, 5, 5, 5]"
Kuehne Nagel,925,"Спец: [1, 3, 4, 3, 3, 4, 4, 3, 4, 4, 4, 5, 5] != Общий: [1, 1, 1, 2, 3, 3, 3, 3, 4, 4, 4, 5, 5]"
Kuehne Nagel,926,"Спец: [1, 3, 4, 3, 3, 4, 4, 3, 4, 4, 4, 5, 5] != Общий: [1, 1, 1, 2, 3, 3, 3, 3, 4, 4, 4, 5, 5]"
Kuehne Nagel,928,"Спец: [1, 2, 2, 3, 3, 4, 4, 3, 3, 4, 4, 5, 5, 5] != Общий: [1, 1, 2, 2, 3, 3, 3, 3, 3, 4, 4, 5, 5, 5]"
Kuehne Nagel,929,"Спец: [1, 2, 3, 3, 4, 4, 3, 3, 4, 4, 5, 5] != Общий: [1, 2, 2, 3, 3, 3, 3, 3, 4, 4, 5, 5]"
Kuehne Nagel,930,"Спец: [1, 3, 4, 4, 4, 3, 3, 4, 4, 4, 5, 5] != Общий: [1, 1, 1, 2, 2, 2, 3, 4, 4, 4, 5, 5]"
Kuehne Nagel,931,"Спец: [1, 2, 3, 4, 3, 3, 4, 4, 4, 5, 5, 5] != Общий: [1, 1, 1, 2, 2, 3, 4, 4, 4, 5, 5, 5]"
Kuehne Nagel,932,"Спец: [1, 2, 2, 3, 3, 4, 3, 3, 4, 3, 3, 4, 5, 5, 5] != Общий: [1, 1, 2, 2, 3, 3, 3, 3, 3, 3, 3, 4, 5, 5, 5]"
Kuehne Nagel,933,"Спец: [1, 3, 4, 4, 3, 3, 4, 4, 3, 3, 4, 5, 5, 5] != Общий: [1, 1, 1, 2, 2, 3, 3, 3, 3, 3, 4, 5, 5, 5]"
Kuehne Nagel,934,"Спец: [1, 3, 4, 4, 4, 3, 3, 4, 4, 5, 5, 5] != Общий: [1, 1, 1, 2, 2, 2, 3, 4, 4, 5, 5, 5]"
Kuehne Nagel,935,"Спец: [1, 2, 3, 4, 3, 3, 4, 4, 3, 4] != Общий: [1, 1, 1, 2, 2, 3, 3, 3, 3, 4]"
Kuehne Nagel,936,"Спец: [1, 3, 4, 4, 4, 3, 3, 4, 4, 5, 5, 5] != Общий: [1, 1, 1, 2, 2, 2, 3, 4, 4, 5, 5, 5]"
Kuehne Nagel,938,"Спец: [1, 2, 3, 3, 4, 3, 3, 4, 4, 4, 5, 5, 5] != Общий: [1, 1, 1, 2, 2, 2, 3, 4, 4, 4, 5, 5, 5]"
Kuehne Nagel,939,"Спец: [1, 2, 3, 3, 4, 3, 3, 4, 4, 4, 5, 5, 5] != Общий: [1, 1, 1, 2, 2, 2, 3, 4, 4, 4, 5, 5, 5]"
Kuehne Nagel,940,"Спец: [1, 2, 3, 3, 4] != Общий: [1, 1, 1, 3, 4]"
Kuehne Nagel,941,"Спец: [1, 2, 3, 4] != Общий: [1, 1, 3, 4]"
Kuehne Nagel,942,"Спец: [1, 2, 3, 3, 4, 4, 3, 3, 4, 4, 4, 5, 5] != Общий: [1, 1, 2, 3, 3, 3, 3, 3, 4, 4, 4, 5, 5]"
Kuehne Nagel,943,"Спец: [1, 2, 3, 4, 3, 3, 4, 4, 3, 3, 4, 4, 3, 3, 4, 4, 5, 5] != Общий: [1, 1, 1, 2, 2, 3, 3, 3, 3, 3, 3, 3, 3, 3, 4, 4, 5, 5]"
Kuehne Nagel,944,"Спец: [1, 3, 4, 3, 3, 4, 3, 3, 4, 4, 4, 5, 5] != Общий: [1, 1, 2, 2, 3, 3, 3, 3, 4, 4, 4, 5, 5]"
Kuehne Nagel,945,"Спец: [1, 2, 3, 4, 3, 3, 4, 4, 3, 3, 4, 4, 5, 5] != Общий: [1, 1, 1, 2, 2, 3, 3, 3, 3, 3, 4, 4, 5, 5]"
Kuehne Nagel,946,"Спец: [1, 2, 3, 4, 3, 3, 3, 4, 4] != Общий: [1, 1, 1, 2, 2, 3, 3, 3, 4]"
Kuehne Nagel,949,"Спец: [1, 3, 4, 3, 3, 4, 3, 3, 4, 4, 4, 5, 5] != Общий: [1, 1, 2, 2, 3, 3, 3, 3, 4, 4, 4, 5, 5]"
Kuehne Nagel,950,"Спец: [1, 2, 3, 4, 3, 3, 4, 4, 3, 3, 4, 4, 5, 5] != Общий: [1, 1, 1, 2, 2, 3, 3, 3, 3, 3, 4, 4, 5, 5]"
Kuehne Nagel,953,"Спец: [1, 2, 3, 4, 3, 3, 3, 4, 4] != Общий: [1, 1, 1, 2, 2, 3, 3, 3, 4]"
Kuehne Nagel,954,"Спец: [1, 3, 4, 3, 3, 4, 4, 5, 5] != Общий: [1, 1, 2, 2, 3, 4, 4, 5, 5]"
Kuehne Nagel,955,"Спец: [1, 2, 3, 3, 4, 3, 3, 4, 4, 4, 5, 5, 5, 5] != Общий: [1, 1, 1, 2, 2, 2, 3, 4, 4, 4, 5, 5, 3, 3]"
Kuehne Nagel,956,"Спец: [1, 3, 4, 4, 3, 3, 4, 4, 4, 5, 5] != Общий: [1, 1, 2, 2, 2, 3, 4, 4, 4, 5, 5]"
Kuehne Nagel,957,"Спец: [1, 2, 3, 4, 3, 3, 4, 4, 3, 3, 4, 4, 3, 3, 4, 4, 4, 5, 5] != Общий: [1, 1, 1, 2, 2, 3, 3, 3, 3, 3, 3, 3, 3, 3, 4, 4, 4, 5, 5]"
Kuehne Nagel,958,"Спец: [1, 2, 2, 2, 3, 4, 3, 3, 4, 4, 4, 5] != Общий: [1, 1, 2, 2, 3, 4, 4, 3, 4, 4, 4, 5]"
Kuehne Nagel,959,"Спец: [1, 2, 2, 2, 3, 4, 3, 3, 4, 4, 4, 5] != Общий: [1, 1, 2, 2, 3, 4, 4, 3, 4, 4, 4, 5]"
Kuehne Nagel,961,"Спец: [1, 2, 2, 2, 3, 3, 4, 4, 3, 3, 4, 4, 5, 5] != Общий: [1, 1, 1, 1, 2, 3, 3, 3, 3, 3, 4, 4, 5, 5]"
Kuehne Nagel,962,"Спец: [1, 3, 3, 4, 3, 3, 4, 4, 3, 3, 4, 4, 4, 5, 5, 5] != Общий: [1, 1, 2, 2, 2, 3, 3, 3, 3, 3, 4, 4, 4, 5, 5, 5]"
Kuehne Nagel,963,"Спец: [1, 3, 4, 4, 3, 3, 4, 4, 4, 5, 5] != Общий: [1, 1, 2, 2, 2, 3, 4, 4, 4, 5, 5]"
Kuehne Nagel,964,"Спец: [1, 2, 2, 3, 3, 4, 4, 4, 5, 5] != Общий: [1, 1, 2, 2, 3, 4, 4, 4, 5, 5]"
Kuehne Nagel,965,"Спец: [1, 2, 3, 4, 3, 3, 4, 4, 5, 5] != Общий: [1, 1, 1, 2, 2, 3, 4, 4, 5, 5]"
Kuehne Nagel,966,"Спец: [1, 2, 3, 4, 3, 3, 4, 4, 5, 5] != Общий: [1, 1, 1, 2, 2, 3, 4, 4, 5, 5]"
Kuehne Nagel,967,"Спец: [1, 3, 4, 4, 4, 3, 3, 4, 5] != Общий: [1, 1, 1, 2, 2, 2, 3, 4, 5]"
Kuehne Nagel,968,"Спец: [1, 3, 4, 4, 3, 3, 4, 4, 4, 5, 5] != Общий: [1, 1, 1, 2, 2, 3, 4, 4, 4, 5, 5]"
Kuehne Nagel,969,"Спец: [1, 2, 2, 2, 3, 3, 4, 3, 4, 3, 4, 5] != Общий: [1, 1, 1, 1, 2, 3, 3, 3, 3, 3, 4, 5]"
Kuehne Nagel,970,"Спец: [1, 2, 3, 4, 4, 3, 3, 4, 4, 3, 3, 4, 4, 4, 5, 5] != Общий: [1, 1, 1, 2, 2, 2, 3, 3, 3, 3, 3, 4, 4, 4, 5, 5]"
Kuehne Nagel,971,"Спец: [1, 3, 4, 4, 3, 4, 4, 4, 5, 5, 5] != Общий: [1, 1, 1, 2, 3, 4, 4, 4, 5, 3, 3]"
Kuehne Nagel,972,"Спец: [1, 2, 2, 2, 3, 3, 4, 4, 5, 5, 5] != Общий: [1, 1, 2, 2, 2, 3, 4, 4, 5, 5, 5]"
Kuehne Nagel,973,"Спец: [1, 2, 3, 4, 3, 3, 4, 4, 5, 5] != Общий: [1, 1, 1, 2, 2, 3, 4, 4, 5, 5]"
Kuehne Nagel,974,"Спец: [1, 3, 4, 4, 3, 3, 4, 4, 4, 5, 5] != Общий: [1, 1, 2, 2, 2, 3, 4, 4, 4, 5, 5]"
Kuehne Nagel,975,"Спец: [1, 3, 4, 4, 3, 3, 4, 3, 3, 4, 4, 5, 5, 5, 5, 5, 5] != Общий: [1, 1, 2, 2, 2, 3, 3, 3, 3, 4, 4, 5, 3, 3, 3, 3, 4]"
Kuehne Nagel,976,"Спец: [1, 3, 4, 4, 4, 3, 3, 4, 4, 5, 5, 5] != Общий: [1, 1, 1, 2, 2, 2, 3, 4, 4, 5, 5, 5]"
Kuehne Nagel,977,"Спец: [1, 3, 3, 3, 4, 4, 3, 3, 4, 4, 3, 3, 4, 4, 4, 5, 5] != Общий: [1, 1, 2, 3, 3, 3, 3, 3, 3, 3, 3, 3, 4, 4, 4, 5, 5]"
Kuehne Nagel,978,"Спец: [1, 3, 4, 3, 3, 4, 4, 5, 5] != Общий: [1, 1, 2, 2, 3, 4, 4, 5, 5]"
Kuehne Nagel,979,"Спец: [1, 3, 4, 4, 3, 4, 3, 3, 4, 4, 4, 5, 5, 5, 5] != Общий: [1, 1, 1, 2, 3, 4, 4, 3, 4, 4, 4, 5, 5, 3, 3]"
Kuehne Nagel,980,"Спец: [1, 2, 3, 3, 4, 3, 3, 4, 4, 3, 3, 4, 4, 4, 5, 5, 5, 5] != Общий: [1, 1, 1, 2, 2, 2, 3, 3, 3, 3, 3, 4, 4, 4, 5, 5, 3, 3]"
Kuehne Nagel,981,"Спец: [1, 3, 4, 4, 3, 3, 4, 4, 3, 3, 4] != Общий: [1, 1, 2, 2, 2, 3, 3, 3, 3, 3, 4]"
Kuehne Nagel,982,"Спец: [1, 3, 4, 4, 3, 3, 4, 4, 4, 5, 5] != Общий: [1, 1, 2, 2, 2, 3, 4, 4, 4, 5, 5]"
Kuehne Nagel,984,"Спец: [1, 2, 2, 3, 4, 3, 3, 4, 4, 4, 5, 5] != Общий: [1, 1, 2, 2, 2, 2, 3, 4, 4, 4, 5, 5]"
Kuehne Nagel,985,"Спец: [1, 2, 2, 3, 3, 4] != Общий: [1, 1, 2, 2, 3, 4]"
Kuehne Nagel,986,"Спец: [1, 2, 3, 4, 3, 3, 4, 3, 4, 3, 4] != Общий: [1, 1, 1, 2, 2, 3, 3, 3, 3, 3, 4]"
Kuehne Nagel,987,"Спец: [1, 3, 4, 4, 4, 3, 3, 4, 4, 5, 5, 5, 5, 5] != Общий: [1, 1, 1, 2, 2, 2, 3, 4, 4, 5, 4, 5, 3, 3]"
Kuehne Nagel,988,"Спец: [1, 2, 2, 2, 2, 3, 4] != Общий: [1, 1, 2, 2, 2, 3, 4]"
Kuehne Nagel,989,"Спец: [1, 3, 4, 3, 3, 4, 4, 3, 3, 4, 4, 3, 3, 4, 4, 3, 3, 4, 4, 5, 5, 5] != Общий: [1, 1, 2, 2, 3, 3, 3, 3, 3, 3, 3, 3, 3, 3, 3, 3, 3, 4, 4, 5, 5, 5]"
Kuehne Nagel,990,"Спец: [1, 2, 3, 4, 3, 3, 4, 4, 4, 5, 5] != Общий: [1, 1, 1, 2, 2, 3, 4, 4, 4, 5, 5]"
Kuehne Nagel,992,"Спец: [1, 2, 2, 3, 4, 3, 3, 4, 4, 3, 3, 3, 4, 4, 5, 5, 5] != Общий: [1, 1, 2, 2, 2, 2, 3, 4, 4, 5, 3, 3, 4, 5, 5, 3, 3]"
Kuehne Nagel,993,"Спец: [1, 3, 4, 3, 3, 4, 4, 4, 5, 5] != Общий: [1, 1, 2, 2, 3, 4, 4, 4, 5, 5]"
Kuehne Nagel,994,"Спец: [1, 2, 3, 3, 4, 3, 3, 4, 4, 4, 5, 5, 5, 5] != Общий: [1, 1, 1, 2, 2, 2, 3, 4, 4, 4, 5, 5, 3, 3]"
Kuehne Nagel,995,"Спец: [1, 3, 3, 4, 3, 3, 4, 4, 4, 5, 5, 5] != Общий: [1, 1, 2, 2, 2, 3, 4, 4, 4, 5, 5, 5]"
Kuehne Nagel,997,"Спец: [1, 2, 3, 3, 4, 3, 3, 4, 4, 4, 5, 5, 5, 5] != Общий: [1, 1, 1, 2, 2, 2, 3, 4, 4, 4, 5, 5, 3, 3]"
Kuehne Nagel,998,"Спец: [1, 3, 3, 4, 3, 3, 4, 4, 4, 5, 5, 5] != Общий: [1, 1, 2, 2, 2, 3, 4, 4, 4, 5, 5, 5]"
LESCHACO,0,"Спец: [1, 2, 2, 2, 3, 4, 4, 4, 3, 4, 4, 5] != Общий: [1, 1, 1, 2, 3, 3, 3, 3, 3, 4, 4, 5]"
LESCHACO,1,"Спец: [1, 2, 3, 4] != Общий: [1, 1, 3, 4]"
LESCHACO,2,"Спец: [1, 2, 2, 3, 4, 4, 5] != Общий: [1, 1, 3, 3, 4, 4, 5]"
LESCHACO,3,"Спец: [1, 2, 2, 2, 3, 4, 4, 5, 5] != Общий: [1, 1, 2, 2, 3, 3, 3, 3, 3]"
LESCHACO,4,"Спец: [1, 2, 2, 3, 4, 4, 5] != Общий: [1, 1, 3, 3, 4, 4, 5]"
LESCHACO,5,"Спец: [1, 2, 2, 3, 4, 4, 5] != Общий: [1, 1, 3, 3, 4, 4, 5]"
LESCHACO,6,"Спец: [1, 2, 3, 4] != Общий: [1, 1, 3, 4]"
LESCHACO,7,"Спец: [1, 2, 3, 4] != Общий: [1, 1, 3, 3]"
LESCHACO,9,"Спец: [1, 2, 2, 2, 3, 4, 4, 4, 3, 4, 4, 5] != Общий: [1, 1, 1, 2, 3, 3, 3, 3, 3, 4, 4, 5]"
LESCHACO,11,"Спец: [1, 2, 2, 2, 3, 4, 4, 5, 5] != Общий: [1, 1, 2, 2, 3, 3, 3, 3, 3]"
LESCHACO,12,"Спец: [1, 3, 4, 4, 4, 3, 4, 4, 4, 3, 4, 4, 5, 5] != Общий: [1, 3, 3, 3, 3, 3, 3, 3, 3, 3, 3, 3, 3, 3]"
LESCHACO,15,"Спец: [1, 2, 2, 2, 2, 2, 2, 3, 4, 4, 3, 4] != Общий: [1, 1, 1, 1, 3, 3, 3, 3, 3, 3, 3, 4]"
LESCHACO,16,"Спец: [1, 3, 4, 4, 4, 3, 4, 4, 4, 3, 4, 4, 5, 5] != Общий: [1, 3, 3, 3, 3, 3, 3, 3, 3, 3, 3, 3, 3, 3]"
LESCHACO,17,"Спец: [1, 2, 2, 2, 2, 3, 4, 4, 4, 3, 4, 4, 4, 3, 4, 4, 5, 5] != Общий: [1, 1, 1, 2, 3, 3, 3, 3, 3, 3, 3, 3, 3, 3, 4, 4, 5, 5]"
LESCHACO,19,"Спец: [1, 2, 2, 2, 2, 3, 4, 4, 4, 3, 4, 4, 5, 5] != Общий: [1, 1, 2, 2, 2, 3, 3, 3, 3, 3, 4, 4, 5, 5]"
LESCHACO,20,"Спец: [1, 3, 4, 4, 4, 4, 5, 5, 5] != Общий: [1, 3, 3, 3, 4, 4, 5, 5, 5]"
LESCHACO,21,"Спец: [1, 2, 2, 2, 2, 2, 3, 4, 4, 5, 5] != Общий: [1, 1, 1, 2, 2, 2, 3, 3, 3, 3, 3]"
LESCHACO,22,"Спец: [1, 2, 2, 3, 4] != Общий: [1, 1, 2, 3, 3]"
LESCHACO,24,"Спец: [1, 2, 2, 3, 4] != Общий: [1, 1, 2, 3, 3]"
LESCHACO,25,"Спец: [1, 2, 3, 3, 3, 4] != Общий: [1, 2, 3, 3, 3, 3]"
LESCHACO,26,"Спец: [1, 3, 4] != Общий: [1, 3, 3]"
LESCHACO,27,"Спец: [1, 2, 3, 4, 5, 5, 5] != Общий: [1, 1, 3, 4, 5, 5, 5]"
LESCHACO,29,"Спец: [1, 2, 2, 2, 2, 3, 4] != Общий: [1, 1, 1, 2, 2, 3, 4]"
LESCHACO,30,"Спец: [1, 2, 2, 2, 2, 2, 3, 4, 4, 5] != Общий: [1, 1, 3, 3, 3, 3, 3, 3, 3, 3]"
LESCHACO,31,"Спец: [1, 2, 3, 4] != Общий: [1, 1, 3, 4]"
LESCHACO,32,"Спец: [1, 3, 4, 4, 4, 4, 5, 5, 5] != Общий: [1, 3, 3, 3, 4, 4, 5, 5, 5]"
LESCHACO,33,"Спец: [1, 3, 4] != Общий: [1, 3, 3]"
LESCHACO,35,"Спец: [1, 2, 2, 2, 3, 4, 4, 5] != Общий: [1, 1, 1, 2, 3, 3, 3, 3]"
LESCHACO,36,"Спец: [1, 2, 2, 2, 2, 2, 2, 3, 3, 4] != Общий: [1, 1, 1, 1, 3, 3, 3, 3, 3, 4]"
LESCHACO,37,"Спец: [1, 2, 2, 2, 2, 2, 2, 3, 3, 4] != Общий: [1, 1, 1, 1, 3, 3, 3, 3, 3, 4]"
LESCHACO,38,"Спец: [1, 2, 2, 2, 2, 2, 2, 3, 3, 4] != Общий: [1, 1, 1, 1, 3, 3, 3, 3, 3, 4]"
LESCHACO,39,"Спец: [1, 2, 2, 2, 2, 2, 2, 3, 3, 4] != Общий: [1, 1, 1, 1, 3, 3, 3, 3, 3, 4]"
LESCHACO,40,"Спец: [1, 2, 2, 2, 2, 2, 2, 3, 3, 4] != Общий: [1, 1, 1, 1, 3, 3, 3, 3, 3, 4]"
LESCHACO,41,"Спец: [1, 2, 2, 2, 2, 2, 2, 3, 3, 4] != Общий: [1, 1, 1, 1, 3, 3, 3, 3, 3, 4]"
LESCHACO,43,"Спец: [1, 2, 3, 3, 3, 4] != Общий: [1, 1, 3, 3, 3, 4]"
LESCHACO,44,"Спец: [1, 2, 2, 3, 3, 4] != Общий: [1, 1, 1, 3, 3, 4]"
LESCHACO,45,"Спец: [1, 2, 3, 4] != Общий: [1, 1, 3, 4]"
LESCHACO,46,"Спец: [1, 2, 3, 4] != Общий: [1, 1, 3, 4]"
LESCHACO,47,"Спец: [1, 2, 2, 2, 3, 4] != Общий: [1, 1, 1, 1, 3, 4]"
LESCHACO,49,"Спец: [1, 2, 2, 2, 3, 4, 4, 5] != Общий: [1, 1, 1, 2, 3, 4, 4, 5]"
LESCHACO,51,"Спец: [1, 2, 2, 2, 3, 4] != Общий: [1, 1, 2, 2, 3, 4]"
LESCHACO,52,"Спец: [1, 2, 2, 2, 3, 4] != Общий: [1, 1, 2, 2, 3, 4]"
LESCHACO,53,"Спец: [1, 2, 2, 2, 3, 4] != Общий: [1, 1, 2, 2, 3, 4]"
LESCHACO,54,"Спец: [1, 2, 2, 2, 3, 4, 4, 4, 4, 3, 4, 4, 4, 4, 4, 5, 5] != Общий: [1, 1, 2, 2, 3, 3, 3, 3, 3, 3, 3, 3, 3, 3, 3, 3, 3]"
LESCHACO,55,"Спец: [1, 2, 2, 2, 3, 4, 4, 5, 5] != Общий: [1, 1, 2, 2, 3, 4, 4, 5, 5]"
LESCHACO,56,"Спец: [1, 2, 2, 3, 4, 4, 4, 3, 4, 4, 5, 5] != Общий: [1, 1, 2, 3, 3, 3, 3, 3, 4, 4, 5, 5]"
LESCHACO,57,"Спец: [1, 2, 2, 2, 2, 2, 3, 4, 4, 5, 5] != Общий: [1, 1, 1, 1, 2, 2, 3, 4, 4, 5, 5]"
LESCHACO,58,"Спец: [1, 2, 3, 4, 4, 4, 3, 4, 4] != Общий: [1, 2, 3, 3, 3, 3, 3, 4, 4]"
LESCHACO,60,"Спец: [1, 2, 2, 3, 4, 4] != Общий: [1, 2, 2, 3, 3, 4]"
LESCHACO,61,"Спец: [1, 2, 2, 3, 4] != Общий: [1, 1, 1, 3, 4]"
LESCHACO,62,"Спец: [1, 2, 3, 4] != Общий: [1, 1, 3, 4]"
LESCHACO,65,"Спец: [1, 2, 2, 2, 3, 4, 4, 4, 3, 4, 4, 5] != Общий: [1, 1, 1, 2, 3, 3, 3, 3, 3, 4, 4, 5]"
LESCHACO,66,"Спец: [1, 2, 3, 4, 4, 4, 4] != Общий: [1, 3, 3, 3, 3, 3, 4]"
LESCHACO,67,"Спец: [1, 2, 2, 3, 4, 4, 4, 3, 4] != Общий: [1, 2, 3, 3, 3, 3, 3, 3, 4]"
LESCHACO,69,"Спец: [1, 2, 2, 2, 3, 4, 4, 5, 5] != Общий: [1, 1, 2, 2, 3, 3, 3, 3, 3]"
LESCHACO,70,"Спец: [1, 2, 2, 2, 3, 4, 4, 4, 4, 3, 4, 4, 4, 4, 4, 5, 5] != Общий: [1, 1, 2, 2, 3, 3, 3, 3, 3, 3, 3, 3, 3, 3, 3, 3, 3]"
LESCHACO,71,"Спец: [1, 2, 2, 3, 4, 4, 4, 3, 4] != Общий: [1, 2, 3, 3, 3, 3, 3, 3, 4]"
LESCHACO,72,"Спец: [1, 2, 2, 2, 3, 4, 4] != Общий: [1, 1, 1, 2, 3, 4, 4]"
LESCHACO,73,"Спец: [1, 2, 3, 4] != Общий: [1, 1, 3, 4]"
LESCHACO,74,"Спец: [1, 2, 2, 2, 3, 4, 4, 4, 3, 4, 4, 5] != Общий: [1, 1, 1, 2, 3, 3, 3, 3, 3, 4, 4, 5]"
LESCHACO,76,"Спец: [1, 2, 2, 2, 3, 4, 4, 5, 5] != Общий: [1, 1, 2, 2, 3, 3, 3, 3, 3]"
LESCHACO,77,"Спец: [1, 2, 2, 2, 3, 4, 4, 4, 3, 4, 4, 5, 5] != Общий: [1, 1, 1, 2, 3, 3, 3, 3, 3, 4, 4, 5, 5]"
LESCHACO,78,"Спец: [1, 2, 2, 3, 4, 4, 4, 3, 4, 4, 5] != Общий: [1, 1, 3, 3, 3, 3, 3, 3, 4, 4, 5]"
LESCHACO,79,"Спец: [1, 2, 2, 3, 4] != Общий: [1, 1, 2, 3, 4]"
LESCHACO,80,"Спец: [1, 2, 2, 2, 3, 4, 4, 4, 4, 3, 4, 4, 4, 4, 4, 5, 5] != Общий: [1, 1, 2, 2, 3, 3, 3, 3, 3, 3, 3, 3, 3, 3, 3, 3, 3]"
LESCHACO,81,"Спец: [1, 2, 2, 2, 3, 4, 4, 5] != Общий: [1, 1, 1, 2, 3, 4, 4, 5]"
LESCHACO,82,"Спец: [1, 2, 3, 4] != Общий: [1, 1, 3, 4]"
LESCHACO,83,"Спец: [1, 2, 2, 3, 3, 4, 4, 4, 3, 4, 4, 5] != Общий: [1, 2, 3, 3, 3, 3, 3, 3, 3, 4, 4, 5]"
LESCHACO,84,"Спец: [1, 2, 2, 2, 2, 3, 4, 4, 5, 5] != Общий: [1, 1, 1, 2, 2, 3, 4, 4, 5, 5]"
LESCHACO,85,"Спец: [1, 2, 2, 3, 4] != Общий: [1, 1, 2, 3, 3]"
LESCHACO,86,"Спец: [1, 3, 4, 5, 5] != Общий: [1, 3, 3, 3, 3]"
LESCHACO,87,"Спец: [1, 2, 2, 3, 4, 4] != Общий: [1, 1, 1, 3, 3, 4]"
LESCHACO,88,"Спец: [1, 3, 4] != Общий: [1, 3, 3]"
LESCHACO,89,"Спец: [1, 2, 2, 3, 4, 4, 5] != Общий: [1, 1, 2, 3, 3, 3, 3]"
LESCHACO,90,"Спец: [1, 2, 2, 2, 3, 4, 4, 4, 3, 4, 4, 5] != Общий: [1, 1, 1, 2, 3, 3, 3, 3, 3, 4, 4, 5]"
LESCHACO,91,"Спец: [1, 2, 3, 4] != Общий: [1, 1, 3, 4]"
LESCHACO,92,"Спец: [1, 2, 2, 2, 3, 4, 4, 4, 3, 4, 4, 5] != Общий: [1, 1, 1, 2, 3, 3, 3, 3, 3, 4, 4, 5]"
LESCHACO,93,"Спец: [1, 2, 2, 2, 3, 4, 4, 5, 5] != Общий: [1, 1, 2, 2, 3, 3, 3, 3, 3]"
LESCHACO,94,"Спец: [1, 2, 2, 2, 3, 3, 4] != Общий: [1, 1, 2, 2, 3, 3, 3]"
LESCHACO,95,"Спец: [1, 2, 2, 2, 3, 4, 4, 4, 3, 4, 4, 5, 5] != Общий: [1, 1, 1, 2, 3, 3, 3, 3, 3, 4, 4, 5, 5]"
LESCHACO,96,"Спец: [1, 2, 2, 3, 3, 4] != Общий: [1, 1, 2, 3, 3, 4]"
LESCHACO,97,"Спец: [1, 2, 2, 2, 3, 4, 4, 4, 3, 4, 4, 5] != Общий: [1, 1, 1, 2, 3, 3, 3, 3, 3, 4, 4, 5]"
LESCHACO,99,"Спец: [1, 2, 2, 3, 4, 4, 4, 3, 4, 4, 4, 3, 4, 4] != Общий: [1, 2, 3, 3, 3, 3, 3, 3, 3, 3, 3, 3, 4, 4]"
LESCHACO,100,"Спец: [1, 2, 2, 3, 4, 4, 4, 3, 4, 4, 4, 3, 4, 4] != Общий: [1, 2, 3, 3, 3, 3, 3, 3, 3, 3, 3, 3, 4, 4]"
LESCHACO,101,"Спец: [1, 2, 2, 3, 4, 4, 4, 3, 4, 4, 4, 3, 4, 4] != Общий: [1, 2, 3, 3, 3, 3, 3, 3, 3, 3, 3, 3, 4, 4]"
LESCHACO,102,"Спец: [1, 2, 2, 2, 2, 3, 4] != Общий: [1, 1, 1, 2, 2, 3, 4]"
LESCHACO,103,"Спец: [1, 2, 2, 3, 4, 4, 4, 3, 4, 4, 4, 3, 4, 4] != Общий: [1, 2, 3, 3, 3, 3, 3, 3, 3, 3, 3, 3, 4, 4]"
LESCHACO,104,"Спец: [1, 2, 2, 2, 3, 4] != Общий: [1, 1, 2, 3, 3, 4]"
LESCHACO,105,"Спец: [1, 2, 2, 3, 4, 4, 4, 3, 4, 4, 4, 3, 4, 4] != Общий: [1, 2, 3, 3, 3, 3, 3, 3, 3, 3, 3, 3, 4, 4]"
LESCHACO,106,"Спец: [1, 2, 3, 4] != Общий: [1, 1, 3, 4]"
LESCHACO,107,"Спец: [1, 2, 2, 3, 4, 4, 4, 3, 4, 4, 4, 3, 4, 4] != Общий: [1, 2, 3, 3, 3, 3, 3, 3, 3, 3, 3, 3, 4, 4]"
LESCHACO,108,"Спец: [1, 2, 2, 2, 3, 3, 4, 4, 4, 3, 4] != Общий: [1, 1, 1, 2, 3, 3, 3, 3, 3, 3, 4]"
LESCHACO,109,"Спец: [1, 2, 2, 2, 2, 2, 3, 3, 4] != Общий: [1, 1, 3, 3, 3, 3, 3, 3, 4]"
LESCHACO,110,"Спец: [1, 2, 2, 2, 2, 2, 3, 3, 4] != Общий: [1, 1, 3, 3, 3, 3, 3, 3, 4]"
LESCHACO,111,"Спец: [1, 2, 2, 2, 3, 3, 4] != Общий: [1, 1, 1, 1, 3, 3, 4]"
LESCHACO,113,"Спец: [1, 2, 2, 2, 2, 3, 4, 4, 4, 4, 4, 4, 4, 5] != Общий: [1, 1, 1, 2, 2, 3, 3, 3, 3, 3, 3, 3, 3, 3]"
LESCHACO,114,"Спец: [1, 2, 2, 2, 3, 4] != Общий: [1, 1, 2, 3, 3, 4]"
LESCHACO,115,"Спец: [1, 2, 2, 2, 2, 2, 3, 3, 4] != Общий: [1, 1, 3, 3, 3, 3, 3, 3, 4]"
LESCHACO,116,"Спец: [1, 2, 2, 2, 2, 3, 4] != Общий: [1, 1, 1, 2, 2, 3, 4]"
LESCHACO,117,"Спец: [1, 2, 3, 4] != Общий: [1, 1, 3, 4]"
LESCHACO,118,"Спец: [1, 2, 2, 2, 3, 3, 4] != Общий: [1, 1, 1, 1, 3, 3, 4]"
LESCHACO,119,"Спец: [1, 2, 2, 2, 3, 3, 4, 4, 4, 3, 4] != Общий: [1, 1, 1, 2, 3, 3, 3, 3, 3, 3, 4]"
LESCHACO,120,"Спец: [1, 2, 3, 4, 4, 4, 3, 4] != Общий: [1, 3, 3, 3, 3, 3, 3, 4]"
LESCHACO,121,"Спец: [1, 2, 2, 3, 4, 4, 4, 3, 4] != Общий: [1, 2, 3, 3, 3, 3, 3, 3, 4]"
LESCHACO,122,"Спец: [1, 2, 2, 3, 4, 4, 4, 3, 4] != Общий: [1, 2, 3, 3, 3, 3, 3, 3, 4]"
LESCHACO,123,"Спец: [1, 2, 3, 4, 4, 4, 3, 4] != Общий: [1, 3, 3, 3, 3, 3, 3, 4]"
LESCHACO,124,"Спец: [1, 2, 3, 4, 4, 4, 3, 4] != Общий: [1, 3, 3, 3, 3, 3, 3, 4]"
LESCHACO,125,"Спец: [1, 2, 2, 2, 3, 4, 4, 4, 3, 4] != Общий: [1, 1, 2, 3, 3, 3, 3, 3, 3, 4]"
LESCHACO,126,"Спец: [1, 2, 2, 2, 3, 4, 4, 4, 3, 4] != Общий: [1, 1, 2, 3, 3, 3, 3, 3, 3, 4]"
LESCHACO,127,"Спец: [1, 2, 3, 4, 4, 4, 3, 4] != Общий: [1, 3, 3, 3, 3, 3, 3, 4]"
LESCHACO,128,"Спец: [1, 2, 2, 3, 4, 4, 4, 3, 4, 4, 4, 3, 4, 4] != Общий: [1, 2, 3, 3, 3, 3, 3, 3, 3, 3, 3, 3, 4, 4]"
LESCHACO,129,"Спец: [1, 2, 2, 3, 4, 4, 4, 3, 4, 4, 4, 3, 4, 4] != Общий: [1, 2, 3, 3, 3, 3, 3, 3, 3, 3, 3, 3, 4, 4]"
LESCHACO,130,"Спец: [1, 2, 2, 3, 4, 4, 4, 3, 4, 4, 4, 3, 4, 4] != Общий: [1, 2, 3, 3, 3, 3, 3, 3, 3, 3, 3, 3, 4, 4]"
LESCHACO,131,"Спец: [1, 2, 2, 3, 4, 4, 4, 3, 4, 4, 4, 3, 4, 4] != Общий: [1, 2, 3, 3, 3, 3, 3, 3, 3, 3, 3, 3, 4, 4]"
LESCHACO,132,"Спец: [1, 2, 2, 3, 4, 4, 4, 3, 4, 4, 4, 3, 4, 4] != Общий: [1, 2, 3, 3, 3, 3, 3, 3, 3, 3, 3, 3, 4, 4]"
LESCHACO,133,"Спец: [1, 2, 2, 3, 4, 4, 4, 3, 4, 4, 4, 3, 4, 4] != Общий: [1, 2, 3, 3, 3, 3, 3, 3, 3, 3, 3, 3, 4, 4]"
LESCHACO,134,"Спец: [1, 3, 4, 4, 4, 4, 5, 5, 5] != Общий: [1, 3, 3, 3, 4, 4, 5, 5, 5]"
LESCHACO,135,"Спец: [1, 2, 2, 3, 4, 3, 4] != Общий: [1, 1, 2, 3, 3, 3, 4]"
LESCHACO,136,"Спец: [1, 2, 3, 4] != Общий: [1, 1, 3, 3]"
LESCHACO,139,"Спец: [1, 3, 4] != Общий: [1, 3, 3]"
LESCHACO,140,"Спец: [1, 2, 2, 2, 3, 4, 4, 4, 4, 3, 3, 4, 4, 4, 4, 4, 3, 3, 3, 3, 4, 4, 4, 4, 4] != Общий: [1, 1, 1, 2, 3, 3, 3, 3, 3, 3, 3, 3, 3, 3, 3, 3, 3, 3, 3, 3, 3, 3, 3, 3, 3]"
LESCHACO,141,"Спец: [1, 2, 2, 2, 3, 4] != Общий: [1, 1, 1, 2, 3, 4]"
LESCHACO,142,"Спец: [1, 2, 2, 2, 3, 4] != Общий: [1, 1, 1, 2, 3, 4]"
LESCHACO,143,"Спец: [1, 2, 2, 2, 2, 3, 4] != Общий: [1, 1, 1, 2, 2, 3, 4]"
LESCHACO,144,"Спец: [1, 3, 4] != Общий: [1, 3, 3]"
LESCHACO,145,"Спец: [1, 2, 2, 3, 4, 4, 5] != Общий: [1, 1, 2, 3, 4, 4, 5]"
LESCHACO,146,"Спец: [1, 2, 2, 3, 4, 4, 5] != Общий: [1, 1, 2, 3, 4, 4, 5]"
LESCHACO,148,"Спец: [1, 2, 2, 2, 3, 4, 4, 4, 3, 4, 4, 5] != Общий: [1, 1, 1, 2, 3, 3, 3, 3, 3, 4, 4, 5]"
LESCHACO,149,"Спец: [1, 2, 2, 2, 2, 2, 3, 4, 3, 3, 3, 3, 4, 4, 5] != Общий: [1, 1, 1, 3, 3, 3, 3, 3, 3, 3, 3, 3, 3, 3, 3]"
LESCHACO,150,"Спец: [1, 2, 3, 4, 3, 4] != Общий: [1, 1, 3, 3, 3, 3]"
LESCHACO,151,"Спец: [1, 3, 4] != Общий: [1, 3, 3]"
LESCHACO,152,"Спец: [1, 2, 2, 3, 4, 4, 5] != Общий: [1, 1, 2, 3, 4, 4, 5]"
LESCHACO,153,"Спец: [1, 2, 2, 3, 4, 4, 5] != Общий: [1, 1, 2, 3, 4, 4, 5]"
LESCHACO,154,"Спец: [1, 3, 4] != Общий: [1, 3, 3]"
LESCHACO,156,"Спец: [1, 2, 2, 2, 2, 3, 4, 4, 4, 4, 3, 4, 4, 4, 4, 5, 5] != Общий: [1, 1, 1, 2, 2, 3, 3, 3, 3, 3, 3, 4, 4, 4, 3, 3, 3]"
LESCHACO,157,"Спец: [1, 2, 2, 3, 4, 4, 4, 5] != Общий: [1, 2, 2, 3, 4, 4, 3, 3]"
LESCHACO,158,"Спец: [1, 2, 2, 2, 3, 4] != Общий: [1, 1, 1, 2, 3, 3]"
LESCHACO,159,"Спец: [1, 2, 2, 2, 3, 3, 4, 4] != Общий: [1, 1, 1, 3, 3, 3, 3, 3]"
LESCHACO,160,"Спец: [1, 2, 2, 3, 4, 4, 5] != Общий: [1, 1, 2, 3, 3, 3, 3]"
LESCHACO,161,"Спец: [1, 2, 3, 4] != Общий: [1, 1, 3, 3]"
LESCHACO,162,"Спец: [1, 2, 2, 2, 3, 4, 4, 4, 3, 4] != Общий: [1, 1, 2, 2, 3, 3, 3, 3, 3, 4]"
LESCHACO,163,"Спец: [1, 2, 2, 2, 2, 3, 4] != Общий: [1, 1, 1, 2, 2, 3, 4]"
LESCHACO,166,"Спец: [1, 2, 2, 3, 4, 4] != Общий: [1, 1, 3, 3, 3, 3]"
LESCHACO,167,"Спец: [1, 2, 2, 3, 4, 4] != Общий: [1, 1, 2, 3, 4, 4]"
LESCHACO,168,"Спец: [1, 2, 2, 2, 2, 3, 4, 4, 4, 3, 4, 4, 5, 5] != Общий: [1, 1, 1, 2, 2, 3, 3, 3, 3, 3, 3, 3, 3, 3]"
LESCHACO,169,"Спец: [1, 2, 3, 4] != Общий: [1, 1, 3, 4]"
LESCHACO,170,"Спец: [1, 2, 2, 2, 3, 3, 4, 4, 4, 3, 4, 4] != Общий: [1, 1, 1, 2, 3, 3, 3, 3, 3, 3, 4, 4]"
LESCHACO,171,"Спец: [1, 2, 2, 2, 2, 2, 2, 2, 3, 4, 3, 4] != Общий: [1, 1, 1, 1, 3, 3, 3, 3, 3, 3, 3, 3]"
LESCHACO,172,"Спец: [1, 2, 3, 4] != Общий: [1, 1, 3, 4]"
LESCHACO,173,"Спец: [1, 2, 2, 3, 4, 4, 4, 3, 4] != Общий: [1, 2, 3, 3, 3, 3, 3, 3, 4]"
LESCHACO,174,"Спец: [1, 2, 2, 2, 2, 3, 4, 4, 5, 5] != Общий: [1, 1, 1, 2, 2, 3, 3, 3, 3, 3]"
LESCHACO,175,"Спец: [1, 2, 2, 2, 2, 3, 4, 4, 5] != Общий: [1, 1, 1, 2, 2, 3, 3, 3, 3]"
LESCHACO,178,"Спец: [1, 2, 2, 2, 3, 4, 4, 4, 3, 4, 4, 5] != Общий: [1, 1, 1, 2, 3, 3, 3, 3, 3, 4, 4, 5]"
LESCHACO,179,"Спец: [1, 2, 2, 2, 3, 4] != Общий: [1, 1, 1, 1, 3, 4]"
LESCHACO,181,"Спец: [1, 2, 3, 4] != Общий: [1, 1, 3, 4]"
LESCHACO,182,"Спец: [1, 2, 3, 4] != Общий: [1, 1, 3, 4]"
LESCHACO,183,"Спец: [1, 2, 3, 4] != Общий: [1, 1, 3, 4]"
LESCHACO,184,"Спец: [1, 2, 2, 3, 4, 4, 4, 4, 5] != Общий: [1, 1, 2, 3, 3, 3, 3, 3, 3]"
LESCHACO,186,"Спец: [1, 2, 3, 4] != Общий: [1, 1, 3, 4]"
LESCHACO,188,"Спец: [1, 2, 3, 4] != Общий: [1, 1, 3, 4]"
LESCHACO,190,"Спец: [1, 2, 2, 2, 2, 3, 4, 4, 5] != Общий: [1, 1, 1, 2, 2, 3, 4, 4, 5]"
LESCHACO,195,"Спец: [1, 2, 2, 3, 3, 3, 4, 4, 5] != Общий: [1, 1, 1, 3, 3, 3, 4, 4, 5]"
LESCHACO,196,"Спец: [1, 2, 2, 3, 4, 4, 4, 3, 4, 4, 4, 4, 4, 5] != Общий: [1, 1, 2, 3, 3, 3, 3, 3, 3, 3, 3, 3, 3, 3]"
LESCHACO,197,"Спец: [1, 2, 2, 3, 3, 4, 4, 4, 3, 4, 4] != Общий: [1, 1, 3, 3, 3, 3, 3, 3, 3, 3, 3]"
LESCHACO,199,"Спец: [1, 2, 2, 2, 3, 4, 4, 4, 5] != Общий: [1, 1, 3, 3, 3, 4, 4, 3, 3]"
LESCHACO,200,"Спец: [1, 2, 2, 3, 4, 4, 4, 3, 4, 4, 4, 4, 5] != Общий: [1, 1, 2, 3, 3, 3, 3, 3, 3, 3, 3, 3, 3]"
LESCHACO,203,"Спец: [1, 2, 3, 4] != Общий: [1, 1, 3, 3]"
LESCHACO,204,"Спец: [1, 2, 3, 4] != Общий: [1, 1, 3, 3]"
LESCHACO,205,"Спец: [1, 2, 2, 3, 4, 4, 5] != Общий: [1, 1, 2, 3, 4, 4, 5]"
LESCHACO,206,"Спец: [1, 2, 2, 2, 2, 3, 4, 4, 4, 5] != Общий: [1, 1, 1, 2, 2, 3, 4, 4, 3, 3]"
LESCHACO,207,"Спец: [1, 2, 2, 2, 3, 4, 4, 4, 3, 4] != Общий: [1, 1, 2, 2, 3, 3, 3, 3, 3, 3]"
LESCHACO,208,"Спец: [1, 2, 3, 4] != Общий: [1, 1, 3, 4]"
LESCHACO,209,"Спец: [1, 2, 3, 4] != Общий: [1, 1, 3, 4]"
LESCHACO,210,"Спец: [1, 2, 2, 2, 3, 4, 4, 4, 3, 4] != Общий: [1, 1, 2, 2, 3, 3, 3, 3, 3, 3]"
LESCHACO,211,"Спец: [1, 2, 2, 2, 3, 4, 4, 4, 3, 4] != Общий: [1, 1, 2, 2, 3, 3, 3, 3, 3, 3]"
LESCHACO,213,"Спец: [1, 2, 2, 2, 3, 4] != Общий: [1, 1, 2, 2, 3, 4]"
LESCHACO,214,"Спец: [1, 2, 2, 2, 3, 4, 4, 4, 4, 3, 4, 4, 4, 4, 4, 5, 5] != Общий: [1, 1, 2, 2, 3, 3, 3, 3, 3, 3, 3, 3, 3, 3, 3, 3, 3]"
LESCHACO,215,"Спец: [1, 3, 4] != Общий: [1, 3, 3]"
LESCHACO,218,"Спец: [1, 2, 2, 2, 3, 3, 4] != Общий: [1, 1, 2, 2, 3, 3, 3]"
LESCHACO,219,"Спец: [1, 2, 2, 2, 3, 4, 4, 4, 3, 4, 4, 5, 5] != Общий: [1, 1, 1, 2, 3, 3, 3, 3, 3, 4, 4, 5, 5]"
LESCHACO,220,"Спец: [1, 2, 2, 2, 3, 4, 4, 5, 5] != Общий: [1, 1, 2, 2, 3, 3, 3, 3, 3]"
LESCHACO,221,"Спец: [1, 2, 2, 2, 3, 4] != Общий: [1, 1, 2, 2, 3, 4]"
LESCHACO,222,"Спец: [1, 2, 2, 2, 3, 4, 4, 4, 4, 3, 4, 4, 4, 4, 4, 5, 5] != Общий: [1, 1, 2, 2, 3, 3, 3, 3, 3, 3, 3, 3, 3, 3, 3, 3, 3]"
LESCHACO,224,"Спец: [1, 3, 4] != Общий: [1, 3, 3]"
LESCHACO,225,"Спец: [1, 2, 2, 3, 3, 4, 4] != Общий: [1, 1, 3, 3, 3, 4, 4]"
LESCHACO,226,"Спец: [1, 2, 2, 3, 4, 4, 4, 3, 4, 4, 4, 4, 5] != Общий: [1, 1, 2, 3, 3, 3, 3, 3, 3, 3, 3, 3, 3]"
LESCHACO,227,"Спец: [1, 3, 4, 4, 4, 4, 5, 5, 5] != Общий: [1, 3, 3, 3, 4, 4, 5, 5, 5]"
LESCHACO,228,"Спец: [1, 2, 2, 2, 3, 4, 4] != Общий: [1, 1, 1, 2, 3, 4, 4]"
LESCHACO,229,"Спец: [1, 2, 2, 3, 3, 4, 4] != Общий: [1, 1, 3, 3, 3, 4, 4]"
LESCHACO,230,"Спец: [1, 2, 2, 3, 4, 4, 5] != Общий: [1, 1, 2, 3, 4, 4, 5]"
LESCHACO,231,"Спец: [1, 2, 2, 2, 3, 3, 4] != Общий: [1, 1, 2, 2, 3, 3, 3]"
LESCHACO,232,"Спец: [1, 2, 2, 3, 4, 4, 4, 3, 4, 4, 5] != Общий: [1, 1, 3, 3, 3, 3, 3, 3, 4, 4, 5]"
LESCHACO,234,"Спец: [1, 2, 2, 2, 3, 4, 4] != Общий: [1, 1, 1, 2, 3, 4, 4]"
LESCHACO,235,"Спец: [1, 2, 2, 2, 3, 4, 4, 5, 5] != Общий: [1, 1, 2, 2, 3, 3, 3, 3, 3]"
LESCHACO,236,"Спец: [1, 2, 2, 2, 3, 4, 4, 4, 4, 3, 4, 4, 4, 4, 4, 5, 5] != Общий: [1, 1, 2, 2, 3, 3, 3, 3, 3, 3, 3, 3, 3, 3, 3, 3, 3]"
LESCHACO,239,"Спец: [1, 2, 2, 3, 4, 4] != Общий: [1, 1, 1, 3, 3, 4]"
LESCHACO,240,"Спец: [1, 2, 2, 2, 3, 4] != Общий: [1, 1, 1, 2, 3, 4]"
LESCHACO,241,"Спец: [1, 2, 2, 2, 3, 4, 4, 4, 3, 4, 4, 5] != Общий: [1, 1, 1, 2, 3, 3, 3, 3, 3, 4, 4, 5]"
LESCHACO,242,"Спец: [1, 2, 2, 2, 3, 4, 4, 5, 5] != Общий: [1, 1, 2, 2, 3, 3, 3, 3, 3]"
LESCHACO,243,"Спец: [1, 2, 2, 3, 4, 4] != Общий: [1, 1, 1, 3, 3, 4]"
LESCHACO,245,"Спец: [1, 2, 2, 2, 2, 3, 4, 4, 5, 5] != Общий: [1, 1, 1, 2, 2, 3, 3, 3, 3, 3]"
LESCHACO,247,"Спец: [1, 2, 2, 2, 2, 3, 4, 4, 5] != Общий: [1, 1, 1, 2, 2, 3, 3, 3, 3]"
LESCHACO,249,"Спец: [1, 2, 2, 3, 4, 4, 5, 5] != Общий: [1, 2, 2, 3, 3, 3, 3, 3]"
LESCHACO,250,"Спец: [1, 2, 2, 2, 2, 3, 4, 4, 4, 3, 4, 4, 5, 5] != Общий: [1, 1, 2, 2, 2, 3, 3, 3, 3, 3, 4, 4, 5, 5]"
LESCHACO,251,"Спец: [1, 2, 3, 4] != Общий: [1, 1, 3, 4]"
LESCHACO,252,"Спец: [1, 2, 2, 2, 3, 4, 4, 4, 5, 5] != Общий: [1, 1, 2, 3, 3, 3, 3, 3, 3, 3]"
LESCHACO,253,"Спец: [1, 2, 2, 3, 4, 4, 4, 3, 4] != Общий: [1, 2, 3, 3, 3, 3, 3, 3, 4]"
LESCHACO,254,"Спец: [1, 2, 2, 2, 3, 4, 4, 4, 3, 4, 4, 5] != Общий: [1, 1, 1, 2, 3, 3, 3, 3, 3, 4, 4, 5]"
LESCHACO,255,"Спец: [1, 2, 2, 2, 2, 3, 4] != Общий: [1, 1, 1, 1, 2, 3, 4]"
LESCHACO,256,"Спец: [1, 2, 2, 2, 2, 3, 4] != Общий: [1, 1, 1, 1, 2, 3, 4]"
LESCHACO,257,"Спец: [1, 2, 2, 2, 3, 3, 4] != Общий: [1, 1, 1, 1, 3, 3, 4]"
LESCHACO,258,"Спец: [1, 2, 2, 2, 2, 2, 3, 4] != Общий: [1, 1, 1, 1, 1, 2, 3, 4]"
LESCHACO,259,"Спец: [1, 2, 2, 2, 2, 3, 4] != Общий: [1, 1, 1, 1, 2, 3, 4]"
LESCHACO,260,"Спец: [1, 2, 2, 2, 2, 3, 4] != Общий: [1, 1, 1, 1, 2, 3, 4]"
LESCHACO,261,"Спец: [1, 2, 2, 2, 2, 3, 4] != Общий: [1, 1, 1, 1, 2, 3, 4]"
LESCHACO,262,"Спец: [1, 2, 2, 2, 2, 3, 4] != Общий: [1, 1, 1, 1, 2, 3, 4]"
LESCHACO,263,"Спец: [1, 2, 2, 3, 3, 3, 4] != Общий: [1, 1, 1, 3, 3, 3, 4]"
LESCHACO,264,"Спец: [1, 2, 2, 3, 4] != Общий: [1, 1, 2, 3, 4]"
LESCHACO,265,"Спец: [1, 2, 2, 2, 2, 3, 4] != Общий: [1, 1, 1, 1, 2, 3, 4]"
LESCHACO,266,"Спец: [1, 2, 2, 2, 2, 3, 4] != Общий: [1, 1, 1, 1, 2, 3, 4]"
LESCHACO,267,"Спец: [1, 2, 2, 2, 3, 4, 4, 4, 4, 4] != Общий: [1, 1, 2, 2, 3, 3, 3, 3, 4, 4]"
LESCHACO,268,"Спец: [1, 2, 2, 2, 2, 2, 3, 3, 4] != Общий: [1, 1, 3, 3, 3, 3, 3, 3, 4]"
LESCHACO,269,"Спец: [1, 2, 2, 2, 2, 2, 3, 3, 4] != Общий: [1, 1, 1, 3, 3, 3, 3, 3, 4]"
LESCHACO,270,"Спец: [1, 2, 2, 2, 3, 4] != Общий: [1, 3, 3, 3, 3, 4]"
LESCHACO,271,"Спец: [1, 2, 2, 2, 2, 2, 3, 4] != Общий: [1, 1, 1, 3, 3, 3, 3, 4]"
LESCHACO,272,"Спец: [1, 2, 2, 2, 3, 4] != Общий: [1, 1, 3, 3, 3, 4]"
LESCHACO,273,"Спец: [1, 2, 2, 2, 2, 2, 3, 3, 4] != Общий: [1, 1, 3, 3, 3, 3, 3, 3, 4]"
LESCHACO,274,"Спец: [1, 2, 2, 2, 2, 3, 3, 4] != Общий: [1, 1, 1, 3, 3, 3, 3, 4]"
LESCHACO,275,"Спец: [1, 2, 2, 3, 3, 3, 4] != Общий: [1, 1, 1, 3, 3, 3, 4]"
LESCHACO,276,"Спец: [1, 2, 2, 3, 4] != Общий: [1, 1, 2, 3, 4]"
LESCHACO,277,"Спец: [1, 2, 2, 2, 3, 4] != Общий: [1, 1, 1, 2, 3, 4]"
LESCHACO,278,"Спец: [1, 2, 2, 3, 3, 3, 4] != Общий: [1, 1, 1, 3, 3, 3, 4]"
LESCHACO,279,"Спец: [1, 2, 2, 2, 2, 2, 3, 4] != Общий: [1, 1, 1, 3, 3, 3, 3, 4]"
LESCHACO,280,"Спец: [1, 2, 2, 3, 3, 4] != Общий: [1, 1, 1, 3, 3, 4]"
LESCHACO,281,"Спец: [1, 2, 2, 3, 4, 4, 4] != Общий: [1, 1, 2, 3, 3, 3, 4]"
LESCHACO,282,"Спец: [1, 2, 2, 2, 2, 2, 3, 4] != Общий: [1, 1, 1, 1, 1, 2, 3, 4]"
LESCHACO,283,"Спец: [1, 2, 2, 3, 3, 3, 4] != Общий: [1, 1, 1, 3, 3, 3, 4]"
LESCHACO,284,"Спец: [1, 2, 2, 2, 2, 3, 4] != Общий: [1, 1, 1, 1, 2, 3, 4]"
LESCHACO,285,"Спец: [1, 2, 2, 3, 3, 3, 4] != Общий: [1, 1, 1, 3, 3, 3, 4]"
LESCHACO,286,"Спец: [1, 2, 2, 2, 3, 4, 4, 4, 4] != Общий: [1, 1, 2, 2, 3, 3, 3, 3, 4]"
LESCHACO,287,"Спец: [1, 2, 2, 3, 4] != Общий: [1, 1, 2, 3, 4]"
LESCHACO,288,"Спец: [1, 2, 2, 3, 4] != Общий: [1, 1, 2, 3, 4]"
LESCHACO,289,"Спец: [1, 2, 2, 2, 3, 4] != Общий: [1, 1, 3, 3, 3, 4]"
LESCHACO,290,"Спец: [1, 2, 2, 2, 2, 2, 3, 4] != Общий: [1, 1, 1, 3, 3, 3, 3, 4]"
LESCHACO,291,"Спец: [1, 2, 2, 2, 3, 4] != Общий: [1, 3, 3, 3, 3, 4]"
LESCHACO,292,"Спец: [1, 2, 2, 2, 2, 2, 3, 4] != Общий: [1, 1, 1, 3, 3, 3, 3, 4]"
LESCHACO,293,"Спец: [1, 2, 2, 2, 2, 2, 3, 4] != Общий: [1, 1, 1, 3, 3, 3, 3, 4]"
LESCHACO,294,"Спец: [1, 2, 2, 2, 3, 4] != Общий: [1, 3, 3, 3, 3, 4]"
LESCHACO,295,"Спец: [1, 2, 2, 2, 2, 2, 3, 4] != Общий: [1, 1, 1, 3, 3, 3, 3, 4]"
LESCHACO,296,"Спец: [1, 2, 2, 2, 2, 3, 4] != Общий: [1, 1, 1, 3, 3, 3, 4]"
LESCHACO,297,"Спец: [1, 2, 2, 2, 2, 3, 3, 4] != Общий: [1, 1, 1, 3, 3, 3, 3, 4]"
LESCHACO,298,"Спец: [1, 2, 2, 2, 2, 2, 3, 4] != Общий: [1, 1, 1, 3, 3, 3, 3, 4]"
LESCHACO,299,"Спец: [1, 2, 2, 2, 2, 2, 3, 4] != Общий: [1, 1, 1, 3, 3, 3, 3, 4]"
LESCHACO,300,"Спец: [1, 2, 2, 2, 2, 2, 3, 4] != Общий: [1, 1, 1, 3, 3, 3, 3, 4]"
LESCHACO,301,"Спец: [1, 2, 2, 2, 3, 4] != Общий: [1, 1, 3, 3, 3, 4]"
LESCHACO,302,"Спец: [1, 2, 2, 2, 2, 2, 3, 4] != Общий: [1, 1, 1, 3, 3, 3, 3, 4]"
LESCHACO,303,"Спец: [1, 2, 2, 2, 2, 3, 3, 4] != Общий: [1, 1, 1, 3, 3, 3, 3, 4]"
LESCHACO,304,"Спец: [1, 2, 2, 2, 3, 4] != Общий: [1, 1, 2, 3, 3, 4]"
LESCHACO,305,"Спец: [1, 2, 2, 3, 3, 3, 3, 4] != Общий: [1, 1, 1, 3, 3, 3, 3, 4]"
LESCHACO,306,"Спец: [1, 2, 2, 2, 2, 2, 3, 4] != Общий: [1, 1, 1, 1, 1, 2, 3, 4]"
LESCHACO,307,"Спец: [1, 2, 2, 2, 2, 3, 4] != Общий: [1, 1, 1, 3, 3, 3, 4]"
LESCHACO,309,"Спец: [1, 2, 2, 2, 2, 3, 4] != Общий: [1, 1, 1, 1, 2, 3, 4]"
LESCHACO,310,"Спец: [1, 2, 2, 2, 2, 3, 4] != Общий: [1, 1, 1, 1, 2, 3, 4]"
LESCHACO,311,"Спец: [1, 2, 2, 2, 2, 3, 4] != Общий: [1, 1, 1, 1, 2, 3, 4]"
LESCHACO,312,"Спец: [1, 2, 2, 2, 3, 4, 4, 4, 4, 4] != Общий: [1, 1, 2, 2, 3, 3, 3, 3, 4, 4]"
LESCHACO,313,"Спец: [1, 2, 2, 2, 3, 4, 4, 4, 3, 4] != Общий: [1, 1, 2, 3, 3, 3, 3, 3, 3, 4]"
LESCHACO,314,"Спец: [1, 2, 2, 2, 3, 4, 4, 4, 4] != Общий: [1, 1, 2, 2, 3, 3, 3, 3, 4]"
LESCHACO,315,"Спец: [1, 2, 2, 2, 3, 4, 4, 4, 4, 4] != Общий: [1, 1, 2, 2, 3, 3, 3, 3, 4, 4]"
LESCHACO,316,"Спец: [1, 2, 2, 3, 4] != Общий: [1, 1, 2, 3, 4]"
LESCHACO,317,"Спец: [1, 2, 2, 3, 4, 4, 4, 4, 4, 4] != Общий: [1, 1, 2, 3, 3, 3, 3, 3, 3, 4]"
LESCHACO,318,"Спец: [1, 2, 2, 3, 4, 4, 4, 4, 4, 4] != Общий: [1, 1, 2, 3, 3, 3, 3, 3, 3, 4]"
LESCHACO,319,"Спец: [1, 2, 2, 2, 2, 2, 3, 4] != Общий: [1, 1, 1, 1, 1, 2, 3, 4]"
LESCHACO,320,"Спец: [1, 2, 2, 2, 3, 4, 4, 4, 4] != Общий: [1, 1, 2, 2, 3, 3, 3, 3, 4]"
LESCHACO,321,"Спец: [1, 2, 3, 4, 4, 4, 3, 4] != Общий: [1, 3, 3, 3, 3, 3, 3, 4]"
LESCHACO,322,"Спец: [1, 2, 2, 2, 3, 4] != Общий: [1, 1, 2, 2, 3, 4]"
LESCHACO,323,"Спец: [1, 2, 2, 2, 3, 4, 4, 4, 4, 4, 4] != Общий: [1, 1, 1, 2, 3, 3, 3, 3, 3, 3, 4]"
LESCHACO,324,"Спец: [1, 2, 2, 2, 3, 4, 4, 4, 4, 4] != Общий: [1, 1, 2, 2, 3, 3, 3, 3, 4, 4]"
LESCHACO,325,"Спец: [1, 2, 2, 3, 4, 4, 4] != Общий: [1, 1, 2, 3, 3, 3, 4]"
LESCHACO,326,"Спец: [1, 2, 2, 3, 4, 4, 4] != Общий: [1, 1, 2, 3, 3, 3, 4]"
LESCHACO,327,"Спец: [1, 2, 2, 3, 4, 4, 4] != Общий: [1, 1, 2, 3, 3, 3, 4]"
LESCHACO,328,"Спец: [1, 2, 2, 3, 4, 4, 4] != Общий: [1, 1, 2, 3, 3, 3, 4]"
LESCHACO,330,"Спец: [1, 2, 2, 3, 3, 4] != Общий: [1, 1, 1, 3, 3, 4]"
LESCHACO,332,"Спец: [1, 2, 2, 2, 3, 4] != Общий: [1, 1, 3, 3, 3, 4]"
LESCHACO,333,"Спец: [1, 2, 2, 2, 3, 4] != Общий: [1, 1, 1, 2, 3, 4]"
LESCHACO,334,"Спец: [1, 2, 2, 2, 3, 3, 4] != Общий: [1, 1, 1, 1, 3, 3, 4]"
LESCHACO,335,"Спец: [1, 2, 2, 3, 3, 3, 4] != Общий: [1, 1, 1, 3, 3, 3, 4]"
LESCHACO,336,"Спец: [1, 2, 2, 2, 3, 4] != Общий: [1, 1, 3, 3, 3, 4]"
LESCHACO,337,"Спец: [1, 2, 3, 3, 4] != Общий: [1, 1, 3, 3, 4]"
LESCHACO,338,"Спец: [1, 2, 2, 2, 2, 3, 4] != Общий: [1, 1, 1, 1, 2, 3, 4]"
LESCHACO,339,"Спец: [1, 2, 2, 3, 4] != Общий: [1, 1, 2, 3, 4]"
LESCHACO,340,"Спец: [1, 2, 2, 3, 4] != Общий: [1, 1, 2, 3, 4]"
LESCHACO,341,"Спец: [1, 2, 2, 2, 2, 3, 4] != Общий: [1, 1, 1, 1, 2, 3, 4]"
LESCHACO,342,"Спец: [1, 2, 2, 2, 2, 3, 4] != Общий: [1, 1, 1, 1, 2, 3, 4]"
LESCHACO,343,"Спец: [1, 2, 2, 2, 2, 3, 4] != Общий: [1, 1, 1, 1, 2, 3, 4]"
LESCHACO,344,"Спец: [1, 2, 2, 3, 4, 4, 4] != Общий: [1, 1, 2, 3, 3, 3, 4]"
LESCHACO,345,"Спец: [1, 2, 2, 3, 4] != Общий: [1, 1, 2, 3, 4]"
LESCHACO,346,"Спец: [1, 2, 2, 3, 4] != Общий: [1, 1, 2, 3, 4]"
LESCHACO,347,"Спец: [1, 2, 2, 3, 4, 4, 4, 4, 4, 4] != Общий: [1, 1, 2, 3, 3, 3, 3, 3, 3, 4]"
LESCHACO,348,"Спец: [1, 2, 2, 2, 2, 3, 4] != Общий: [1, 1, 1, 1, 2, 3, 4]"
LESCHACO,349,"Спец: [1, 2, 2, 2, 2, 3, 4] != Общий: [1, 1, 1, 1, 2, 3, 4]"
LESCHACO,350,"Спец: [1, 2, 2, 2, 2, 2, 3, 3, 4] != Общий: [1, 1, 1, 3, 3, 3, 3, 3, 4]"
LESCHACO,351,"Спец: [1, 2, 2, 2, 2, 3, 3, 4] != Общий: [1, 1, 1, 3, 3, 3, 3, 4]"
LESCHACO,352,"Спец: [1, 2, 2, 2, 3, 4] != Общий: [1, 3, 3, 3, 3, 4]"
LESCHACO,353,"Спец: [1, 2, 2, 3, 4, 4, 4, 3, 4] != Общий: [1, 2, 3, 3, 3, 3, 3, 3, 4]"
LESCHACO,354,"Спец: [1, 2, 2, 3, 4, 4, 4, 3, 4] != Общий: [1, 2, 3, 3, 3, 3, 3, 3, 4]"
LESCHACO,355,"Спец: [1, 2, 3, 3, 4] != Общий: [1, 1, 3, 3, 4]"
LESCHACO,356,"Спец: [1, 2, 2, 2, 3, 3, 4] != Общий: [1, 1, 1, 1, 3, 3, 4]"
LESCHACO,357,"Спец: [1, 2, 2, 3, 4] != Общий: [1, 1, 2, 3, 4]"
LESCHACO,358,"Спец: [1, 2, 2, 2, 3, 4, 4, 4, 4, 4] != Общий: [1, 1, 2, 2, 3, 3, 3, 3, 4, 4]"
LESCHACO,359,"Спец: [1, 2, 2, 2, 2, 3, 4, 4, 5, 5] != Общий: [1, 1, 1, 2, 2, 3, 4, 4, 5, 5]"
LESCHACO,360,"Спец: [1, 2, 2, 2, 3] != Общий: [1, 1, 1, 2, 3]"
LESCHACO,361,"Спец: [1, 2, 2, 2, 3, 4] != Общий: [1, 1, 1, 2, 3, 4]"
LESCHACO,362,"Спец: [1, 2, 2, 2, 2, 3, 4] != Общий: [1, 1, 1, 1, 2, 3, 4]"
LESCHACO,363,"Спец: [1, 2, 2, 2, 2, 3, 4] != Общий: [1, 1, 1, 1, 2, 3, 4]"
LESCHACO,364,"Спец: [1, 2, 2, 2, 3, 4] != Общий: [1, 1, 1, 2, 3, 4]"
LESCHACO,365,"Спец: [1, 2, 2, 2, 2, 3, 4] != Общий: [1, 1, 1, 3, 3, 3, 4]"
LESCHACO,366,"Спец: [1, 2, 2, 2, 2, 2, 3, 4] != Общий: [1, 1, 1, 3, 3, 3, 3, 4]"
LESCHACO,367,"Спец: [1, 2, 2, 2, 2, 2, 3, 4] != Общий: [1, 1, 1, 3, 3, 3, 3, 4]"
LESCHACO,368,"Спец: [1, 2, 2, 2, 2, 2, 3, 4] != Общий: [1, 1, 1, 3, 3, 3, 3, 4]"
LESCHACO,369,"Спец: [1, 2, 2, 2, 2, 2, 3, 3, 4] != Общий: [1, 1, 1, 3, 3, 3, 3, 3, 4]"
LESCHACO,370,"Спец: [1, 2, 2, 3, 4] != Общий: [1, 1, 2, 3, 4]"
LESCHACO,371,"Спец: [1, 2, 2, 2, 2, 3, 4] != Общий: [1, 1, 1, 1, 2, 3, 4]"
LESCHACO,372,"Спец: [1, 2, 2, 2, 3, 3, 4] != Общий: [1, 1, 1, 1, 3, 3, 4]"
LESCHACO,373,"Спец: [1, 2, 2, 2, 3, 3, 4] != Общий: [1, 1, 1, 1, 3, 3, 4]"
LESCHACO,374,"Спец: [1, 2, 2, 2, 2, 3, 4] != Общий: [1, 1, 1, 1, 2, 3, 4]"
LESCHACO,375,"Спец: [1, 2, 2, 2, 2, 3, 4] != Общий: [1, 1, 1, 1, 2, 3, 4]"
LESCHACO,376,"Спец: [1, 2, 2, 2, 3, 4, 4, 4, 4, 4, 4] != Общий: [1, 1, 1, 2, 3, 3, 3, 3, 3, 3, 4]"
LESCHACO,377,"Спец: [1, 2, 2, 3, 4] != Общий: [1, 1, 2, 3, 4]"
LESCHACO,378,"Спец: [1, 2, 2, 2, 3, 4] != Общий: [1, 1, 2, 3, 3, 4]"
LESCHACO,379,"Спец: [1, 2, 2, 2, 2, 2, 3, 4] != Общий: [1, 1, 1, 3, 3, 3, 3, 4]"
LESCHACO,380,"Спец: [1, 2, 2, 2, 3, 4] != Общий: [1, 1, 3, 3, 3, 4]"
LESCHACO,381,"Спец: [1, 2, 2, 2, 3] != Общий: [1, 1, 1, 2, 3]"
LESCHACO,382,"Спец: [1, 2, 3, 3, 4] != Общий: [1, 1, 3, 3, 4]"
LESCHACO,383,"Спец: [1, 2, 2, 2, 3, 4] != Общий: [1, 1, 1, 2, 3, 4]"
LESCHACO,384,"Спец: [1, 2, 2, 3, 4, 4, 4] != Общий: [1, 1, 2, 3, 3, 3, 4]"
LESCHACO,385,"Спец: [1, 2, 2, 2, 3, 4, 4, 4, 4, 4] != Общий: [1, 1, 2, 2, 3, 3, 3, 3, 4, 4]"
LESCHACO,386,"Спец: [1, 2, 2, 2, 2, 3, 3, 4] != Общий: [1, 1, 1, 3, 3, 3, 3, 4]"
LESCHACO,387,"Спец: [1, 2, 2, 2, 2, 2, 3, 4] != Общий: [1, 1, 1, 3, 3, 3, 3, 4]"
LESCHACO,388,"Спец: [1, 2, 2, 3, 4] != Общий: [1, 1, 2, 3, 4]"
LESCHACO,389,"Спец: [1, 2, 2, 2, 3, 4] != Общий: [1, 3, 3, 3, 3, 4]"
LESCHACO,390,"Спец: [1, 2, 2, 2, 3, 4] != Общий: [1, 1, 1, 2, 3, 4]"
LESCHACO,391,"Спец: [1, 2, 2, 2, 3, 4, 4, 4, 4] != Общий: [1, 1, 2, 2, 3, 3, 3, 3, 4]"
LESCHACO,392,"Спец: [1, 2, 3, 4, 4, 4, 3, 4] != Общий: [1, 3, 3, 3, 3, 3, 3, 4]"
LESCHACO,393,"Спец: [1, 2, 2, 2, 2, 3, 4] != Общий: [1, 1, 1, 1, 2, 3, 4]"
LESCHACO,394,"Спец: [1, 2, 2, 2, 2, 3, 4] != Общий: [1, 1, 1, 3, 3, 3, 4]"
LESCHACO,395,"Спец: [1, 2, 2, 2, 3, 4, 4, 4, 4, 4, 4] != Общий: [1, 1, 1, 2, 3, 3, 3, 3, 3, 3, 4]"
LESCHACO,396,"Спец: [1, 2, 2, 3, 4, 4, 4] != Общий: [1, 1, 2, 3, 3, 3, 4]"
LESCHACO,397,"Спец: [1, 2, 2, 2, 3, 4] != Общий: [1, 1, 3, 3, 3, 4]"
LESCHACO,398,"Спец: [1, 2, 2, 2, 3, 4, 4, 4, 4, 4] != Общий: [1, 1, 2, 2, 3, 3, 3, 3, 4, 4]"
LESCHACO,399,"Спец: [1, 2, 2, 2, 2, 2, 3, 4] != Общий: [1, 1, 1, 1, 1, 2, 3, 4]"
LESCHACO,400,"Спец: [1, 2, 2, 3, 4] != Общий: [1, 1, 2, 3, 4]"
LESCHACO,402,"Спец: [1, 3, 4, 5, 5, 5] != Общий: [1, 3, 3, 3, 3, 3]"
LESCHACO,403,"Спец: [1, 2, 2, 2, 3, 4] != Общий: [1, 3, 3, 3, 3, 4]"
LESCHACO,404,"Спец: [1, 2, 2, 2, 3, 4, 4, 5, 5] != Общий: [1, 1, 1, 2, 3, 4, 4, 5, 5]"
LESCHACO,405,"Спец: [1, 3, 4, 4, 5] != Общий: [1, 3, 3, 3, 3]"
LESCHACO,406,"Спец: [1, 2, 2, 2, 2, 2, 3, 3, 4] != Общий: [1, 1, 1, 3, 3, 3, 3, 3, 4]"
LESCHACO,407,"Спец: [1, 2, 2, 2, 3, 4] != Общий: [1, 1, 3, 3, 3, 4]"
LESCHACO,408,"Спец: [1, 2, 2, 2, 3, 4] != Общий: [1, 3, 3, 3, 3, 4]"
LESCHACO,409,"Спец: [1, 2, 2, 2, 2, 2, 3, 3, 4] != Общий: [1, 1, 1, 3, 3, 3, 3, 3, 4]"
LESCHACO,410,"Спец: [1, 2, 2, 3, 3, 4] != Общий: [1, 1, 1, 3, 3, 4]"
LESCHACO,411,"Спец: [1, 2, 2, 2, 2, 3, 4] != Общий: [1, 1, 1, 1, 2, 3, 4]"
LESCHACO,412,"Спец: [1, 2, 2, 2, 2, 3, 4] != Общий: [1, 1, 1, 1, 2, 3, 4]"
LESCHACO,413,"Спец: [1, 2, 2, 2, 3] != Общий: [1, 1, 1, 2, 3]"
LESCHACO,414,"Спец: [1, 2, 2, 2, 3, 4] != Общий: [1, 3, 3, 3, 3, 4]"
LESCHACO,415,"Спец: [1, 2, 2, 2, 2, 3, 4, 4, 4, 4, 4, 4, 4, 5] != Общий: [1, 1, 1, 2, 2, 3, 3, 3, 3, 3, 3, 3, 3, 3]"
LESCHACO,416,"Спец: [1, 2, 2, 2, 3, 4] != Общий: [1, 1, 1, 2, 3, 4]"
LESCHACO,417,"Спец: [1, 2, 2, 3, 3, 4] != Общий: [1, 1, 1, 3, 3, 4]"
LESCHACO,418,"Спец: [1, 2, 2, 3, 3, 4] != Общий: [1, 1, 1, 3, 3, 4]"
LESCHACO,419,"Спец: [1, 2, 2, 2, 2, 3, 4] != Общий: [1, 1, 1, 1, 2, 3, 4]"
LESCHACO,420,"Спец: [1, 2, 2, 2, 2, 3, 4] != Общий: [1, 1, 1, 1, 2, 3, 4]"
LESCHACO,421,"Спец: [1, 2, 2, 3, 4, 4, 3, 3, 4, 4, 5, 5] != Общий: [1, 2, 3, 3, 3, 3, 3, 3, 4, 4, 5, 5]"
LESCHACO,422,"Спец: [1, 2, 2, 3, 4] != Общий: [1, 1, 2, 3, 4]"
LESCHACO,423,"Спец: [1, 2, 2, 3, 3, 4] != Общий: [1, 1, 1, 3, 3, 4]"
LESCHACO,424,"Спец: [1, 2, 2, 2, 2, 2, 3, 4] != Общий: [1, 1, 1, 1, 1, 2, 3, 4]"
LESCHACO,425,"Спец: [1, 2, 2, 2, 2, 3, 4] != Общий: [1, 1, 1, 1, 2, 3, 4]"
LESCHACO,426,"Спец: [1, 2, 2, 3, 4] != Общий: [1, 1, 2, 3, 4]"
LESCHACO,427,"Спец: [1, 2, 2, 3, 3, 3, 4] != Общий: [1, 1, 1, 3, 3, 3, 4]"
LESCHACO,428,"Спец: [1, 2, 2, 2, 3, 4, 4, 4, 4, 4] != Общий: [1, 1, 2, 2, 3, 3, 3, 3, 4, 4]"
LESCHACO,429,"Спец: [1, 2, 2, 2, 3, 4, 4, 4, 4, 4] != Общий: [1, 1, 2, 2, 3, 3, 3, 3, 4, 4]"
LESCHACO,430,"Спец: [1, 2, 2, 2, 2, 3, 4] != Общий: [1, 1, 1, 1, 2, 3, 4]"
LESCHACO,431,"Спец: [1, 2, 2, 2, 2, 3, 4] != Общий: [1, 1, 1, 1, 2, 3, 4]"
LESCHACO,432,"Спец: [1, 2, 2, 3, 4] != Общий: [1, 1, 2, 3, 4]"
LESCHACO,433,"Спец: [1, 2, 2, 2, 2, 3, 4] != Общий: [1, 1, 1, 1, 2, 3, 4]"
LESCHACO,434,"Спец: [1, 2, 2, 2, 3, 4] != Общий: [1, 1, 2, 2, 3, 4]"
LESCHACO,435,"Спец: [1, 2, 2, 2, 3, 4] != Общий: [1, 1, 2, 2, 3, 4]"
LESCHACO,436,"Спец: [1, 2, 2, 2, 3, 4] != Общий: [1, 1, 2, 2, 3, 4]"
LESCHACO,437,"Спец: [1, 2, 2, 2, 3, 4] != Общий: [1, 1, 2, 2, 3, 4]"
LESCHACO,438,"Спец: [1, 2, 2, 2, 3, 4] != Общий: [1, 1, 2, 2, 3, 4]"
LESCHACO,439,"Спец: [1, 2, 2, 2, 3, 4, 4, 4] != Общий: [1, 1, 1, 2, 3, 3, 3, 3]"
LESCHACO,440,"Спец: [1, 2, 2, 2, 3, 4, 4, 4] != Общий: [1, 1, 1, 2, 3, 3, 3, 3]"
LESCHACO,441,"Спец: [1, 2, 2, 3, 3, 3, 4] != Общий: [1, 1, 1, 3, 3, 3, 4]"
LESCHACO,442,"Спец: [1, 2, 3, 4, 4, 4, 3, 4] != Общий: [1, 3, 3, 3, 3, 3, 3, 4]"
LESCHACO,443,"Спец: [1, 2, 2, 2, 3, 4, 4, 4, 4, 4, 4] != Общий: [1, 1, 1, 2, 3, 3, 3, 3, 3, 3, 4]"
LESCHACO,444,"Спец: [1, 2, 2, 3, 4] != Общий: [1, 1, 2, 3, 4]"
LESCHACO,445,"Спец: [1, 2, 2, 2, 3, 4, 4, 4, 4, 4] != Общий: [1, 1, 2, 2, 3, 3, 3, 3, 4, 4]"
LESCHACO,446,"Спец: [1, 2, 2, 3, 4, 4, 4] != Общий: [1, 1, 2, 3, 3, 3, 4]"
LESCHACO,447,"Спец: [1, 2, 2, 3, 3, 4] != Общий: [1, 1, 1, 3, 3, 4]"
LESCHACO,448,"Спец: [1, 2, 2, 3, 4] != Общий: [1, 1, 2, 3, 4]"
LESCHACO,449,"Спец: [1, 2, 2, 2, 2, 2, 3, 4] != Общий: [1, 1, 1, 1, 1, 2, 3, 4]"
LESCHACO,450,"Спец: [1, 2, 2, 3, 3, 4] != Общий: [1, 1, 2, 3, 3, 4]"
LESCHACO,452,"Спец: [1, 2, 2, 2, 3, 4, 4, 4, 4] != Общий: [1, 1, 2, 2, 3, 3, 3, 3, 4]"
LESCHACO,453,"Спец: [1, 2, 2, 2, 2, 3, 4] != Общий: [1, 1, 1, 1, 2, 3, 4]"
LESCHACO,454,"Спец: [1, 2, 2, 3, 4] != Общий: [1, 1, 2, 3, 4]"
LESCHACO,455,"Спец: [1, 2, 2, 2, 3] != Общий: [1, 1, 1, 2, 3]"
LESCHACO,456,"Спец: [1, 2, 3, 4, 4, 4, 3, 4] != Общий: [1, 3, 3, 3, 3, 3, 3, 4]"
LESCHACO,457,"Спец: [1, 2, 2, 3, 3, 4] != Общий: [1, 1, 1, 3, 3, 4]"
LESCHACO,458,"Спец: [1, 2, 2, 2, 2, 3, 4] != Общий: [1, 1, 1, 1, 2, 3, 4]"
LESCHACO,459,"Спец: [1, 2, 2, 3, 4, 4, 4, 4, 4, 4] != Общий: [1, 1, 2, 3, 3, 3, 3, 3, 3, 4]"
LESCHACO,460,"Спец: [1, 2, 2, 2, 2, 3, 4] != Общий: [1, 1, 1, 1, 2, 3, 4]"
LESCHACO,461,"Спец: [1, 3, 4, 4] != Общий: [1, 3, 3, 4]"
LESCHACO,463,"Спец: [1, 2, 2, 3, 4, 4, 4] != Общий: [1, 1, 2, 3, 3, 3, 4]"
LESCHACO,464,"Спец: [1, 2, 2, 2, 3, 4, 4, 4, 3, 4] != Общий: [1, 1, 2, 3, 3, 3, 3, 3, 3, 4]"
LESCHACO,465,"Спец: [1, 2, 2, 3, 4] != Общий: [1, 1, 2, 3, 4]"
LESCHACO,466,"Спец: [1, 2, 2, 2, 3, 4, 4, 4, 4, 4] != Общий: [1, 1, 2, 2, 3, 3, 3, 3, 4, 4]"
LESCHACO,467,"Спец: [1, 2, 2, 2, 3, 3, 4] != Общий: [1, 1, 1, 1, 3, 3, 4]"
LESCHACO,468,"Спец: [1, 2, 2, 2, 3, 4, 4, 4, 4, 4] != Общий: [1, 1, 2, 2, 3, 3, 3, 3, 4, 4]"
LESCHACO,469,"Спец: [1, 2, 2, 2, 2, 3, 4] != Общий: [1, 1, 1, 1, 2, 3, 4]"
LESCHACO,470,"Спец: [1, 2, 2, 2, 2, 3, 4] != Общий: [1, 1, 1, 1, 2, 3, 4]"
LESCHACO,471,"Спец: [1, 2, 2, 2, 3, 4, 4, 4, 4, 4] != Общий: [1, 1, 2, 2, 3, 3, 3, 3, 4, 4]"
LESCHACO,472,"Спец: [1, 2, 2, 2, 2, 2, 3, 4] != Общий: [1, 1, 1, 1, 1, 2, 3, 4]"
LESCHACO,473,"Спец: [1, 2, 2, 2, 3, 4, 4, 4, 4, 4] != Общий: [1, 1, 2, 2, 3, 3, 3, 3, 4, 4]"
LESCHACO,474,"Спец: [1, 2, 2, 2, 3, 4] != Общий: [1, 3, 3, 3, 3, 4]"
LESCHACO,475,"Спец: [1, 2, 2, 2, 2, 3, 4] != Общий: [1, 1, 1, 1, 2, 3, 4]"
LESCHACO,476,"Спец: [1, 2, 2, 3, 4, 4, 4] != Общий: [1, 1, 2, 3, 3, 3, 4]"
LESCHACO,477,"Спец: [1, 2, 2, 2, 3, 4] != Общий: [1, 3, 3, 3, 3, 4]"
LESCHACO,478,"Спец: [1, 2, 2, 2, 3, 4] != Общий: [1, 1, 3, 3, 3, 4]"
LESCHACO,479,"Спец: [1, 2, 2, 2, 2, 3, 4] != Общий: [1, 1, 1, 3, 3, 3, 4]"
LESCHACO,480,"Спец: [1, 2, 2, 2, 3, 4] != Общий: [1, 1, 3, 3, 3, 4]"
LESCHACO,481,"Спец: [1, 2, 3, 4] != Общий: [1, 3, 3, 4]"
LESCHACO,482,"Спец: [1, 2, 2, 2, 3, 4] != Общий: [1, 1, 1, 2, 3, 4]"
LESCHACO,483,"Спец: [1, 2, 2, 2, 3, 4, 4, 4, 4, 4] != Общий: [1, 1, 2, 2, 3, 3, 3, 3, 4, 4]"
LESCHACO,484,"Спец: [1, 2, 2, 2, 3, 4, 4, 4, 4, 4, 4] != Общий: [1, 1, 1, 2, 3, 3, 3, 3, 3, 3, 4]"
LESCHACO,485,"Спец: [1, 2, 2, 2, 3, 4] != Общий: [1, 1, 1, 2, 3, 4]"
LESCHACO,486,"Спец: [1, 2, 2, 2, 3, 4, 4, 4, 4, 4] != Общий: [1, 1, 2, 2, 3, 3, 3, 3, 4, 4]"
LESCHACO,487,"Спец: [1, 2, 2, 3, 4] != Общий: [1, 1, 2, 3, 4]"
LESCHACO,488,"Спец: [1, 2, 2, 2, 3] != Общий: [1, 1, 1, 2, 3]"
LESCHACO,489,"Спец: [1, 2, 2, 3, 4] != Общий: [1, 1, 2, 3, 4]"
LESCHACO,490,"Спец: [1, 2, 2, 3, 3, 3, 4] != Общий: [1, 1, 1, 3, 3, 3, 4]"
LESCHACO,491,"Спец: [1, 2, 2, 2, 2, 3, 4] != Общий: [1, 1, 1, 1, 2, 3, 4]"
LESCHACO,492,"Спец: [1, 2, 2, 3, 4, 4, 4] != Общий: [1, 1, 2, 3, 3, 3, 4]"
LESCHACO,493,"Спец: [1, 2, 2, 3, 4] != Общий: [1, 1, 2, 3, 4]"
LESCHACO,494,"Спец: [1, 2, 2, 3, 4] != Общий: [1, 1, 2, 3, 4]"
LESCHACO,495,"Спец: [1, 2, 2, 3, 3, 4] != Общий: [1, 1, 1, 3, 3, 4]"
LESCHACO,497,"Спец: [1, 2, 2, 2, 3, 4] != Общий: [1, 1, 1, 2, 3, 4]"
LESCHACO,498,"Спец: [1, 2, 2, 2, 2, 2, 3, 4] != Общий: [1, 1, 1, 1, 1, 2, 3, 4]"
LESCHACO,499,"Спец: [1, 2, 2, 2, 3, 4, 4, 4, 4, 4] != Общий: [1, 1, 2, 2, 3, 3, 3, 3, 4, 4]"
LESCHACO,500,"Спец: [1, 2, 2, 2, 3, 4] != Общий: [1, 1, 1, 2, 3, 4]"
LESCHACO,501,"Спец: [1, 2, 2, 3, 4] != Общий: [1, 1, 2, 3, 4]"
LESCHACO,502,"Спец: [1, 2, 2, 2, 2, 3, 4] != Общий: [1, 1, 1, 1, 2, 3, 4]"
LESCHACO,504,"Спец: [1, 2, 2, 2, 3, 4, 4, 4, 4, 4, 4] != Общий: [1, 1, 1, 2, 3, 3, 3, 3, 3, 3, 4]"
LESCHACO,505,"Спец: [1, 2, 2, 3, 4] != Общий: [1, 1, 2, 3, 4]"
LESCHACO,506,"Спец: [1, 2, 3, 4, 4, 4, 3, 4] != Общий: [1, 3, 3, 3, 3, 3, 3, 4]"
LESCHACO,507,"Спец: [1, 2, 2, 2, 3, 4, 4, 4, 4, 4, 4] != Общий: [1, 1, 1, 2, 3, 3, 3, 3, 3, 3, 4]"
LESCHACO,508,"Спец: [1, 2, 2, 3, 4, 4, 4] != Общий: [1, 1, 2, 3, 3, 3, 4]"
LESCHACO,509,"Спец: [1, 2, 2, 2, 2, 3, 4] != Общий: [1, 1, 1, 1, 2, 3, 4]"
LESCHACO,510,"Спец: [1, 2, 2, 2, 3, 4, 4, 4, 4, 4] != Общий: [1, 1, 2, 2, 3, 3, 3, 3, 4, 4]"
LESCHACO,511,"Спец: [1, 2, 2, 2, 2, 3, 4] != Общий: [1, 1, 1, 1, 2, 3, 4]"
LESCHACO,513,"Спец: [1, 2, 2, 3, 4] != Общий: [1, 1, 2, 3, 4]"
LESCHACO,514,"Спец: [1, 2, 2, 3, 4] != Общий: [1, 1, 2, 3, 4]"
LESCHACO,515,"Спец: [1, 2, 2, 2, 3, 3, 4] != Общий: [1, 1, 1, 1, 3, 3, 4]"
LESCHACO,516,"Спец: [1, 2, 2, 3, 4] != Общий: [1, 1, 2, 3, 4]"
LESCHACO,517,"Спец: [1, 2, 2, 3, 4] != Общий: [1, 1, 2, 3, 4]"
LESCHACO,518,"Спец: [1, 2, 2, 3, 4, 4, 4, 4, 4, 4] != Общий: [1, 1, 2, 3, 3, 3, 3, 3, 3, 4]"
LESCHACO,519,"Спец: [1, 2, 2, 2, 3, 4, 4, 4, 4, 4] != Общий: [1, 1, 2, 2, 3, 3, 3, 3, 4, 4]"
LESCHACO,520,"Спец: [1, 2, 2, 2, 2, 2, 3, 4] != Общий: [1, 1, 1, 1, 1, 2, 3, 4]"
LESCHACO,521,"Спец: [1, 2, 3, 4, 4, 4, 3, 4] != Общий: [1, 3, 3, 3, 3, 3, 3, 4]"
LESCHACO,522,"Спец: [1, 2, 2, 2, 2, 3, 4] != Общий: [1, 1, 1, 1, 2, 3, 4]"
LESCHACO,523,"Спец: [1, 2, 2, 2, 3, 3, 4] != Общий: [1, 1, 1, 1, 3, 3, 4]"
LESCHACO,524,"Спец: [1, 2, 2, 2, 2, 3, 4] != Общий: [1, 1, 1, 1, 2, 3, 4]"
LESCHACO,525,"Спец: [1, 2, 2, 2, 2, 3, 4] != Общий: [1, 1, 1, 1, 2, 3, 4]"
LESCHACO,526,"Спец: [1, 2, 2, 3, 3, 4] != Общий: [1, 1, 2, 3, 3, 4]"
LESCHACO,527,"Спец: [1, 2, 3, 3, 4] != Общий: [1, 1, 3, 3, 4]"
LESCHACO,528,"Спец: [1, 2, 2, 3, 3, 4] != Общий: [1, 1, 1, 3, 3, 4]"
LESCHACO,529,"Спец: [1, 2, 2, 2, 3, 4] != Общий: [1, 1, 2, 3, 3, 4]"
LESCHACO,530,"Спец: [1, 2, 2, 2, 2, 3, 4] != Общий: [1, 1, 1, 1, 2, 3, 4]"
LESCHACO,531,"Спец: [1, 2, 2, 2, 3, 3, 4] != Общий: [1, 1, 1, 1, 3, 3, 4]"
LESCHACO,532,"Спец: [1, 2, 2, 3, 3, 3, 4] != Общий: [1, 1, 1, 3, 3, 3, 4]"
LESCHACO,533,"Спец: [1, 2, 2, 2, 2, 3, 4] != Общий: [1, 1, 1, 1, 2, 3, 4]"
LESCHACO,534,"Спец: [1, 2, 2, 2, 2, 3, 4] != Общий: [1, 1, 1, 1, 2, 3, 4]"
LESCHACO,535,"Спец: [1, 2, 2, 2, 2, 3, 4] != Общий: [1, 1, 1, 1, 2, 3, 4]"
LESCHACO,536,"Спец: [1, 2, 2, 2, 2, 3, 4] != Общий: [1, 1, 1, 1, 2, 3, 4]"
LESCHACO,537,"Спец: [1, 2, 2, 2, 3, 3, 4] != Общий: [1, 1, 2, 2, 3, 3, 3]"
LESCHACO,538,"Спец: [1, 2, 2, 3, 4, 4, 4, 3, 4, 4, 4, 4, 5] != Общий: [1, 1, 2, 3, 3, 3, 3, 3, 3, 3, 3, 3, 3]"
LESCHACO,539,"Спец: [1, 2, 2, 2, 3, 4, 4, 5, 5] != Общий: [1, 1, 2, 2, 3, 3, 3, 3, 3]"
LESCHACO,540,"Спец: [1, 2, 2, 2, 3, 4, 4, 4, 3, 4, 4, 5, 5] != Общий: [1, 1, 1, 2, 3, 3, 3, 3, 3, 4, 4, 5, 5]"
LESCHACO,541,"Спец: [1, 2, 2, 2, 2, 3, 4, 4, 4, 3, 4, 4, 5, 5] != Общий: [1, 1, 1, 2, 2, 3, 3, 3, 3, 3, 4, 4, 5, 5]"
LESCHACO,542,"Спец: [1, 2, 3, 3, 4, 4, 5, 5] != Общий: [1, 2, 3, 3, 3, 3, 3, 3]"
LESCHACO,543,"Спец: [1, 2, 2, 3, 4] != Общий: [1, 1, 2, 3, 4]"
LESCHACO,544,"Спец: [1, 2, 2, 2, 3, 4] != Общий: [1, 1, 1, 2, 3, 4]"
LESCHACO,548,"Спец: [1, 2, 3, 4] != Общий: [1, 1, 3, 4]"
LESCHACO,549,"Спец: [1, 2, 2, 2, 3, 4, 4, 5, 5] != Общий: [1, 1, 2, 3, 3, 4, 4, 5, 5]"
LESCHACO,551,"Спец: [1, 2, 2, 2, 2, 3, 4, 4] != Общий: [1, 1, 1, 2, 2, 3, 4, 4]"
LESCHACO,553,"Спец: [1, 2, 3, 4] != Общий: [1, 1, 3, 3]"
LESCHACO,555,"Спец: [1, 2, 2, 3, 4] != Общий: [1, 1, 2, 3, 4]"
LESCHACO,556,"Спец: [1, 2, 2, 3, 4, 4] != Общий: [1, 1, 2, 3, 4, 4]"
LESCHACO,557,"Спец: [1, 2, 2, 2, 3, 4, 4] != Общий: [1, 1, 1, 2, 3, 4, 4]"
LESCHACO,558,"Спец: [1, 2, 2, 2, 2, 2, 3, 4, 4, 5, 5] != Общий: [1, 1, 1, 1, 2, 2, 3, 4, 4, 5, 5]"
LESCHACO,559,"Спец: [1, 2, 2, 2, 3, 4, 4, 4, 3, 4, 4, 4] != Общий: [1, 1, 1, 2, 3, 3, 3, 3, 3, 3, 3, 4]"
LESCHACO,560,"Спец: [1, 2, 3, 3, 4, 4] != Общий: [1, 1, 3, 3, 3, 3]"
LESCHACO,561,"Спец: [1, 2, 2, 3, 4, 4, 4, 3, 4, 4] != Общий: [1, 1, 2, 3, 3, 3, 3, 3, 4, 4]"
LESCHACO,562,"Спец: [1, 2, 2, 2, 3, 4, 4, 5] != Общий: [1, 1, 1, 2, 3, 4, 4, 5]"
LESCHACO,564,"Спец: [1, 2, 2, 3, 4, 4] != Общий: [1, 2, 2, 3, 3, 3]"
LESCHACO,566,"Спец: [1, 2, 2, 3, 4, 4, 4, 3, 4, 4, 4, 3, 4, 4] != Общий: [1, 2, 3, 3, 3, 3, 3, 3, 3, 3, 3, 3, 4, 4]"
LESCHACO,568,"Спец: [1, 2, 2, 2, 3, 3, 4, 4, 4, 3, 4] != Общий: [1, 1, 1, 3, 3, 3, 3, 3, 3, 3, 4]"
LESCHACO,569,"Спец: [1, 3, 4] != Общий: [1, 3, 3]"
LESCHACO,570,"Спец: [1, 3, 4] != Общий: [1, 3, 3]"
LESCHACO,571,"Спец: [1, 2, 2, 2, 3, 4] != Общий: [1, 1, 3, 3, 3, 4]"
LESCHACO,572,"Спец: [1, 2, 2, 2, 3, 3, 4, 4, 4, 3, 4] != Общий: [1, 1, 1, 3, 3, 3, 3, 3, 3, 3, 3]"
LESCHACO,573,"Спец: [1, 2, 2, 2, 2, 3, 4] != Общий: [1, 1, 2, 2, 3, 3, 3]"
LESCHACO,575,"Спец: [1, 2, 3, 4] != Общий: [1, 1, 3, 4]"
LESCHACO,576,"Спец: [1, 2, 2, 3, 4] != Общий: [1, 2, 3, 3, 4]"
LESCHACO,577,"Спец: [1, 2, 2, 3, 4] != Общий: [1, 2, 3, 3, 4]"
LESCHACO,578,"Спец: [1, 2, 2, 3, 4] != Общий: [1, 2, 3, 3, 4]"
LESCHACO,579,"Спец: [1, 2, 2, 2, 3, 4] != Общий: [1, 1, 1, 2, 3, 4]"
LESCHACO,580,"Спец: [1, 2, 2, 2, 3, 4] != Общий: [1, 1, 2, 2, 3, 4]"
LESCHACO,581,"Спец: [1, 2, 2, 2, 3, 3, 4, 4, 5] != Общий: [1, 1, 1, 3, 3, 3, 4, 4, 5]"
LESCHACO,582,"Спец: [1, 2, 2, 2, 3, 4, 4, 4, 4, 4] != Общий: [1, 1, 1, 2, 3, 3, 3, 3, 4, 4]"
LESCHACO,583,"Спец: [1, 2, 2, 3, 4] != Общий: [1, 2, 3, 3, 4]"
LESCHACO,584,"Спец: [1, 2, 2, 2, 3, 4] != Общий: [1, 3, 3, 3, 3, 4]"
LESCHACO,586,"Спец: [1, 2, 2, 2, 3, 4] != Общий: [1, 1, 2, 2, 3, 4]"
LESCHACO,587,"Спец: [1, 2, 3, 4, 4, 4, 3, 4] != Общий: [1, 3, 3, 3, 3, 3, 3, 4]"
LESCHACO,588,"Спец: [1, 2, 2, 2, 3, 4, 4, 4, 4, 4] != Общий: [1, 1, 1, 2, 3, 3, 3, 3, 4, 4]"
LESCHACO,589,"Спец: [1, 2, 2, 2, 2, 3, 4] != Общий: [1, 1, 1, 1, 2, 3, 4]"
LESCHACO,591,"Спец: [1, 2, 2, 2, 3, 4] != Общий: [1, 1, 1, 2, 3, 4]"
LESCHACO,592,"Спец: [1, 2, 2, 2, 3, 4] != Общий: [1, 1, 3, 3, 3, 4]"
LESCHACO,593,"Спец: [1, 3, 4, 5, 5] != Общий: [1, 3, 3, 3, 3]"
LESCHACO,594,"Спец: [1, 2, 2, 3, 4] != Общий: [1, 1, 2, 3, 4]"
LESCHACO,595,"Спец: [1, 2, 2, 2, 3, 4] != Общий: [1, 1, 2, 2, 3, 4]"
LESCHACO,596,"Спец: [1, 3, 3, 4, 5, 5] != Общий: [1, 3, 3, 3, 3, 3]"
LESCHACO,598,"Спец: [1, 3, 4] != Общий: [1, 3, 3]"
LESCHACO,599,"Спец: [1, 3, 4, 5, 5, 5] != Общий: [1, 3, 3, 3, 3, 3]"
LESCHACO,600,"Спец: [1, 3, 4, 5, 5, 5] != Общий: [1, 3, 3, 3, 3, 3]"
LESCHACO,601,"Спец: [1, 2, 3, 4] != Общий: [1, 1, 3, 3]"
LESCHACO,602,"Спец: [1, 2, 2, 2, 3, 3, 4] != Общий: [1, 1, 2, 2, 3, 3, 3]"
LESCHACO,603,"Спец: [1, 3, 4, 5, 5, 5] != Общий: [1, 3, 3, 3, 3, 3]"
LESCHACO,604,"Спец: [1, 3, 4] != Общий: [1, 3, 3]"
LESCHACO,605,"Спец: [1, 3, 4] != Общий: [1, 3, 3]"
LESCHACO,609,"Спец: [1, 2, 2, 3, 4, 4, 4, 4, 4, 4, 4] != Общий: [1, 1, 2, 3, 3, 3, 3, 3, 3, 3, 3]"
LESCHACO,610,"Спец: [1, 2, 2, 3, 3, 4] != Общий: [1, 1, 3, 3, 3, 3]"
LESCHACO,611,"Спец: [1, 2, 2, 3, 4] != Общий: [1, 1, 2, 3, 3]"
LESCHACO,612,"Спец: [1, 2, 2, 3, 3, 3, 4, 4] != Общий: [1, 1, 3, 3, 3, 3, 3, 3]"
LESCHACO,624,"Спец: [1, 3, 4] != Общий: [1, 3, 3]"
LESCHACO,625,"Спец: [1, 2, 2, 2, 3, 3, 4] != Общий: [1, 1, 2, 2, 3, 3, 3]"
LESCHACO,626,"Спец: [1, 3, 4, 5, 5, 5] != Общий: [1, 3, 3, 3, 3, 3]"
LESCHACO,628,"Спец: [1, 3, 4, 5, 5, 5] != Общий: [1, 3, 3, 3, 3, 3]"
LESCHACO,629,"Спец: [1, 3, 4] != Общий: [1, 3, 3]"
LESCHACO,630,"Спец: [1, 3, 4] != Общий: [1, 3, 3]"
LESCHACO,631,"Спец: [1, 3, 4] != Общий: [1, 3, 3]"
LESCHACO,632,"Спец: [1, 3, 4, 5, 5, 5] != Общий: [1, 3, 3, 3, 3, 3]"
LESCHACO,633,"Спец: [1, 3, 4] != Общий: [1, 3, 3]"
LESCHACO,634,"Спец: [1, 3, 4, 5, 5, 5] != Общий: [1, 3, 3, 3, 3, 3]"
LESCHACO,635,"Спец: [1, 3, 4, 5, 5, 5] != Общий: [1, 3, 3, 3, 3, 3]"
LESCHACO,636,"Спец: [1, 3, 4, 5, 5, 5] != Общий: [1, 3, 3, 3, 3, 3]"
LESCHACO,638,"Спец: [1, 3, 4, 5, 5, 5] != Общий: [1, 3, 3, 3, 3, 3]"
LESCHACO,639,"Спец: [1, 3, 4, 5, 5, 5] != Общий: [1, 3, 3, 3, 3, 3]"
LESCHACO,640,"Спец: [1, 3, 4] != Общий: [1, 3, 3]"
LESCHACO,641,"Спец: [1, 3, 4, 5, 5, 5] != Общий: [1, 3, 3, 3, 3, 3]"
LESCHACO,643,"Спец: [1, 3, 4] != Общий: [1, 3, 3]"
LESCHACO,645,"Спец: [1, 3, 4, 5, 5, 5] != Общий: [1, 3, 3, 3, 3, 3]"
LESCHACO,646,"Спец: [1, 3, 4] != Общий: [1, 3, 3]"
LESCHACO,647,"Спец: [1, 3, 4, 5, 5, 5] != Общий: [1, 3, 3, 3, 3, 3]"
LESCHACO,649,"Спец: [1, 3, 4, 5, 5, 5] != Общий: [1, 3, 3, 3, 3, 3]"
LESCHACO,651,"Спец: [1, 3, 4, 5, 5, 5] != Общий: [1, 3, 3, 3, 3, 3]"
LESCHACO,652,"Спец: [1, 3, 4, 5, 5, 5] != Общий: [1, 3, 3, 3, 3, 3]"
LESCHACO,653,"Спец: [1, 3, 4, 5, 5, 5] != Общий: [1, 3, 3, 3, 3, 3]"
LESCHACO,654,"Спец: [1, 3, 4, 5, 5, 5] != Общий: [1, 3, 3, 3, 3, 3]"
LESCHACO,655,"Спец: [1, 3, 4] != Общий: [1, 3, 3]"
LESCHACO,656,"Спец: [1, 3, 4, 5, 5, 5] != Общий: [1, 3, 3, 3, 3, 3]"
LESCHACO,657,"Спец: [1, 3, 4, 5, 5, 5] != Общий: [1, 3, 3, 3, 3, 3]"
LESCHACO,658,"Спец: [1, 2, 2, 2, 2, 3, 4] != Общий: [1, 2, 2, 2, 2, 3, 3]"
LESCHACO,659,"Спец: [1, 2, 2, 2, 2, 3, 4] != Общий: [1, 1, 1, 1, 2, 3, 4]"
LESCHACO,660,"Спец: [1, 2, 2, 2, 3, 4] != Общий: [1, 3, 3, 3, 3, 4]"
LESCHACO,662,"Спец: [1, 2, 2, 2, 3, 3, 3, 4, 4, 4, 4, 3, 3, 3, 3, 3, 4, 4, 4, 4, 4] != Общий: [1, 1, 1, 3, 3, 3, 3, 3, 3, 3, 3, 3, 3, 3, 3, 3, 3, 3, 3, 3, 3]"
LESCHACO,663,"Спец: [1, 3, 4, 4, 5, 5] != Общий: [1, 3, 3, 3, 3, 3]"
LESCHACO,664,"Спец: [1, 2, 2, 2, 3, 3, 4, 5] != Общий: [1, 1, 1, 3, 3, 3, 3, 3]"
LESCHACO,665,"Спец: [1, 3, 4] != Общий: [1, 3, 3]"
LESCHACO,666,"Спец: [1, 2, 2, 2, 2, 2, 3, 3, 4] != Общий: [1, 1, 1, 2, 3, 3, 3, 3, 3]"
LESCHACO,668,"Спец: [1, 3, 4] != Общий: [1, 3, 3]"
LESCHACO,669,"Спец: [1, 2, 2, 2, 2, 3, 4] != Общий: [1, 1, 1, 2, 2, 3, 3]"
LESCHACO,670,"Спец: [1, 2, 2, 3, 4] != Общий: [1, 1, 2, 3, 3]"
LESCHACO,671,"Спец: [1, 3, 4, 5, 5] != Общий: [1, 3, 3, 3, 3]"
LESCHACO,672,"Спец: [1, 2, 2, 3, 4] != Общий: [1, 1, 2, 3, 3]"
LESCHACO,673,"Спец: [1, 3, 4, 5, 5] != Общий: [1, 3, 3, 3, 3]"
LESCHACO,674,"Спец: [1, 3, 4, 5, 5] != Общий: [1, 3, 3, 3, 3]"
LESCHACO,675,"Спец: [1, 2, 2, 3, 4] != Общий: [1, 1, 2, 3, 3]"
LESCHACO,676,"Спец: [1, 2, 2, 2, 2, 3, 3, 4] != Общий: [1, 1, 1, 3, 3, 3, 3, 3]"
LESCHACO,677,"Спец: [1, 3, 4, 5, 5] != Общий: [1, 3, 3, 3, 3]"
LESCHACO,678,"Спец: [1, 2, 2, 2, 2, 3, 4, 5, 5] != Общий: [1, 1, 1, 1, 2, 3, 3, 3, 3]"
LESCHACO,679,"Спец: [1, 2, 2, 2, 2, 3, 4, 4, 5, 5] != Общий: [1, 1, 1, 2, 2, 3, 3, 3, 3, 3]"
LESCHACO,683,"Спец: [1, 2, 3, 4] != Общий: [1, 1, 3, 4]"
LESCHACO,684,"Спец: [1, 2, 2, 2, 3, 4] != Общий: [1, 1, 2, 2, 3, 4]"
LESCHACO,685,"Спец: [1, 2, 2, 2, 2, 2, 3, 3, 4, 4, 4, 3, 4] != Общий: [1, 1, 1, 2, 2, 3, 3, 3, 3, 3, 3, 3, 4]"
LESCHACO,686,"Спец: [1, 3, 4, 5, 5, 5] != Общий: [1, 3, 3, 3, 3, 3]"
LESCHACO,687,"Спец: [1, 2, 2, 2, 3, 4] != Общий: [1, 1, 2, 2, 3, 4]"
LESCHACO,688,"Спец: [1, 2, 2, 2, 3, 4, 4, 4, 4] != Общий: [1, 1, 1, 3, 3, 3, 3, 3, 4]"
LESCHACO,690,"Спец: [1, 2, 2, 2, 3, 4] != Общий: [1, 1, 2, 2, 3, 4]"
LESCHACO,691,"Спец: [1, 2, 2, 2, 3, 4] != Общий: [1, 1, 2, 2, 3, 4]"
LESCHACO,692,"Спец: [1, 3, 4, 4, 5, 5] != Общий: [1, 3, 3, 3, 3, 3]"
LESCHACO,693,"Спец: [1, 3, 4, 5, 5, 5] != Общий: [1, 3, 3, 3, 3, 3]"
LESCHACO,695,"Спец: [1, 2, 2, 2, 3, 4] != Общий: [1, 1, 2, 2, 3, 4]"
LESCHACO,697,"Спец: [1, 2, 2, 2, 2, 2, 3, 3, 4, 4, 4] != Общий: [1, 1, 1, 2, 3, 3, 3, 3, 3, 3, 4]"
LESCHACO,698,"Спец: [1, 2, 2, 2, 3, 3, 4, 4, 5] != Общий: [1, 1, 1, 3, 3, 3, 4, 4, 5]"
LESCHACO,700,"Спец: [1, 3, 4, 5, 5, 5] != Общий: [1, 3, 3, 3, 3, 3]"
LESCHACO,701,"Спец: [1, 2, 2, 2, 3, 3, 3, 4, 4, 4, 4, 4, 3, 4, 4, 4, 4, 4] != Общий: [1, 1, 1, 3, 3, 3, 3, 3, 3, 3, 3, 3, 3, 3, 3, 3, 3, 3]"
LESCHACO,702,"Спец: [1, 2, 2, 2, 3, 3, 3, 4, 4, 4, 4] != Общий: [1, 1, 1, 3, 3, 3, 3, 3, 3, 3, 3]"
LESCHACO,703,"Спец: [1, 2, 2, 2, 2, 2, 3, 3, 4] != Общий: [1, 1, 1, 3, 3, 3, 3, 3, 4]"
LESCHACO,704,"Спец: [1, 3, 4, 5, 5, 5] != Общий: [1, 3, 3, 3, 3, 3]"
LESCHACO,705,"Спец: [1, 3, 4] != Общий: [1, 3, 3]"
LESCHACO,707,"Спец: [1, 2, 2, 2, 2, 2, 3, 3, 4] != Общий: [1, 1, 1, 3, 3, 3, 3, 3, 4]"
LESCHACO,708,"Спец: [1, 2, 2, 2, 3, 4] != Общий: [1, 3, 3, 3, 3, 4]"
LESCHACO,709,"Спец: [1, 3, 4, 5, 5, 5] != Общий: [1, 3, 3, 3, 3, 3]"
LESCHACO,710,"Спец: [1, 3, 4] != Общий: [1, 3, 3]"
LESCHACO,714,"Спец: [1, 2, 2, 3, 4, 4, 5, 5] != Общий: [1, 2, 3, 3, 4, 4, 5, 5]"
LESCHACO,715,"Спец: [1, 3, 4] != Общий: [1, 3, 3]"
LESCHACO,716,"Спец: [1, 3, 4, 5, 5, 5] != Общий: [1, 3, 3, 3, 3, 3]"
LESCHACO,717,"Спец: [1, 3, 4, 4, 5, 5] != Общий: [1, 3, 3, 3, 3, 3]"
LESCHACO,718,"Спец: [1, 3, 4, 4, 5, 5] != Общий: [1, 3, 3, 3, 3, 3]"
LESCHACO,720,"Спец: [1, 2, 2, 3, 4, 4, 4] != Общий: [1, 1, 2, 3, 3, 3, 4]"
LESCHACO,725,"Спец: [1, 2, 2, 2, 2, 3, 3, 4, 4, 4, 3, 4] != Общий: [1, 2, 2, 3, 3, 3, 3, 3, 3, 3, 3, 4]"
LESCHACO,726,"Спец: [1, 2, 3, 4] != Общий: [1, 2, 3, 3]"
LESCHACO,727,"Спец: [1, 2, 2, 2, 3, 3, 4] != Общий: [1, 1, 2, 2, 3, 3, 3]"
LESCHACO,728,"Спец: [1, 3, 4, 5, 5, 5] != Общий: [1, 3, 3, 3, 3, 3]"
LESCHACO,729,"Спец: [1, 3, 4, 5, 5, 5] != Общий: [1, 3, 3, 3, 3, 3]"
LESCHACO,732,"Спец: [1, 2, 3, 4] != Общий: [1, 1, 3, 4]"
LESCHACO,733,"Спец: [1, 3, 4] != Общий: [1, 3, 3]"
LESCHACO,734,"Спец: [1, 3, 4, 5, 5] != Общий: [1, 3, 3, 3, 3]"
LESCHACO,735,"Спец: [1, 2, 2, 2, 3, 3, 4, 4, 5] != Общий: [1, 1, 2, 3, 3, 3, 3, 3, 3]"
LESCHACO,736,"Спец: [1, 3, 4] != Общий: [1, 3, 3]"
LESCHACO,737,"Спец: [1, 2, 2, 2, 2, 3, 4] != Общий: [1, 1, 1, 1, 2, 3, 4]"
LESCHACO,738,"Спец: [1, 2, 2, 2, 3, 4] != Общий: [1, 3, 3, 3, 3, 4]"
LESCHACO,739,"Спец: [1, 2, 2, 3, 4, 4, 4] != Общий: [1, 1, 2, 3, 3, 3, 4]"
LESCHACO,740,"Спец: [1, 2, 2, 2, 2, 3, 4, 4, 4, 4, 4, 4, 4, 5] != Общий: [1, 1, 1, 2, 2, 3, 3, 3, 3, 3, 3, 3, 3, 3]"
LESCHACO,741,"Спец: [1, 3, 4, 5, 5, 5] != Общий: [1, 3, 3, 3, 3, 3]"
LESCHACO,742,"Спец: [1, 3, 3, 4, 5, 5] != Общий: [1, 3, 3, 3, 3, 3]"
LESCHACO,743,"Спец: [1, 2, 3, 4, 4, 5] != Общий: [1, 3, 3, 3, 3, 3]"
LESCHACO,744,"Спец: [1, 2, 2, 2, 3, 4, 4, 4, 4, 4] != Общий: [1, 1, 2, 3, 3, 3, 3, 3, 3, 4]"
LESCHACO,745,"Спец: [1, 3, 4] != Общий: [1, 3, 3]"
LESCHACO,746,"Спец: [1, 2, 2, 2, 2, 2, 3, 4, 4, 4, 4, 3, 4] != Общий: [1, 1, 1, 2, 3, 3, 3, 3, 3, 3, 3, 3, 3]"
LESCHACO,747,"Спец: [1, 2, 2, 3, 4, 4, 4, 4] != Общий: [1, 2, 3, 3, 3, 3, 3, 4]"
LESCHACO,748,"Спец: [1, 2, 2, 2, 3, 4] != Общий: [1, 1, 2, 2, 3, 4]"
LESCHACO,749,"Спец: [1, 2, 2, 2, 3, 4] != Общий: [1, 1, 2, 2, 3, 4]"
LESCHACO,750,"Спец: [1, 3, 4, 5, 5, 5] != Общий: [1, 3, 3, 3, 3, 3]"
LESCHACO,751,"Спец: [1, 2, 2, 3, 4, 4] != Общий: [1, 1, 2, 3, 3, 3]"
LESCHACO,754,"Спец: [1, 2, 2, 2, 2, 2, 3, 3, 4, 4, 4, 3, 4] != Общий: [1, 1, 1, 2, 2, 3, 3, 3, 3, 3, 3, 3, 4]"
LESCHACO,755,"Спец: [1, 2, 2, 2, 3, 4] != Общий: [1, 1, 2, 2, 3, 4]"
LESCHACO,756,"Спец: [1, 2, 2, 2, 3, 4, 4, 4, 4] != Общий: [1, 1, 1, 3, 3, 3, 3, 3, 4]"
LESCHACO,757,"Спец: [1, 2, 2, 3, 4, 4, 4, 4] != Общий: [1, 2, 3, 3, 3, 3, 3, 4]"
LESCHACO,758,"Спец: [1, 3, 4] != Общий: [1, 3, 3]"
LESCHACO,759,"Спец: [1, 2, 2, 3, 4, 4, 4, 4] != Общий: [1, 2, 3, 3, 3, 3, 3, 4]"
LESCHACO,761,"Спец: [1, 2, 2, 2, 3, 4, 4, 4, 4] != Общий: [1, 1, 1, 3, 3, 3, 3, 3, 4]"
LESCHACO,763,"Спец: [1, 2, 2, 2, 3, 4] != Общий: [1, 1, 2, 2, 3, 4]"
LESCHACO,764,"Спец: [1, 2, 2, 2, 3, 4] != Общий: [1, 1, 2, 2, 3, 4]"
LESCHACO,765,"Спец: [1, 2, 2, 3, 4, 4, 3, 3, 4] != Общий: [1, 2, 3, 3, 3, 3, 3, 3, 4]"
LESCHACO,767,"Спец: [1, 2, 2, 2, 2, 2, 3, 3, 4, 4, 4] != Общий: [1, 1, 1, 2, 3, 3, 3, 3, 3, 3, 4]"
LESCHACO,768,"Спец: [1, 3, 4, 5, 5, 5] != Общий: [1, 3, 3, 3, 3, 3]"
LESCHACO,769,"Спец: [1, 2, 2, 3, 4, 4, 4, 4] != Общий: [1, 2, 3, 3, 3, 3, 3, 4]"
LESCHACO,770,"Спец: [1, 3, 4, 5, 5, 5] != Общий: [1, 3, 3, 3, 3, 3]"
LESCHACO,771,"Спец: [1, 2, 2, 3, 4] != Общий: [1, 2, 3, 3, 4]"
LESCHACO,772,"Спец: [1, 2, 2, 2, 3, 4] != Общий: [1, 1, 2, 2, 3, 4]"
LESCHACO,773,"Спец: [1, 3, 4, 5, 5, 5] != Общий: [1, 3, 3, 3, 3, 3]"
LESCHACO,774,"Спец: [1, 2, 2, 2, 3, 4] != Общий: [1, 1, 1, 2, 3, 4]"
LESCHACO,775,"Спец: [1, 2, 2, 3, 4, 4, 4] != Общий: [1, 1, 2, 3, 3, 3, 4]"
LESCHACO,776,"Спец: [1, 2, 2, 3, 4, 4, 4, 3, 4, 4, 4, 3, 4, 4] != Общий: [1, 2, 3, 3, 3, 3, 3, 3, 3, 3, 3, 3, 4, 4]"
LESCHACO,777,"Спец: [1, 2, 2, 3, 4] != Общий: [1, 1, 2, 3, 4]"
LESCHACO,778,"Спец: [1, 2, 2, 3, 4, 4, 4] != Общий: [1, 1, 2, 3, 3, 3, 4]"
LESCHACO,779,"Спец: [1, 2, 2, 3, 4] != Общий: [1, 1, 2, 3, 4]"
LESCHACO,780,"Спец: [1, 2, 2, 2, 3, 4, 4, 4] != Общий: [1, 1, 1, 2, 3, 3, 3, 4]"
LESCHACO,781,"Спец: [1, 2, 2, 3, 4, 4, 4] != Общий: [1, 1, 2, 3, 3, 3, 4]"
LESCHACO,782,"Спец: [1, 2, 2, 2, 2, 3, 4] != Общий: [1, 1, 1, 2, 2, 3, 4]"
LESCHACO,783,"Спец: [1, 2, 2, 2, 3, 4, 4, 4, 4, 4] != Общий: [1, 1, 1, 2, 3, 3, 3, 3, 4, 4]"
LESCHACO,784,"Спец: [1, 2, 2, 3, 4] != Общий: [1, 1, 2, 3, 4]"
LESCHACO,785,"Спец: [1, 2, 2, 2, 2, 3, 4] != Общий: [1, 1, 1, 2, 2, 3, 4]"
LESCHACO,786,"Спец: [1, 2, 2, 2, 2, 3, 4] != Общий: [1, 1, 1, 1, 2, 3, 4]"
LESCHACO,796,"Спец: [1, 2, 2, 2, 2, 2, 3, 4, 4, 4, 4] != Общий: [1, 1, 1, 2, 3, 3, 3, 3, 3, 3, 4]"
LESCHACO,797,"Спец: [1, 2, 2, 2, 3, 4] != Общий: [1, 1, 2, 2, 3, 4]"
LESCHACO,798,"Спец: [1, 2, 2, 2, 2, 2, 3, 3, 4, 4, 4, 3, 4] != Общий: [1, 1, 1, 2, 3, 3, 3, 3, 3, 3, 3, 3, 4]"
LESCHACO,799,"Спец: [1, 2, 2, 2, 3, 4] != Общий: [1, 1, 2, 2, 3, 4]"
LESCHACO,800,"Спец: [1, 2, 2, 3, 3, 4, 4, 4] != Общий: [1, 2, 2, 3, 3, 3, 3, 4]"
LESCHACO,801,"Спец: [1, 2, 2, 2, 3, 4, 4] != Общий: [1, 1, 1, 2, 3, 3, 3]"
LESCHACO,804,"Спец: [1, 2, 2, 3, 3, 4, 4, 4, 3, 4] != Общий: [1, 2, 3, 3, 3, 3, 3, 3, 3, 4]"
LESCHACO,805,"Спец: [1, 2, 2, 2, 3, 4] != Общий: [1, 1, 2, 2, 3, 4]"
LESCHACO,806,"Спец: [1, 2, 2, 2, 3, 4] != Общий: [1, 1, 2, 2, 3, 4]"
LESCHACO,807,"Спец: [1, 2, 2, 2, 3, 4, 4, 4, 3, 4, 4, 5, 5, 5, 5] != Общий: [1, 1, 1, 2, 3, 3, 3, 3, 3, 3, 3, 3, 3, 3, 4]"
LESCHACO,808,"Спец: [1, 2, 2, 2, 3, 4, 4, 3, 4] != Общий: [1, 1, 2, 2, 3, 3, 3, 3, 4]"
LESCHACO,809,"Спец: [1, 2, 2, 2, 3, 4, 4, 4, 3, 4, 4, 5, 5, 5, 5] != Общий: [1, 1, 1, 2, 3, 3, 3, 3, 3, 3, 3, 3, 3, 3, 4]"
LESCHACO,810,"Спец: [1, 2, 2, 2, 3, 4, 4] != Общий: [1, 1, 2, 2, 3, 3, 4]"
LESCHACO,811,"Спец: [1, 2, 2, 2, 3, 4, 4, 4, 3, 4, 4, 5, 5, 5, 5] != Общий: [1, 1, 1, 2, 3, 3, 3, 3, 3, 3, 3, 3, 3, 3, 4]"
LESCHACO,812,"Спец: [1, 2, 2, 2, 3, 4, 4] != Общий: [1, 1, 2, 2, 3, 3, 4]"
LESCHACO,813,"Спец: [1, 2, 2, 2, 3, 4, 4] != Общий: [1, 1, 2, 2, 3, 3, 4]"
LESCHACO,814,"Спец: [1, 2, 2, 2, 3, 4, 4, 4, 3, 4, 4, 5, 5, 5, 5] != Общий: [1, 1, 1, 2, 3, 3, 3, 3, 3, 3, 3, 3, 3, 3, 4]"
LESCHACO,815,"Спец: [1, 2, 2, 2, 3, 4, 4] != Общий: [1, 1, 2, 2, 3, 3, 4]"
LESCHACO,816,"Спец: [1, 2, 2, 2, 3, 4, 4] != Общий: [1, 1, 2, 2, 3, 3, 4]"
LESCHACO,817,"Спец: [1, 2, 2, 2, 3, 4, 4, 4, 3, 4, 4, 5, 5, 5, 5] != Общий: [1, 1, 1, 2, 3, 3, 3, 3, 3, 3, 3, 3, 3, 3, 4]"
LESCHACO,818,"Спец: [1, 2, 2, 2, 3, 4, 4] != Общий: [1, 1, 2, 2, 3, 3, 4]"
LESCHACO,819,"Спец: [1, 2, 2, 2, 2, 3, 3, 4, 4, 4, 3, 4] != Общий: [1, 2, 2, 3, 3, 3, 3, 3, 3, 3, 3, 4]"
LESCHACO,821,"Спец: [1, 2, 2, 2, 2, 3, 3, 4, 4, 4, 3, 4] != Общий: [1, 2, 2, 3, 3, 3, 3, 3, 3, 3, 3, 4]"
LESCHACO,822,"Спец: [1, 2, 2, 2, 2, 3, 3, 4, 4, 4, 3, 4] != Общий: [1, 2, 2, 3, 3, 3, 3, 3, 3, 3, 3, 4]"
LESCHACO,823,"Спец: [1, 2, 2, 2, 3, 4, 4, 4, 4, 4] != Общий: [1, 1, 2, 3, 3, 3, 3, 3, 3, 4]"
LESCHACO,824,"Спец: [1, 2, 2, 3, 4, 4, 3, 3, 4] != Общий: [1, 2, 3, 3, 3, 3, 3, 3, 4]"
LESCHACO,825,"Спец: [1, 2, 2, 2, 2, 3, 4] != Общий: [1, 1, 2, 2, 3, 3, 3]"
LESCHACO,831,"Спец: [1, 3, 4] != Общий: [1, 3, 3]"
LESCHACO,833,"Спец: [1, 2, 2, 3, 4] != Общий: [1, 2, 3, 3, 4]"
LESCHACO,835,"Спец: [1, 2, 2, 3, 4, 4, 4, 3, 4, 4, 5, 5] != Общий: [1, 2, 3, 3, 3, 3, 3, 3, 4, 4, 5, 5]"
LESCHACO,836,"Спец: [1, 2, 2, 3, 4] != Общий: [1, 2, 3, 3, 4]"
LESCHACO,837,"Спец: [1, 2, 2, 2, 3, 4, 4, 4, 4, 3, 4] != Общий: [1, 1, 1, 3, 3, 3, 3, 3, 3, 3, 3]"
LESCHACO,838,"Спец: [1, 2, 2, 3, 4] != Общий: [1, 2, 3, 3, 4]"
LESCHACO,839,"Спец: [1, 2, 2, 3, 4] != Общий: [1, 2, 3, 3, 4]"
LESCHACO,840,"Спец: [1, 2, 2, 3, 4, 4, 5] != Общий: [1, 2, 3, 3, 4, 4, 5]"
LESCHACO,841,"Спец: [1, 2, 2, 3, 4, 4, 5, 5] != Общий: [1, 2, 3, 3, 4, 4, 5, 5]"
LESCHACO,842,"Спец: [1, 2, 2, 3, 4] != Общий: [1, 2, 3, 3, 4]"
LESCHACO,843,"Спец: [1, 2, 3, 3, 4, 4, 4, 3, 4, 4, 4] != Общий: [1, 2, 3, 3, 3, 3, 3, 3, 3, 3, 4]"
LESCHACO,845,"Спец: [1, 2, 2, 3, 4, 4, 5, 5] != Общий: [1, 2, 3, 3, 4, 4, 5, 5]"
LESCHACO,846,"Спец: [1, 3, 4, 4, 4, 3, 4, 4, 4, 3, 4, 4, 5, 5] != Общий: [1, 3, 3, 3, 3, 3, 3, 3, 3, 3, 3, 3, 3, 3]"
LESCHACO,847,"Спец: [1, 2, 3, 4, 4, 4] != Общий: [1, 3, 3, 3, 3, 4]"
LESCHACO,848,"Спец: [1, 2, 2, 3, 4, 4, 4] != Общий: [1, 1, 2, 3, 3, 3, 4]"
LESCHACO,849,"Спец: [1, 2, 2, 2, 3, 4] != Общий: [1, 1, 1, 2, 3, 4]"
LESCHACO,850,"Спец: [1, 2, 2, 2, 3, 4] != Общий: [1, 1, 2, 2, 3, 4]"
LESCHACO,851,"Спец: [1, 2, 2, 3, 4] != Общий: [1, 1, 2, 3, 4]"
LESCHACO,852,"Спец: [1, 2, 2, 2, 3, 4] != Общий: [1, 1, 1, 2, 3, 4]"
LESCHACO,853,"Спец: [1, 2, 2, 2, 2, 3, 4, 4, 4] != Общий: [1, 1, 1, 1, 2, 3, 3, 3, 4]"
LESCHACO,854,"Спец: [1, 2, 2, 3, 3, 4] != Общий: [1, 1, 2, 3, 3, 4]"
LESCHACO,856,"Спец: [1, 2, 2, 2, 3, 4] != Общий: [1, 1, 2, 2, 3, 4]"
LESCHACO,857,"Спец: [1, 2, 2, 2, 3, 4] != Общий: [1, 1, 1, 2, 3, 4]"
LESCHACO,858,"Спец: [1, 2, 2, 2, 2, 3, 4, 4] != Общий: [1, 1, 1, 1, 2, 3, 3, 4]"
LESCHACO,859,"Спец: [1, 2, 3, 4, 4, 4] != Общий: [1, 3, 3, 3, 3, 4]"
LESCHACO,860,"Спец: [1, 2, 2, 2, 2, 3, 4, 4, 4] != Общий: [1, 1, 1, 1, 2, 3, 3, 3, 4]"
LESCHACO,861,"Спец: [1, 2, 2, 2, 2, 3, 4, 4] != Общий: [1, 1, 1, 1, 2, 3, 3, 4]"
LESCHACO,862,"Спец: [1, 2, 2, 2, 3, 4, 4, 4, 3, 4] != Общий: [1, 1, 2, 3, 3, 3, 3, 3, 3, 3]"
LESCHACO,863,"Спец: [1, 2, 2, 2, 3, 4] != Общий: [1, 1, 1, 2, 3, 4]"
LESCHACO,864,"Спец: [1, 2, 2, 3, 4] != Общий: [1, 2, 3, 3, 4]"
LESCHACO,865,"Спец: [1, 2, 2, 2, 3, 4] != Общий: [1, 1, 1, 2, 3, 4]"
LESCHACO,866,"Спец: [1, 2, 2, 2, 2, 3, 4] != Общий: [1, 1, 1, 2, 2, 3, 4]"
LESCHACO,868,"Спец: [1, 2, 2, 2, 3, 4, 4, 4, 3, 4] != Общий: [1, 1, 2, 3, 3, 3, 3, 3, 3, 4]"
LESCHACO,869,"Спец: [1, 2, 2, 2, 2, 3, 4] != Общий: [1, 1, 1, 1, 2, 3, 4]"
LESCHACO,870,"Спец: [1, 2, 2, 3, 4] != Общий: [1, 1, 2, 3, 4]"
LESCHACO,871,"Спец: [1, 2, 2, 2, 3, 4] != Общий: [1, 1, 2, 2, 3, 4]"
LESCHACO,872,"Спец: [1, 2, 2, 2, 2, 3, 4] != Общий: [1, 1, 1, 2, 2, 3, 4]"
LESCHACO,873,"Спец: [1, 2, 2, 2, 2, 3, 4, 4] != Общий: [1, 1, 1, 1, 2, 3, 3, 4]"
LESCHACO,874,"Спец: [1, 2, 2, 3, 4] != Общий: [1, 2, 3, 3, 4]"
LESCHACO,875,"Спец: [1, 2, 2, 2, 2, 3, 4] != Общий: [1, 1, 1, 2, 2, 3, 4]"
LESCHACO,876,"Спец: [1, 2, 2, 2, 3, 4] != Общий: [1, 1, 1, 2, 3, 4]"
LESCHACO,877,"Спец: [1, 2, 2, 2, 2, 3, 4] != Общий: [1, 1, 1, 1, 2, 3, 4]"
LESCHACO,878,"Спец: [1, 2, 2, 2, 3, 4] != Общий: [1, 1, 1, 2, 3, 4]"
LESCHACO,879,"Спец: [1, 2, 2, 2, 3, 4] != Общий: [1, 1, 2, 2, 3, 4]"
LESCHACO,880,"Спец: [1, 2, 2, 2, 2, 3, 4] != Общий: [1, 1, 1, 2, 2, 3, 4]"
LESCHACO,881,"Спец: [1, 2, 2, 2, 2, 3, 4] != Общий: [1, 1, 1, 1, 2, 3, 4]"
LESCHACO,882,"Спец: [1, 2, 2, 2, 3, 4, 4, 4, 4, 4] != Общий: [1, 1, 1, 2, 3, 3, 3, 3, 4, 4]"
LESCHACO,883,"Спец: [1, 2, 2, 3, 4] != Общий: [1, 1, 2, 3, 4]"
LESCHACO,884,"Спец: [1, 2, 2, 2, 3, 4, 4, 4] != Общий: [1, 1, 1, 2, 3, 3, 3, 4]"
LESCHACO,885,"Спец: [1, 2, 2, 2, 3, 4] != Общий: [1, 1, 1, 2, 3, 4]"
LESCHACO,886,"Спец: [1, 2, 2, 3, 4] != Общий: [1, 1, 2, 3, 4]"
LESCHACO,887,"Спец: [1, 2, 2, 3, 4] != Общий: [1, 1, 2, 3, 4]"
LESCHACO,888,"Спец: [1, 2, 2, 2, 2, 3, 4] != Общий: [1, 1, 1, 1, 2, 3, 4]"
LESCHACO,889,"Спец: [1, 2, 2, 3, 4, 4, 4, 3, 4, 4, 4, 3, 4, 4] != Общий: [1, 2, 3, 3, 3, 3, 3, 3, 3, 3, 3, 3, 4, 4]"
LESCHACO,890,"Спец: [1, 2, 2, 2, 3, 3, 4, 4, 4, 3, 4] != Общий: [1, 1, 1, 3, 3, 3, 3, 3, 3, 3, 3]"
LESCHACO,891,"Спец: [1, 2, 2, 3, 4, 4, 5, 5] != Общий: [1, 2, 3, 3, 4, 4, 5, 5]"
LESCHACO,892,"Спец: [1, 2, 2, 2, 2, 3, 4] != Общий: [1, 1, 1, 1, 2, 3, 4]"
LESCHACO,893,"Спец: [1, 2, 2, 2, 3, 3, 4, 4, 4, 3, 4] != Общий: [1, 1, 1, 2, 3, 3, 3, 3, 3, 3, 4]"
LESCHACO,894,"Спец: [1, 2, 2, 2, 2, 3, 4] != Общий: [1, 1, 1, 2, 2, 3, 4]"
LESCHACO,895,"Спец: [1, 2, 2, 3, 3, 4] != Общий: [1, 1, 3, 3, 3, 4]"
LESCHACO,896,"Спец: [1, 2, 3, 4, 4] != Общий: [1, 2, 3, 3, 4]"
LESCHACO,897,"Спец: [1, 2, 2, 2, 3, 3, 4, 4, 4, 3, 4] != Общий: [1, 1, 1, 3, 3, 3, 3, 3, 3, 3, 4]"
LESCHACO,898,"Спец: [1, 2, 2, 3, 4, 4, 5, 5] != Общий: [1, 2, 3, 3, 4, 4, 5, 5]"
LESCHACO,899,"Спец: [1, 2, 2, 2, 3, 4] != Общий: [1, 1, 1, 3, 3, 4]"
LESCHACO,900,"Спец: [1, 2, 2, 3, 4, 4, 5, 5] != Общий: [1, 2, 3, 3, 4, 4, 5, 5]"
LESCHACO,901,"Спец: [1, 2, 2, 2, 3, 4] != Общий: [1, 1, 1, 2, 3, 4]"
LESCHACO,902,"Спец: [1, 2, 3, 4, 4, 5] != Общий: [1, 3, 3, 4, 4, 5]"
LESCHACO,903,"Спец: [1, 2, 2, 2, 2, 3, 4] != Общий: [1, 1, 1, 2, 2, 3, 4]"
LESCHACO,904,"Спец: [1, 2, 2, 3, 4] != Общий: [1, 2, 3, 3, 4]"
LESCHACO,905,"Спец: [1, 2, 2, 3, 4] != Общий: [1, 1, 2, 3, 4]"
LESCHACO,906,"Спец: [1, 2, 2, 2, 2, 3, 4] != Общий: [1, 1, 1, 1, 2, 3, 4]"
LESCHACO,908,"Спец: [1, 2, 2, 2, 3, 4] != Общий: [1, 1, 1, 2, 3, 4]"
LESCHACO,909,"Спец: [1, 2, 3, 4, 4, 4, 3, 4] != Общий: [1, 3, 3, 3, 3, 3, 3, 4]"
LESCHACO,910,"Спец: [1, 2, 2, 2, 3, 4] != Общий: [1, 1, 1, 2, 3, 4]"
LESCHACO,911,"Спец: [1, 2, 2, 2, 3, 4, 4, 4, 4, 4] != Общий: [1, 1, 1, 2, 3, 3, 3, 3, 4, 4]"
LESCHACO,913,"Спец: [1, 2, 2, 2, 3, 4, 4, 4, 4, 4] != Общий: [1, 1, 1, 2, 3, 3, 3, 3, 4, 4]"
LESCHACO,914,"Спец: [1, 2, 2, 2, 3, 4] != Общий: [1, 1, 2, 2, 3, 4]"
LESCHACO,915,"Спец: [1, 2, 2, 2, 3, 4] != Общий: [1, 1, 1, 2, 3, 4]"
LESCHACO,916,"Спец: [1, 2, 2, 3, 4] != Общий: [1, 1, 2, 3, 4]"
LESCHACO,917,"Спец: [1, 2, 2, 3, 4] != Общий: [1, 1, 2, 3, 4]"
LESCHACO,918,"Спец: [1, 2, 2, 2, 3, 4, 4, 4, 4, 4] != Общий: [1, 1, 1, 2, 3, 3, 3, 3, 4, 4]"
LESCHACO,919,"Спец: [1, 2, 2, 3, 3, 4] != Общий: [1, 1, 3, 3, 3, 4]"
LESCHACO,920,"Спец: [1, 2, 2, 3, 4, 4, 4, 3, 4, 4, 4, 3, 4, 4] != Общий: [1, 2, 3, 3, 3, 3, 3, 3, 3, 3, 3, 3, 4, 4]"
LESCHACO,921,"Спец: [1, 2, 2, 3, 4] != Общий: [1, 1, 2, 3, 4]"
LESCHACO,922,"Спец: [1, 2, 2, 2, 2, 3, 4, 4, 4] != Общий: [1, 1, 1, 1, 2, 3, 3, 3, 4]"
LESCHACO,923,"Спец: [1, 2, 2, 2, 3, 4] != Общий: [1, 1, 1, 1, 3, 4]"
LESCHACO,924,"Спец: [1, 2, 2, 2, 2, 3, 4] != Общий: [1, 1, 1, 2, 2, 3, 4]"
LESCHACO,925,"Спец: [1, 2, 2, 2, 3, 4] != Общий: [1, 1, 1, 2, 3, 4]"
LESCHACO,926,"Спец: [1, 2, 2, 2, 3, 3, 4] != Общий: [1, 1, 1, 3, 3, 3, 4]"
LESCHACO,927,"Спец: [1, 2, 2, 2, 3, 4] != Общий: [1, 1, 2, 2, 3, 4]"
LESCHACO,928,"Спец: [1, 2, 3, 4, 4, 4, 3, 4] != Общий: [1, 3, 3, 3, 3, 3, 3, 4]"
LESCHACO,929,"Спец: [1, 2, 2, 3, 3, 4] != Общий: [1, 1, 2, 3, 3, 4]"
LESCHACO,930,"Спец: [1, 2, 2, 3, 3, 4] != Общий: [1, 1, 2, 3, 3, 4]"
LESCHACO,931,"Спец: [1, 2, 2, 3, 4, 4, 4] != Общий: [1, 1, 2, 3, 3, 3, 4]"
LESCHACO,932,"Спец: [1, 2, 2, 3, 3, 4] != Общий: [1, 1, 3, 3, 3, 4]"
LESCHACO,933,"Спец: [1, 2, 2, 2, 3, 4, 4, 4, 4, 4] != Общий: [1, 1, 1, 2, 3, 3, 3, 3, 4, 4]"
LESCHACO,934,"Спец: [1, 2, 2, 3, 4] != Общий: [1, 1, 2, 3, 4]"
LESCHACO,935,"Спец: [1, 2, 2, 3, 4, 4, 4, 3, 4, 4, 4, 3, 4, 4] != Общий: [1, 2, 3, 3, 3, 3, 3, 3, 3, 3, 3, 3, 4, 4]"
LESCHACO,936,"Спец: [1, 2, 2, 2, 3, 4] != Общий: [1, 1, 2, 2, 3, 4]"
LESCHACO,939,"Спец: [1, 2, 3, 4] != Общий: [1, 1, 3, 4]"
LESCHACO,940,"Спец: [1, 2, 2, 2, 2, 3, 3, 4, 4, 5] != Общий: [1, 1, 3, 3, 3, 3, 3, 3, 3, 3]"
LESCHACO,941,"Спец: [1, 2, 2, 2, 2, 2, 3, 3, 4] != Общий: [1, 1, 3, 3, 3, 3, 3, 3, 3]"
LESCHACO,942,"Спец: [1, 2, 2, 2, 3, 4] != Общий: [1, 3, 3, 3, 3, 4]"
LESCHACO,944,"Спец: [1, 2, 3, 4] != Общий: [1, 1, 3, 4]"
LESCHACO,946,"Спец: [1, 2, 2, 2, 2, 2, 3, 3, 4] != Общий: [1, 1, 3, 3, 3, 3, 3, 3, 4]"
LESCHACO,948,"Спец: [1, 2, 2, 3, 3, 4] != Общий: [1, 1, 2, 3, 3, 4]"
LESCHACO,949,"Спец: [1, 2, 2, 3, 4] != Общий: [1, 1, 2, 3, 4]"
LESCHACO,950,"Спец: [1, 2, 2, 2, 3, 4] != Общий: [1, 1, 1, 2, 3, 4]"
LESCHACO,951,"Спец: [1, 2, 2, 2, 3, 4] != Общий: [1, 1, 1, 2, 3, 4]"
LESCHACO,952,"Спец: [1, 2, 2, 2, 3, 4, 4, 4] != Общий: [1, 1, 1, 2, 3, 3, 3, 4]"
LESCHACO,953,"Спец: [1, 2, 2, 2, 3, 4] != Общий: [1, 1, 1, 3, 3, 3]"
LESCHACO,954,"Спец: [1, 2, 2, 2, 3, 4, 4, 4, 4, 4] != Общий: [1, 1, 1, 2, 3, 3, 3, 3, 4, 4]"
LESCHACO,955,"Спец: [1, 3, 4] != Общий: [1, 3, 3]"
LESCHACO,956,"Спец: [1, 2, 2, 3, 3, 4, 4, 4, 4, 3, 4] != Общий: [1, 1, 3, 3, 3, 3, 3, 3, 3, 3, 3]"
LESCHACO,957,"Спец: [1, 2, 2, 2, 3, 4, 4, 4, 4, 3, 4, 4, 4, 3, 4] != Общий: [1, 1, 1, 3, 3, 3, 3, 3, 3, 3, 3, 3, 3, 3, 4]"
LESCHACO,958,"Спец: [1, 2, 2, 2, 3, 4] != Общий: [1, 1, 2, 2, 3, 4]"
LESCHACO,959,"Спец: [1, 2, 2, 3, 4] != Общий: [1, 1, 2, 3, 4]"
LESCHACO,960,"Спец: [1, 2, 2, 3, 4] != Общий: [1, 1, 2, 3, 4]"
LESCHACO,961,"Спец: [1, 2, 2, 2, 3, 4] != Общий: [1, 1, 2, 3, 3, 4]"
LESCHACO,962,"Спец: [1, 3, 4] != Общий: [1, 3, 3]"
LESCHACO,963,"Спец: [1, 2, 2, 2, 3, 3, 4] != Общий: [1, 1, 1, 2, 3, 3, 4]"
LESCHACO,966,"Спец: [1, 2, 2, 2, 3, 4] != Общий: [1, 3, 3, 3, 3, 4]"
LESCHACO,967,"Спец: [1, 2, 2, 2, 3, 4] != Общий: [1, 1, 3, 3, 3, 4]"
LESCHACO,968,"Спец: [1, 2, 2, 2, 3, 4] != Общий: [1, 3, 3, 3, 3, 4]"
LESCHACO,973,"Спец: [1, 2, 2, 2, 3, 4] != Общий: [1, 1, 2, 3, 3, 4]"
LESCHACO,974,"Спец: [1, 2, 2, 3, 4, 4, 4, 3, 4, 4, 5] != Общий: [1, 1, 3, 3, 3, 3, 3, 3, 3, 3, 3]"
LESCHACO,975,"Спец: [1, 2, 2, 2, 2, 2, 3, 4] != Общий: [1, 1, 1, 1, 2, 2, 3, 4]"
LESCHACO,979,"Спец: [1, 2, 2, 2, 3, 4] != Общий: [1, 1, 3, 3, 3, 4]"
LESCHACO,980,"Спец: [1, 2, 2, 2, 3, 4] != Общий: [1, 1, 2, 3, 3, 4]"
LESCHACO,981,"Спец: [1, 2, 2, 2, 3, 4, 4, 5, 5] != Общий: [1, 1, 2, 2, 3, 3, 3, 3, 3]"
LESCHACO,982,"Спец: [1, 2, 3, 4, 4, 5, 5] != Общий: [1, 2, 3, 3, 3, 3, 3]"
LESCHACO,984,"Спец: [1, 2, 2, 3, 4, 4, 4, 3, 4, 4, 4, 4, 5] != Общий: [1, 1, 2, 3, 3, 3, 3, 3, 3, 3, 3, 3, 3]"
LESCHACO,986,"Спец: [1, 2, 3, 4] != Общий: [1, 1, 3, 4]"
LESCHACO,987,"Спец: [1, 2, 2, 3, 4, 4, 4, 3, 4, 4, 4, 4, 5] != Общий: [1, 1, 2, 3, 3, 3, 3, 3, 3, 3, 3, 3, 3]"
LESCHACO,988,"Спец: [1, 2, 2, 2, 2, 2, 3, 4, 4, 5, 5] != Общий: [1, 1, 1, 1, 2, 2, 3, 4, 4, 5, 5]"
LESCHACO,989,"Спец: [1, 2, 3, 4] != Общий: [1, 1, 3, 4]"
LESCHACO,990,"Спец: [1, 2, 3, 4] != Общий: [1, 1, 3, 4]"
LESCHACO,991,"Спец: [1, 2, 3, 4] != Общий: [1, 1, 3, 4]"
LESCHACO,993,"Спец: [1, 2, 3, 4] != Общий: [1, 1, 3, 4]"
LESCHACO,995,"Спец: [1, 2, 2, 2, 3, 4, 4, 4, 5, 5] != Общий: [1, 1, 2, 3, 3, 3, 3, 3, 3, 3]"
LESCHACO,996,"Спец: [1, 2, 3, 4] != Общий: [1, 1, 3, 4]"
LESCHACO,997,"Спец: [1, 2, 2, 2, 2, 3, 4, 4, 4, 3, 4, 4, 5, 5] != Общий: [1, 1, 2, 2, 2, 3, 3, 3, 3, 3, 4, 4, 5, 5]"
LESCHACO,998,"Спец: [1, 2, 2, 2, 2, 3, 4, 4, 5, 5] != Общий: [1, 1, 1, 2, 2, 3, 3, 3, 3, 3]"
CONCOR,0,"Спец: [1, 4, 5] != Общий: [1, 1, 1]"
CONCOR,1,"Спец: [1, 4, 5] != Общий: [1, 1, 1]"
CONCOR,2,"Спец: [1, 4, 5] != Общий: [1, 1, 1]"
CONCOR,3,"Спец: [1, 3] != Общий: [1, 2]"
CONCOR,4,"Спец: [1, 4, 5] != Общий: [1, 1, 1]"
CONCOR,5,"Спец: [1, 4, 5] != Общий: [1, 1, 1]"
CONCOR,6,"Спец: [1, 4, 5] != Общий: [1, 1, 1]"
CONCOR,7,"Спец: [1, 3] != Общий: [1, 1]"
CONCOR,8,"Спец: [1, 4] != Общий: [1, 2]"
CONCOR,9,"Спец: [1, 3] != Общий: [1, 1]"
CONCOR,10,"Спец: [1, 3] != Общий: [1, 2]"
CONCOR,11,"Спец: [1, 4, 5] != Общий: [1, 1, 1]"
CONCOR,12,"Спец: [1, 4, 5] != Общий: [1, 1, 1]"
CONCOR,13,"Спец: [1, 4, 5] != Общий: [1, 1, 1]"
CONCOR,14,"Спец: [1, 4, 5] != Общий: [1, 1, 1]"
CONCOR,15,"Спец: [1, 3] != Общий: [1, 1]"
CONCOR,16,"Спец: [1, 4] != Общий: [1, 2]"
CONCOR,17,"Спец: [1, 4, 5] != Общий: [1, 1, 1]"
CONCOR,18,"Спец: [1, 4] != Общий: [1, 2]"
CONCOR,19,"Спец: [1, 4, 5] != Общий: [1, 1, 1]"
CONCOR,20,"Спец: [1, 3] != Общий: [1, 1]"
CONCOR,21,"Спец: [1, 4, 5] != Общий: [1, 1, 1]"
CONCOR,22,"Спец: [1, 4] != Общий: [1, 2]"
CONCOR,23,"Спец: [1, 4] != Общий: [1, 2]"
CONCOR,24,"Спец: [1, 4] != Общий: [1, 2]"
CONCOR,25,"Спец: [1, 3] != Общий: [1, 1]"
CONCOR,26,"Спец: [1, 4] != Общий: [1, 2]"
CONCOR,27,"Спец: [1, 4] != Общий: [1, 2]"
CONCOR,28,"Спец: [1, 4] != Общий: [1, 2]"
CONCOR,29,"Спец: [1, 4] != Общий: [1, 2]"
CONCOR,30,"Спец: [1, 3] != Общий: [1, 2]"
CONCOR,31,"Спец: [1, 4] != Общий: [1, 2]"
CONCOR,32,"Спец: [1, 4] != Общий: [1, 2]"
CONCOR,33,"Спец: [1, 4] != Общий: [1, 2]"
CONCOR,34,"Спец: [1, 4] != Общий: [1, 2]"
CONCOR,35,"Спец: [1, 3] != Общий: [1, 2]"
CONCOR,36,"Спец: [1, 3] != Общий: [1, 1]"
CONCOR,37,"Спец: [1, 4] != Общий: [1, 2]"
CONCOR,38,"Спец: [1, 4] != Общий: [1, 2]"
CONCOR,39,"Спец: [1, 4] != Общий: [1, 2]"
CONCOR,40,"Спец: [1, 4] != Общий: [1, 2]"
CONCOR,41,"Спец: [1, 4, 5] != Общий: [1, 1, 1]"
CONCOR,42,"Спец: [1, 4, 5] != Общий: [1, 1, 1]"
CONCOR,43,"Спец: [1, 4, 5] != Общий: [1, 1, 1]"
CONCOR,44,"Спец: [1, 4] != Общий: [1, 2]"
CONCOR,45,"Спец: [1, 4, 5] != Общий: [1, 1, 1]"
CONCOR,46,"Спец: [1, 4] != Общий: [1, 2]"
CONCOR,47,"Спец: [1, 4] != Общий: [1, 2]"
CONCOR,48,"Спец: [1, 4] != Общий: [1, 2]"
CONCOR,49,"Спец: [1, 4] != Общий: [1, 2]"
CONCOR,50,"Спец: [1, 4] != Общий: [1, 2]"
CONCOR,51,"Спец: [1, 4] != Общий: [1, 2]"
CONCOR,52,"Спец: [1, 4] != Общий: [1, 2]"
CONCOR,53,"Спец: [1, 4] != Общий: [1, 2]"
CONCOR,54,"Спец: [1, 4, 5] != Общий: [1, 1, 1]"
CONCOR,55,"Спец: [1, 4] != Общий: [1, 2]"
CONCOR,56,"Спец: [1, 4] != Общий: [1, 2]"
CONCOR,57,"Спец: [1, 4] != Общий: [1, 2]"
CONCOR,58,"Спец: [1, 4] != Общий: [1, 2]"
CONCOR,59,"Спец: [1, 3] != Общий: [1, 1]"
CONCOR,60,"Спец: [1, 4] != Общий: [1, 2]"
CONCOR,61,"Спец: [1, 4] != Общий: [1, 2]"
CONCOR,62,"Спец: [1, 4] != Общий: [1, 2]"
CONCOR,63,"Спец: [1, 4] != Общий: [1, 2]"
CONCOR,64,"Спец: [1, 4] != Общий: [1, 2]"
CONCOR,65,"Спец: [1, 4, 5] != Общий: [1, 1, 1]"
CONCOR,66,"Спец: [1, 4, 5] != Общий: [1, 1, 1]"
CONCOR,67,"Спец: [1, 4, 5] != Общий: [1, 1, 1]"
CONCOR,68,"Спец: [1, 4] != Общий: [1, 2]"
CONCOR,69,"Спец: [1, 3] != Общий: [1, 1]"
CONCOR,70,"Спец: [1, 4] != Общий: [1, 2]"
CONCOR,71,"Спец: [1, 4] != Общий: [1, 2]"
CONCOR,72,"Спец: [1, 4] != Общий: [1, 2]"
CONCOR,73,"Спец: [1, 4, 5] != Общий: [1, 1, 1]"
CONCOR,74,"Спец: [1, 3] != Общий: [1, 1]"
CONCOR,75,"Спец: [1, 3] != Общий: [1, 2]"
CONCOR,76,"Спец: [1, 3] != Общий: [1, 1]"
CONCOR,77,"Спец: [1, 4] != Общий: [1, 2]"
CONCOR,78,"Спец: [1, 4, 5] != Общий: [1, 1, 1]"
CONCOR,79,"Спец: [1, 3] != Общий: [1, 1]"
CONCOR,80,"Спец: [1, 3] != Общий: [1, 1]"
CONCOR,81,"Спец: [1, 3] != Общий: [1, 1]"
CONCOR,82,"Спец: [1, 3] != Общий: [1, 1]"
CONCOR,83,"Спец: [1, 4, 5] != Общий: [1, 1, 1]"
CONCOR,85,"Спец: [1, 3] != Общий: [1, 1]"
CONCOR,86,"Спец: [1, 3] != Общий: [1, 1]"
CONCOR,87,"Спец: [1, 4, 5] != Общий: [1, 1, 1]"
CONCOR,88,"Спец: [1, 4] != Общий: [1, 2]"
CONCOR,89,"Спец: [1, 4, 5] != Общий: [1, 1, 1]"
CONCOR,90,"Спец: [1, 4, 5] != Общий: [1, 1, 1]"
CONCOR,91,"Спец: [1, 3] != Общий: [1, 1]"
CONCOR,92,"Спец: [1, 4, 5] != Общий: [1, 1, 1]"
CONCOR,93,"Спец: [1, 3] != Общий: [1, 2]"
CONCOR,94,"Спец: [1, 3] != Общий: [1, 1]"
CONCOR,95,"Спец: [1, 4, 5] != Общий: [1, 1, 1]"
CONCOR,96,"Спец: [1, 4, 5] != Общий: [1, 1, 1]"
CONCOR,97,"Спец: [1, 3] != Общий: [1, 1]"
CONCOR,98,"Спец: [1, 4, 5] != Общий: [1, 1, 1]"
CONCOR,99,"Спец: [1, 3] != Общий: [1, 2]"
CONCOR,100,"Спец: [1, 3] != Общий: [1, 1]"
CONCOR,101,"Спец: [1, 3] != Общий: [1, 2]"
CONCOR,102,"Спец: [1, 3] != Общий: [1, 1]"
CONCOR,104,"Спец: [1, 3] != Общий: [1, 1]"
CONCOR,105,"Спец: [1, 3] != Общий: [1, 1]"
CONCOR,106,"Спец: [1, 4] != Общий: [1, 2]"
CONCOR,107,"Спец: [1, 4] != Общий: [1, 2]"
CONCOR,108,"Спец: [1, 4] != Общий: [1, 2]"
CONCOR,109,"Спец: [1, 4] != Общий: [1, 2]"
CONCOR,110,"Спец: [1, 4, 5] != Общий: [1, 1, 1]"
CONCOR,111,"Спец: [1, 4, 5] != Общий: [1, 1, 1]"
CONCOR,112,"Спец: [1, 3] != Общий: [1, 1]"
CONCOR,113,"Спец: [1, 4, 5] != Общий: [1, 1, 1]"
CONCOR,114,"Спец: [1, 3] != Общий: [1, 2]"
CONCOR,115,"Спец: [1, 3] != Общий: [1, 2]"
CONCOR,116,"Спец: [1, 3] != Общий: [1, 2]"
CONCOR,117,"Спец: [1, 4] != Общий: [1, 2]"
CONCOR,118,"Спец: [1, 3] != Общий: [1, 2]"
CONCOR,119,"Спец: [1, 3] != Общий: [1, 1]"
CONCOR,120,"Спец: [1, 3] != Общий: [1, 1]"
CONCOR,121,"Спец: [1, 3] != Общий: [1, 2]"
CONCOR,122,"Спец: [1, 3] != Общий: [1, 2]"
CONCOR,123,"Спец: [1, 3] != Общий: [1, 2]"
CONCOR,124,"Спец: [1, 3] != Общий: [1, 1]"
CONCOR,125,"Спец: [1, 4] != Общий: [1, 2]"
CONCOR,126,"Спец: [1, 3] != Общий: [1, 2]"
CONCOR,127,"Спец: [1, 3] != Общий: [1, 1]"
CONCOR,128,"Спец: [1, 4, 5] != Общий: [1, 1, 1]"
CONCOR,129,"Спец: [1, 4, 5] != Общий: [1, 1, 1]"
CONCOR,130,"Спец: [1, 3] != Общий: [1, 1]"
CONCOR,131,"Спец: [1, 3] != Общий: [1, 2]"
CONCOR,132,"Спец: [1, 4, 5] != Общий: [1, 1, 1]"
CONCOR,133,"Спец: [1, 4, 5] != Общий: [1, 1, 1]"
CONCOR,134,"Спец: [1, 3] != Общий: [1, 2]"
CONCOR,135,"Спец: [1, 3] != Общий: [1, 1]"
CONCOR,137,"Спец: [1, 4, 5] != Общий: [1, 1, 1]"
CONCOR,138,"Спец: [1, 3] != Общий: [1, 2]"
CONCOR,139,"Спец: [1, 4, 5] != Общий: [1, 1, 1]"
CONCOR,140,"Спец: [1, 4, 5] != Общий: [1, 1, 1]"
CONCOR,141,"Спец: [1, 4, 5] != Общий: [1, 1, 1]"
CONCOR,142,"Спец: [1, 3] != Общий: [1, 1]"
CONCOR,143,"Спец: [1, 3] != Общий: [1, 1]"
CONCOR,144,"Спец: [1, 3] != Общий: [1, 1]"
CONCOR,145,"Спец: [1, 4] != Общий: [1, 2]"
CONCOR,146,"Спец: [1, 4] != Общий: [1, 2]"
CONCOR,147,"Спец: [1, 3] != Общий: [1, 1]"
CONCOR,148,"Спец: [1, 3] != Общий: [1, 1]"
CONCOR,149,"Спец: [1, 4, 5] != Общий: [1, 1, 1]"
CONCOR,150,"Спец: [1, 4, 5] != Общий: [1, 1, 1]"
CONCOR,151,"Спец: [1, 3] != Общий: [1, 1]"
CONCOR,152,"Спец: [1, 3] != Общий: [1, 1]"
CONCOR,153,"Спец: [1, 3] != Общий: [1, 2]"
CONCOR,155,"Спец: [1, 4] != Общий: [1, 2]"
CONCOR,156,"Спец: [1, 4, 5] != Общий: [1, 1, 1]"
CONCOR,157,"Спец: [1, 3] != Общий: [1, 1]"
CONCOR,158,"Спец: [1, 3] != Общий: [1, 2]"
CONCOR,159,"Спец: [1, 3] != Общий: [1, 2]"
CONCOR,160,"Спец: [1, 4, 5] != Общий: [1, 1, 1]"
CONCOR,161,"Спец: [1, 4, 5] != Общий: [1, 1, 1]"
CONCOR,162,"Спец: [1, 4] != Общий: [1, 2]"
CONCOR,163,"Спец: [1, 3] != Общий: [1, 2]"
CONCOR,164,"Спец: [1, 3] != Общий: [1, 1]"
CONCOR,165,"Спец: [1, 4, 5] != Общий: [1, 1, 1]"
CONCOR,166,"Спец: [1, 3] != Общий: [1, 1]"
CONCOR,168,"Спец: [1, 3] != Общий: [1, 2]"
CONCOR,169,"Спец: [1, 3] != Общий: [1, 1]"
CONCOR,170,"Спец: [1, 3] != Общий: [1, 2]"
CONCOR,171,"Спец: [1, 3] != Общий: [1, 1]"
CONCOR,172,"Спец: [1, 3] != Общий: [1, 1]"
CONCOR,174,"Спец: [1, 3] != Общий: [1, 1]"
CONCOR,175,"Спец: [1, 4, 5] != Общий: [1, 1, 1]"
CONCOR,176,"Спец: [1, 4, 5] != Общий: [1, 1, 1]"
CONCOR,177,"Спец: [1, 4, 5] != Общий: [1, 1, 1]"
CONCOR,178,"Спец: [1, 3] != Общий: [1, 1]"
CONCOR,179,"Спец: [1, 4, 5] != Общий: [1, 1, 1]"
CONCOR,180,"Спец: [1, 3] != Общий: [1, 1]"
CONCOR,181,"Спец: [1, 3] != Общий: [1, 1]"
CONCOR,182,"Спец: [1, 4, 5] != Общий: [1, 1, 1]"
CONCOR,183,"Спец: [1, 3] != Общий: [1, 1]"
CONCOR,184,"Спец: [1, 3] != Общий: [1, 2]"
CONCOR,185,"Спец: [1, 4] != Общий: [1, 2]"
CONCOR,186,"Спец: [1, 4, 5] != Общий: [1, 1, 1]"
CONCOR,187,"Спец: [1, 3] != Общий: [1, 1]"
CONCOR,188,"Спец: [1, 3] != Общий: [1, 1]"
CONCOR,189,"Спец: [1, 4, 5] != Общий: [1, 1, 1]"
CONCOR,190,"Спец: [1, 4, 5] != Общий: [1, 1, 1]"
CONCOR,191,"Спец: [1, 3] != Общий: [1, 1]"
CONCOR,192,"Спец: [1, 4, 5] != Общий: [1, 1, 1]"
CONCOR,193,"Спец: [1, 3] != Общий: [1, 1]"
CONCOR,194,"Спец: [1, 4] != Общий: [1, 2]"
CONCOR,195,"Спец: [1, 4, 5] != Общий: [1, 1, 1]"
CONCOR,196,"Спец: [1, 4, 5] != Общий: [1, 1, 1]"
CONCOR,197,"Спец: [1, 3] != Общий: [1, 2]"
CONCOR,198,"Спец: [1, 4] != Общий: [1, 2]"
CONCOR,200,"Спец: [1, 4, 5] != Общий: [1, 1, 1]"
CONCOR,201,"Спец: [1, 4, 5] != Общий: [1, 1, 1]"
CONCOR,202,"Спец: [1, 4, 5] != Общий: [1, 1, 1]"
CONCOR,203,"Спец: [1, 4, 5] != Общий: [1, 1, 1]"
CONCOR,204,"Спец: [1, 3] != Общий: [1, 1]"
CONCOR,205,"Спец: [1, 3] != Общий: [1, 1]"
CONCOR,206,"Спец: [1, 3] != Общий: [1, 1]"
CONCOR,207,"Спец: [1, 4, 5] != Общий: [1, 1, 1]"
CONCOR,208,"Спец: [1, 4, 5] != Общий: [1, 1, 1]"
CONCOR,209,"Спец: [1, 4, 5] != Общий: [1, 1, 1]"
CONCOR,210,"Спец: [1, 3] != Общий: [1, 1]"
CONCOR,211,"Спец: [1, 4] != Общий: [1, 2]"
CONCOR,212,"Спец: [1, 4, 5] != Общий: [1, 1, 1]"
CONCOR,213,"Спец: [1, 3] != Общий: [1, 1]"
CONCOR,214,"Спец: [1, 4, 5] != Общий: [1, 1, 1]"
CONCOR,215,"Спец: [1, 3] != Общий: [1, 2]"
CONCOR,216,"Спец: [1, 4] != Общий: [1, 2]"
CONCOR,217,"Спец: [1, 3] != Общий: [1, 2]"
CONCOR,218,"Спец: [1, 4, 5] != Общий: [1, 1, 1]"
CONCOR,219,"Спец: [1, 4, 5] != Общий: [1, 1, 1]"
CONCOR,220,"Спец: [1, 3] != Общий: [1, 1]"
CONCOR,221,"Спец: [1, 4] != Общий: [1, 2]"
CONCOR,222,"Спец: [1, 4, 5] != Общий: [1, 1, 1]"
CONCOR,223,"Спец: [1, 4] != Общий: [1, 2]"
CONCOR,224,"Спец: [1, 4, 5] != Общий: [1, 1, 1]"
CONCOR,225,"Спец: [1, 4, 5] != Общий: [1, 1, 1]"
CONCOR,226,"Спец: [1, 4, 5] != Общий: [1, 1, 1]"
CONCOR,227,"Спец: [1, 4, 5] != Общий: [1, 1, 1]"
CONCOR,228,"Спец: [1, 3] != Общий: [1, 1]"
CONCOR,229,"Спец: [1, 4] != Общий: [1, 2]"
CONCOR,230,"Спец: [1, 4] != Общий: [1, 2]"
CONCOR,231,"Спец: [1, 4] != Общий: [1, 2]"
CONCOR,232,"Спец: [1, 4] != Общий: [1, 2]"
CONCOR,233,"Спец: [1, 4, 5] != Общий: [1, 1, 1]"
CONCOR,234,"Спец: [1, 4] != Общий: [1, 2]"
CONCOR,235,"Спец: [1, 3] != Общий: [1, 1]"
CONCOR,236,"Спец: [1, 4] != Общий: [1, 2]"
CONCOR,237,"Спец: [1, 4, 5] != Общий: [1, 1, 1]"
CONCOR,238,"Спец: [1, 4] != Общий: [1, 2]"
CONCOR,239,"Спец: [1, 4] != Общий: [1, 2]"
CONCOR,240,"Спец: [1, 4] != Общий: [1, 2]"
CONCOR,241,"Спец: [1, 4] != Общий: [1, 2]"
CONCOR,242,"Спец: [1, 4] != Общий: [1, 2]"
CONCOR,243,"Спец: [1, 3] != Общий: [1, 2]"
CONCOR,244,"Спец: [1, 4] != Общий: [1, 2]"
CONCOR,245,"Спец: [1, 4, 5] != Общий: [1, 1, 1]"
CONCOR,246,"Спец: [1, 4] != Общий: [1, 2]"
CONCOR,247,"Спец: [1, 4] != Общий: [1, 2]"
CONCOR,248,"Спец: [1, 4] != Общий: [1, 2]"
CONCOR,249,"Спец: [1, 3] != Общий: [1, 1]"
CONCOR,250,"Спец: [1, 4, 5] != Общий: [1, 1, 1]"
CONCOR,251,"Спец: [1, 3] != Общий: [1, 2]"
CONCOR,252,"Спец: [1, 4] != Общий: [1, 2]"
CONCOR,253,"Спец: [1, 4] != Общий: [1, 2]"
CONCOR,254,"Спец: [1, 4, 5] != Общий: [1, 1, 1]"
CONCOR,255,"Спец: [1, 4] != Общий: [1, 2]"
CONCOR,256,"Спец: [1, 4] != Общий: [1, 2]"
CONCOR,257,"Спец: [1, 4] != Общий: [1, 2]"
CONCOR,258,"Спец: [1, 4, 5] != Общий: [1, 1, 1]"
CONCOR,259,"Спец: [1, 4] != Общий: [1, 2]"
CONCOR,260,"Спец: [1, 4] != Общий: [1, 2]"
CONCOR,261,"Спец: [1, 3] != Общий: [1, 1]"
CONCOR,262,"Спец: [1, 4, 5] != Общий: [1, 1, 1]"
CONCOR,263,"Спец: [1, 3] != Общий: [1, 1]"
CONCOR,264,"Спец: [1, 4, 5] != Общий: [1, 1, 1]"
CONCOR,265,"Спец: [1, 4] != Общий: [1, 2]"
CONCOR,266,"Спец: [1, 4] != Общий: [1, 2]"
CONCOR,267,"Спец: [1, 4] != Общий: [1, 2]"
CONCOR,268,"Спец: [1, 4] != Общий: [1, 2]"
CONCOR,269,"Спец: [1, 4] != Общий: [1, 2]"
CONCOR,270,"Спец: [1, 4] != Общий: [1, 2]"
CONCOR,271,"Спец: [1, 4] != Общий: [1, 2]"
CONCOR,272,"Спец: [1, 3] != Общий: [1, 1]"
CONCOR,274,"Спец: [1, 4, 5] != Общий: [1, 1, 1]"
CONCOR,275,"Спец: [1, 4, 5] != Общий: [1, 1, 1]"
CONCOR,276,"Спец: [1, 4, 5] != Общий: [1, 1, 1]"
CONCOR,277,"Спец: [1, 4, 5] != Общий: [1, 1, 1]"
CONCOR,278,"Спец: [1, 4, 5] != Общий: [1, 1, 1]"
CONCOR,279,"Спец: [1, 4, 5] != Общий: [1, 1, 1]"
CONCOR,280,"Спец: [1, 4, 5] != Общий: [1, 1, 1]"
CONCOR,281,"Спец: [1, 4, 5] != Общий: [1, 1, 1]"
CONCOR,282,"Спец: [1, 3] != Общий: [1, 2]"
CONCOR,283,"Спец: [1, 4, 5] != Общий: [1, 1, 1]"
CONCOR,284,"Спец: [1, 4, 5] != Общий: [1, 1, 1]"
CONCOR,285,"Спец: [1, 4, 5] != Общий: [1, 1, 1]"
CONCOR,286,"Спец: [1, 4] != Общий: [1, 2]"
CONCOR,287,"Спец: [1, 4] != Общий: [1, 2]"
CONCOR,288,"Спец: [1, 3] != Общий: [1, 1]"
CONCOR,290,"Спец: [1, 4] != Общий: [1, 2]"
CONCOR,291,"Спец: [1, 3] != Общий: [1, 1]"
CONCOR,292,"Спец: [1, 4] != Общий: [1, 2]"
CONCOR,293,"Спец: [1, 3] != Общий: [1, 1]"
CONCOR,294,"Спец: [1, 3] != Общий: [1, 1]"
CONCOR,295,"Спец: [1, 4] != Общий: [1, 2]"
CONCOR,296,"Спец: [1, 3] != Общий: [1, 2]"
CONCOR,297,"Спец: [1, 4, 5] != Общий: [1, 1, 1]"
CONCOR,298,"Спец: [1, 3] != Общий: [1, 1]"
CONCOR,299,"Спец: [1, 4, 5] != Общий: [1, 1, 1]"
CONCOR,300,"Спец: [1, 3] != Общий: [1, 1]"
CONCOR,301,"Спец: [1, 4, 5] != Общий: [1, 1, 1]"
CONCOR,302,"Спец: [1, 4, 5] != Общий: [1, 1, 1]"
CONCOR,303,"Спец: [1, 3] != Общий: [1, 1]"
CONCOR,304,"Спец: [1, 3] != Общий: [1, 1]"
CONCOR,305,"Спец: [1, 3] != Общий: [1, 1]"
CONCOR,306,"Спец: [1, 4, 5] != Общий: [1, 1, 1]"
CONCOR,307,"Спец: [1, 3] != Общий: [1, 2]"
CONCOR,308,"Спец: [1, 3] != Общий: [1, 2]"
CONCOR,309,"Спец: [1, 3] != Общий: [1, 1]"
CONCOR,311,"Спец: [1, 4, 5] != Общий: [1, 1, 1]"
CONCOR,312,"Спец: [1, 4, 5] != Общий: [1, 1, 1]"
CONCOR,313,"Спец: [1, 4, 5] != Общий: [1, 1, 1]"
CONCOR,314,"Спец: [1, 4, 5] != Общий: [1, 1, 1]"
CONCOR,316,"Спец: [1, 4, 5] != Общий: [1, 1, 1]"
CONCOR,317,"Спец: [1, 4, 5] != Общий: [1, 1, 1]"
CONCOR,318,"Спец: [1, 3] != Общий: [1, 1]"
CONCOR,319,"Спец: [1, 4] != Общий: [1, 2]"
CONCOR,320,"Спец: [1, 3] != Общий: [1, 2]"
CONCOR,321,"Спец: [1, 3] != Общий: [1, 1]"
CONCOR,322,"Спец: [1, 4, 5] != Общий: [1, 1, 1]"
CONCOR,323,"Спец: [1, 3] != Общий: [1, 1]"
CONCOR,324,"Спец: [1, 3] != Общий: [1, 1]"
CONCOR,325,"Спец: [1, 3] != Общий: [1, 1]"
CONCOR,326,"Спец: [1, 3] != Общий: [1, 1]"
CONCOR,327,"Спец: [1, 3] != Общий: [1, 1]"
CONCOR,328,"Спец: [1, 3] != Общий: [1, 1]"
CONCOR,329,"Спец: [1, 3] != Общий: [1, 1]"
CONCOR,330,"Спец: [1, 3] != Общий: [1, 1]"
CONCOR,331,"Спец: [1, 4, 5] != Общий: [1, 1, 1]"
CONCOR,332,"Спец: [1, 4, 5] != Общий: [1, 1, 1]"
CONCOR,333,"Спец: [1, 3] != Общий: [1, 1]"
CONCOR,334,"Спец: [1, 4, 5] != Общий: [1, 1, 1]"
CONCOR,335,"Спец: [1, 4, 5] != Общий: [1, 1, 1]"
CONCOR,336,"Спец: [1, 4, 5] != Общий: [1, 1, 1]"
CONCOR,337,"Спец: [1, 3] != Общий: [1, 1]"
CONCOR,338,"Спец: [1, 3] != Общий: [1, 1]"
CONCOR,339,"Спец: [1, 3] != Общий: [1, 1]"
CONCOR,340,"Спец: [1, 3] != Общий: [1, 1]"
CONCOR,341,"Спец: [1, 3] != Общий: [1, 2]"
CONCOR,342,"Спец: [1, 3] != Общий: [1, 1]"
CONCOR,343,"Спец: [1, 4, 5] != Общий: [1, 1, 1]"
CONCOR,344,"Спец: [1, 3] != Общий: [1, 1]"
CONCOR,345,"Спец: [1, 4, 5] != Общий: [1, 1, 1]"
CONCOR,346,"Спец: [1, 4] != Общий: [1, 2]"
CONCOR,347,"Спец: [1, 3] != Общий: [1, 1]"
CONCOR,348,"Спец: [1, 4] != Общий: [1, 2]"
CONCOR,349,"Спец: [1, 3] != Общий: [1, 2]"
CONCOR,350,"Спец: [1, 4, 5] != Общий: [1, 1, 1]"
CONCOR,351,"Спец: [1, 3] != Общий: [1, 1]"
CONCOR,352,"Спец: [1, 3] != Общий: [1, 1]"
CONCOR,353,"Спец: [1, 4, 5] != Общий: [1, 1, 1]"
CONCOR,354,"Спец: [1, 3] != Общий: [1, 1]"
CONCOR,355,"Спец: [1, 4, 5] != Общий: [1, 1, 1]"
CONCOR,356,"Спец: [1, 4, 5] != Общий: [1, 1, 1]"
CONCOR,357,"Спец: [1, 3] != Общий: [1, 1]"
CONCOR,358,"Спец: [1, 3] != Общий: [1, 1]"
CONCOR,359,"Спец: [1, 4, 5] != Общий: [1, 1, 1]"
CONCOR,360,"Спец: [1, 4] != Общий: [1, 2]"
CONCOR,361,"Спец: [1, 4, 5] != Общий: [1, 1, 1]"
CONCOR,362,"Спец: [1, 4] != Общий: [1, 2]"
CONCOR,363,"Спец: [1, 3] != Общий: [1, 1]"
CONCOR,364,"Спец: [1, 3] != Общий: [1, 1]"
CONCOR,365,"Спец: [1, 3] != Общий: [1, 1]"
CONCOR,366,"Спец: [1, 3] != Общий: [1, 1]"
CONCOR,367,"Спец: [1, 4] != Общий: [1, 2]"
CONCOR,368,"Спец: [1, 4] != Общий: [1, 2]"
CONCOR,369,"Спец: [1, 4] != Общий: [1, 2]"
CONCOR,370,"Спец: [1, 4] != Общий: [1, 2]"
CONCOR,371,"Спец: [1, 4] != Общий: [1, 2]"
CONCOR,372,"Спец: [1, 4] != Общий: [1, 2]"
CONCOR,373,"Спец: [1, 4] != Общий: [1, 2]"
CONCOR,374,"Спец: [1, 4] != Общий: [1, 2]"
CONCOR,375,"Спец: [1, 3] != Общий: [1, 1]"
CONCOR,376,"Спец: [1, 3] != Общий: [1, 1]"
CONCOR,377,"Спец: [1, 3] != Общий: [1, 1]"
CONCOR,378,"Спец: [1, 4] != Общий: [1, 2]"
CONCOR,379,"Спец: [1, 4, 5] != Общий: [1, 1, 1]"
CONCOR,380,"Спец: [1, 4, 5] != Общий: [1, 1, 1]"
CONCOR,381,"Спец: [1, 4, 5] != Общий: [1, 1, 1]"
CONCOR,382,"Спец: [1, 4] != Общий: [1, 2]"
CONCOR,383,"Спец: [1, 3] != Общий: [1, 1]"
CONCOR,384,"Спец: [1, 3] != Общий: [1, 1]"
CONCOR,385,"Спец: [1, 3] != Общий: [1, 1]"
CONCOR,386,"Спец: [1, 3] != Общий: [1, 1]"
CONCOR,387,"Спец: [1, 3] != Общий: [1, 1]"
CONCOR,388,"Спец: [1, 3] != Общий: [1, 1]"
CONCOR,389,"Спец: [1, 3] != Общий: [1, 1]"
CONCOR,390,"Спец: [1, 3] != Общий: [1, 1]"
CONCOR,391,"Спец: [1, 4, 5] != Общий: [1, 1, 1]"
CONCOR,392,"Спец: [1, 3] != Общий: [1, 1]"
CONCOR,393,"Спец: [1, 3] != Общий: [1, 2]"
CONCOR,394,"Спец: [1, 4, 5] != Общий: [1, 1, 1]"
CONCOR,395,"Спец: [1, 3] != Общий: [1, 1]"
CONCOR,396,"Спец: [1, 4] != Общий: [1, 2]"
CONCOR,397,"Спец: [1, 3] != Общий: [1, 1]"
CONCOR,398,"Спец: [1, 3] != Общий: [1, 2]"
CONCOR,399,"Спец: [1, 3] != Общий: [1, 2]"
CONCOR,400,"Спец: [1, 4] != Общий: [1, 2]"
CONCOR,401,"Спец: [1, 4] != Общий: [1, 2]"
CONCOR,402,"Спец: [1, 3] != Общий: [1, 1]"
CONCOR,403,"Спец: [1, 3] != Общий: [1, 2]"
CONCOR,404,"Спец: [1, 3] != Общий: [1, 1]"
CONCOR,405,"Спец: [1, 3] != Общий: [1, 2]"
CONCOR,406,"Спец: [1, 3] != Общий: [1, 2]"
CONCOR,407,"Спец: [1, 3] != Общий: [1, 2]"
CONCOR,408,"Спец: [1, 3] != Общий: [1, 2]"
CONCOR,409,"Спец: [1, 4, 5] != Общий: [1, 1, 1]"
CONCOR,410,"Спец: [1, 3] != Общий: [1, 1]"
CONCOR,411,"Спец: [1, 3] != Общий: [1, 1]"
CONCOR,412,"Спец: [1, 4, 5] != Общий: [1, 1, 1]"
CONCOR,413,"Спец: [1, 4, 5] != Общий: [1, 1, 1]"
CONCOR,414,"Спец: [1, 4, 5] != Общий: [1, 1, 1]"
CONCOR,415,"Спец: [1, 3] != Общий: [1, 1]"
CONCOR,416,"Спец: [1, 4] != Общий: [1, 2]"
CONCOR,417,"Спец: [1, 3] != Общий: [1, 1]"
CONCOR,418,"Спец: [1, 3] != Общий: [1, 1]"
CONCOR,419,"Спец: [1, 3] != Общий: [1, 1]"
CONCOR,420,"Спец: [1, 3] != Общий: [1, 1]"
CONCOR,421,"Спец: [1, 4, 5] != Общий: [1, 1, 1]"
CONCOR,422,"Спец: [1, 3] != Общий: [1, 1]"
CONCOR,423,"Спец: [1, 3] != Общий: [1, 2]"
CONCOR,424,"Спец: [1, 3] != Общий: [1, 1]"
CONCOR,425,"Спец: [1, 4, 5] != Общий: [1, 1, 1]"
CONCOR,426,"Спец: [1, 4] != Общий: [1, 2]"
CONCOR,427,"Спец: [1, 4] != Общий: [1, 2]"
CONCOR,428,"Спец: [1, 4, 5] != Общий: [1, 1, 1]"
CONCOR,429,"Спец: [1, 4] != Общий: [1, 2]"
CONCOR,430,"Спец: [1, 3] != Общий: [1, 2]"
CONCOR,431,"Спец: [1, 4] != Общий: [1, 2]"
CONCOR,432,"Спец: [1, 3] != Общий: [1, 1]"
CONCOR,433,"Спец: [1, 3] != Общий: [1, 1]"
CONCOR,434,"Спец: [1, 3] != Общий: [1, 1]"
CONCOR,435,"Спец: [1, 4, 5] != Общий: [1, 1, 1]"
CONCOR,436,"Спец: [1, 4, 5] != Общий: [1, 1, 1]"
CONCOR,437,"Спец: [1, 3] != Общий: [1, 1]"
CONCOR,438,"Спец: [1, 3] != Общий: [1, 1]"
CONCOR,439,"Спец: [1, 3] != Общий: [1, 1]"
CONCOR,440,"Спец: [1, 4, 5] != Общий: [1, 1, 1]"
CONCOR,441,"Спец: [1, 3] != Общий: [1, 1]"
CONCOR,442,"Спец: [1, 4, 5] != Общий: [1, 1, 1]"
CONCOR,443,"Спец: [1, 3] != Общий: [1, 2]"
CONCOR,444,"Спец: [1, 3] != Общий: [1, 1]"
CONCOR,445,"Спец: [1, 4, 5] != Общий: [1, 1, 1]"
CONCOR,446,"Спец: [1, 3] != Общий: [1, 1]"
CONCOR,447,"Спец: [1, 4, 5] != Общий: [1, 1, 1]"
CONCOR,448,"Спец: [1, 3] != Общий: [1, 1]"
CONCOR,450,"Спец: [1, 3] != Общий: [1, 1]"
CONCOR,451,"Спец: [1, 4] != Общий: [1, 2]"
CONCOR,452,"Спец: [1, 4] != Общий: [1, 2]"
CONCOR,453,"Спец: [1, 4, 5] != Общий: [1, 1, 1]"
CONCOR,454,"Спец: [1, 3] != Общий: [1, 2]"
CONCOR,455,"Спец: [1, 4, 5] != Общий: [1, 1, 1]"
CONCOR,456,"Спец: [1, 4, 5] != Общий: [1, 1, 1]"
CONCOR,457,"Спец: [1, 4, 5] != Общий: [1, 1, 1]"
CONCOR,458,"Спец: [1, 4, 5] != Общий: [1, 1, 1]"
CONCOR,459,"Спец: [1, 4, 5] != Общий: [1, 1, 1]"
CONCOR,460,"Спец: [1, 4, 5] != Общий: [1, 1, 1]"
CONCOR,461,"Спец: [1, 4, 5] != Общий: [1, 1, 1]"
CONCOR,462,"Спец: [1, 4, 5] != Общий: [1, 1, 1]"
CONCOR,463,"Спец: [1, 4, 5] != Общий: [1, 1, 1]"
CONCOR,464,"Спец: [1, 3] != Общий: [1, 2]"
CONCOR,465,"Спец: [1, 4, 5] != Общий: [1, 1, 1]"
CONCOR,466,"Спец: [1, 4, 5] != Общий: [1, 1, 1]"
CONCOR,467,"Спец: [1, 4] != Общий: [1, 2]"
CONCOR,469,"Спец: [1, 3] != Общий: [1, 2]"
CONCOR,470,"Спец: [1, 4, 5] != Общий: [1, 1, 1]"
CONCOR,471,"Спец: [1, 3] != Общий: [1, 2]"
CONCOR,472,"Спец: [1, 3] != Общий: [1, 2]"
CONCOR,473,"Спец: [1, 4, 5] != Общий: [1, 1, 1]"
CONCOR,474,"Спец: [1, 4] != Общий: [1, 2]"
CONCOR,475,"Спец: [1, 3] != Общий: [1, 1]"
CONCOR,476,"Спец: [1, 4, 5] != Общий: [1, 1, 1]"
CONCOR,477,"Спец: [1, 4] != Общий: [1, 2]"
CONCOR,478,"Спец: [1, 3] != Общий: [1, 1]"
CONCOR,479,"Спец: [1, 4, 5] != Общий: [1, 1, 1]"
CONCOR,481,"Спец: [1, 3] != Общий: [1, 2]"
CONCOR,482,"Спец: [1, 4, 5] != Общий: [1, 1, 1]"
CONCOR,483,"Спец: [1, 4, 5] != Общий: [1, 1, 1]"
CONCOR,484,"Спец: [1, 4, 5] != Общий: [1, 1, 1]"
CONCOR,485,"Спец: [1, 4, 5] != Общий: [1, 1, 1]"
CONCOR,486,"Спец: [1, 4] != Общий: [1, 2]"
CONCOR,487,"Спец: [1, 3] != Общий: [1, 1]"
CONCOR,488,"Спец: [1, 4, 5] != Общий: [1, 1, 1]"
CONCOR,489,"Спец: [1, 4, 5] != Общий: [1, 1, 1]"
CONCOR,490,"Спец: [1, 4, 5] != Общий: [1, 1, 1]"
CONCOR,491,"Спец: [1, 4, 5] != Общий: [1, 1, 1]"
CONCOR,492,"Спец: [1, 4, 5] != Общий: [1, 1, 1]"
CONCOR,493,"Спец: [1, 4] != Общий: [1, 2]"
CONCOR,494,"Спец: [1, 3] != Общий: [1, 1]"
CONCOR,495,"Спец: [1, 4, 5] != Общий: [1, 1, 1]"
CONCOR,496,"Спец: [1, 4, 5] != Общий: [1, 1, 1]"
CONCOR,497,"Спец: [1, 4, 5] != Общий: [1, 1, 1]"
CONCOR,498,"Спец: [1, 4, 5] != Общий: [1, 1, 1]"
CONCOR,499,"Спец: [1, 4] != Общий: [1, 2]"
CONCOR,500,"Спец: [1, 3] != Общий: [1, 1]"
CONCOR,501,"Спец: [1, 3] != Общий: [1, 1]"
CONCOR,502,"Спец: [1, 4] != Общий: [1, 2]"
CONCOR,503,"Спец: [1, 4, 5] != Общий: [1, 1, 1]"
CONCOR,504,"Спец: [1, 3] != Общий: [1, 1]"
CONCOR,505,"Спец: [1, 4, 5] != Общий: [1, 1, 1]"
CONCOR,506,"Спец: [1, 4, 5] != Общий: [1, 1, 1]"
CONCOR,507,"Спец: [1, 3] != Общий: [1, 1]"
CONCOR,508,"Спец: [1, 3] != Общий: [1, 1]"
CONCOR,509,"Спец: [1, 4] != Общий: [1, 2]"
CONCOR,510,"Спец: [1, 3] != Общий: [1, 1]"
CONCOR,511,"Спец: [1, 4, 5] != Общий: [1, 1, 1]"
CONCOR,512,"Спец: [1, 3] != Общий: [1, 2]"
CONCOR,513,"Спец: [1, 4] != Общий: [1, 2]"
CONCOR,514,"Спец: [1, 4] != Общий: [1, 2]"
CONCOR,515,"Спец: [1, 4] != Общий: [1, 2]"
CONCOR,516,"Спец: [1, 4, 5] != Общий: [1, 1, 1]"
CONCOR,517,"Спец: [1, 3] != Общий: [1, 1]"
CONCOR,518,"Спец: [1, 4] != Общий: [1, 2]"
CONCOR,519,"Спец: [1, 4] != Общий: [1, 2]"
CONCOR,520,"Спец: [1, 4] != Общий: [1, 2]"
CONCOR,521,"Спец: [1, 4] != Общий: [1, 2]"
CONCOR,522,"Спец: [1, 4] != Общий: [1, 2]"
CONCOR,523,"Спец: [1, 4, 5] != Общий: [1, 1, 1]"
CONCOR,524,"Спец: [1, 4, 5] != Общий: [1, 1, 1]"
CONCOR,525,"Спец: [1, 4] != Общий: [1, 2]"
CONCOR,526,"Спец: [1, 4, 5] != Общий: [1, 1, 1]"
CONCOR,527,"Спец: [1, 3] != Общий: [1, 1]"
CONCOR,529,"Спец: [1, 4] != Общий: [1, 2]"
CONCOR,530,"Спец: [1, 3] != Общий: [1, 1]"
CONCOR,531,"Спец: [1, 4] != Общий: [1, 2]"
CONCOR,532,"Спец: [1, 4] != Общий: [1, 2]"
CONCOR,533,"Спец: [1, 4] != Общий: [1, 2]"
CONCOR,534,"Спец: [1, 3] != Общий: [1, 1]"
CONCOR,535,"Спец: [1, 4, 5] != Общий: [1, 1, 1]"
CONCOR,536,"Спец: [1, 4] != Общий: [1, 2]"
CONCOR,537,"Спец: [1, 4] != Общий: [1, 2]"
CONCOR,538,"Спец: [1, 3] != Общий: [1, 1]"
CONCOR,539,"Спец: [1, 4, 5] != Общий: [1, 1, 1]"
CONCOR,540,"Спец: [1, 4] != Общий: [1, 2]"
CONCOR,541,"Спец: [1, 3] != Общий: [1, 1]"
CONCOR,542,"Спец: [1, 3] != Общий: [1, 1]"
CONCOR,543,"Спец: [1, 4, 5] != Общий: [1, 1, 1]"
CONCOR,544,"Спец: [1, 4] != Общий: [1, 2]"
CONCOR,545,"Спец: [1, 4, 5] != Общий: [1, 1, 1]"
CONCOR,546,"Спец: [1, 4, 5] != Общий: [1, 1, 1]"
CONCOR,547,"Спец: [1, 4] != Общий: [1, 2]"
CONCOR,548,"Спец: [1, 4, 5] != Общий: [1, 1, 1]"
CONCOR,549,"Спец: [1, 4, 5] != Общий: [1, 1, 1]"
CONCOR,550,"Спец: [1, 3] != Общий: [1, 1]"
CONCOR,551,"Спец: [1, 4, 5] != Общий: [1, 1, 1]"
CONCOR,552,"Спец: [1, 4, 5] != Общий: [1, 1, 1]"
CONCOR,553,"Спец: [1, 4, 5] != Общий: [1, 1, 1]"
CONCOR,554,"Спец: [1, 3] != Общий: [1, 1]"
CONCOR,555,"Спец: [1, 4] != Общий: [1, 2]"
CONCOR,556,"Спец: [1, 4, 5] != Общий: [1, 1, 1]"
CONCOR,557,"Спец: [1, 4, 5] != Общий: [1, 1, 1]"
CONCOR,558,"Спец: [1, 4] != Общий: [1, 2]"
CONCOR,559,"Спец: [1, 4] != Общий: [1, 2]"
CONCOR,560,"Спец: [1, 4] != Общий: [1, 2]"
CONCOR,561,"Спец: [1, 4] != Общий: [1, 2]"
CONCOR,562,"Спец: [1, 4, 5] != Общий: [1, 1, 1]"
CONCOR,563,"Спец: [1, 3] != Общий: [1, 1]"
CONCOR,564,"Спец: [1, 4, 5] != Общий: [1, 1, 1]"
CONCOR,565,"Спец: [1, 4, 5] != Общий: [1, 1, 1]"
CONCOR,566,"Спец: [1, 4, 5] != Общий: [1, 1, 1]"
CONCOR,567,"Спец: [1, 4] != Общий: [1, 2]"
CONCOR,568,"Спец: [1, 3] != Общий: [1, 2]"
CONCOR,569,"Спец: [1, 4, 5] != Общий: [1, 1, 1]"
CONCOR,570,"Спец: [1, 3] != Общий: [1, 2]"
CONCOR,571,"Спец: [1, 3] != Общий: [1, 1]"
CONCOR,572,"Спец: [1, 3] != Общий: [1, 1]"
CONCOR,573,"Спец: [1, 4] != Общий: [1, 2]"
CONCOR,574,"Спец: [1, 3] != Общий: [1, 1]"
CONCOR,575,"Спец: [1, 3] != Общий: [1, 1]"
CONCOR,576,"Спец: [1, 3] != Общий: [1, 1]"
CONCOR,577,"Спец: [1, 3] != Общий: [1, 1]"
CONCOR,578,"Спец: [1, 3] != Общий: [1, 1]"
CONCOR,579,"Спец: [1, 3] != Общий: [1, 1]"
CONCOR,580,"Спец: [1, 3] != Общий: [1, 1]"
CONCOR,581,"Спец: [1, 3] != Общий: [1, 1]"
CONCOR,582,"Спец: [1, 4, 5] != Общий: [1, 1, 1]"
CONCOR,583,"Спец: [1, 4, 5] != Общий: [1, 1, 1]"
CONCOR,584,"Спец: [1, 4] != Общий: [1, 2]"
CONCOR,585,"Спец: [1, 4] != Общий: [1, 2]"
CONCOR,586,"Спец: [1, 4] != Общий: [1, 2]"
CONCOR,587,"Спец: [1, 4] != Общий: [1, 2]"
CONCOR,588,"Спец: [1, 4, 5] != Общий: [1, 1, 1]"
CONCOR,589,"Спец: [1, 3] != Общий: [1, 2]"
CONCOR,590,"Спец: [1, 4, 5] != Общий: [1, 1, 1]"
CONCOR,591,"Спец: [1, 3] != Общий: [1, 1]"
CONCOR,592,"Спец: [1, 3] != Общий: [1, 1]"
CONCOR,593,"Спец: [1, 3] != Общий: [1, 1]"
CONCOR,594,"Спец: [1, 4] != Общий: [1, 2]"
CONCOR,595,"Спец: [1, 3] != Общий: [1, 1]"
CONCOR,596,"Спец: [1, 3] != Общий: [1, 1]"
CONCOR,597,"Спец: [1, 4, 5] != Общий: [1, 1, 1]"
CONCOR,598,"Спец: [1, 4] != Общий: [1, 2]"
CONCOR,599,"Спец: [1, 4, 5] != Общий: [1, 1, 1]"
CONCOR,600,"Спец: [1, 4, 5] != Общий: [1, 1, 1]"
CONCOR,601,"Спец: [1, 4, 5] != Общий: [1, 1, 1]"
CONCOR,602,"Спец: [1, 4, 5] != Общий: [1, 1, 1]"
CONCOR,603,"Спец: [1, 3] != Общий: [1, 2]"
CONCOR,604,"Спец: [1, 3] != Общий: [1, 1]"
CONCOR,606,"Спец: [1, 3] != Общий: [1, 1]"
CONCOR,607,"Спец: [1, 3] != Общий: [1, 1]"
CONCOR,608,"Спец: [1, 3] != Общий: [1, 2]"
CONCOR,609,"Спец: [1, 4, 5] != Общий: [1, 1, 1]"
CONCOR,610,"Спец: [1, 4, 5] != Общий: [1, 1, 1]"
CONCOR,611,"Спец: [1, 4] != Общий: [1, 2]"
CONCOR,612,"Спец: [1, 4, 5] != Общий: [1, 1, 1]"
CONCOR,613,"Спец: [1, 4] != Общий: [1, 2]"
CONCOR,614,"Спец: [1, 3] != Общий: [1, 1]"
CONCOR,615,"Спец: [1, 3] != Общий: [1, 1]"
CONCOR,616,"Спец: [1, 4, 5] != Общий: [1, 1, 1]"
CONCOR,617,"Спец: [1, 3] != Общий: [1, 2]"
CONCOR,618,"Спец: [1, 4] != Общий: [1, 2]"
CONCOR,619,"Спец: [1, 4, 5] != Общий: [1, 1, 1]"
CONCOR,620,"Спец: [1, 4] != Общий: [1, 2]"
CONCOR,621,"Спец: [1, 4, 5] != Общий: [1, 1, 1]"
CONCOR,622,"Спец: [1, 3] != Общий: [1, 1]"
CONCOR,623,"Спец: [1, 4] != Общий: [1, 2]"
CONCOR,624,"Спец: [1, 4] != Общий: [1, 2]"
CONCOR,625,"Спец: [1, 4] != Общий: [1, 2]"
CONCOR,626,"Спец: [1, 3] != Общий: [1, 2]"
CONCOR,627,"Спец: [1, 4] != Общий: [1, 2]"
CONCOR,628,"Спец: [1, 3] != Общий: [1, 1]"
CONCOR,629,"Спец: [1, 4] != Общий: [1, 2]"
CONCOR,630,"Спец: [1, 3] != Общий: [1, 1]"
CONCOR,631,"Спец: [1, 4] != Общий: [1, 2]"
CONCOR,632,"Спец: [1, 4] != Общий: [1, 2]"
CONCOR,633,"Спец: [1, 3] != Общий: [1, 1]"
CONCOR,634,"Спец: [1, 4, 5] != Общий: [1, 1, 1]"
CONCOR,637,"Спец: [1, 4] != Общий: [1, 2]"
CONCOR,638,"Спец: [1, 4, 5] != Общий: [1, 1, 1]"
CONCOR,639,"Спец: [1, 4] != Общий: [1, 2]"
CONCOR,640,"Спец: [1, 3] != Общий: [1, 1]"
CONCOR,641,"Спец: [1, 4, 5] != Общий: [1, 1, 1]"
CONCOR,642,"Спец: [1, 4, 5] != Общий: [1, 1, 1]"
CONCOR,643,"Спец: [1, 4, 5] != Общий: [1, 1, 1]"
CONCOR,644,"Спец: [1, 4, 5] != Общий: [1, 1, 1]"
CONCOR,645,"Спец: [1, 3] != Общий: [1, 2]"
CONCOR,646,"Спец: [1, 4] != Общий: [1, 2]"
CONCOR,647,"Спец: [1, 3] != Общий: [1, 2]"
CONCOR,648,"Спец: [1, 3] != Общий: [1, 2]"
CONCOR,649,"Спец: [1, 3] != Общий: [1, 1]"
CONCOR,650,"Спец: [1, 4] != Общий: [1, 2]"
CONCOR,651,"Спец: [1, 4, 5] != Общий: [1, 1, 1]"
CONCOR,652,"Спец: [1, 4, 5] != Общий: [1, 1, 1]"
CONCOR,653,"Спец: [1, 3] != Общий: [1, 2]"
CONCOR,655,"Спец: [1, 4, 5] != Общий: [1, 1, 1]"
CONCOR,656,"Спец: [1, 4] != Общий: [1, 2]"
CONCOR,657,"Спец: [1, 3] != Общий: [1, 2]"
CONCOR,658,"Спец: [1, 4, 5] != Общий: [1, 1, 1]"
CONCOR,659,"Спец: [1, 4, 5] != Общий: [1, 1, 1]"
CONCOR,660,"Спец: [1, 4] != Общий: [1, 2]"
CONCOR,661,"Спец: [1, 4, 5] != Общий: [1, 1, 1]"
CONCOR,662,"Спец: [1, 4, 5] != Общий: [1, 1, 1]"
CONCOR,663,"Спец: [1, 4, 5] != Общий: [1, 1, 1]"
CONCOR,664,"Спец: [1, 4, 5] != Общий: [1, 1, 1]"
CONCOR,665,"Спец: [1, 3] != Общий: [1, 1]"
CONCOR,666,"Спец: [1, 3] != Общий: [1, 1]"
CONCOR,667,"Спец: [1, 4, 5] != Общий: [1, 1, 1]"
CONCOR,668,"Спец: [1, 4, 5] != Общий: [1, 1, 1]"
CONCOR,669,"Спец: [1, 4, 5] != Общий: [1, 1, 1]"
CONCOR,670,"Спец: [1, 3] != Общий: [1, 1]"
CONCOR,671,"Спец: [1, 3] != Общий: [1, 1]"
CONCOR,672,"Спец: [1, 3] != Общий: [1, 1]"
CONCOR,673,"Спец: [1, 3] != Общий: [1, 1]"
CONCOR,674,"Спец: [1, 4] != Общий: [1, 2]"
CONCOR,675,"Спец: [1, 4, 5] != Общий: [1, 1, 1]"
CONCOR,676,"Спец: [1, 4] != Общий: [1, 2]"
CONCOR,677,"Спец: [1, 4] != Общий: [1, 2]"
CONCOR,679,"Спец: [1, 4] != Общий: [1, 2]"
CONCOR,680,"Спец: [1, 3] != Общий: [1, 1]"
CONCOR,681,"Спец: [1, 4, 5] != Общий: [1, 1, 1]"
CONCOR,682,"Спец: [1, 4, 5] != Общий: [1, 1, 1]"
CONCOR,683,"Спец: [1, 3] != Общий: [1, 1]"
CONCOR,684,"Спец: [1, 4] != Общий: [1, 2]"
CONCOR,685,"Спец: [1, 4] != Общий: [1, 2]"
CONCOR,686,"Спец: [1, 4] != Общий: [1, 2]"
CONCOR,687,"Спец: [1, 3] != Общий: [1, 1]"
CONCOR,688,"Спец: [1, 3] != Общий: [1, 1]"
CONCOR,689,"Спец: [1, 3] != Общий: [1, 1]"
CONCOR,690,"Спец: [1, 4, 5] != Общий: [1, 1, 1]"
CONCOR,691,"Спец: [1, 3] != Общий: [1, 1]"
CONCOR,692,"Спец: [1, 3] != Общий: [1, 2]"
CONCOR,693,"Спец: [1, 3] != Общий: [1, 2]"
CONCOR,694,"Спец: [1, 4] != Общий: [1, 2]"
CONCOR,695,"Спец: [1, 3] != Общий: [1, 1]"
CONCOR,696,"Спец: [1, 4, 5] != Общий: [1, 1, 1]"
CONCOR,697,"Спец: [1, 3] != Общий: [1, 1]"
CONCOR,698,"Спец: [1, 3] != Общий: [1, 1]"
CONCOR,699,"Спец: [1, 4, 5] != Общий: [1, 1, 1]"
CONCOR,700,"Спец: [1, 4] != Общий: [1, 2]"
CONCOR,701,"Спец: [1, 3] != Общий: [1, 1]"
CONCOR,702,"Спец: [1, 3] != Общий: [1, 2]"
CONCOR,703,"Спец: [1, 4] != Общий: [1, 2]"
CONCOR,704,"Спец: [1, 3] != Общий: [1, 1]"
CONCOR,705,"Спец: [1, 3] != Общий: [1, 1]"
CONCOR,706,"Спец: [1, 4, 5] != Общий: [1, 1, 1]"
CONCOR,707,"Спец: [1, 4, 5] != Общий: [1, 1, 1]"
CONCOR,708,"Спец: [1, 4, 5] != Общий: [1, 1, 1]"
CONCOR,709,"Спец: [1, 3] != Общий: [1, 2]"
CONCOR,710,"Спец: [1, 3] != Общий: [1, 2]"
CONCOR,711,"Спец: [1, 4, 5] != Общий: [1, 1, 1]"
CONCOR,712,"Спец: [1, 3] != Общий: [1, 2]"
CONCOR,713,"Спец: [1, 4, 5] != Общий: [1, 1, 1]"
CONCOR,714,"Спец: [1, 4, 5] != Общий: [1, 1, 1]"
CONCOR,715,"Спец: [1, 4, 5] != Общий: [1, 1, 1]"
CONCOR,716,"Спец: [1, 4, 5] != Общий: [1, 1, 1]"
CONCOR,717,"Спец: [1, 4, 5] != Общий: [1, 1, 1]"
CONCOR,718,"Спец: [1, 4, 5] != Общий: [1, 1, 1]"
CONCOR,719,"Спец: [1, 3] != Общий: [1, 1]"
CONCOR,720,"Спец: [1, 3] != Общий: [1, 1]"
CONCOR,721,"Спец: [1, 4, 5] != Общий: [1, 1, 1]"
CONCOR,722,"Спец: [1, 4, 5] != Общий: [1, 1, 1]"
CONCOR,723,"Спец: [1, 4, 5] != Общий: [1, 1, 1]"
CONCOR,724,"Спец: [1, 4, 5] != Общий: [1, 1, 1]"
CONCOR,725,"Спец: [1, 3] != Общий: [1, 1]"
CONCOR,726,"Спец: [1, 4, 5] != Общий: [1, 1, 1]"
CONCOR,727,"Спец: [1, 4, 5] != Общий: [1, 1, 1]"
CONCOR,728,"Спец: [1, 4, 5] != Общий: [1, 1, 1]"
CONCOR,729,"Спец: [1, 4, 5] != Общий: [1, 1, 1]"
CONCOR,730,"Спец: [1, 3] != Общий: [1, 2]"
CONCOR,731,"Спец: [1, 4, 5] != Общий: [1, 1, 1]"
CONCOR,733,"Спец: [1, 4, 5] != Общий: [1, 1, 1]"
CONCOR,734,"Спец: [1, 4, 5] != Общий: [1, 1, 1]"
CONCOR,735,"Спец: [1, 4] != Общий: [1, 2]"
CONCOR,736,"Спец: [1, 3] != Общий: [1, 1]"
CONCOR,737,"Спец: [1, 4] != Общий: [1, 2]"
CONCOR,738,"Спец: [1, 4] != Общий: [1, 2]"
CONCOR,739,"Спец: [1, 3] != Общий: [1, 1]"
CONCOR,740,"Спец: [1, 3] != Общий: [1, 1]"
CONCOR,742,"Спец: [1, 4] != Общий: [1, 2]"
CONCOR,743,"Спец: [1, 3] != Общий: [1, 2]"
CONCOR,744,"Спец: [1, 3] != Общий: [1, 2]"
CONCOR,745,"Спец: [1, 4] != Общий: [1, 2]"
CONCOR,746,"Спец: [1, 4, 5] != Общий: [1, 1, 1]"
CONCOR,747,"Спец: [1, 3] != Общий: [1, 1]"
CONCOR,749,"Спец: [1, 3] != Общий: [1, 1]"
CONCOR,750,"Спец: [1, 4, 5] != Общий: [1, 1, 1]"
CONCOR,751,"Спец: [1, 3] != Общий: [1, 1]"
CONCOR,752,"Спец: [1, 4, 5] != Общий: [1, 1, 1]"
CONCOR,753,"Спец: [1, 3] != Общий: [1, 1]"
CONCOR,754,"Спец: [1, 3] != Общий: [1, 1]"
CONCOR,755,"Спец: [1, 3] != Общий: [1, 1]"
CONCOR,756,"Спец: [1, 4, 5] != Общий: [1, 1, 1]"
CONCOR,757,"Спец: [1, 3] != Общий: [1, 2]"
CONCOR,758,"Спец: [1, 3] != Общий: [1, 1]"
CONCOR,759,"Спец: [1, 3] != Общий: [1, 1]"
CONCOR,760,"Спец: [1, 3] != Общий: [1, 1]"
CONCOR,761,"Спец: [1, 4, 5] != Общий: [1, 1, 1]"
CONCOR,762,"Спец: [1, 4, 5] != Общий: [1, 1, 1]"
CONCOR,763,"Спец: [1, 3] != Общий: [1, 1]"
CONCOR,764,"Спец: [1, 3] != Общий: [1, 1]"
CONCOR,765,"Спец: [1, 3] != Общий: [1, 1]"
CONCOR,766,"Спец: [1, 4, 5] != Общий: [1, 1, 1]"
CONCOR,767,"Спец: [1, 3] != Общий: [1, 1]"
CONCOR,768,"Спец: [1, 3] != Общий: [1, 1]"
CONCOR,769,"Спец: [1, 4, 5] != Общий: [1, 1, 1]"
CONCOR,770,"Спец: [1, 3] != Общий: [1, 1]"
CONCOR,771,"Спец: [1, 4] != Общий: [1, 2]"
CONCOR,772,"Спец: [1, 4] != Общий: [1, 2]"
CONCOR,773,"Спец: [1, 4] != Общий: [1, 2]"
CONCOR,774,"Спец: [1, 4] != Общий: [1, 2]"
CONCOR,775,"Спец: [1, 4, 5] != Общий: [1, 1, 1]"
CONCOR,776,"Спец: [1, 4] != Общий: [1, 2]"
CONCOR,777,"Спец: [1, 3] != Общий: [1, 1]"
CONCOR,778,"Спец: [1, 4, 5] != Общий: [1, 1, 1]"
CONCOR,779,"Спец: [1, 4] != Общий: [1, 2]"
CONCOR,780,"Спец: [1, 4, 5] != Общий: [1, 1, 1]"
CONCOR,781,"Спец: [1, 4, 5] != Общий: [1, 1, 1]"
CONCOR,782,"Спец: [1, 4, 5] != Общий: [1, 1, 1]"
CONCOR,783,"Спец: [1, 4] != Общий: [1, 2]"
CONCOR,785,"Спец: [1, 4, 5] != Общий: [1, 1, 1]"
CONCOR,786,"Спец: [1, 4, 5] != Общий: [1, 1, 1]"
CONCOR,787,"Спец: [1, 3] != Общий: [1, 1]"
CONCOR,788,"Спец: [1, 3] != Общий: [1, 1]"
CONCOR,789,"Спец: [1, 3] != Общий: [1, 1]"
CONCOR,790,"Спец: [1, 3] != Общий: [1, 1]"
CONCOR,791,"Спец: [1, 3] != Общий: [1, 1]"
CONCOR,792,"Спец: [1, 3] != Общий: [1, 2]"
CONCOR,793,"Спец: [1, 3] != Общий: [1, 1]"
CONCOR,794,"Спец: [1, 3] != Общий: [1, 1]"
CONCOR,795,"Спец: [1, 4] != Общий: [1, 2]"
CONCOR,796,"Спец: [1, 3] != Общий: [1, 1]"
CONCOR,797,"Спец: [1, 4, 5] != Общий: [1, 1, 1]"
CONCOR,798,"Спец: [1, 3] != Общий: [1, 1]"
CONCOR,799,"Спец: [1, 3] != Общий: [1, 1]"
CONCOR,800,"Спец: [1, 4] != Общий: [1, 2]"
CONCOR,801,"Спец: [1, 3] != Общий: [1, 1]"
CONCOR,802,"Спец: [1, 4] != Общий: [1, 2]"
CONCOR,803,"Спец: [1, 3] != Общий: [1, 2]"
CONCOR,804,"Спец: [1, 3] != Общий: [1, 1]"
CONCOR,805,"Спец: [1, 4, 5] != Общий: [1, 1, 1]"
CONCOR,806,"Спец: [1, 4, 5] != Общий: [1, 1, 1]"
CONCOR,807,"Спец: [1, 4, 5] != Общий: [1, 1, 1]"
CONCOR,808,"Спец: [1, 4] != Общий: [1, 2]"
CONCOR,809,"Спец: [1, 4, 5] != Общий: [1, 1, 1]"
CONCOR,810,"Спец: [1, 4] != Общий: [1, 2]"
CONCOR,811,"Спец: [1, 4] != Общий: [1, 2]"
CONCOR,812,"Спец: [1, 4] != Общий: [1, 2]"
CONCOR,813,"Спец: [1, 4] != Общий: [1, 2]"
CONCOR,814,"Спец: [1, 3] != Общий: [1, 1]"
CONCOR,815,"Спец: [1, 3] != Общий: [1, 1]"
CONCOR,816,"Спец: [1, 3] != Общий: [1, 1]"
CONCOR,817,"Спец: [1, 3] != Общий: [1, 1]"
CONCOR,818,"Спец: [1, 3] != Общий: [1, 1]"
CONCOR,819,"Спец: [1, 4, 5] != Общий: [1, 1, 1]"
CONCOR,820,"Спец: [1, 3] != Общий: [1, 1]"
CONCOR,821,"Спец: [1, 4, 5] != Общий: [1, 1, 1]"
CONCOR,822,"Спец: [1, 3] != Общий: [1, 2]"
CONCOR,823,"Спец: [1, 3] != Общий: [1, 1]"
CONCOR,824,"Спец: [1, 3] != Общий: [1, 1]"
CONCOR,825,"Спец: [1, 3] != Общий: [1, 1]"
CONCOR,826,"Спец: [1, 3] != Общий: [1, 1]"
CONCOR,827,"Спец: [1, 3] != Общий: [1, 1]"
CONCOR,828,"Спец: [1, 4, 5] != Общий: [1, 1, 1]"
CONCOR,829,"Спец: [1, 3] != Общий: [1, 1]"
CONCOR,830,"Спец: [1, 4] != Общий: [1, 2]"
CONCOR,831,"Спец: [1, 4] != Общий: [1, 2]"
CONCOR,832,"Спец: [1, 4] != Общий: [1, 2]"
CONCOR,833,"Спец: [1, 4, 5] != Общий: [1, 1, 1]"
CONCOR,834,"Спец: [1, 4, 5] != Общий: [1, 1, 1]"
CONCOR,835,"Спец: [1, 4, 5] != Общий: [1, 1, 1]"
CONCOR,836,"Спец: [1, 3] != Общий: [1, 2]"
CONCOR,837,"Спец: [1, 4] != Общий: [1, 2]"
CONCOR,838,"Спец: [1, 4, 5] != Общий: [1, 1, 1]"
CONCOR,839,"Спец: [1, 3] != Общий: [1, 2]"
CONCOR,840,"Спец: [1, 3] != Общий: [1, 2]"
CONCOR,841,"Спец: [1, 3] != Общий: [1, 2]"
CONCOR,842,"Спец: [1, 4, 5] != Общий: [1, 1, 1]"
CONCOR,843,"Спец: [1, 4] != Общий: [1, 2]"
CONCOR,844,"Спец: [1, 4] != Общий: [1, 2]"
CONCOR,845,"Спец: [1, 4, 5] != Общий: [1, 1, 1]"
CONCOR,846,"Спец: [1, 4] != Общий: [1, 2]"
CONCOR,847,"Спец: [1, 3] != Общий: [1, 1]"
CONCOR,849,"Спец: [1, 3] != Общий: [1, 2]"
CONCOR,850,"Спец: [1, 3] != Общий: [1, 1]"
CONCOR,851,"Спец: [1, 4, 5] != Общий: [1, 1, 1]"
CONCOR,852,"Спец: [1, 4, 5] != Общий: [1, 1, 1]"
CONCOR,853,"Спец: [1, 4, 5] != Общий: [1, 1, 1]"
CONCOR,854,"Спец: [1, 4, 5] != Общий: [1, 1, 1]"
CONCOR,855,"Спец: [1, 4, 5] != Общий: [1, 1, 1]"
CONCOR,856,"Спец: [1, 4, 5] != Общий: [1, 1, 1]"
CONCOR,857,"Спец: [1, 3] != Общий: [1, 1]"
CONCOR,858,"Спец: [1, 3] != Общий: [1, 1]"
CONCOR,859,"Спец: [1, 3] != Общий: [1, 2]"
CONCOR,860,"Спец: [1, 4] != Общий: [1, 2]"
CONCOR,861,"Спец: [1, 4, 5] != Общий: [1, 1, 1]"
CONCOR,862,"Спец: [1, 4, 5] != Общий: [1, 1, 1]"
CONCOR,864,"Спец: [1, 4] != Общий: [1, 2]"
CONCOR,865,"Спец: [1, 4, 5] != Общий: [1, 1, 1]"
CONCOR,866,"Спец: [1, 3] != Общий: [1, 1]"
CONCOR,867,"Спец: [1, 3] != Общий: [1, 1]"
CONCOR,868,"Спец: [1, 3] != Общий: [1, 1]"
CONCOR,869,"Спец: [1, 3] != Общий: [1, 1]"
CONCOR,870,"Спец: [1, 3] != Общий: [1, 1]"
CONCOR,871,"Спец: [1, 3] != Общий: [1, 1]"
CONCOR,872,"Спец: [1, 3] != Общий: [1, 1]"
CONCOR,873,"Спец: [1, 3] != Общий: [1, 1]"
CONCOR,874,"Спец: [1, 3] != Общий: [1, 2]"
CONCOR,875,"Спец: [1, 4, 5] != Общий: [1, 1, 1]"
CONCOR,876,"Спец: [1, 4, 5] != Общий: [1, 1, 1]"
CONCOR,877,"Спец: [1, 4, 5] != Общий: [1, 1, 1]"
CONCOR,878,"Спец: [1, 4, 5] != Общий: [1, 1, 1]"
CONCOR,879,"Спец: [1, 3] != Общий: [1, 1]"
CONCOR,880,"Спец: [1, 4, 5] != Общий: [1, 1, 1]"
CONCOR,881,"Спец: [1, 4, 5] != Общий: [1, 1, 1]"
CONCOR,882,"Спец: [1, 4, 5] != Общий: [1, 1, 1]"
CONCOR,883,"Спец: [1, 3] != Общий: [1, 1]"
CONCOR,884,"Спец: [1, 3] != Общий: [1, 1]"
CONCOR,885,"Спец: [1, 3] != Общий: [1, 1]"
CONCOR,886,"Спец: [1, 4] != Общий: [1, 2]"
CONCOR,887,"Спец: [1, 3] != Общий: [1, 2]"
CONCOR,888,"Спец: [1, 3] != Общий: [1, 2]"
CONCOR,889,"Спец: [1, 3] != Общий: [1, 2]"
CONCOR,890,"Спец: [1, 4, 5] != Общий: [1, 1, 1]"
CONCOR,891,"Спец: [1, 3] != Общий: [1, 2]"
CONCOR,892,"Спец: [1, 3] != Общий: [1, 1]"
CONCOR,893,"Спец: [1, 3] != Общий: [1, 1]"
CONCOR,894,"Спец: [1, 3] != Общий: [1, 1]"
CONCOR,895,"Спец: [1, 3] != Общий: [1, 1]"
CONCOR,896,"Спец: [1, 4] != Общий: [1, 2]"
CONCOR,897,"Спец: [1, 4, 5] != Общий: [1, 1, 1]"
CONCOR,898,"Спец: [1, 3] != Общий: [1, 1]"
CONCOR,899,"Спец: [1, 4] != Общий: [1, 2]"
CONCOR,900,"Спец: [1, 3] != Общий: [1, 1]"
CONCOR,901,"Спец: [1, 4, 5] != Общий: [1, 1, 1]"
CONCOR,902,"Спец: [1, 4, 5] != Общий: [1, 1, 1]"
CONCOR,903,"Спец: [1, 4, 5] != Общий: [1, 1, 1]"
CONCOR,904,"Спец: [1, 4] != Общий: [1, 2]"
CONCOR,905,"Спец: [1, 3] != Общий: [1, 2]"
CONCOR,906,"Спец: [1, 4, 5] != Общий: [1, 1, 1]"
CONCOR,907,"Спец: [1, 3] != Общий: [1, 1]"
CONCOR,908,"Спец: [1, 4, 5] != Общий: [1, 1, 1]"
CONCOR,909,"Спец: [1, 3] != Общий: [1, 1]"
CONCOR,910,"Спец: [1, 4] != Общий: [1, 2]"
CONCOR,911,"Спец: [1, 4] != Общий: [1, 2]"
CONCOR,912,"Спец: [1, 4] != Общий: [1, 2]"
CONCOR,913,"Спец: [1, 4, 5] != Общий: [1, 1, 1]"
CONCOR,915,"Спец: [1, 4, 5] != Общий: [1, 1, 1]"
CONCOR,916,"Спец: [1, 3] != Общий: [1, 1]"
CONCOR,917,"Спец: [1, 4] != Общий: [1, 2]"
CONCOR,918,"Спец: [1, 3] != Общий: [1, 1]"
CONCOR,919,"Спец: [1, 4] != Общий: [1, 2]"
CONCOR,920,"Спец: [1, 4, 5] != Общий: [1, 1, 1]"
CONCOR,921,"Спец: [1, 4] != Общий: [1, 2]"
CONCOR,922,"Спец: [1, 3] != Общий: [1, 1]"
CONCOR,923,"Спец: [1, 4] != Общий: [1, 2]"
CONCOR,924,"Спец: [1, 3] != Общий: [1, 1]"
CONCOR,925,"Спец: [1, 3] != Общий: [1, 1]"
CONCOR,926,"Спец: [1, 4] != Общий: [1, 2]"
CONCOR,927,"Спец: [1, 3] != Общий: [1, 1]"
CONCOR,928,"Спец: [1, 4, 5] != Общий: [1, 1, 1]"
CONCOR,929,"Спец: [1, 3] != Общий: [1, 1]"
CONCOR,930,"Спец: [1, 4, 5] != Общий: [1, 1, 1]"
CONCOR,931,"Спец: [1, 3] != Общий: [1, 1]"
CONCOR,932,"Спец: [1, 4] != Общий: [1, 2]"
CONCOR,933,"Спец: [1, 4, 5] != Общий: [1, 1, 1]"
CONCOR,934,"Спец: [1, 4, 5] != Общий: [1, 1, 1]"
CONCOR,935,"Спец: [1, 3] != Общий: [1, 1]"
CONCOR,936,"Спец: [1, 4, 5] != Общий: [1, 1, 1]"
CONCOR,937,"Спец: [1, 4] != Общий: [1, 2]"
CONCOR,938,"Спец: [1, 4] != Общий: [1, 2]"
CONCOR,939,"Спец: [1, 3] != Общий: [1, 1]"
CONCOR,940,"Спец: [1, 3] != Общий: [1, 1]"
CONCOR,941,"Спец: [1, 4, 5] != Общий: [1, 1, 1]"
CONCOR,942,"Спец: [1, 3] != Общий: [1, 1]"
CONCOR,943,"Спец: [1, 4] != Общий: [1, 2]"
CONCOR,944,"Спец: [1, 3] != Общий: [1, 1]"
CONCOR,945,"Спец: [1, 4] != Общий: [1, 2]"
CONCOR,946,"Спец: [1, 4, 5] != Общий: [1, 1, 1]"
CONCOR,947,"Спец: [1, 3] != Общий: [1, 1]"
CONCOR,948,"Спец: [1, 4, 5] != Общий: [1, 1, 1]"
CONCOR,949,"Спец: [1, 4, 5] != Общий: [1, 1, 1]"
CONCOR,950,"Спец: [1, 3] != Общий: [1, 1]"
CONCOR,951,"Спец: [1, 4, 5] != Общий: [1, 1, 1]"
CONCOR,952,"Спец: [1, 3] != Общий: [1, 1]"
CONCOR,953,"Спец: [1, 4, 5] != Общий: [1, 1, 1]"
CONCOR,954,"Спец: [1, 3] != Общий: [1, 1]"
CONCOR,955,"Спец: [1, 3] != Общий: [1, 1]"
CONCOR,956,"Спец: [1, 3] != Общий: [1, 1]"
CONCOR,957,"Спец: [1, 4, 5] != Общий: [1, 1, 1]"
CONCOR,958,"Спец: [1, 4, 5] != Общий: [1, 1, 1]"
CONCOR,959,"Спец: [1, 4] != Общий: [1, 2]"
CONCOR,960,"Спец: [1, 3] != Общий: [1, 1]"
CONCOR,961,"Спец: [1, 4] != Общий: [1, 2]"
CONCOR,962,"Спец: [1, 4] != Общий: [1, 2]"
CONCOR,963,"Спец: [1, 4] != Общий: [1, 2]"
CONCOR,964,"Спец: [1, 4] != Общий: [1, 2]"
CONCOR,965,"Спец: [1, 4] != Общий: [1, 2]"
CONCOR,966,"Спец: [1, 4] != Общий: [1, 2]"
CONCOR,967,"Спец: [1, 4] != Общий: [1, 2]"
CONCOR,968,"Спец: [1, 4, 5] != Общий: [1, 1, 1]"
CONCOR,969,"Спец: [1, 4, 5] != Общий: [1, 1, 1]"
CONCOR,970,"Спец: [1, 4, 5] != Общий: [1, 1, 1]"
CONCOR,971,"Спец: [1, 3] != Общий: [1, 1]"
CONCOR,972,"Спец: [1, 4] != Общий: [1, 2]"
CONCOR,973,"Спец: [1, 4] != Общий: [1, 2]"
CONCOR,974,"Спец: [1, 4, 5] != Общий: [1, 1, 1]"
CONCOR,975,"Спец: [1, 3] != Общий: [1, 2]"
CONCOR,976,"Спец: [1, 4] != Общий: [1, 2]"
CONCOR,977,"Спец: [1, 4, 5] != Общий: [1, 1, 1]"
CONCOR,978,"Спец: [1, 4, 5] != Общий: [1, 1, 1]"
CONCOR,979,"Спец: [1, 3] != Общий: [1, 1]"
CONCOR,980,"Спец: [1, 4, 5] != Общий: [1, 1, 1]"
CONCOR,981,"Спец: [1, 4, 5] != Общий: [1, 1, 1]"
CONCOR,982,"Спец: [1, 4, 5] != Общий: [1, 1, 1]"
CONCOR,983,"Спец: [1, 4, 5] != Общий: [1, 1, 1]"
CONCOR,984,"Спец: [1, 4] != Общий: [1, 2]"
CONCOR,985,"Спец: [1, 4, 5] != Общий: [1, 1, 1]"
CONCOR,986,"Спец: [1, 4, 5] != Общий: [1, 1, 1]"
CONCOR,987,"Спец: [1, 4, 5] != Общий: [1, 1, 1]"
CONCOR,988,"Спец: [1, 4, 5] != Общий: [1, 1, 1]"
CONCOR,989,"Спец: [1, 4, 5] != Общий: [1, 1, 1]"
CONCOR,990,"Спец: [1, 4] != Общий: [1, 2]"
CONCOR,991,"Спец: [1, 4] != Общий: [1, 2]"
CONCOR,992,"Спец: [1, 3] != Общий: [1, 1]"
CONCOR,993,"Спец: [1, 4, 5] != Общий: [1, 1, 1]"
CONCOR,994,"Спец: [1, 4, 5] != Общий: [1, 1, 1]"
CONCOR,995,"Спец: [1, 4] != Общий: [1, 2]"
CONCOR,996,"Спец: [1, 4, 5] != Общий: [1, 1, 1]"
CONCOR,997,"Спец: [1, 4, 5] != Общий: [1, 1, 1]"
CONCOR,998,"Спец: [1, 4, 5] != Общий: [1, 1, 1]"
CONCOR,999,"Спец: [1, 4, 5] != Общий: [1, 1, 1]"
