company,row_idx,logic_status,error_type,error_info,phases_path
CMA-CGM,0,OK,OK,,"[1, 1, 2, 2, 3, 3, 3, 3, 4]"
CMA-CGM,1,OK,OK,,"[1, 3, 3, 3, 4]"
CMA-CGM,2,OK,OK,,"[1, 3, 3, 3, 3, 4, 4, 5]"
CMA-CGM,3,OK,OK,,"[1, 1, 2, 2, 3, 3, 3, 3, 4]"
CMA-CGM,4,OK,OK,,"[1, 1, 2, 2, 3, 3, 3, 3, 4]"
CMA-CGM,5,OK,OK,,"[1, 3, 3, 3, 3, 3]"
CMA-CGM,6,OK,OK,,"[1, 1, 2, 2, 3, 3, 3, 4]"
CMA-CGM,7,OK,OK,,"[1, 1, 2, 2, 3, 4]"
CMA-CGM,8,OK,OK,,"[1, 1, 2, 2, 3, 4]"
CMA-CGM,9,OK,OK,,"[1, 1, 2, 2, 3, 3, 4]"
CMA-CGM,10,OK,OK,,"[1, 3, 3, 3, 4]"
CMA-CGM,11,OK,OK,,"[1, 1, 2, 2, 3, 4, 4, 5]"
CMA-CGM,12,OK,OK,,"[1, 1, 2, 2, 3, 3, 3, 3, 3, 4]"
CMA-CGM,13,OK,OK,,"[1, 1, 2, 2, 3, 3, 3, 4]"
CMA-CGM,14,OK,OK,,"[1, 1, 2, 3, 3, 4]"
CMA-CGM,15,OK,OK,,"[1, 1, 2, 2, 3, 3, 3, 4]"
CMA-CGM,16,OK,OK,,"[1, 1, 2, 2, 3, 4, 4]"
CMA-CGM,17,OK,OK,,"[1, 1, 2, 2, 3, 4]"
CMA-CGM,18,OK,OK,,"[1, 1, 2, 2, 3, 4, 4, 4, 4]"
CMA-CGM,19,OK,OK,,"[1, 3, 3, 3, 3, 4, 4, 5, 5]"
CMA-CGM,20,OK,OK,,"[1, 1, 2, 3, 3, 4, 4, 5, 5]"
CMA-CGM,21,OK,OK,,"[1, 1, 2, 2, 3, 3, 3, 3, 3, 4]"
CMA-CGM,22,OK,OK,,"[1, 1, 2, 2, 3, 3, 3, 3, 3, 3]"
CMA-CGM,23,OK,OK,,"[1, 1, 2, 2, 3, 3, 3, 4]"
CMA-CGM,24,OK,OK,,"[1, 1, 2, 2, 3, 3, 3, 3, 4]"
CMA-CGM,25,OK,OK,,"[1, 1, 2, 2, 3, 4]"
CMA-CGM,26,OK,OK,,"[1, 1, 2, 2, 3, 3, 3, 4]"
CMA-CGM,27,OK,OK,,"[1, 1, 2, 2, 3, 4, 4, 5, 5]"
CMA-CGM,28,OK,OK,,"[1, 1, 2, 2, 3, 3, 3, 4]"
CMA-CGM,29,OK,OK,,"[1, 1, 2, 2, 3, 3, 3, 4]"
CMA-CGM,30,BAD_SEQUENCE,SKIP,Скачок: 1 -> 3,"[1, 1, 3, 4]"
CMA-CGM,31,OK,OK,,"[1, 1, 2, 2, 3, 3, 3, 3, 4]"
CMA-CGM,32,OK,OK,,"[1, 1, 2, 2, 3, 4]"
CMA-CGM,33,OK,OK,,"[1, 1, 2, 2, 3, 4, 4, 5, 5]"
CMA-CGM,34,OK,OK,,"[1, 1, 2, 2, 3, 4]"
CMA-CGM,35,OK,OK,,"[1, 1, 2, 2, 3, 3, 3, 4]"
CMA-CGM,36,OK,OK,,"[1, 1, 2, 2, 3, 4, 4, 5]"
CMA-CGM,37,OK,OK,,"[1, 1, 2, 2, 3, 4, 4]"
CMA-CGM,38,OK,OK,,"[1, 1, 2, 2, 3, 4, 4, 4]"
CMA-CGM,39,OK,OK,,"[1, 1, 2, 2, 3, 3, 3, 3, 4]"
CMA-CGM,40,OK,OK,,"[1, 1, 2, 2, 3, 4]"
CMA-CGM,41,OK,OK,,"[1, 1, 2, 2, 3, 4]"
CMA-CGM,42,OK,OK,,"[1, 1, 2, 2, 3, 4, 4]"
CMA-CGM,43,OK,OK,,"[1, 1, 2, 2, 3, 3, 3, 3, 4]"
CMA-CGM,44,OK,OK,,"[1, 1, 2, 2, 3, 3, 3, 3, 3, 3, 3, 4]"
CMA-CGM,45,OK,OK,,"[1, 1, 2, 3, 4]"
CMA-CGM,46,OK,OK,,"[1, 1, 2, 3, 3, 4]"
CMA-CGM,47,OK,OK,,"[1, 1, 2, 2, 3, 4]"
CMA-CGM,48,OK,OK,,"[1, 1, 2, 2, 3, 3, 3, 3, 3, 4]"
CMA-CGM,49,OK,OK,,"[1, 1, 2, 2, 3, 3, 3, 3, 3, 4]"
CMA-CGM,50,OK,OK,,"[1, 1, 2, 3, 4]"
CMA-CGM,51,OK,OK,,"[1, 1, 2, 2, 3, 4]"
CMA-CGM,52,OK,OK,,"[1, 1, 2, 2, 3, 3, 3, 3, 4]"
CMA-CGM,53,OK,OK,,"[1, 1, 2, 3, 3, 3, 3, 4]"
CMA-CGM,54,OK,OK,,"[1, 1, 2, 2, 3, 4]"
CMA-CGM,55,OK,OK,,"[1, 1, 2, 2, 3, 4]"
CMA-CGM,56,OK,OK,,"[1, 1, 2, 2, 3, 4, 4, 5, 5, 5]"
CMA-CGM,57,OK,OK,,"[1, 1, 2, 2, 3, 3, 3, 4]"
CMA-CGM,58,OK,OK,,"[1, 1, 2, 2, 3, 4, 5, 5]"
CMA-CGM,59,OK,OK,,"[1, 1, 2, 2, 3, 3, 3, 3, 4]"
CMA-CGM,60,OK,OK,,"[1, 1, 2, 2, 3, 4]"
CMA-CGM,61,OK,OK,,"[1, 1, 2, 2, 3, 4]"
CMA-CGM,62,OK,OK,,"[1, 1, 2, 2, 3, 3, 3, 4]"
CMA-CGM,63,OK,OK,,"[1, 1, 2, 2, 2, 3, 3, 3, 3, 3, 3, 3, 3, 4, 4, 5, 5]"
CMA-CGM,64,OK,OK,,"[1, 1, 2, 2, 3, 3, 3, 3, 3, 4, 4, 5, 5]"
CMA-CGM,65,OK,OK,,"[1, 1, 2, 2, 3, 3, 3, 4]"
CMA-CGM,66,OK,OK,,"[1, 1, 2, 2, 3, 4, 4]"
CMA-CGM,67,OK,OK,,"[1, 1]"
CMA-CGM,68,BAD_SEQUENCE,SKIP,Скачок: 1 -> 3,"[1, 1, 3, 3, 3, 4]"
CMA-CGM,69,OK,OK,,"[1, 1, 2, 2, 3, 3, 3, 4]"
CMA-CGM,70,OK,OK,,"[1, 1, 2, 3, 3, 3, 3, 3, 3, 4, 4, 5, 5, 5]"
CMA-CGM,71,OK,OK,,"[1, 1, 2, 3, 4]"
CMA-CGM,72,OK,OK,,"[1, 1, 2, 2, 3, 3, 3, 3, 3, 4, 4, 4]"
CMA-CGM,73,OK,OK,,"[1, 1, 2, 2, 3, 3, 3, 3, 3, 3, 3, 4]"
CMA-CGM,74,OK,OK,,"[1, 1, 2, 2, 3, 4]"
CMA-CGM,75,OK,OK,,"[1, 1, 2, 2, 3, 4]"
CMA-CGM,76,OK,OK,,"[1, 1, 2, 2, 3, 4]"
CMA-CGM,77,OK,OK,,"[1, 1, 2, 2, 3, 3, 3, 3, 3, 4]"
CMA-CGM,78,OK,OK,,"[1, 1, 2, 2, 3, 4]"
CMA-CGM,79,OK,OK,,"[1, 1, 2, 2, 3, 4]"
CMA-CGM,80,OK,OK,,"[1, 1, 2, 2, 3, 4]"
CMA-CGM,81,OK,OK,,"[1, 1, 2, 2, 3, 4]"
CMA-CGM,82,OK,OK,,"[1, 1, 2, 2, 3, 4]"
CMA-CGM,83,OK,OK,,"[1, 1, 2, 2, 3, 4]"
CMA-CGM,84,OK,OK,,"[1, 1, 2, 2, 3, 3, 3, 3, 3, 4]"
CMA-CGM,85,OK,OK,,"[1, 1, 2, 2, 3, 3, 3, 4]"
CMA-CGM,86,OK,OK,,"[1, 1, 2, 2, 3, 3, 3, 4]"
CMA-CGM,87,OK,OK,,"[1, 1, 2, 2, 3, 3, 3, 4]"
CMA-CGM,88,OK,OK,,"[1, 1, 2, 2, 3, 3, 3, 4]"
CMA-CGM,89,OK,OK,,"[1, 1, 2, 2, 3, 3, 3, 3, 4]"
CMA-CGM,90,OK,OK,,"[1, 1, 2, 2, 3, 4]"
CMA-CGM,91,OK,OK,,"[1, 1, 2, 2, 3, 3, 3, 4]"
CMA-CGM,92,OK,OK,,"[1, 1, 2, 2, 3, 4, 4, 5]"
CMA-CGM,93,OK,OK,,"[1, 1, 2, 2, 3, 4, 4]"
CMA-CGM,94,OK,OK,,"[1, 3, 3, 3, 3, 4, 4, 5, 5]"
CMA-CGM,95,OK,OK,,"[1, 1, 2, 2, 3, 3, 3, 4]"
CMA-CGM,96,OK,OK,,"[1, 1, 2, 3, 3, 4, 4, 5, 5]"
CMA-CGM,97,OK,OK,,"[1, 1, 2, 2, 3, 3, 3, 4]"
CMA-CGM,98,OK,OK,,"[1, 1, 2, 2, 3, 3, 3, 4]"
CMA-CGM,99,OK,OK,,"[1, 1, 2, 2, 3, 3, 3, 3, 3, 4]"
CMA-CGM,100,OK,OK,,"[1, 1, 2, 2, 3, 3, 3, 3, 3, 4]"
CMA-CGM,101,OK,OK,,"[1, 1, 2, 2, 3, 4]"
CMA-CGM,102,BAD_SEQUENCE,SKIP,Скачок: 1 -> 3,"[1, 1, 3, 4]"
CMA-CGM,103,OK,OK,,"[1, 1, 2, 2, 3, 3, 3, 3, 3, 3, 4]"
CMA-CGM,104,OK,OK,,"[1, 1, 2, 2, 3, 3, 3, 3, 3, 4]"
CMA-CGM,105,OK,OK,,"[1, 1, 2, 2, 3, 3, 3, 3, 3, 4, 4, 5, 5, 5]"
CMA-CGM,106,OK,OK,,"[1, 1, 2, 2, 3, 4]"
CMA-CGM,107,OK,OK,,"[1, 1, 2, 3, 3, 3, 3, 4]"
CMA-CGM,108,OK,OK,,"[1, 1, 2, 2, 3, 3, 3, 3]"
CMA-CGM,109,OK,OK,,"[1, 1, 2, 2, 3, 4, 4, 5, 5]"
CMA-CGM,110,OK,OK,,"[1, 1, 2, 2, 3, 4]"
CMA-CGM,111,OK,OK,,"[1, 1, 2, 2, 3, 4, 4, 5, 5]"
CMA-CGM,112,OK,OK,,"[1, 3, 3, 3, 3, 4, 4, 5, 5]"
CMA-CGM,113,OK,OK,,"[1, 3, 3, 3, 3]"
CMA-CGM,114,OK,OK,,"[1, 1, 2, 2, 3, 4, 4, 5, 5]"
CMA-CGM,115,OK,OK,,"[1, 1, 2, 3, 3, 4]"
CMA-CGM,116,OK,OK,,"[1, 1, 2, 2, 3, 4]"
CMA-CGM,117,OK,OK,,"[1, 1, 2, 2, 3, 3, 3, 4]"
CMA-CGM,118,OK,OK,,"[1, 1, 2, 2, 3, 3, 3, 3, 3, 4]"
CMA-CGM,119,OK,OK,,"[1, 1, 2, 2, 3, 4]"
CMA-CGM,120,OK,OK,,"[1, 1, 2, 2, 3, 4]"
CMA-CGM,121,OK,OK,,"[1, 1, 2, 2, 3, 3, 3, 4]"
CMA-CGM,122,OK,OK,,"[1, 1, 2, 3, 3, 4]"
CMA-CGM,123,OK,OK,,"[1, 1, 2, 2, 3, 3, 3, 3, 3, 4, 4]"
CMA-CGM,124,OK,OK,,"[1, 1, 2, 2, 3, 3, 3, 4]"
CMA-CGM,125,OK,OK,,"[1, 1, 2, 3, 3, 3, 4]"
CMA-CGM,126,OK,OK,,"[1, 1, 2, 2, 3, 3, 3, 3, 4]"
CMA-CGM,127,OK,OK,,"[1, 1, 2, 2, 3, 4]"
CMA-CGM,128,OK,OK,,"[1, 3, 3, 3, 3, 4, 4, 5, 5]"
CMA-CGM,129,OK,OK,,"[1, 1, 2, 2, 3, 4, 4, 5, 5]"
CMA-CGM,130,OK,OK,,"[1, 1, 2, 2, 3, 3, 3, 4]"
CMA-CGM,131,OK,OK,,"[1, 1, 2, 2, 3, 4, 4, 5, 5]"
CMA-CGM,132,OK,OK,,"[1, 3, 3, 3, 4]"
CMA-CGM,133,OK,OK,,"[1, 1, 2, 2, 3, 4, 4, 5, 5]"
CMA-CGM,134,OK,OK,,"[1, 1, 2, 2, 3, 3, 3, 3, 3, 3]"
CMA-CGM,135,OK,OK,,"[1, 1, 2, 2, 3, 3, 3, 3, 3, 4, 4, 5, 5]"
CMA-CGM,136,OK,OK,,"[1, 1, 2, 2, 3, 4]"
CMA-CGM,137,OK,OK,,"[1, 1, 2, 2, 3, 3, 3, 4]"
CMA-CGM,138,OK,OK,,"[1, 1, 2, 2, 3, 4]"
CMA-CGM,139,OK,OK,,"[1, 1, 2, 2, 3, 3, 3, 3, 3, 4]"
CMA-CGM,140,OK,OK,,"[1, 1, 2, 2, 3, 4]"
CMA-CGM,141,OK,OK,,"[1, 1, 2, 2, 3, 3, 3, 4]"
CMA-CGM,142,OK,OK,,"[1, 1, 2, 2, 3, 3, 3, 4]"
CMA-CGM,143,OK,OK,,"[1, 1, 2, 2, 3, 4, 4, 5]"
CMA-CGM,144,OK,OK,,"[1, 1, 2, 2, 3, 4, 4]"
CMA-CGM,145,OK,OK,,"[1, 1, 2, 2, 3, 4]"
CMA-CGM,146,OK,OK,,"[1, 1, 2, 2, 3, 3, 3, 3, 3, 4]"
CMA-CGM,147,OK,OK,,"[1, 1, 2, 3, 3, 4, 4, 5, 5]"
CMA-CGM,148,OK,OK,,"[1, 1, 2, 2, 3, 4, 4]"
CMA-CGM,149,OK,OK,,"[1, 1, 2, 2, 3, 4]"
CMA-CGM,150,OK,OK,,"[1, 1, 2, 2, 3, 4]"
CMA-CGM,151,OK,OK,,"[1, 1, 2, 2, 3, 4]"
CMA-CGM,152,OK,OK,,"[1, 1, 2, 2, 3, 3, 3, 3, 3, 4, 4, 4, 4, 4]"
CMA-CGM,153,OK,OK,,"[1, 1, 2, 2, 3, 3, 3, 3, 3, 4, 4, 5, 5, 5, 5]"
CMA-CGM,154,OK,OK,,"[1, 1, 2, 2, 3, 4, 4, 5, 5]"
CMA-CGM,155,OK,OK,,"[1, 1, 2, 2, 3, 4]"
CMA-CGM,156,OK,OK,,"[1, 3, 3, 3, 4]"
CMA-CGM,157,OK,OK,,"[1, 1, 2, 2, 3, 3, 3, 3, 3, 4]"
CMA-CGM,158,OK,OK,,"[1, 1, 2, 2, 3, 3, 3, 3, 3, 4, 4, 5, 5, 5, 5]"
CMA-CGM,159,OK,OK,,"[1, 1, 2, 2, 3, 4, 4, 5]"
CMA-CGM,160,BAD_SEQUENCE,SKIP,Скачок: 1 -> 3,"[1, 1, 3, 3, 3, 4]"
CMA-CGM,161,OK,OK,,"[1, 1, 2, 2, 3, 4]"
CMA-CGM,162,OK,OK,,"[1, 1, 2, 2, 3, 3, 3, 4]"
CMA-CGM,163,OK,OK,,"[1, 1, 2, 2, 3, 4, 4]"
CMA-CGM,164,OK,OK,,"[1, 1, 2, 3, 3, 4]"
CMA-CGM,165,OK,OK,,"[1, 1, 2, 2, 3, 4, 4, 5]"
CMA-CGM,166,OK,OK,,"[1, 1, 2, 2, 3, 4, 3]"
CMA-CGM,167,OK,OK,,"[1, 1, 2, 2, 3, 3, 3, 4]"
CMA-CGM,168,OK,OK,,"[1, 1, 2, 2, 3, 4]"
CMA-CGM,169,OK,OK,,"[1, 1, 2, 2, 3, 3, 3, 3, 3, 3, 3, 3, 3, 4]"
CMA-CGM,170,OK,OK,,"[1, 1, 2, 2, 3, 4, 4, 5, 5]"
CMA-CGM,171,OK,OK,,"[1, 1, 2, 2, 3, 4, 4, 5, 5, 5, 5]"
CMA-CGM,172,OK,OK,,"[1, 1, 2, 2, 3, 3, 3, 4]"
CMA-CGM,173,OK,OK,,"[1, 3, 3, 3, 3, 4]"
CMA-CGM,174,OK,OK,,"[1, 1, 2, 2, 3, 4, 4, 5]"
CMA-CGM,175,OK,OK,,"[1, 1, 2, 2, 3, 3, 3, 4]"
CMA-CGM,176,OK,OK,,"[1, 1, 2, 2, 3, 4, 4, 5, 5]"
CMA-CGM,177,OK,OK,,"[1, 1, 2, 2, 3, 4, 4, 5, 5]"
CMA-CGM,178,OK,OK,,"[1, 1, 2, 2, 3, 3, 3, 3, 4]"
CMA-CGM,179,OK,OK,,"[1, 1, 2, 2, 3, 3, 3, 3, 3, 4]"
CMA-CGM,180,OK,OK,,"[1, 1, 2, 2, 3, 3, 3, 4]"
CMA-CGM,181,OK,OK,,"[1, 1, 2, 2, 3, 4, 4, 4]"
CMA-CGM,182,OK,OK,,"[1, 1, 2, 2, 3, 3, 3, 4]"
CMA-CGM,183,OK,OK,,"[1, 1, 2, 2, 3, 3, 3, 4]"
CMA-CGM,184,OK,OK,,"[1, 1, 2, 2, 3, 3, 3, 4]"
CMA-CGM,185,OK,OK,,"[1, 1, 2, 2, 3, 4]"
CMA-CGM,186,OK,OK,,"[1, 1, 2, 2, 3, 3, 3, 3, 3, 4, 4, 5, 5]"
CMA-CGM,187,OK,OK,,"[1, 1, 2, 3, 3, 4, 4, 5, 5]"
CMA-CGM,188,OK,OK,,"[1, 1, 2, 2, 3, 3, 3, 3, 4]"
CMA-CGM,189,OK,OK,,"[1, 1, 2, 2, 3, 4]"
CMA-CGM,190,OK,OK,,"[1, 1, 2, 2, 3, 3, 3]"
CMA-CGM,191,OK,OK,,"[1, 1, 2, 2, 3, 3, 3, 3, 3, 3]"
CMA-CGM,192,OK,OK,,"[1, 1, 2, 2, 3, 3, 3, 3, 3, 4]"
CMA-CGM,193,OK,OK,,"[1, 1, 2, 2, 3, 4, 4, 4]"
CMA-CGM,194,OK,OK,,"[1, 1, 2, 2, 3, 4, 4, 4, 4]"
CMA-CGM,195,BAD_SEQUENCE,SKIP,Скачок: 1 -> 3,"[1, 1, 3, 3, 3, 4]"
CMA-CGM,196,OK,OK,,"[1, 1, 2, 2, 3, 4]"
CMA-CGM,197,OK,OK,,"[1, 1, 2, 2, 3, 4]"
CMA-CGM,198,OK,OK,,"[1, 1, 2, 2, 3, 4, 4, 5, 5]"
CMA-CGM,199,OK,OK,,"[1, 1, 2, 2, 3, 4]"
CMA-CGM,200,OK,OK,,"[1, 1, 2, 2, 3, 4]"
CMA-CGM,201,OK,OK,,"[1, 1, 2, 2, 3, 3, 3, 3, 3, 4, 4]"
CMA-CGM,202,OK,OK,,"[1, 3, 3, 3, 4]"
CMA-CGM,203,OK,OK,,"[1, 1, 2, 2, 3, 4, 4, 5, 5]"
CMA-CGM,204,OK,OK,,"[1, 1, 2, 2, 3, 3, 3, 4]"
CMA-CGM,205,OK,OK,,"[1, 1, 2, 2, 3, 3, 3, 3, 3, 4]"
CMA-CGM,206,OK,OK,,"[1, 3, 3, 3, 3, 4]"
CMA-CGM,207,OK,OK,,"[1, 1, 2, 2, 3, 3, 3, 3, 3, 4, 4, 5, 5]"
CMA-CGM,208,OK,OK,,"[1, 1, 2, 2, 3, 4]"
CMA-CGM,209,OK,OK,,"[1, 1, 2, 2, 3, 3, 3, 4]"
CMA-CGM,210,OK,OK,,"[1, 1, 2, 2, 3, 4, 4, 5, 5]"
CMA-CGM,211,OK,OK,,"[1, 3, 3, 3, 4]"
CMA-CGM,212,OK,OK,,"[1, 1, 2, 2, 3, 3, 3, 3, 3, 4]"
CMA-CGM,213,OK,OK,,"[1, 1, 2, 2, 3, 4]"
CMA-CGM,214,OK,OK,,"[1, 1, 2, 2, 3, 3, 4, 4]"
CMA-CGM,215,OK,OK,,"[1, 1, 2, 2, 3, 4, 4, 5, 5]"
CMA-CGM,216,OK,OK,,"[1, 1, 2, 2, 3, 4]"
CMA-CGM,217,OK,OK,,"[1, 1, 2, 2, 3, 4, 4, 5, 5]"
CMA-CGM,218,OK,OK,,"[1, 1, 2, 2, 3, 3, 3, 4]"
CMA-CGM,219,OK,OK,,"[1, 2, 2, 3, 3, 3, 3, 4]"
CMA-CGM,220,OK,OK,,"[1, 1, 2, 2, 3, 3, 3, 4]"
CMA-CGM,221,OK,OK,,"[1, 1, 2, 2, 3, 3, 3, 3, 3, 3, 3, 3]"
CMA-CGM,222,OK,OK,,"[1, 1, 2, 2, 3, 3, 3, 3, 3, 4]"
CMA-CGM,223,OK,OK,,"[1, 1, 2, 2, 3, 3, 3, 3, 3, 4]"
CMA-CGM,224,OK,OK,,"[1, 1, 2, 2, 3, 3, 3, 3, 4, 4, 5]"
CMA-CGM,225,OK,OK,,"[1, 1, 2, 2, 3, 3, 3, 4]"
CMA-CGM,226,OK,OK,,"[1, 3, 4]"
CMA-CGM,227,OK,OK,,"[1, 1, 2, 2, 3, 4]"
CMA-CGM,228,OK,OK,,"[1, 1, 2, 2, 3, 4]"
CMA-CGM,229,OK,OK,,"[1, 1, 2, 2, 3, 4, 4, 5, 5]"
CMA-CGM,230,OK,OK,,"[1, 1, 2, 2, 3, 3, 3, 3, 3, 4]"
CMA-CGM,231,OK,OK,,"[1, 1, 2, 2, 3, 4]"
CMA-CGM,232,OK,OK,,"[1, 1, 2, 2, 3, 4, 4]"
CMA-CGM,233,OK,OK,,"[1, 1, 2, 2, 3, 4, 4, 5, 5]"
CMA-CGM,234,OK,OK,,"[1, 1, 2, 2, 3, 4]"
CMA-CGM,235,OK,OK,,"[1, 3, 3, 3, 4]"
CMA-CGM,236,OK,OK,,"[1, 1, 2, 2, 3, 3, 3, 4]"
CMA-CGM,237,OK,OK,,"[1, 1, 2, 2, 3, 3, 3, 4]"
CMA-CGM,238,OK,OK,,"[1, 1, 2, 2, 3, 4]"
CMA-CGM,239,OK,OK,,"[1, 1, 2, 2, 3, 4, 4]"
CMA-CGM,240,OK,OK,,"[1, 1, 2, 2, 3, 4, 4, 5, 5]"
CMA-CGM,241,OK,OK,,"[1, 1, 2, 2, 3, 3, 3, 3, 3, 4]"
CMA-CGM,242,OK,OK,,"[1, 1, 2, 2, 3, 4]"
CMA-CGM,243,OK,OK,,"[1, 1, 2, 2, 3, 3, 3, 4]"
CMA-CGM,244,OK,OK,,"[1, 1, 2, 2, 3, 4]"
CMA-CGM,245,OK,OK,,"[1, 1, 2, 2, 3, 4]"
CMA-CGM,246,OK,OK,,"[1, 3, 3, 3, 3, 3, 3, 3, 4]"
CMA-CGM,247,OK,OK,,"[1, 1, 2, 2, 3, 3, 3, 3, 4, 5]"
CMA-CGM,248,OK,OK,,"[1, 1, 2, 2, 3, 4]"
CMA-CGM,249,OK,OK,,"[1, 1, 2, 2, 3, 3, 3, 4]"
CMA-CGM,250,OK,OK,,"[1, 1, 2, 2, 3, 4, 4, 5]"
CMA-CGM,251,OK,OK,,"[1, 1, 2, 2, 3, 4]"
CMA-CGM,252,OK,OK,,"[1, 1, 2, 3, 3, 3, 4]"
CMA-CGM,253,OK,OK,,"[1, 1, 2, 2, 3, 3, 3, 3, 4]"
CMA-CGM,254,OK,OK,,"[1, 1, 2, 2, 3, 4, 4, 5, 5]"
CMA-CGM,255,OK,OK,,"[1, 1, 2, 2, 3, 3, 3, 3, 4]"
CMA-CGM,256,OK,OK,,"[1, 1, 2, 3, 3, 3, 3, 3, 4]"
CMA-CGM,257,OK,OK,,"[1, 1, 2, 2, 3, 3, 3, 3, 3, 4]"
CMA-CGM,258,OK,OK,,"[1, 1, 2, 2, 3, 4]"
CMA-CGM,259,OK,OK,,"[1, 1, 2, 2, 3, 4, 3]"
CMA-CGM,260,OK,OK,,"[1, 1, 2, 2, 3, 4]"
CMA-CGM,261,OK,OK,,"[1, 1, 2, 2, 3, 4, 4]"
CMA-CGM,262,OK,OK,,"[1, 1, 2, 2, 3, 4, 4, 5, 5]"
CMA-CGM,263,OK,OK,,"[1, 1, 2, 2, 3, 4]"
CMA-CGM,264,OK,OK,,"[1, 1, 2, 2, 3, 3, 3, 3, 3, 4, 4, 4]"
CMA-CGM,265,OK,OK,,"[1, 1, 2, 2, 3, 4, 4, 5, 5]"
CMA-CGM,266,OK,OK,,"[1, 1, 2, 3, 3, 4]"
CMA-CGM,267,BAD_SEQUENCE,SKIP,Скачок: 1 -> 3,"[1, 1, 3, 4]"
CMA-CGM,268,OK,OK,,"[1, 1, 2, 2, 3, 3, 3, 3, 3, 4, 4, 5, 5, 5]"
CMA-CGM,269,OK,OK,,"[1, 1, 2, 2, 3, 4]"
CMA-CGM,270,OK,OK,,"[1, 1, 2, 2, 3, 4, 4, 5, 5, 5]"
CMA-CGM,271,OK,OK,,"[1, 1, 2, 2, 3, 4]"
CMA-CGM,272,OK,OK,,"[1, 1, 2, 2, 3, 4]"
CMA-CGM,273,OK,OK,,"[1, 1, 2, 2, 3, 3, 3, 3, 3, 3, 3, 3]"
CMA-CGM,274,OK,OK,,"[1, 1, 2, 2, 3, 4, 4, 5, 5]"
CMA-CGM,275,OK,OK,,"[1, 1, 2, 2, 3, 3, 3, 4]"
CMA-CGM,276,OK,OK,,"[1, 1, 2, 2, 3, 3, 3, 4]"
CMA-CGM,277,OK,OK,,"[1, 1, 2, 2, 3, 4, 4]"
CMA-CGM,278,OK,OK,,"[1, 1, 2, 2, 3, 3, 3, 4]"
CMA-CGM,279,OK,OK,,"[1, 1, 2, 2, 3, 3, 3, 4]"
CMA-CGM,280,OK,OK,,"[1, 1, 2, 2, 3, 4, 4, 5]"
CMA-CGM,281,OK,OK,,"[1, 1, 2, 2, 3, 4]"
CMA-CGM,282,OK,OK,,"[1, 1, 2, 2, 3, 3, 3, 3, 4]"
CMA-CGM,283,OK,OK,,"[1, 1, 2, 2, 3, 3, 3, 4]"
CMA-CGM,284,OK,OK,,"[1, 1, 2, 2, 3, 3, 3, 4]"
CMA-CGM,285,OK,OK,,"[1, 1, 2, 3, 3, 3, 3, 3, 3, 4]"
CMA-CGM,286,OK,OK,,"[1, 1, 2, 2, 3, 4]"
CMA-CGM,287,OK,OK,,"[1, 1, 2, 3, 3, 3, 3, 4]"
CMA-CGM,288,OK,OK,,"[1, 1, 2, 2, 3, 4]"
CMA-CGM,289,OK,OK,,"[1, 1, 2, 2, 3, 3, 3, 3, 3, 4]"
CMA-CGM,290,OK,OK,,"[1, 3, 3, 3, 3, 4]"
CMA-CGM,291,OK,OK,,"[1, 1, 2, 2, 3, 4]"
CMA-CGM,292,OK,OK,,"[1, 1, 2, 2, 3, 4]"
CMA-CGM,293,OK,OK,,"[1, 1, 2, 2, 3, 3, 3, 4]"
CMA-CGM,294,OK,OK,,"[1, 1, 2, 2, 3, 3, 3, 3, 3, 4, 4, 5, 5]"
CMA-CGM,295,OK,OK,,"[1, 1, 2, 2, 3, 4]"
CMA-CGM,296,OK,OK,,"[1, 1, 2, 2, 3, 4]"
CMA-CGM,297,OK,OK,,"[1, 1, 2, 2, 3, 3, 3, 3, 4]"
CMA-CGM,298,OK,OK,,"[1, 1, 2, 2, 3, 3, 3, 3, 3, 3, 3, 3]"
CMA-CGM,299,OK,OK,,"[1, 1, 2, 2, 3, 4, 4, 5, 5]"
CMA-CGM,300,OK,OK,,"[1, 1, 2, 2, 3, 3, 3, 4]"
CMA-CGM,301,OK,OK,,"[1, 3, 3, 3, 3, 4]"
CMA-CGM,302,OK,OK,,"[1, 1, 2, 3, 4]"
CMA-CGM,303,OK,OK,,"[1, 1, 2, 2, 3, 3, 3, 3, 3, 4]"
CMA-CGM,304,OK,OK,,"[1, 1, 2, 2, 3, 4, 4, 5]"
CMA-CGM,305,OK,OK,,"[1, 1, 2, 2, 3, 4, 4, 5, 5]"
CMA-CGM,306,OK,OK,,"[1, 1, 2, 2, 3, 4, 4, 5]"
CMA-CGM,307,OK,OK,,"[1, 1, 2, 2, 3, 4, 4, 5, 5]"
CMA-CGM,308,OK,OK,,"[1, 1, 2, 2, 3, 4]"
CMA-CGM,309,OK,OK,,"[1, 1, 2, 2, 3, 3, 3, 4]"
CMA-CGM,310,OK,OK,,"[1, 1, 2, 2, 3, 3, 3, 3, 4]"
CMA-CGM,311,OK,OK,,"[1, 1, 2, 2, 3, 3, 3, 4]"
CMA-CGM,312,OK,OK,,"[1, 1, 2, 2, 3, 3, 3, 4]"
CMA-CGM,313,OK,OK,,"[1, 1, 2, 2, 3, 3, 3, 3, 3, 3, 4]"
CMA-CGM,314,OK,OK,,"[1, 1, 2, 2, 3, 4, 4, 5, 5]"
CMA-CGM,315,OK,OK,,"[1, 1, 2, 2, 3, 3, 3, 4]"
CMA-CGM,316,OK,OK,,"[1, 1, 2, 2, 3, 3, 3, 3, 3, 4]"
CMA-CGM,317,OK,OK,,"[1, 1, 2, 2, 3, 3, 3, 4]"
CMA-CGM,318,OK,OK,,"[1, 1, 2, 2, 3, 4]"
CMA-CGM,319,OK,OK,,"[1, 1, 2, 2, 3, 3, 3, 3, 3, 4]"
CMA-CGM,320,OK,OK,,"[1, 1, 2, 2, 3, 3, 3, 4]"
CMA-CGM,321,OK,OK,,"[1, 1, 2, 3, 3, 4, 4, 5, 5]"
CMA-CGM,322,OK,OK,,"[1, 1, 2, 3, 3, 4, 4, 5, 5]"
CMA-CGM,323,OK,OK,,"[1, 1, 2, 2, 3, 4, 4, 5, 5]"
CMA-CGM,324,OK,OK,,"[1, 1, 2, 2, 3, 4]"
CMA-CGM,325,OK,OK,,"[1, 1, 2, 2, 3, 4, 4]"
CMA-CGM,326,OK,OK,,"[1, 3, 4]"
CMA-CGM,327,OK,OK,,"[1, 1, 2, 2, 3, 4]"
CMA-CGM,328,OK,OK,,"[1, 1, 2, 2, 3, 3, 3, 4]"
CMA-CGM,329,OK,OK,,"[1, 1, 2, 2, 3, 4]"
CMA-CGM,330,OK,OK,,"[1, 1, 2, 2, 3, 4]"
CMA-CGM,331,OK,OK,,"[1, 1, 2, 2, 3, 4, 4, 5, 5, 5]"
CMA-CGM,332,OK,OK,,"[1, 1, 2, 2, 3, 4, 4, 5, 5]"
CMA-CGM,333,OK,OK,,"[1, 1, 2, 3, 4]"
CMA-CGM,334,OK,OK,,"[1, 3, 3, 3, 4]"
CMA-CGM,335,OK,OK,,"[1, 1, 2, 2, 3, 3, 3, 3, 4]"
CMA-CGM,336,OK,OK,,"[1, 3, 3, 3, 4]"
CMA-CGM,337,OK,OK,,"[1, 3, 3, 3, 3, 4, 4, 5]"
CMA-CGM,338,OK,OK,,"[1, 1, 2, 2, 3, 3, 3, 3, 4]"
CMA-CGM,339,OK,OK,,"[1, 1, 2, 2, 3, 3, 3, 4]"
CMA-CGM,340,OK,OK,,"[1, 1, 2, 2, 3, 4, 4]"
CMA-CGM,341,OK,OK,,"[1, 1, 2, 2, 3, 4]"
CMA-CGM,342,OK,OK,,"[1, 1, 2, 2, 3, 3, 3, 3, 3, 3, 3, 4]"
CMA-CGM,343,OK,OK,,"[1, 1, 2, 2, 3, 4]"
CMA-CGM,344,OK,OK,,"[1, 1]"
CMA-CGM,345,OK,OK,,"[1, 1, 2, 2, 2, 3, 3, 3, 3, 3, 3, 3, 3, 4, 4, 5, 5]"
CMA-CGM,346,OK,OK,,"[1, 1, 2, 2, 3, 3, 3, 4]"
CMA-CGM,347,OK,OK,,"[1, 1, 2, 2, 3, 3, 3, 3, 3, 4, 4, 5, 5]"
CMA-CGM,348,OK,OK,,"[1, 1, 2, 2, 3, 3, 3, 4]"
CMA-CGM,349,OK,OK,,"[1, 1, 2, 2, 3, 4, 4]"
CMA-CGM,350,BAD_SEQUENCE,SKIP,Скачок: 1 -> 3,"[1, 1, 3, 3, 3, 4]"
CMA-CGM,351,OK,OK,,"[1, 1, 2, 3, 3, 3, 3, 3, 3, 4, 4, 5, 5, 5]"
CMA-CGM,352,OK,OK,,"[1, 1, 2, 2, 3, 4]"
CMA-CGM,353,OK,OK,,"[1, 1, 2, 2, 3, 3, 3, 3, 3, 4]"
CMA-CGM,354,OK,OK,,"[1, 1, 2, 2, 3, 3, 3, 3, 4]"
CMA-CGM,355,OK,OK,,"[1, 1, 2, 2, 3, 4, 4, 5, 5, 5, 5]"
CMA-CGM,356,OK,OK,,"[1, 1, 2, 2, 3, 3, 3, 3, 3, 4]"
CMA-CGM,357,OK,OK,,"[1, 1, 2, 2, 3, 3, 3, 3, 4]"
CMA-CGM,358,OK,OK,,"[1, 1, 2, 2, 3, 3, 3, 4]"
CMA-CGM,359,OK,OK,,"[1, 1, 2, 2, 3, 4]"
CMA-CGM,360,OK,OK,,"[1, 1, 2, 2, 3, 3, 4]"
CMA-CGM,361,OK,OK,,"[1, 1, 2, 2, 3, 3, 3, 3, 4]"
CMA-CGM,362,OK,OK,,"[1, 1, 2, 2, 3, 3, 3, 4]"
CMA-CGM,363,OK,OK,,"[1, 1, 2, 2, 3, 3, 3, 3, 3, 3, 4]"
CMA-CGM,364,OK,OK,,"[1, 1, 2, 2, 3, 4]"
CMA-CGM,365,OK,OK,,"[1, 1, 2, 3, 3, 4, 4]"
CMA-CGM,366,OK,OK,,"[1, 1, 2, 2, 3, 4, 4]"
CMA-CGM,367,OK,OK,,"[1, 2, 2, 3, 3, 3, 3, 3, 3]"
CMA-CGM,368,OK,OK,,"[1, 1, 2, 2, 3, 4]"
CMA-CGM,369,OK,OK,,"[1, 1, 2, 2, 3, 4]"
CMA-CGM,370,OK,OK,,"[1, 1, 2, 2, 3, 3, 3, 4]"
CMA-CGM,371,OK,OK,,"[1, 1, 2, 2, 3, 4]"
CMA-CGM,372,OK,OK,,"[1, 3, 3, 3, 3, 4]"
CMA-CGM,373,BAD_SEQUENCE,SKIP,Скачок: 1 -> 3,"[1, 1, 3, 4]"
CMA-CGM,374,OK,OK,,"[1, 3, 3, 3, 3, 4, 4, 5]"
CMA-CGM,375,OK,OK,,"[1, 1, 2, 2, 3, 3, 3, 3, 3, 4, 4, 5, 5]"
CMA-CGM,376,OK,OK,,"[1, 1, 2, 2, 3, 4, 4, 5, 5]"
CMA-CGM,377,OK,OK,,"[1, 1, 2, 2, 3, 4]"
CMA-CGM,378,OK,OK,,"[1, 1, 2, 2, 3, 3, 3, 3, 3, 3, 3, 3]"
CMA-CGM,379,OK,OK,,"[1, 1, 2, 2, 3, 4]"
CMA-CGM,380,OK,OK,,"[1, 1, 2, 2, 3, 4]"
CMA-CGM,381,OK,OK,,"[1, 1, 2, 2, 3, 4, 4, 4]"
CMA-CGM,382,OK,OK,,"[1, 1, 2, 2, 3, 3, 3, 3, 3, 4]"
CMA-CGM,383,OK,OK,,"[1, 1, 2, 2, 3, 4]"
CMA-CGM,384,OK,OK,,"[1, 1, 2, 2, 3, 4, 4]"
CMA-CGM,385,OK,OK,,"[1, 1, 2, 2, 3, 4, 5]"
CMA-CGM,386,OK,OK,,"[1, 1, 2, 2, 3, 3, 3, 3, 3, 4, 4]"
CMA-CGM,387,OK,OK,,"[1, 1, 2, 2, 3, 4]"
CMA-CGM,388,OK,OK,,"[1, 1, 2, 2, 3, 4]"
CMA-CGM,389,OK,OK,,"[1, 1, 2, 2, 3, 3, 3, 3, 3, 4, 4, 5, 5, 5]"
CMA-CGM,390,OK,OK,,"[1, 1, 2, 2, 3, 4]"
CMA-CGM,391,OK,OK,,"[1, 1, 2, 2, 3, 4, 4, 5, 5]"
CMA-CGM,392,OK,OK,,"[1, 1, 2, 2, 3, 3, 3, 4]"
CMA-CGM,393,BAD_SEQUENCE,SKIP,Скачок: 1 -> 3,"[1, 1, 3, 4]"
CMA-CGM,394,OK,OK,,"[1, 1, 2, 2, 3, 4, 4, 5]"
CMA-CGM,395,OK,OK,,"[1, 1, 2, 2, 3, 3, 3, 4]"
CMA-CGM,396,OK,OK,,"[1, 1, 2, 2, 3, 3, 3, 3, 3, 3, 3, 3]"
CMA-CGM,397,OK,OK,,"[1, 1, 2, 2, 3, 3, 3, 3, 3, 4, 4, 4, 4, 4]"
CMA-CGM,398,OK,OK,,"[1, 1, 2, 2, 3, 4]"
CMA-CGM,399,OK,OK,,"[1, 1, 2, 2, 3, 3, 3, 3, 3, 4]"
CMA-CGM,400,OK,OK,,"[1, 1, 2, 2, 3, 4]"
CMA-CGM,401,OK,OK,,"[1, 1, 2, 2, 3, 3, 3, 4]"
CMA-CGM,402,OK,OK,,"[1, 1, 2, 2, 3, 3, 3, 3]"
CMA-CGM,403,OK,OK,,"[1, 1, 2, 3, 3, 4, 4, 5, 5]"
CMA-CGM,404,OK,OK,,"[1, 1, 2, 2, 3, 3, 3, 3, 3, 4]"
CMA-CGM,405,OK,OK,,"[1, 1, 2, 2, 3, 3, 3, 3, 3, 3, 3, 3, 4]"
CMA-CGM,406,OK,OK,,"[1, 1, 2, 2, 3, 3, 3, 3, 3, 4]"
CMA-CGM,407,OK,OK,,"[1, 1, 2, 2, 3, 4, 4, 5, 5]"
CMA-CGM,408,OK,OK,,"[1, 1, 2, 2, 3, 4]"
CMA-CGM,409,OK,OK,,"[1, 1, 2, 2, 3, 3, 3, 3, 3, 4]"
CMA-CGM,410,OK,OK,,"[1, 1, 2, 2, 3, 3, 3, 4]"
CMA-CGM,411,OK,OK,,"[1, 1, 2, 2, 3, 4]"
CMA-CGM,412,OK,OK,,"[1, 1, 2, 2, 3, 4, 4, 5]"
CMA-CGM,413,OK,OK,,"[1, 1, 2, 2, 3, 3, 3, 4]"
CMA-CGM,414,OK,OK,,"[1, 1, 2, 3, 3, 4, 4, 5, 5]"
CMA-CGM,415,OK,OK,,"[1, 1, 2, 2, 3, 4]"
CMA-CGM,416,OK,OK,,"[1, 1, 2, 3, 4]"
CMA-CGM,417,OK,OK,,"[1, 1, 2, 2, 3, 3, 3, 4]"
CMA-CGM,418,BAD_SEQUENCE,SKIP,Скачок: 1 -> 3,"[1, 1, 3, 3, 3, 3, 3, 3]"
CMA-CGM,419,OK,OK,,"[1, 1, 2, 2, 3, 3, 3, 4]"
CMA-CGM,420,OK,OK,,"[1, 1, 2, 2, 3, 4, 4, 5, 5]"
CMA-CGM,421,OK,OK,,"[1, 1, 2, 2, 3, 3, 3, 4]"
CMA-CGM,422,OK,OK,,"[1, 3, 3, 3, 3, 3, 4]"
CMA-CGM,423,OK,OK,,"[1, 3, 3, 3, 3, 4]"
CMA-CGM,424,OK,OK,,"[1, 1, 2, 2, 3, 4, 4, 4]"
CMA-CGM,425,OK,OK,,"[1, 1, 2, 3, 4]"
CMA-CGM,426,OK,OK,,"[1, 1, 2, 2, 3, 3, 3, 3, 4]"
CMA-CGM,427,OK,OK,,"[1, 1, 2, 2, 3, 3, 3, 4]"
CMA-CGM,428,OK,OK,,"[1, 1, 2, 2, 3, 3, 3, 4]"
CMA-CGM,429,OK,OK,,"[1, 1, 2, 2, 3, 3, 3, 3, 4]"
CMA-CGM,430,OK,OK,,"[1, 1, 2, 3, 3, 4, 4, 5, 5]"
CMA-CGM,431,OK,OK,,"[1, 1, 2, 2, 3, 4]"
CMA-CGM,432,OK,OK,,"[1, 1, 2, 2, 3, 3, 3, 4]"
CMA-CGM,433,OK,OK,,"[1, 1, 2, 2, 3, 4, 4, 5, 5]"
CMA-CGM,434,OK,OK,,"[1, 1, 2, 2, 3, 3, 3, 3, 4]"
CMA-CGM,435,OK,OK,,"[1, 1, 2, 3, 3, 4]"
CMA-CGM,436,OK,OK,,"[1, 1, 2, 2, 3, 4]"
CMA-CGM,437,OK,OK,,"[1, 3, 4]"
CMA-CGM,438,OK,OK,,"[1, 1, 2, 2, 3, 4]"
CMA-CGM,439,OK,OK,,"[1, 1, 2, 2, 3, 4]"
CMA-CGM,440,OK,OK,,"[1, 1, 2, 2, 3, 4]"
CMA-CGM,441,OK,OK,,"[1, 1, 2, 2, 3, 4]"
CMA-CGM,442,OK,OK,,"[1, 3, 3, 3, 3, 4]"
CMA-CGM,443,OK,OK,,"[1, 1, 2, 2, 3, 4]"
CMA-CGM,444,OK,OK,,"[1, 1, 2, 3, 3, 3, 3, 3, 4]"
CMA-CGM,445,OK,OK,,"[1, 1, 2, 2, 3, 4]"
CMA-CGM,446,OK,OK,,"[1, 3, 3, 3, 3, 4]"
CMA-CGM,447,OK,OK,,"[1, 1, 2, 2, 3, 3, 3, 4]"
CMA-CGM,448,OK,OK,,"[1, 1, 2, 3, 3, 4]"
CMA-CGM,449,OK,OK,,"[1, 1, 2, 2, 3, 3, 3, 4]"
CMA-CGM,450,OK,OK,,"[1, 3, 3, 3, 4]"
CMA-CGM,451,OK,OK,,"[1, 1, 2, 2, 3, 3, 3, 4]"
CMA-CGM,452,OK,OK,,"[1, 1, 2, 2, 3, 4]"
CMA-CGM,453,OK,OK,,"[1, 3, 3, 3, 3, 4, 4, 5, 5]"
CMA-CGM,454,OK,OK,,"[1, 3, 3, 3, 3, 4, 4, 5, 5]"
CMA-CGM,455,OK,OK,,"[1, 1, 2, 2, 3, 3, 3, 4]"
CMA-CGM,456,OK,OK,,"[1, 1, 2, 2, 3, 3, 3, 3, 4]"
CMA-CGM,457,OK,OK,,"[1, 1, 2, 2, 3, 3, 3, 3, 3, 4]"
CMA-CGM,458,OK,OK,,"[1, 1, 2, 2, 3, 3, 3, 3, 3, 4]"
CMA-CGM,459,OK,OK,,"[1, 1, 2, 2, 3, 4, 4]"
CMA-CGM,460,OK,OK,,"[1, 1, 2, 2, 3, 3, 3, 3, 3, 3, 3, 4]"
CMA-CGM,461,OK,OK,,"[1, 1, 2, 3, 3, 4]"
CMA-CGM,462,OK,OK,,"[1, 1, 2, 2, 3, 3, 3, 3, 4]"
CMA-CGM,463,OK,OK,,"[1, 1, 2, 2, 3, 4]"
CMA-CGM,464,BAD_SEQUENCE,SKIP,Скачок: 1 -> 3,"[1, 1, 3, 3, 3, 3, 3, 3]"
CMA-CGM,465,OK,OK,,"[1, 1, 2, 2, 3, 3, 3, 4]"
CMA-CGM,466,OK,OK,,"[1, 1, 2, 2, 3, 4, 4, 5, 5]"
CMA-CGM,467,OK,OK,,"[1, 1, 2, 3, 3, 4, 4, 5, 5]"
CMA-CGM,468,OK,OK,,"[1, 1, 2, 2, 3, 4, 4]"
CMA-CGM,469,OK,OK,,"[1, 1, 2, 2, 3, 3, 3, 3, 3, 3, 3, 3, 4]"
CMA-CGM,470,OK,OK,,"[1, 1, 2, 2, 3, 3, 3, 4]"
CMA-CGM,471,OK,OK,,"[1, 1, 2, 2, 3, 3, 3, 3, 4]"
CMA-CGM,472,OK,OK,,"[1, 1, 2, 2, 3, 3, 3, 3, 3, 4, 4, 5, 5]"
CMA-CGM,473,OK,OK,,"[1, 1, 2, 2, 3, 4]"
CMA-CGM,474,OK,OK,,"[1, 1, 2, 2, 3, 4]"
CMA-CGM,475,OK,OK,,"[1, 1, 2, 2, 3, 3, 3, 4]"
CMA-CGM,476,OK,OK,,"[1, 3, 3, 3, 3, 4, 4, 5]"
CMA-CGM,477,OK,OK,,"[1, 1, 2, 2, 3, 3, 3, 3, 4]"
CMA-CGM,478,OK,OK,,"[1, 1, 2, 2, 3, 4]"
CMA-CGM,479,OK,OK,,"[1, 1, 2, 2, 3, 4]"
CMA-CGM,480,OK,OK,,"[1, 1, 2, 2, 3, 4]"
CMA-CGM,481,OK,OK,,"[1, 1, 2, 2, 3, 3, 3, 4]"
CMA-CGM,482,OK,OK,,"[1, 1, 2, 2, 3, 3, 3, 3, 3, 3, 3, 3, 3, 4]"
CMA-CGM,483,OK,OK,,"[1, 1, 2, 2, 3, 4, 4, 5, 5]"
CMA-CGM,484,OK,OK,,"[1, 1, 2, 2, 3, 3, 3, 4]"
CMA-CGM,485,OK,OK,,"[1, 1, 2, 2, 3, 4, 4]"
CMA-CGM,486,OK,OK,,"[1, 1, 2, 2, 3, 3, 3, 4]"
CMA-CGM,487,OK,OK,,"[1, 1, 2, 2, 3, 4, 4, 5, 5]"
CMA-CGM,488,OK,OK,,"[1, 2, 3, 4]"
CMA-CGM,489,OK,OK,,"[1, 1, 2, 2, 3, 4]"
CMA-CGM,490,OK,OK,,"[1, 1, 2, 2, 3, 3, 3, 4]"
CMA-CGM,491,OK,OK,,"[1, 1, 2, 2, 3, 3, 3, 4]"
CMA-CGM,492,BAD_SEQUENCE,SKIP,Скачок: 1 -> 3,"[1, 1, 3, 3, 3, 4]"
CMA-CGM,493,OK,OK,,"[1, 1, 2, 2, 3, 3, 3, 4]"
CMA-CGM,494,OK,OK,,"[1, 1, 2, 2, 3, 4]"
CMA-CGM,495,OK,OK,,"[1, 1, 2, 2, 3, 3, 3, 4]"
CMA-CGM,496,OK,OK,,"[1, 1, 2, 2, 3, 3, 3, 4]"
CMA-CGM,497,OK,OK,,"[1, 1, 2, 2, 3, 4]"
CMA-CGM,498,OK,OK,,"[1, 1, 2, 2, 3, 3, 3, 4]"
CMA-CGM,499,OK,OK,,"[1, 1, 2, 2, 3, 4]"
CMA-CGM,500,OK,OK,,"[1, 1, 2, 2, 3, 4, 4]"
CMA-CGM,501,OK,OK,,"[1, 1, 2, 2, 3, 3, 3, 3, 4]"
CMA-CGM,502,OK,OK,,"[1, 1, 2, 2, 3, 4]"
CMA-CGM,503,OK,OK,,"[1, 1, 2, 2, 3, 3, 3, 3, 3, 4]"
CMA-CGM,504,OK,OK,,"[1, 1, 2, 2, 3, 4]"
CMA-CGM,505,OK,OK,,"[1, 1, 2, 2, 3, 3, 3, 3, 3, 4]"
CMA-CGM,506,OK,OK,,"[1, 1, 2, 3, 4]"
CMA-CGM,507,OK,OK,,"[1, 1, 2, 2, 3, 3, 3, 3, 4]"
CMA-CGM,508,OK,OK,,"[1, 1, 2, 2, 3, 3, 3, 3, 3, 4, 4, 5, 5, 5, 5]"
CMA-CGM,509,OK,OK,,"[1, 1, 2, 2, 3, 4, 4, 5, 5]"
CMA-CGM,510,OK,OK,,"[1, 1, 2, 2, 3, 4]"
CMA-CGM,511,OK,OK,,"[1, 1, 2, 2, 3, 3, 3, 4]"
CMA-CGM,512,OK,OK,,"[1, 1, 2, 2, 3, 3, 3, 4]"
CMA-CGM,513,OK,OK,,"[1, 1, 2, 2, 3, 3, 3, 4]"
CMA-CGM,514,OK,OK,,"[1, 1, 2, 2, 3, 3, 3, 3, 3, 4]"
CMA-CGM,515,OK,OK,,"[1, 1, 2, 2, 3, 4]"
CMA-CGM,516,OK,OK,,"[1, 1, 2, 2, 3, 4]"
CMA-CGM,517,OK,OK,,"[1, 1, 2, 2, 3, 4, 4]"
CMA-CGM,518,OK,OK,,"[1, 1, 2, 2, 3, 3, 3, 4]"
CMA-CGM,519,OK,OK,,"[1, 1, 2, 2, 3, 3, 3, 4]"
CMA-CGM,520,OK,OK,,"[1, 1, 2, 2, 3, 4]"
CMA-CGM,521,OK,OK,,"[1, 1, 2, 2, 3, 3, 3, 3, 3, 4]"
CMA-CGM,522,OK,OK,,"[1, 1, 2, 2, 3, 3, 3, 4]"
CMA-CGM,523,OK,OK,,"[1, 1, 2, 2, 3, 3, 3, 4]"
CMA-CGM,524,OK,OK,,"[1, 1, 2, 2, 3, 4]"
CMA-CGM,525,OK,OK,,"[1, 1, 2, 3, 3, 4, 4]"
CMA-CGM,526,OK,OK,,"[1, 1, 2, 2, 3, 3]"
CMA-CGM,527,OK,OK,,"[1, 1, 2, 2, 3, 4]"
CMA-CGM,528,OK,OK,,"[1, 3, 3, 3, 4]"
CMA-CGM,529,OK,OK,,"[1, 1, 2, 2, 3, 4]"
CMA-CGM,530,OK,OK,,"[1, 1, 2, 2, 3, 3, 3, 3, 4]"
CMA-CGM,531,OK,OK,,"[1, 1, 2, 2, 3, 3, 3, 3, 3, 3]"
CMA-CGM,532,OK,OK,,"[1, 1, 2, 2, 3, 3, 3, 3, 3, 4]"
CMA-CGM,533,OK,OK,,"[1, 1, 2, 2, 3, 4, 4]"
CMA-CGM,534,OK,OK,,"[1, 1, 2, 3, 3, 3, 3, 3, 4]"
CMA-CGM,535,OK,OK,,"[1, 1, 2, 2, 2, 2, 3, 3, 3, 3, 3, 3, 3, 4, 3, 3, 3, 3, 3]"
CMA-CGM,536,OK,OK,,"[1, 1, 2, 2, 3, 4, 4]"
CMA-CGM,537,OK,OK,,"[1, 1, 2, 2, 3, 4, 4]"
CMA-CGM,538,OK,OK,,"[1, 1, 2, 2, 3, 4, 4]"
CMA-CGM,539,OK,OK,,"[1, 1, 2, 2, 3, 4, 4]"
CMA-CGM,540,OK,OK,,"[1, 1, 2, 2, 3, 4, 4]"
CMA-CGM,541,OK,OK,,"[1, 1, 2, 2, 3, 3, 3, 3, 3, 4]"
CMA-CGM,542,OK,OK,,"[1, 1, 2, 2, 3, 3, 3, 3, 3, 4]"
CMA-CGM,543,OK,OK,,"[1, 1, 2, 2, 3, 3, 3, 3, 3, 4]"
CMA-CGM,544,OK,OK,,"[1, 1, 2, 2, 3, 3, 3, 3, 3, 4]"
CMA-CGM,545,OK,OK,,"[1, 1, 2, 3, 4]"
CMA-CGM,546,OK,OK,,"[1, 1, 2, 2, 3, 3, 3, 3, 3, 3, 4]"
CMA-CGM,547,OK,OK,,"[1, 1, 2, 2, 3, 4]"
CMA-CGM,548,OK,OK,,"[1, 1, 2, 2, 3, 4, 4, 5, 5]"
CMA-CGM,549,OK,OK,,"[1, 3, 4]"
CMA-CGM,550,OK,OK,,"[1, 1, 2, 2, 3, 3, 3, 4]"
CMA-CGM,551,OK,OK,,"[1, 3, 4]"
CMA-CGM,552,OK,OK,,"[1, 1, 2, 2, 3, 3, 3, 4]"
CMA-CGM,553,OK,OK,,"[1, 1, 2, 2, 3, 3, 3, 3, 4]"
CMA-CGM,554,OK,OK,,"[1, 1, 2, 2, 3, 3, 3, 3, 3, 4, 4]"
CMA-CGM,555,OK,OK,,"[1, 1, 2, 2, 3, 4]"
CMA-CGM,556,OK,OK,,"[1, 1, 2, 2, 3, 4]"
CMA-CGM,557,OK,OK,,"[1, 1, 2, 2, 3, 4]"
CMA-CGM,558,OK,OK,,"[1, 1, 2, 2, 3, 3, 3, 3, 3, 4]"
CMA-CGM,559,OK,OK,,"[1, 1, 2, 2, 3, 4]"
CMA-CGM,560,OK,OK,,"[1, 1, 2, 2, 3, 3, 3, 3, 3, 3, 3, 4]"
CMA-CGM,561,OK,OK,,"[1, 1, 2, 2, 3, 4]"
CMA-CGM,562,OK,OK,,"[1, 1, 2, 2, 3, 3, 3, 3, 4]"
CMA-CGM,563,OK,OK,,"[1, 1, 2, 2, 3, 4]"
CMA-CGM,564,OK,OK,,"[1, 1, 2, 2, 3, 4]"
CMA-CGM,565,OK,OK,,"[1, 1, 2, 2, 3, 3, 3, 3, 3, 4]"
CMA-CGM,566,OK,OK,,"[1, 3, 3, 3, 3, 4, 4, 5, 5]"
CMA-CGM,567,OK,OK,,"[1, 1, 2, 2, 3, 3, 3, 4]"
CMA-CGM,568,OK,OK,,"[1, 1, 2, 2, 2, 2, 3, 3, 3, 3, 3, 3, 3, 3, 4]"
CMA-CGM,569,OK,OK,,"[1, 1, 2, 2, 3, 4, 4, 5, 5]"
CMA-CGM,570,OK,OK,,"[1, 1, 2, 2, 3, 4, 4]"
CMA-CGM,571,OK,OK,,"[1, 1, 2, 2, 3, 3, 3, 4]"
CMA-CGM,572,OK,OK,,"[1, 3, 4]"
CMA-CGM,573,OK,OK,,"[1, 1, 2, 2, 3, 3, 3, 4]"
CMA-CGM,574,OK,OK,,"[1, 1, 2, 2, 3, 3, 3, 3, 4]"
CMA-CGM,575,OK,OK,,"[1, 1, 2, 2, 3, 4]"
CMA-CGM,576,OK,OK,,"[1, 1, 2, 2, 3, 3, 3, 3, 4]"
CMA-CGM,577,OK,OK,,"[1, 1, 2, 2, 3, 3, 3, 3, 3, 4]"
CMA-CGM,578,OK,OK,,"[1, 1, 2, 2, 3, 3, 3, 3, 3, 4, 4, 4]"
CMA-CGM,579,BAD_SEQUENCE,SKIP,Скачок: 1 -> 3,"[1, 1, 3, 3, 3, 4]"
CMA-CGM,580,OK,OK,,"[1, 1, 2, 2, 3, 4]"
CMA-CGM,581,OK,OK,,"[1, 1, 2, 2, 3, 4, 4, 5, 5]"
CMA-CGM,582,OK,OK,,"[1, 1, 2, 2, 3, 3, 3, 4]"
CMA-CGM,583,OK,OK,,"[1, 1, 2, 2, 3, 3, 3, 4]"
CMA-CGM,584,OK,OK,,"[1, 1, 2, 2, 3, 3, 3, 3, 4]"
CMA-CGM,585,OK,OK,,"[1, 3, 3, 3, 4]"
CMA-CGM,586,OK,OK,,"[1, 1, 2, 2, 3, 3, 3, 4]"
CMA-CGM,587,OK,OK,,"[1, 1, 2, 2, 3, 4]"
CMA-CGM,588,OK,OK,,"[1, 1, 2, 2, 3, 4, 4]"
CMA-CGM,589,OK,OK,,"[1, 1, 2, 2, 3, 3, 3, 3, 4]"
CMA-CGM,590,OK,OK,,"[1, 1, 2, 2, 3, 3, 3, 3, 4]"
CMA-CGM,591,OK,OK,,"[1, 1, 2, 2, 3, 3, 3, 3, 3, 3, 3, 4]"
CMA-CGM,592,OK,OK,,"[1, 1, 2, 3, 3, 4, 4, 5]"
CMA-CGM,593,OK,OK,,"[1, 1, 2, 2, 3, 4]"
CMA-CGM,594,OK,OK,,"[1, 1, 2, 2, 3, 4]"
CMA-CGM,595,OK,OK,,"[1, 1, 2, 2, 3, 3, 3, 3, 3, 3]"
CMA-CGM,596,OK,OK,,"[1, 1, 2, 2, 3, 4]"
CMA-CGM,597,OK,OK,,"[1, 3, 3, 3, 3, 4]"
CMA-CGM,598,OK,OK,,"[1, 3, 3, 3, 3, 4, 4, 5, 5]"
CMA-CGM,599,OK,OK,,"[1, 1, 2, 2, 3, 3, 3, 4]"
CMA-CGM,600,OK,OK,,"[1, 1, 2, 2, 3, 3, 3, 3, 4]"
CMA-CGM,601,OK,OK,,"[1, 1, 2, 2, 3, 4, 4, 5, 5]"
CMA-CGM,602,OK,OK,,"[1, 1, 2, 3, 3, 4, 5]"
CMA-CGM,603,OK,OK,,"[1, 1, 2, 2, 3, 3, 3, 4]"
CMA-CGM,604,OK,OK,,"[1, 1, 2, 2, 3, 4, 4]"
CMA-CGM,605,OK,OK,,"[1, 1, 2, 2, 3, 4, 4]"
CMA-CGM,606,OK,OK,,"[1, 1, 2, 2, 3, 3, 3, 4]"
CMA-CGM,607,OK,OK,,"[1, 1, 2, 3, 3, 3, 3, 3, 3, 4, 4, 5, 5, 5]"
CMA-CGM,608,OK,OK,,"[1, 1, 2, 2, 3, 4, 4]"
CMA-CGM,609,OK,OK,,"[1, 1, 2, 2, 3, 3, 3, 4]"
CMA-CGM,610,OK,OK,,"[1, 1, 2, 2, 3, 3, 3, 3, 3, 4, 4, 5, 5]"
CMA-CGM,611,OK,OK,,"[1, 1]"
CMA-CGM,612,OK,OK,,"[1, 1, 2, 2, 2, 3, 3, 3, 3, 3, 3, 3, 3, 4, 4, 5, 5]"
CMA-CGM,613,BAD_SEQUENCE,SKIP,Скачок: 1 -> 3,"[1, 1, 3, 3, 3, 4]"
CMA-CGM,614,OK,OK,,"[1, 1, 2, 2, 3, 3, 3, 4]"
CMA-CGM,615,OK,OK,,"[1, 1, 2, 2, 3, 3, 3, 3, 4]"
CMA-CGM,616,OK,OK,,"[1, 1, 2, 2, 3, 3, 3, 3, 3, 4, 4, 4]"
CMA-CGM,617,OK,OK,,"[1, 1, 2, 2, 3, 4]"
CMA-CGM,618,OK,OK,,"[1, 3, 3, 3, 3, 4, 4, 5, 5]"
CMA-CGM,619,OK,OK,,"[1, 1, 2, 3, 4]"
CMA-CGM,620,OK,OK,,"[1, 1, 2, 2, 3, 3, 3, 3, 3, 3, 3, 3, 3, 4, 4, 4]"
CMA-CGM,621,OK,OK,,"[1, 1, 2, 2, 3, 3, 3, 3, 3, 4]"
CMA-CGM,622,OK,OK,,"[1, 1, 2, 2, 3, 3, 3, 3, 3, 4, 4, 5, 5, 5, 5]"
CMA-CGM,623,OK,OK,,"[1, 1, 2, 2, 3, 4, 4, 5, 5]"
CMA-CGM,624,OK,OK,,"[1, 1, 2, 2, 3, 4, 4, 5, 5, 5]"
CMA-CGM,625,OK,OK,,"[1, 1, 2, 2, 3, 3, 3, 4]"
CMA-CGM,626,OK,OK,,"[1, 3, 3, 3, 3, 4]"
CMA-CGM,627,OK,OK,,"[1, 1, 2, 2, 3, 3, 3, 4]"
CMA-CGM,628,OK,OK,,"[1, 1, 2, 2, 3, 3, 3, 3, 3, 4]"
CMA-CGM,629,OK,OK,,"[1, 1, 2, 2, 3, 3, 3, 3, 4]"
CMA-CGM,630,OK,OK,,"[1, 1, 2, 2, 3, 3, 3, 4]"
CMA-CGM,631,OK,OK,,"[1, 1, 2, 2, 3, 3, 3, 3, 4, 4]"
CMA-CGM,632,OK,OK,,"[1, 1, 2, 2, 3, 3, 3, 3, 3, 4, 4, 5, 5]"
CMA-CGM,633,OK,OK,,"[1, 1, 2, 2, 3, 3, 3, 3, 4]"
CMA-CGM,634,BAD_SEQUENCE,SKIP,Скачок: 1 -> 3,"[1, 1, 3, 3, 3, 4]"
CMA-CGM,635,OK,OK,,"[1, 1, 2, 2, 3, 4]"
CMA-CGM,636,OK,OK,,"[1, 1, 2, 2, 3, 4]"
CMA-CGM,637,OK,OK,,"[1, 1, 2, 2, 3, 4, 4]"
CMA-CGM,638,OK,OK,,"[1, 1, 2, 2, 3, 4]"
CMA-CGM,639,OK,OK,,"[1, 1, 2, 2, 3, 3, 3, 3, 3, 4]"
CMA-CGM,640,OK,OK,,"[1, 3, 3, 3, 4]"
CMA-CGM,641,OK,OK,,"[1, 1, 2, 2, 3, 3, 3, 3, 3, 4]"
CMA-CGM,642,OK,OK,,"[1, 3, 3, 3, 3, 4, 4, 5, 5]"
CMA-CGM,643,OK,OK,,"[1, 1, 2, 2, 3, 3, 3, 4]"
CMA-CGM,644,OK,OK,,"[1, 1, 2, 2, 3, 3, 3, 3]"
CMA-CGM,645,OK,OK,,"[1, 1, 2, 2, 3, 4, 4, 5, 5]"
CMA-CGM,646,OK,OK,,"[1, 1, 2, 2, 3, 4, 4, 5, 5]"
CMA-CGM,647,OK,OK,,"[1, 1, 2, 2, 3, 3, 3, 3, 3, 3, 3, 3, 3, 4]"
CMA-CGM,648,OK,OK,,"[1, 1, 2, 2, 3, 3, 3, 3, 3, 4]"
CMA-CGM,649,OK,OK,,"[1, 3, 3, 3, 4]"
CMA-CGM,650,OK,OK,,"[1, 1, 2, 2, 3, 3, 3, 4]"
CMA-CGM,651,OK,OK,,"[1, 1, 2, 2, 3, 4, 4, 5]"
CMA-CGM,652,OK,OK,,"[1, 1, 2, 2, 3, 3, 3, 4]"
CMA-CGM,653,OK,OK,,"[1, 1, 2, 2, 3, 3, 3, 3, 4]"
CMA-CGM,654,OK,OK,,"[1, 3, 3, 3, 4]"
CMA-CGM,655,OK,OK,,"[1, 1, 2, 2, 3, 3, 3, 3, 4]"
CMA-CGM,656,OK,OK,,"[1, 1, 2, 2, 3, 3, 3, 3, 4]"
CMA-CGM,657,OK,OK,,"[1, 1, 2, 2, 3, 4]"
CMA-CGM,658,OK,OK,,"[1, 3, 3, 3, 3, 3, 3]"
CMA-CGM,659,OK,OK,,"[1, 1, 2, 2, 3, 4]"
CMA-CGM,660,OK,OK,,"[1, 3, 3, 3, 4, 4, 3]"
CMA-CGM,661,OK,OK,,"[1, 1, 2, 2, 3, 4]"
CMA-CGM,662,OK,OK,,"[1, 1, 2, 3, 3, 4]"
CMA-CGM,663,OK,OK,,"[1, 2, 3, 3, 3, 3, 3, 4]"
CMA-CGM,664,OK,OK,,"[1, 1, 2, 2, 3, 4]"
CMA-CGM,665,OK,OK,,"[1, 1, 2, 2, 3, 3, 3, 4]"
CMA-CGM,666,OK,OK,,"[1, 1, 2, 2, 3, 3, 3, 4]"
CMA-CGM,667,OK,OK,,"[1, 1, 2, 2, 3, 4, 4, 5]"
CMA-CGM,668,OK,OK,,"[1, 1, 2, 2, 3, 3, 3, 3, 3, 4]"
CMA-CGM,669,OK,OK,,"[1, 1, 2, 2, 3, 3, 3, 4]"
CMA-CGM,670,OK,OK,,"[1, 1, 2, 2, 3, 4]"
CMA-CGM,671,OK,OK,,"[1, 1, 2, 2, 3, 4, 4, 5, 5]"
CMA-CGM,672,OK,OK,,"[1, 1, 2, 2, 3, 3, 3, 3, 4]"
CMA-CGM,673,OK,OK,,"[1, 1, 2, 2, 3, 3, 3, 3, 4]"
CMA-CGM,674,OK,OK,,"[1, 3, 3, 3, 3, 4, 4, 5]"
CMA-CGM,675,OK,OK,,"[1, 1, 2, 2, 3, 3, 3, 3, 4]"
CMA-CGM,676,OK,OK,,"[1, 1, 2, 2, 3, 3, 3, 3, 3, 4]"
CMA-CGM,677,OK,OK,,"[1, 1, 2, 2, 3, 3, 3, 3, 4]"
CMA-CGM,678,OK,OK,,"[1, 1, 2, 2, 3, 3, 3, 3, 3, 4]"
CMA-CGM,679,OK,OK,,"[1, 1, 2, 2, 3, 3, 3, 4]"
CMA-CGM,680,OK,OK,,"[1, 1, 2, 2, 3, 4, 4, 5]"
CMA-CGM,681,OK,OK,,"[1, 1, 2, 2, 3, 3, 3, 4]"
CMA-CGM,682,OK,OK,,"[1, 1, 2, 2, 3, 3, 3, 3, 4]"
CMA-CGM,683,OK,OK,,"[1, 1, 2, 2, 3, 3, 3, 3, 3, 4]"
CMA-CGM,684,OK,OK,,"[1, 1, 2, 2, 3, 4, 4]"
CMA-CGM,685,OK,OK,,"[1, 1, 2, 2, 3, 4]"
CMA-CGM,686,OK,OK,,"[1, 1, 2, 3, 3, 4, 4, 5, 5]"
CMA-CGM,687,OK,OK,,"[1, 1, 2, 2, 3, 3, 3, 3, 4]"
CMA-CGM,688,OK,OK,,"[1, 1, 2, 2, 3, 4, 4, 5]"
CMA-CGM,689,OK,OK,,"[1, 1, 2, 3, 4]"
CMA-CGM,690,OK,OK,,"[1, 1, 2, 2, 3, 3, 3, 4]"
CMA-CGM,691,OK,OK,,"[1, 1, 2, 3, 4]"
CMA-CGM,692,OK,OK,,"[1, 1, 2, 2, 3, 4]"
CMA-CGM,693,OK,OK,,"[1, 1, 2, 2, 3, 4]"
CMA-CGM,694,OK,OK,,"[1, 1, 2, 2, 3, 3, 3, 3, 3, 4]"
CMA-CGM,695,OK,OK,,"[1, 1, 2, 2, 3, 3, 3, 4]"
CMA-CGM,696,OK,OK,,"[1, 1, 2, 2, 3, 4]"
CMA-CGM,697,BAD_SEQUENCE,SKIP,Скачок: 1 -> 3,"[1, 1, 3, 3, 3, 3, 3, 4]"
CMA-CGM,698,OK,OK,,"[1, 1, 2, 2, 3, 3, 3, 4]"
CMA-CGM,699,OK,OK,,"[1, 1, 2, 2, 3, 3, 3, 3, 3, 4]"
CMA-CGM,700,OK,OK,,"[1, 1, 2, 2, 3, 3, 3, 3, 4]"
CMA-CGM,701,OK,OK,,"[1, 1, 2, 2, 3, 4]"
CMA-CGM,702,OK,OK,,"[1, 1, 2, 3, 3, 4, 4, 5, 5]"
CMA-CGM,703,OK,OK,,"[1, 1, 2, 2, 3, 4, 4]"
CMA-CGM,704,OK,OK,,"[1, 1, 2, 2, 3, 3, 3, 3, 3, 3, 3, 4]"
CMA-CGM,705,OK,OK,,"[1, 1, 2, 2, 3, 4]"
CMA-CGM,706,OK,OK,,"[1, 1, 2, 2, 3, 4]"
CMA-CGM,707,OK,OK,,"[1, 1, 2, 2, 3, 3, 3, 4]"
CMA-CGM,708,OK,OK,,"[1, 1, 2, 2, 3, 3, 3, 3, 3, 4]"
CMA-CGM,709,BAD_SEQUENCE,SKIP,Скачок: 1 -> 3,"[1, 1, 3, 3, 3, 3, 3, 4]"
CMA-CGM,710,OK,OK,,"[1, 1, 2, 2, 3, 3, 3, 4]"
CMA-CGM,711,OK,OK,,"[1, 1, 2, 2, 3, 3, 3, 3, 3, 4]"
CMA-CGM,712,OK,OK,,"[1, 1, 2, 2, 3, 3, 3, 3, 4]"
CMA-CGM,713,OK,OK,,"[1, 1, 2, 2, 3, 3, 3, 4]"
CMA-CGM,714,OK,OK,,"[1, 1, 2, 2, 3, 4]"
CMA-CGM,715,OK,OK,,"[1, 1, 2, 2, 3, 3, 3, 3, 3, 4]"
CMA-CGM,716,OK,OK,,"[1, 1, 2, 2, 3, 3, 3, 3, 3, 3, 3, 4]"
CMA-CGM,717,OK,OK,,"[1, 1, 2, 2, 3, 3, 3, 4]"
CMA-CGM,718,OK,OK,,"[1, 1, 2, 2, 3, 4, 4, 5, 5]"
CMA-CGM,719,OK,OK,,"[1, 1, 2, 2, 3, 3, 3, 4]"
CMA-CGM,720,OK,OK,,"[1, 1, 2, 2, 3, 3, 3, 3, 3, 3, 3, 4]"
CMA-CGM,721,OK,OK,,"[1, 1, 2, 2, 3, 4, 4, 5]"
CMA-CGM,722,OK,OK,,"[1, 1, 2, 2, 3, 4, 4, 5, 5]"
CMA-CGM,723,OK,OK,,"[1, 3, 4]"
CMA-CGM,724,OK,OK,,"[1, 1, 2, 2, 2, 2, 3, 3, 3, 3, 4]"
CMA-CGM,725,OK,OK,,"[1, 1, 2, 2, 3, 4, 4, 4, 4]"
CMA-CGM,726,OK,OK,,"[1, 1, 2, 3, 3, 3, 3, 3, 3, 3, 3, 4]"
CMA-CGM,727,OK,OK,,"[1, 1, 2, 2, 3, 4]"
CMA-CGM,728,OK,OK,,"[1, 1, 2, 2, 3, 4, 4]"
CMA-CGM,729,OK,OK,,"[1, 1, 2, 2, 3, 3, 3, 3, 3, 3, 3, 3, 3, 3, 4]"
CMA-CGM,730,OK,OK,,"[1, 1, 2, 2, 3, 3, 3, 4]"
CMA-CGM,731,OK,OK,,"[1, 1, 2, 2, 3, 4, 4]"
CMA-CGM,732,OK,OK,,"[1, 1, 2, 2, 3, 3, 3, 4]"
CMA-CGM,733,OK,OK,,"[1, 1, 2, 2, 3, 4]"
CMA-CGM,734,BAD_SEQUENCE,SKIP,Скачок: 1 -> 3,"[1, 1, 3, 3, 3, 4]"
CMA-CGM,735,OK,OK,,"[1, 1, 2, 2, 3, 3, 3, 4]"
CMA-CGM,736,OK,OK,,"[1, 1, 2, 2, 3, 3, 3, 3, 3, 4, 4, 5, 5, 5]"
CMA-CGM,737,OK,OK,,"[1, 1, 2, 2, 3, 4, 4, 5, 5, 5]"
CMA-CGM,738,OK,OK,,"[1, 1, 2, 2, 3, 3, 3, 3, 3, 4]"
CMA-CGM,739,OK,OK,,"[1, 1, 2, 2, 3, 3, 3, 4]"
CMA-CGM,740,OK,OK,,"[1, 3, 3, 3, 3, 4]"
CMA-CGM,741,OK,OK,,"[1, 1, 2, 2, 3, 3, 3, 4]"
CMA-CGM,742,OK,OK,,"[1, 1, 2, 2, 3, 4, 4, 4, 4]"
CMA-CGM,743,BAD_SEQUENCE,SKIP,Скачок: 1 -> 3,"[1, 1, 3, 3, 4, 4, 5]"
CMA-CGM,744,OK,OK,,"[1, 1, 2, 2, 3, 3, 3, 4]"
CMA-CGM,745,OK,OK,,"[1, 1, 2, 2, 3, 3, 3, 3, 3, 3]"
CMA-CGM,746,OK,OK,,"[1, 1, 2, 2, 3, 4, 4]"
CMA-CGM,747,OK,OK,,"[1, 1, 2, 2, 3, 3, 3, 3, 4]"
CMA-CGM,748,OK,OK,,"[1, 1, 2, 2, 3, 3, 3, 3, 3, 4]"
CMA-CGM,749,OK,OK,,"[1, 1, 2, 2, 3, 4]"
CMA-CGM,750,OK,OK,,"[1, 1, 2, 2, 3, 3, 3, 4]"
CMA-CGM,751,OK,OK,,"[1, 1, 2, 2, 3, 3, 3, 3, 3, 3, 4]"
CMA-CGM,752,OK,OK,,"[1, 3, 3, 3, 3, 4, 4, 5, 5]"
CMA-CGM,753,OK,OK,,"[1, 3, 4]"
CMA-CGM,754,OK,OK,,"[1, 1, 2, 2, 3, 4, 4, 5, 5, 5, 5, 5]"
CMA-CGM,755,OK,OK,,"[1, 1, 2, 2, 3, 3, 3, 4]"
CMA-CGM,756,OK,OK,,"[1, 1, 2, 3, 3, 4, 4, 5, 5]"
CMA-CGM,757,OK,OK,,"[1, 1, 2, 2, 3, 4]"
CMA-CGM,758,OK,OK,,"[1, 1, 2, 2, 3, 3, 3, 3, 3, 4, 4, 4, 4, 4]"
CMA-CGM,759,OK,OK,,"[1, 1, 2, 2, 3, 3, 3, 4]"
CMA-CGM,760,OK,OK,,"[1, 1, 2, 2, 3, 3, 3, 3, 4]"
CMA-CGM,761,OK,OK,,"[1, 1, 2, 3, 3, 3, 4]"
CMA-CGM,762,OK,OK,,"[1, 1, 2, 3, 3, 3, 3, 4]"
CMA-CGM,763,OK,OK,,"[1, 1, 2, 2, 3, 3, 3, 3, 3, 4, 4, 5, 5]"
CMA-CGM,764,OK,OK,,"[1, 1, 2, 2, 3, 4, 4, 5, 5, 5, 5]"
CMA-CGM,765,OK,OK,,"[1, 1, 2, 2, 3, 4]"
CMA-CGM,766,OK,OK,,"[1, 1, 2, 2, 3, 4]"
CMA-CGM,767,OK,OK,,"[1, 3, 3, 3, 3, 4, 4]"
CMA-CGM,768,OK,OK,,"[1, 1, 2, 2, 3, 3, 3, 4]"
CMA-CGM,769,OK,OK,,"[1, 1, 2, 2, 3, 4, 4, 5, 5]"
CMA-CGM,770,OK,OK,,"[1, 1, 2, 2, 3, 3, 3, 4]"
CMA-CGM,771,OK,OK,,"[1, 3, 3, 3, 4, 4, 3]"
CMA-CGM,772,OK,OK,,"[1, 1, 2, 2, 3, 3, 3, 4]"
CMA-CGM,773,OK,OK,,"[1, 1, 2, 2, 3, 4]"
CMA-CGM,774,OK,OK,,"[1, 1, 2, 2, 3, 4, 4, 5, 5]"
CMA-CGM,775,OK,OK,,"[1, 1, 2, 2, 3, 4]"
CMA-CGM,776,OK,OK,,"[1, 1, 2, 2, 3, 4]"
CMA-CGM,777,OK,OK,,"[1, 1, 2, 2, 3, 3, 3, 3, 3, 3, 3, 3, 3, 4]"
CMA-CGM,778,OK,OK,,"[1, 1, 2, 2, 3, 4, 5]"
CMA-CGM,779,OK,OK,,"[1, 1, 2, 2, 3, 3, 3, 4]"
CMA-CGM,780,OK,OK,,"[1, 1, 2, 2, 3, 4]"
CMA-CGM,781,OK,OK,,"[1, 1, 2, 2, 3, 4]"
CMA-CGM,782,OK,OK,,"[1, 1, 2, 2, 3, 3, 3, 3, 4]"
CMA-CGM,783,OK,OK,,"[1, 1, 2, 2, 3, 3, 3, 4]"
CMA-CGM,784,OK,OK,,"[1, 1, 2, 3, 3, 4]"
CMA-CGM,785,OK,OK,,"[1, 1, 2, 2, 3, 4]"
CMA-CGM,786,OK,OK,,"[1, 1, 2, 2, 3, 4, 4, 5]"
CMA-CGM,787,OK,OK,,"[1, 1, 2, 2, 3, 4, 4, 5, 5]"
CMA-CGM,788,OK,OK,,"[1, 1, 2, 2, 3, 3, 3, 4]"
CMA-CGM,789,OK,OK,,"[1, 1, 2, 2, 3, 4, 4, 5, 5, 5]"
CMA-CGM,790,OK,OK,,"[1, 1, 2, 2, 3, 3, 3, 4]"
CMA-CGM,791,OK,OK,,"[1, 1, 2, 2, 3, 4]"
CMA-CGM,792,OK,OK,,"[1, 1, 2, 2, 3, 3, 3, 3, 3, 4]"
CMA-CGM,793,OK,OK,,"[1, 1, 2, 2, 3, 3, 3, 3, 3, 4, 4, 5, 5]"
CMA-CGM,794,OK,OK,,"[1, 1, 2, 2, 3, 3, 3, 3, 4]"
CMA-CGM,795,OK,OK,,"[1, 1, 2, 3, 3, 3, 3, 3, 3, 4]"
CMA-CGM,796,OK,OK,,"[1, 1, 2, 2, 3, 3, 3, 4]"
CMA-CGM,797,OK,OK,,"[1, 1, 2, 2, 3, 3, 3, 3, 3, 4]"
CMA-CGM,798,OK,OK,,"[1, 1, 2, 2, 3, 4, 4, 5]"
CMA-CGM,799,OK,OK,,"[1, 1, 2, 2, 3, 3, 3, 4]"
CMA-CGM,800,OK,OK,,"[1, 1, 2, 2, 3, 3, 3, 3, 3, 4]"
CMA-CGM,801,OK,OK,,"[1, 1, 2, 3, 3, 4]"
CMA-CGM,802,OK,OK,,"[1, 1, 2, 2, 3, 3, 3, 3, 3, 3, 3, 3, 3, 4]"
CMA-CGM,803,OK,OK,,"[1, 1, 2, 2, 3, 3, 3, 3, 3, 3, 3, 3, 3, 4]"
CMA-CGM,804,OK,OK,,"[1, 1, 2, 2, 3, 4]"
CMA-CGM,805,OK,OK,,"[1, 3, 3, 3, 3, 4, 4, 5, 5]"
CMA-CGM,806,OK,OK,,"[1, 1, 2, 2, 3, 4, 4]"
CMA-CGM,807,OK,OK,,"[1, 1, 2, 3, 3, 3, 3, 3, 4, 4, 5]"
CMA-CGM,808,OK,OK,,"[1, 1, 2, 2, 3, 3, 3, 4]"
CMA-CGM,809,OK,OK,,"[1, 1, 2, 2, 3, 3, 3, 3, 3, 4]"
CMA-CGM,810,OK,OK,,"[1, 1, 2, 2, 3, 4]"
CMA-CGM,811,OK,OK,,"[1, 1, 2, 2, 3, 4]"
CMA-CGM,812,OK,OK,,"[1, 1, 2, 2, 3, 4]"
CMA-CGM,813,OK,OK,,"[1, 1, 2, 3, 3, 4, 4, 5, 5]"
CMA-CGM,814,OK,OK,,"[1, 1, 2, 2, 3, 4]"
CMA-CGM,815,OK,OK,,"[1, 1, 2, 2, 3, 3, 3, 4]"
CMA-CGM,816,OK,OK,,"[1, 1, 2, 2, 3, 4]"
CMA-CGM,817,OK,OK,,"[1, 1, 2, 3, 3, 3, 3, 3, 4, 4, 5]"
CMA-CGM,818,OK,OK,,"[1, 1, 2, 2, 3, 4]"
CMA-CGM,819,OK,OK,,"[1, 1, 2, 2, 3, 4]"
CMA-CGM,820,OK,OK,,"[1, 1, 2, 2, 3, 4]"
CMA-CGM,821,OK,OK,,"[1, 1, 2, 2, 3, 3, 3, 3, 3, 4]"
CMA-CGM,822,OK,OK,,"[1, 1, 2, 2, 3, 3, 3, 4]"
CMA-CGM,823,OK,OK,,"[1, 1, 2, 2, 3, 3, 3, 4]"
CMA-CGM,824,OK,OK,,"[1, 1, 2, 3, 3, 4, 4]"
CMA-CGM,825,OK,OK,,"[1, 1, 2, 2, 3, 3, 3, 3, 3, 4]"
CMA-CGM,826,OK,OK,,"[1, 1, 2, 2, 3, 3, 3, 3, 3, 4, 4, 5, 5, 5, 5]"
CMA-CGM,827,OK,OK,,"[1, 1, 2, 2, 3, 3, 3, 3]"
CMA-CGM,828,OK,OK,,"[1, 1, 2, 2, 3, 3, 3, 3, 3, 3]"
CMA-CGM,829,OK,OK,,"[1, 1, 2, 2, 3, 3, 3, 4]"
CMA-CGM,830,OK,OK,,"[1, 1, 2, 3, 3, 4, 4, 5, 5]"
CMA-CGM,831,OK,OK,,"[1, 1, 2, 2, 3, 3, 3, 3, 4]"
CMA-CGM,832,OK,OK,,"[1, 1, 2, 2, 3, 4]"
CMA-CGM,833,OK,OK,,"[1, 1, 2, 2, 3, 3, 3, 4]"
CMA-CGM,834,BAD_SEQUENCE,SKIP,Скачок: 1 -> 3,"[1, 1, 3, 3, 3, 4]"
CMA-CGM,835,OK,OK,,"[1, 1, 2, 2, 3, 4, 4]"
CMA-CGM,836,OK,OK,,"[1, 1, 2, 2, 3, 3, 3, 4]"
CMA-CGM,837,OK,OK,,"[1, 1, 2, 2, 3, 4, 4, 5, 5]"
CMA-CGM,838,OK,OK,,"[1, 1, 2, 2, 3, 4]"
CMA-CGM,839,OK,OK,,"[1, 1, 2, 2, 3, 3, 3, 4]"
CMA-CGM,840,OK,OK,,"[1, 1, 2, 2, 3, 4, 4, 4, 4]"
CMA-CGM,841,OK,OK,,"[1, 1, 2, 2, 3, 3, 3, 3, 3, 4]"
CMA-CGM,842,OK,OK,,"[1, 1, 2, 2, 3, 3, 3, 4]"
CMA-CGM,843,OK,OK,,"[1, 1, 2, 2, 3, 4, 4]"
CMA-CGM,844,OK,OK,,"[1, 1, 2, 2, 3, 4, 4, 5, 5]"
CMA-CGM,845,OK,OK,,"[1, 1, 2, 2, 3, 4]"
CMA-CGM,846,OK,OK,,"[1, 3, 4]"
CMA-CGM,847,OK,OK,,"[1, 3, 3, 3, 3, 4, 4, 5, 5]"
CMA-CGM,848,OK,OK,,"[1, 1, 2, 2, 3, 4]"
CMA-CGM,849,OK,OK,,"[1, 1, 2, 2, 3, 4, 4, 5, 5]"
CMA-CGM,850,OK,OK,,"[1, 1, 2, 2, 3, 3, 3, 3, 3, 3, 3, 4]"
CMA-CGM,851,OK,OK,,"[1, 1, 2, 2, 3, 4]"
CMA-CGM,852,OK,OK,,"[1, 1, 2, 2, 3, 4]"
CMA-CGM,853,OK,OK,,"[1, 1, 2, 2, 3, 4]"
CMA-CGM,854,OK,OK,,"[1, 2, 2, 3, 3, 3, 4]"
CMA-CGM,855,OK,OK,,"[1, 3, 4]"
CMA-CGM,856,OK,OK,,"[1, 1, 2, 2, 3, 4]"
CMA-CGM,857,OK,OK,,"[1, 1, 2, 2, 3, 3, 3, 4]"
CMA-CGM,858,OK,OK,,"[1, 1, 2, 2, 3, 3, 3, 3, 3, 4]"
CMA-CGM,859,OK,OK,,"[1, 1, 2, 2, 3, 4, 4, 5, 5]"
CMA-CGM,860,BAD_SEQUENCE,SKIP,Скачок: 1 -> 3,"[1, 1, 3, 3, 3, 4]"
CMA-CGM,861,OK,OK,,"[1, 1, 2, 2, 3, 3, 3, 4]"
CMA-CGM,862,OK,OK,,"[1, 1, 2, 2, 3, 3, 3, 4]"
CMA-CGM,863,OK,OK,,"[1, 1, 2, 3, 3, 3, 3, 3, 3, 4, 4, 5, 5, 5]"
CMA-CGM,864,OK,OK,,"[1, 1, 2, 2, 2, 2, 3, 3, 3, 3, 4]"
CMA-CGM,865,OK,OK,,"[1, 1]"
CMA-CGM,866,OK,OK,,"[1, 1, 2, 2, 3, 4, 4]"
CMA-CGM,867,OK,OK,,"[1, 1, 2, 2, 3, 3, 3, 3, 3, 4, 4, 5, 5]"
CMA-CGM,868,OK,OK,,"[1, 1, 2, 2, 2, 3, 3, 3, 3, 3, 3, 3, 3, 4, 4, 5, 5]"
CMA-CGM,869,OK,OK,,"[1, 1, 2, 2, 3, 3, 3, 3, 3, 4]"
CMA-CGM,870,OK,OK,,"[1, 1, 2, 3, 3, 4]"
CMA-CGM,871,OK,OK,,"[1, 1, 2, 2, 3, 3, 3, 4]"
CMA-CGM,872,OK,OK,,"[1, 1, 2, 3, 4]"
CMA-CGM,873,OK,OK,,"[1, 1, 2, 2, 3, 4]"
CMA-CGM,874,OK,OK,,"[1, 1, 2, 2, 3, 3, 3, 3, 3, 4, 4, 4, 4, 4]"
CMA-CGM,875,OK,OK,,"[1, 1, 2, 2, 3, 3, 3, 4]"
CMA-CGM,876,OK,OK,,"[1, 1, 2, 3, 3, 4, 4, 5, 5]"
CMA-CGM,877,OK,OK,,"[1, 1, 2, 2, 3, 3, 3, 4]"
CMA-CGM,878,OK,OK,,"[1, 1, 2, 2, 3, 3, 3, 4]"
CMA-CGM,879,OK,OK,,"[1, 1, 2, 2, 3, 4, 4, 5, 5]"
CMA-CGM,880,OK,OK,,"[1, 1, 2, 3, 3, 4]"
CMA-CGM,881,OK,OK,,"[1, 1, 2, 3, 4]"
CMA-CGM,882,OK,OK,,"[1, 1, 2, 2, 3, 4, 4, 5]"
CMA-CGM,883,OK,OK,,"[1, 1, 2, 3, 3, 3, 3, 3, 3, 4]"
CMA-CGM,884,OK,OK,,"[1, 1, 2, 2, 3, 4, 4, 5]"
CMA-CGM,885,OK,OK,,"[1, 3, 3, 3, 3, 4, 4, 5, 5]"
CMA-CGM,886,OK,OK,,"[1, 1, 2, 2, 3, 3, 3, 3, 3, 4]"
CMA-CGM,887,OK,OK,,"[1, 1, 2, 2, 3, 3, 3, 4]"
CMA-CGM,888,OK,OK,,"[1, 1, 2, 3, 4]"
CMA-CGM,889,OK,OK,,"[1, 1, 2, 3, 4]"
CMA-CGM,890,OK,OK,,"[1, 1, 2, 2, 3, 3, 3, 4]"
CMA-CGM,891,OK,OK,,"[1, 1, 2, 2, 3, 3, 3, 4]"
CMA-CGM,892,OK,OK,,"[1, 1, 2, 2, 3, 3, 3, 4]"
CMA-CGM,893,OK,OK,,"[1, 1, 2, 2, 3, 4, 4, 5, 5]"
CMA-CGM,894,OK,OK,,"[1, 1, 2, 2, 3, 3, 3, 3, 4]"
CMA-CGM,895,OK,OK,,"[1, 1, 2, 2, 3, 4]"
CMA-CGM,896,OK,OK,,"[1, 1, 2, 2, 3, 3, 3, 4]"
CMA-CGM,897,OK,OK,,"[1, 1, 2, 2, 3, 3, 3, 3, 3, 4]"
CMA-CGM,898,OK,OK,,"[1, 1, 2, 2, 3, 3, 3, 4]"
CMA-CGM,899,OK,OK,,"[1, 1, 2, 2, 3, 3, 3, 4]"
CMA-CGM,900,OK,OK,,"[1, 1, 2, 2, 3, 4, 4, 5, 5]"
CMA-CGM,901,OK,OK,,"[1, 1, 2, 3, 3, 4, 4, 5, 5, 5, 5]"
CMA-CGM,902,OK,OK,,"[1, 1, 2, 2, 3, 3, 3, 4]"
CMA-CGM,903,OK,OK,,"[1, 1, 2, 2, 3, 3, 3, 4]"
CMA-CGM,904,OK,OK,,"[1, 3, 3, 3, 4, 5, 5]"
CMA-CGM,905,OK,OK,,"[1, 1, 2, 2, 3, 3, 3, 4]"
CMA-CGM,906,OK,OK,,"[1, 1, 2, 2, 3, 4]"
CMA-CGM,907,OK,OK,,"[1, 1, 2, 2, 3, 4, 4, 5, 5]"
CMA-CGM,908,OK,OK,,"[1, 1, 2, 2, 3, 4, 4, 5, 5]"
CMA-CGM,909,OK,OK,,"[1, 1, 2, 2, 3, 4]"
CMA-CGM,910,OK,OK,,"[1, 1, 2, 2, 3, 3, 3, 4, 4]"
CMA-CGM,911,OK,OK,,"[1, 1, 2, 2, 3, 3, 3, 4]"
CMA-CGM,912,OK,OK,,"[1, 1, 2, 2, 3, 4, 4, 5, 5, 5]"
CMA-CGM,913,OK,OK,,"[1, 1, 2, 2, 3, 3, 3, 4]"
CMA-CGM,914,BAD_SEQUENCE,SKIP,Скачок: 1 -> 3,"[1, 1, 3, 3, 3, 4]"
CMA-CGM,915,OK,OK,,"[1, 1, 2, 3, 3, 3, 4]"
CMA-CGM,916,OK,OK,,"[1, 1, 2, 2, 3, 3, 3, 3, 4]"
CMA-CGM,917,OK,OK,,"[1, 1, 2, 2, 3, 3, 3, 4]"
CMA-CGM,918,OK,OK,,"[1, 1, 2, 2, 3, 4, 4]"
CMA-CGM,919,OK,OK,,"[1, 1, 2, 2, 3, 3, 3, 3, 3, 3, 3, 4]"
CMA-CGM,920,OK,OK,,"[1, 1, 2, 2, 3, 4, 4]"
CMA-CGM,921,OK,OK,,"[1, 1, 2, 2, 3, 4, 4, 5, 5]"
CMA-CGM,922,OK,OK,,"[1, 1, 2, 2, 3, 4]"
CMA-CGM,923,OK,OK,,"[1, 2, 2, 3, 3, 3, 4]"
CMA-CGM,924,OK,OK,,"[1, 1, 2, 2, 3, 3, 3, 3, 4]"
CMA-CGM,925,OK,OK,,"[1, 1, 2, 2, 3, 4]"
CMA-CGM,926,OK,OK,,"[1, 1, 2, 3, 3, 4, 4, 5, 5]"
CMA-CGM,927,OK,OK,,"[1, 1, 2, 2, 3, 3, 3, 4]"
CMA-CGM,928,OK,OK,,"[1, 1, 2, 3, 3, 3, 3, 3, 3, 4]"
CMA-CGM,929,OK,OK,,"[1, 1, 2, 3, 3, 3, 4]"
CMA-CGM,930,OK,OK,,"[1, 1, 2, 2, 3, 3, 3, 4]"
CMA-CGM,931,OK,OK,,"[1, 1, 2, 2, 3, 3, 3, 3, 3, 4]"
CMA-CGM,932,OK,OK,,"[1, 1, 2, 2, 3, 4, 4, 5, 5, 5]"
CMA-CGM,933,OK,OK,,"[1, 3, 3, 3, 4]"
CMA-CGM,934,OK,OK,,"[1, 1, 2, 3, 3, 3, 3, 4]"
CMA-CGM,935,OK,OK,,"[1, 3, 3, 3, 3, 3, 3, 3, 4]"
CMA-CGM,936,OK,OK,,"[1, 1, 2, 2, 3, 3, 3, 3, 4]"
CMA-CGM,937,OK,OK,,"[1, 1, 2, 2, 3, 3, 3, 3, 3, 4]"
CMA-CGM,938,OK,OK,,"[1, 3, 4]"
CMA-CGM,939,OK,OK,,"[1, 1, 2, 2, 3, 4, 4, 5]"
CMA-CGM,940,OK,OK,,"[1, 1, 2, 2, 3, 4]"
CMA-CGM,941,OK,OK,,"[1, 1, 2, 2, 3, 3, 3, 3, 3, 3]"
CMA-CGM,942,OK,OK,,"[1, 3, 4]"
CMA-CGM,943,OK,OK,,"[1, 1, 2, 2, 3, 3, 3, 4]"
CMA-CGM,944,OK,OK,,"[1, 1, 2, 2, 3, 3, 3, 4]"
CMA-CGM,945,BAD_SEQUENCE,SKIP,Скачок: 1 -> 3,"[1, 1, 3, 3, 3, 4, 4, 5, 5]"
CMA-CGM,946,OK,OK,,"[1, 1, 2, 2, 3, 3, 3, 3, 4]"
CMA-CGM,947,OK,OK,,"[1, 1, 2, 2, 3, 4]"
CMA-CGM,948,OK,OK,,"[1, 1, 2, 2, 3, 3, 3, 3, 3, 3, 4]"
CMA-CGM,949,OK,OK,,"[1, 1, 2, 2, 3, 4]"
CMA-CGM,950,OK,OK,,"[1, 1, 2, 2, 3, 3, 3, 3, 3, 4]"
CMA-CGM,951,OK,OK,,"[1, 1, 2, 2, 3, 3, 3, 4]"
CMA-CGM,952,OK,OK,,"[1, 1, 2, 2, 3, 4]"
CMA-CGM,953,OK,OK,,"[1, 1, 2, 2, 3, 3, 3, 3, 3, 4]"
CMA-CGM,954,OK,OK,,"[1, 1, 2, 3, 3, 3, 3, 3, 3, 4]"
CMA-CGM,955,OK,OK,,"[1, 1, 2, 2, 3, 3, 3, 4]"
CMA-CGM,956,OK,OK,,"[1, 1, 2, 2, 3, 3, 3, 3, 3, 4]"
CMA-CGM,957,OK,OK,,"[1, 1, 2, 2, 3, 4, 4, 5, 5]"
CMA-CGM,958,OK,OK,,"[1, 1, 2, 2, 3, 4]"
CMA-CGM,959,OK,OK,,"[1, 1, 2, 3, 3, 4]"
CMA-CGM,960,OK,OK,,"[1, 3, 3, 3, 4]"
CMA-CGM,961,OK,OK,,"[1, 1, 2, 2, 3, 3, 3, 3, 4]"
CMA-CGM,962,OK,OK,,"[1, 1, 2, 2, 3, 4]"
CMA-CGM,963,OK,OK,,"[1, 1, 2, 2, 3, 3, 3, 4]"
CMA-CGM,964,OK,OK,,"[1, 1, 2, 2, 3, 3, 3, 3, 4]"
CMA-CGM,965,OK,OK,,"[1, 1, 2, 3, 3, 3, 3, 3, 4]"
CMA-CGM,966,OK,OK,,"[1, 1, 2, 2, 3, 4, 4, 5, 5]"
CMA-CGM,967,OK,OK,,"[1, 1, 2, 2, 3, 3, 3, 3, 4]"
CMA-CGM,968,OK,OK,,"[1, 1, 2, 2, 3, 4, 4]"
CMA-CGM,969,OK,OK,,"[1, 1, 2, 2, 3, 3, 3, 3, 4]"
CMA-CGM,970,OK,OK,,"[1, 1, 2, 2, 3, 3, 3, 3, 4]"
CMA-CGM,971,OK,OK,,"[1, 1, 2, 2, 3, 4]"
CMA-CGM,972,OK,OK,,"[1, 1, 2, 2, 3, 4]"
CMA-CGM,973,OK,OK,,"[1, 1, 2, 2, 3, 3, 3, 4]"
CMA-CGM,974,OK,OK,,"[1, 1, 2, 2, 3, 4]"
CMA-CGM,975,OK,OK,,"[1, 1, 2, 2, 3, 3, 3, 3, 4, 4]"
CMA-CGM,976,OK,OK,,"[1, 3, 3, 3, 3, 4, 4, 4]"
CMA-CGM,977,OK,OK,,"[1, 1, 2, 2, 3, 3, 3, 3, 3, 4]"
CMA-CGM,978,BAD_SEQUENCE,SKIP,Скачок: 1 -> 3,"[1, 1, 3, 4]"
CMA-CGM,979,OK,OK,,"[1, 3, 3, 3, 3, 4, 4]"
CMA-CGM,980,OK,OK,,"[1, 1, 2, 2, 3, 3, 3, 4]"
CMA-CGM,981,OK,OK,,"[1, 1, 2, 3, 3, 4, 4, 5, 5]"
CMA-CGM,982,OK,OK,,"[1, 1, 2, 2, 3, 3, 3, 3, 3, 4]"
CMA-CGM,983,OK,OK,,"[1, 1, 2, 2, 3, 4, 4, 4]"
CMA-CGM,984,OK,OK,,"[1, 1, 2, 2, 3, 4]"
CMA-CGM,985,OK,OK,,"[1, 1, 2, 2, 3, 4]"
CMA-CGM,986,OK,OK,,"[1, 1, 2, 2, 3, 4, 4, 5, 5]"
CMA-CGM,987,OK,OK,,"[1, 1, 2, 2, 3, 3, 3, 3, 3, 4]"
CMA-CGM,988,OK,OK,,"[1, 1, 2, 2, 3, 4, 4, 5, 5]"
CMA-CGM,989,OK,OK,,"[1, 1, 2, 2, 3, 3, 3, 3, 3, 4]"
CMA-CGM,990,OK,OK,,"[1, 1, 2, 2, 3, 3, 3, 3, 4]"
CMA-CGM,991,OK,OK,,"[1, 1, 2, 2, 3, 4]"
CMA-CGM,992,OK,OK,,"[1, 1, 2, 2, 3, 4, 4, 5, 5]"
CMA-CGM,993,OK,OK,,"[1, 1, 2, 2, 3, 3, 3, 3, 3, 4]"
CMA-CGM,994,OK,OK,,"[1, 1, 2, 2, 3, 4]"
CMA-CGM,995,OK,OK,,"[1, 1, 2, 2, 3, 3, 3, 3, 4]"
CMA-CGM,996,OK,OK,,"[1, 1, 2, 3, 4]"
CMA-CGM,997,OK,OK,,"[1, 1, 2, 2, 3, 4, 4]"
CMA-CGM,998,OK,OK,,"[1, 1, 2, 2, 3, 4]"
CMA-CGM,999,OK,OK,,"[1, 1, 2, 2, 3, 3, 3, 3, 3, 4]"
Evergreen,0,OK,OK,,"[1, 1]"
Evergreen,1,OK,OK,,"[1, 2]"
Evergreen,2,OK,OK,,"[1, 1]"
Evergreen,3,OK,OK,,"[1, 2]"
Evergreen,4,OK,OK,,"[1, 2]"
Evergreen,5,OK,OK,,"[1, 1]"
Evergreen,6,OK,OK,,"[1, 2]"
Evergreen,7,OK,OK,,"[1, 2]"
Evergreen,8,OK,OK,,"[1, 1]"
Evergreen,9,OK,OK,,"[1, 1]"
Evergreen,10,OK,OK,,"[1, 1]"
Evergreen,11,OK,OK,,"[1, 1]"
Evergreen,12,OK,OK,,"[1, 2]"
Evergreen,13,OK,OK,,"[1, 2]"
Evergreen,14,OK,OK,,"[1, 2]"
Evergreen,15,OK,OK,,"[1, 2]"
Evergreen,16,OK,OK,,"[1, 2]"
Evergreen,17,OK,OK,,"[1, 2]"
Evergreen,18,OK,OK,,"[1, 2]"
Evergreen,19,OK,OK,,"[1, 2]"
Evergreen,20,OK,OK,,"[1, 2]"
Evergreen,21,OK,OK,,"[1, 2]"
Evergreen,22,OK,OK,,"[1, 1]"
Evergreen,23,OK,OK,,"[1, 1]"
Evergreen,24,OK,OK,,"[1, 1]"
Evergreen,25,OK,OK,,"[1, 1]"
Evergreen,26,OK,OK,,"[1, 2]"
Evergreen,27,OK,OK,,"[1, 2]"
Evergreen,28,OK,OK,,"[1, 3]"
Evergreen,29,OK,OK,,"[1, 2]"
Evergreen,30,OK,OK,,"[1, 2]"
Evergreen,31,OK,OK,,"[1, 2]"
Evergreen,32,OK,OK,,"[1, 2]"
Evergreen,33,OK,OK,,"[1, 2]"
Evergreen,34,OK,OK,,"[1, 1]"
Evergreen,35,OK,OK,,"[1, 2]"
Evergreen,36,OK,OK,,"[1, 3]"
Evergreen,37,OK,OK,,"[1, 2]"
Evergreen,38,OK,OK,,"[1, 2]"
Evergreen,39,OK,OK,,"[1, 2]"
Evergreen,40,OK,OK,,"[1, 2]"
Evergreen,41,OK,OK,,"[1, 3]"
Evergreen,42,OK,OK,,"[1, 2]"
Evergreen,43,OK,OK,,"[1, 1]"
Evergreen,44,OK,OK,,"[1, 1]"
Evergreen,45,OK,OK,,"[1, 3]"
Evergreen,46,OK,OK,,"[1, 1]"
Evergreen,47,OK,OK,,"[1, 1]"
Evergreen,48,OK,OK,,"[1, 1]"
Evergreen,49,OK,OK,,"[1, 3]"
Evergreen,50,OK,OK,,"[1, 3]"
Evergreen,51,OK,OK,,"[1, 3]"
Evergreen,52,OK,OK,,"[1, 3]"
Evergreen,53,OK,OK,,"[1, 3]"
Evergreen,54,OK,OK,,"[1, 3]"
Evergreen,55,OK,OK,,"[1, 2]"
Evergreen,56,OK,OK,,"[1, 1]"
Evergreen,57,OK,OK,,"[1, 2]"
Evergreen,58,OK,OK,,"[1, 2]"
Evergreen,59,OK,OK,,"[1, 1]"
Evergreen,60,OK,OK,,"[1, 1]"
Evergreen,61,OK,OK,,"[1, 1]"
Evergreen,62,OK,OK,,"[1, 1]"
Evergreen,63,OK,OK,,"[1, 1]"
Evergreen,64,OK,OK,,"[1, 1]"
Evergreen,65,OK,OK,,"[1, 1]"
Evergreen,66,OK,OK,,"[1, 1]"
Evergreen,67,OK,OK,,"[1, 1]"
Evergreen,68,OK,OK,,"[1, 1]"
Evergreen,69,OK,OK,,"[1, 1]"
Evergreen,70,OK,OK,,"[1, 1]"
Evergreen,71,OK,OK,,"[1, 1]"
Evergreen,72,OK,OK,,"[1, 2]"
Evergreen,73,OK,OK,,"[1, 2]"
Evergreen,74,OK,OK,,"[1, 3]"
Evergreen,75,OK,OK,,"[1, 1]"
Evergreen,76,OK,OK,,"[1, 3]"
Evergreen,77,OK,OK,,"[1, 2]"
Evergreen,78,OK,OK,,"[1, 2, 2, 3]"
Evergreen,79,OK,OK,,"[1, 3]"
Evergreen,80,OK,OK,,"[1, 1]"
Evergreen,81,OK,OK,,"[1, 3]"
Evergreen,82,OK,OK,,"[1, 2, 2, 2]"
Evergreen,83,OK,OK,,"[1, 3]"
Evergreen,84,OK,OK,,"[1, 2]"
Evergreen,85,OK,OK,,"[1, 2]"
Evergreen,86,OK,OK,,"[1, 2]"
Evergreen,87,OK,OK,,"[1, 2]"
Evergreen,88,OK,OK,,"[1, 2]"
Evergreen,89,OK,OK,,"[1, 2]"
Evergreen,90,OK,OK,,"[1, 2]"
Evergreen,91,OK,OK,,"[1, 2]"
Evergreen,92,OK,OK,,"[1, 2]"
Evergreen,93,OK,OK,,"[1, 2]"
Evergreen,94,OK,OK,,"[1, 2]"
Evergreen,95,OK,OK,,"[1, 2]"
Evergreen,96,OK,OK,,"[1, 2]"
Evergreen,97,OK,OK,,"[1, 2]"
Evergreen,98,OK,OK,,"[1, 2]"
Evergreen,99,OK,OK,,"[1, 2]"
Evergreen,100,OK,OK,,"[1, 2]"
Evergreen,101,OK,OK,,"[1, 2]"
Evergreen,102,OK,OK,,"[1, 2]"
Evergreen,103,OK,OK,,"[1, 2]"
Evergreen,104,OK,OK,,"[1, 2]"
Evergreen,105,OK,OK,,"[1, 2]"
Evergreen,106,OK,OK,,"[1, 2]"
Evergreen,107,OK,OK,,"[1, 2]"
Evergreen,108,OK,OK,,"[1, 2]"
Evergreen,109,OK,OK,,"[1, 2]"
Evergreen,110,OK,OK,,"[1, 2]"
Evergreen,111,OK,OK,,"[1, 2]"
Evergreen,112,OK,OK,,"[1, 2]"
Evergreen,113,OK,OK,,"[1, 2]"
Evergreen,114,OK,OK,,"[1, 2]"
Evergreen,115,OK,OK,,"[1, 2]"
Evergreen,116,OK,OK,,"[1, 2]"
Evergreen,117,OK,OK,,"[1, 2]"
Evergreen,118,OK,OK,,"[1, 2]"
Evergreen,119,OK,OK,,"[1, 2]"
Evergreen,120,OK,OK,,"[1, 2]"
Evergreen,121,OK,OK,,"[1, 2]"
Evergreen,122,OK,OK,,"[1, 2]"
Evergreen,123,OK,OK,,"[1, 3]"
Evergreen,124,OK,OK,,"[1, 3]"
Evergreen,125,OK,OK,,"[1, 3]"
Evergreen,126,OK,OK,,"[1, 3]"
Evergreen,127,OK,OK,,"[1, 1]"
Evergreen,128,OK,OK,,"[1, 3]"
Evergreen,129,OK,OK,,"[1, 3]"
Evergreen,130,OK,OK,,"[1, 1]"
Evergreen,131,OK,OK,,"[1, 3]"
Evergreen,132,OK,OK,,"[1, 1]"
Evergreen,133,OK,OK,,"[1, 1]"
Evergreen,134,OK,OK,,"[1, 3]"
Evergreen,135,OK,OK,,"[1, 2]"
Evergreen,136,OK,OK,,"[1, 1]"
Evergreen,137,OK,OK,,"[1, 3]"
Evergreen,138,OK,OK,,"[1, 1]"
Evergreen,139,OK,OK,,"[1, 3]"
Evergreen,140,OK,OK,,"[1, 3]"
Evergreen,141,OK,OK,,"[1, 2]"
Evergreen,142,OK,OK,,"[1, 3]"
Evergreen,143,OK,OK,,"[1, 3]"
Evergreen,144,OK,OK,,"[1, 3]"
Evergreen,145,OK,OK,,"[1, 3]"
Evergreen,146,OK,OK,,"[1, 1]"
Evergreen,147,OK,OK,,"[1, 3]"
Evergreen,148,OK,OK,,"[1, 2, 2, 2]"
Evergreen,149,OK,OK,,"[1, 3]"
Evergreen,150,OK,OK,,"[1, 1]"
Evergreen,151,OK,OK,,"[1, 2]"
Evergreen,152,OK,OK,,"[1, 3]"
Evergreen,153,OK,OK,,"[1, 3]"
Evergreen,154,OK,OK,,"[1, 3]"
Evergreen,155,OK,OK,,"[1, 1]"
Evergreen,156,OK,OK,,"[1, 3]"
Evergreen,157,OK,OK,,"[1, 3]"
Evergreen,158,OK,OK,,"[1, 3]"
Evergreen,159,OK,OK,,"[1, 3]"
Evergreen,160,OK,OK,,"[1, 3]"
Evergreen,161,OK,OK,,"[1, 3]"
Evergreen,162,OK,OK,,"[1, 3]"
Evergreen,163,OK,OK,,"[1, 3]"
Evergreen,164,OK,OK,,"[1, 1]"
Evergreen,165,OK,OK,,"[1, 1]"
Evergreen,166,OK,OK,,"[1, 1]"
Evergreen,167,OK,OK,,"[1, 2]"
Evergreen,168,OK,OK,,"[1, 2]"
Evergreen,169,OK,OK,,"[1, 3]"
Evergreen,170,OK,OK,,"[1, 2]"
Evergreen,171,OK,OK,,"[1, 3]"
Evergreen,172,OK,OK,,"[1, 2]"
Evergreen,173,OK,OK,,"[1, 1]"
Evergreen,174,OK,OK,,"[1, 3]"
Evergreen,175,OK,OK,,"[1, 2]"
Evergreen,176,OK,OK,,"[1, 3]"
Evergreen,177,OK,OK,,"[1, 2]"
Evergreen,178,OK,OK,,"[1, 1]"
Evergreen,179,OK,OK,,"[1, 1]"
Evergreen,180,OK,OK,,"[1, 3]"
Evergreen,181,OK,OK,,"[1, 3]"
Evergreen,182,OK,OK,,"[1, 3]"
Evergreen,183,OK,OK,,"[1, 3]"
Evergreen,184,OK,OK,,"[1, 3]"
Evergreen,185,OK,OK,,"[1, 1]"
Evergreen,186,OK,OK,,"[1, 1]"
Evergreen,187,OK,OK,,"[1, 3]"
Evergreen,188,OK,OK,,"[1, 1]"
Evergreen,189,OK,OK,,"[1, 3]"
Evergreen,190,OK,OK,,"[1, 1]"
Evergreen,191,OK,OK,,"[1, 1]"
Evergreen,192,OK,OK,,"[1, 2]"
Evergreen,193,OK,OK,,"[1, 3]"
Evergreen,194,OK,OK,,"[1, 3]"
Evergreen,195,OK,OK,,"[1, 1]"
Evergreen,196,OK,OK,,"[1, 2]"
Evergreen,197,OK,OK,,"[1, 3]"
Evergreen,198,OK,OK,,"[1, 3]"
Evergreen,199,OK,OK,,"[1, 2]"
Evergreen,200,OK,OK,,"[1, 2]"
Evergreen,201,OK,OK,,"[1, 2]"
Evergreen,202,OK,OK,,"[1, 1]"
Evergreen,203,OK,OK,,"[1, 1]"
Evergreen,204,OK,OK,,"[1, 2]"
Evergreen,205,OK,OK,,"[1, 3]"
Evergreen,206,OK,OK,,"[1, 2]"
Evergreen,207,OK,OK,,"[1, 2]"
Evergreen,208,OK,OK,,"[1, 1]"
Evergreen,209,OK,OK,,"[1, 1]"
Evergreen,210,OK,OK,,"[1, 2]"
Evergreen,211,OK,OK,,"[1, 3]"
Evergreen,212,OK,OK,,"[1, 3]"
Evergreen,213,OK,OK,,"[1, 2]"
Evergreen,214,OK,OK,,"[1, 3]"
Evergreen,215,OK,OK,,"[1, 2, 2, 2, 2, 2, 3, 3]"
Evergreen,216,OK,OK,,"[1, 2]"
Evergreen,217,OK,OK,,"[1, 3]"
Evergreen,218,OK,OK,,"[1, 3]"
Evergreen,219,OK,OK,,"[1, 3]"
Evergreen,220,OK,OK,,"[1, 1]"
Evergreen,221,OK,OK,,"[1, 1]"
Evergreen,222,OK,OK,,"[1, 1]"
Evergreen,223,OK,OK,,"[1, 1]"
Evergreen,224,OK,OK,,"[1, 1]"
Evergreen,225,OK,OK,,"[1, 1]"
Evergreen,226,OK,OK,,"[1, 1]"
Evergreen,227,OK,OK,,"[1, 1]"
Evergreen,228,OK,OK,,"[1, 3]"
Evergreen,229,OK,OK,,"[1, 1]"
Evergreen,230,OK,OK,,"[1, 3]"
Evergreen,231,OK,OK,,"[1, 3]"
Evergreen,232,OK,OK,,"[1, 1]"
Evergreen,233,OK,OK,,"[1, 3]"
Evergreen,234,OK,OK,,"[1, 2]"
Evergreen,235,OK,OK,,"[1, 3]"
Evergreen,236,OK,OK,,"[1, 3]"
Evergreen,237,OK,OK,,"[1, 3]"
Evergreen,238,OK,OK,,"[1, 2]"
Evergreen,239,OK,OK,,"[1, 3]"
Evergreen,240,OK,OK,,"[1, 3]"
Evergreen,241,OK,OK,,"[1, 1]"
Evergreen,242,OK,OK,,"[1, 2]"
Evergreen,243,OK,OK,,"[1, 1]"
Evergreen,244,OK,OK,,"[1, 1]"
Evergreen,245,OK,OK,,"[1, 3]"
Evergreen,246,OK,OK,,"[1, 1]"
Evergreen,247,OK,OK,,"[1, 1]"
Evergreen,248,OK,OK,,"[1, 3]"
Evergreen,249,OK,OK,,"[1, 3]"
Evergreen,250,OK,OK,,"[1, 1]"
Evergreen,251,OK,OK,,"[1, 3]"
Evergreen,252,OK,OK,,"[1, 1]"
Evergreen,253,OK,OK,,"[1, 1]"
Evergreen,254,OK,OK,,"[1, 3]"
Evergreen,255,OK,OK,,"[1, 3]"
Evergreen,256,OK,OK,,"[1, 3]"
Evergreen,257,OK,OK,,"[1, 2]"
Evergreen,258,OK,OK,,"[1, 2]"
Evergreen,259,OK,OK,,"[1, 3]"
Evergreen,260,OK,OK,,"[1, 2]"
Evergreen,261,OK,OK,,"[1, 2]"
Evergreen,262,OK,OK,,"[1, 2]"
Evergreen,263,OK,OK,,"[1, 2]"
Evergreen,264,OK,OK,,"[1, 3]"
Evergreen,265,OK,OK,,"[1, 3]"
Evergreen,266,OK,OK,,"[1, 2]"
Evergreen,267,OK,OK,,"[1, 3]"
Evergreen,268,OK,OK,,"[1, 2]"
Evergreen,269,OK,OK,,"[1, 3]"
Evergreen,270,OK,OK,,"[1, 3]"
Evergreen,271,OK,OK,,"[1, 1]"
Evergreen,272,OK,OK,,"[1, 1]"
Evergreen,273,OK,OK,,"[1, 2]"
Evergreen,274,OK,OK,,"[1, 2]"
Evergreen,275,OK,OK,,"[1, 2]"
Evergreen,276,OK,OK,,"[1, 2]"
Evergreen,277,OK,OK,,"[1, 2]"
Evergreen,278,OK,OK,,"[1, 2]"
Evergreen,279,OK,OK,,"[1, 3]"
Evergreen,280,OK,OK,,"[1, 3]"
Evergreen,281,OK,OK,,"[1, 2]"
Evergreen,282,OK,OK,,"[1, 2]"
Evergreen,283,OK,OK,,"[1, 3]"
Evergreen,284,OK,OK,,"[1, 3]"
Evergreen,285,OK,OK,,"[1, 3]"
Evergreen,286,OK,OK,,"[1, 3]"
Evergreen,287,OK,OK,,"[1, 1]"
Evergreen,288,OK,OK,,"[1, 3]"
Evergreen,289,OK,OK,,"[1, 2]"
Evergreen,290,OK,OK,,"[1, 1]"
Evergreen,291,OK,OK,,"[1, 3]"
Evergreen,292,OK,OK,,"[1, 2]"
Evergreen,293,OK,OK,,"[1, 2]"
Evergreen,294,OK,OK,,"[1, 3]"
Evergreen,295,OK,OK,,"[1, 2]"
Evergreen,296,OK,OK,,"[1, 3]"
Evergreen,297,OK,OK,,"[1, 2]"
Evergreen,298,OK,OK,,"[1, 3]"
Evergreen,299,OK,OK,,"[1, 2]"
Evergreen,300,OK,OK,,"[1, 2]"
Evergreen,301,OK,OK,,"[1, 1]"
Evergreen,302,OK,OK,,"[1, 3]"
Evergreen,303,OK,OK,,"[1, 1]"
Evergreen,304,OK,OK,,"[1, 1]"
Evergreen,305,OK,OK,,"[1, 1]"
Evergreen,306,OK,OK,,"[1, 1]"
Evergreen,307,OK,OK,,"[1, 3]"
Evergreen,308,OK,OK,,"[1, 1]"
Evergreen,309,OK,OK,,"[1, 1]"
Evergreen,310,OK,OK,,"[1, 1]"
Evergreen,311,OK,OK,,"[1, 1]"
Evergreen,312,OK,OK,,"[1, 1]"
Evergreen,313,OK,OK,,"[1, 1]"
Evergreen,314,OK,OK,,"[1, 2]"
Evergreen,315,OK,OK,,"[1, 2]"
Evergreen,316,OK,OK,,"[1, 3]"
Evergreen,317,OK,OK,,"[1, 2]"
Evergreen,318,OK,OK,,"[1, 3]"
Evergreen,319,OK,OK,,"[1, 3]"
Evergreen,320,OK,OK,,"[1, 3]"
Evergreen,321,OK,OK,,"[1, 3]"
Evergreen,322,OK,OK,,"[1, 3]"
Evergreen,323,OK,OK,,"[1, 2]"
Evergreen,324,OK,OK,,"[1, 2]"
Evergreen,325,OK,OK,,"[1, 2]"
Evergreen,326,OK,OK,,"[1, 1]"
Evergreen,327,OK,OK,,"[1, 1]"
Evergreen,328,OK,OK,,"[1, 2]"
Evergreen,329,OK,OK,,"[1, 2]"
Evergreen,330,OK,OK,,"[1, 2]"
Evergreen,331,OK,OK,,"[1, 2]"
Evergreen,332,OK,OK,,"[1, 1]"
Evergreen,333,OK,OK,,"[1, 3]"
Evergreen,334,OK,OK,,"[1, 2]"
Evergreen,335,OK,OK,,"[1, 3]"
Evergreen,336,OK,OK,,"[1, 3]"
Evergreen,337,OK,OK,,"[1, 2]"
Evergreen,338,OK,OK,,"[1, 3]"
Evergreen,339,OK,OK,,"[1, 2]"
Evergreen,340,OK,OK,,"[1, 2, 2, 2]"
Evergreen,341,OK,OK,,"[1, 2]"
Evergreen,342,OK,OK,,"[1, 3]"
Evergreen,343,OK,OK,,"[1, 1]"
Evergreen,344,OK,OK,,"[1, 3]"
Evergreen,345,OK,OK,,"[1, 2]"
Evergreen,346,OK,OK,,"[1, 2]"
Evergreen,347,OK,OK,,"[1, 3]"
Evergreen,348,OK,OK,,"[1, 3]"
Evergreen,349,OK,OK,,"[1, 1]"
Evergreen,350,OK,OK,,"[1, 2]"
Evergreen,351,OK,OK,,"[1, 1]"
Evergreen,352,OK,OK,,"[1, 3]"
Evergreen,353,OK,OK,,"[1, 1]"
Evergreen,354,OK,OK,,"[1, 1]"
Evergreen,355,OK,OK,,"[1, 1]"
Evergreen,356,OK,OK,,"[1, 3]"
Evergreen,357,OK,OK,,"[1, 3]"
Evergreen,358,OK,OK,,"[1, 3]"
Evergreen,359,OK,OK,,"[1, 3]"
Evergreen,360,OK,OK,,"[1, 3]"
Evergreen,361,OK,OK,,"[1, 3]"
Evergreen,362,OK,OK,,"[1, 3]"
Evergreen,363,OK,OK,,"[1, 3]"
Evergreen,364,OK,OK,,"[1, 1]"
Evergreen,365,OK,OK,,"[1, 2]"
Evergreen,366,OK,OK,,"[1, 3]"
Evergreen,367,OK,OK,,"[1, 1]"
Evergreen,368,OK,OK,,"[1, 3]"
Evergreen,369,OK,OK,,"[1, 2]"
Evergreen,370,OK,OK,,"[1, 3]"
Evergreen,371,OK,OK,,"[1, 3]"
Evergreen,372,OK,OK,,"[1, 3]"
Evergreen,373,OK,OK,,"[1, 1]"
Evergreen,374,OK,OK,,"[1, 2]"
Evergreen,375,OK,OK,,"[1, 2]"
Evergreen,376,OK,OK,,"[1, 2]"
Evergreen,377,OK,OK,,"[1, 2]"
Evergreen,378,OK,OK,,"[1, 2]"
Evergreen,379,OK,OK,,"[1, 3]"
Evergreen,380,OK,OK,,"[1, 2]"
Evergreen,381,OK,OK,,"[1, 2]"
Evergreen,382,OK,OK,,"[1, 3]"
Evergreen,383,OK,OK,,"[1, 3]"
Evergreen,384,OK,OK,,"[1, 3]"
Evergreen,385,OK,OK,,"[1, 2]"
Evergreen,386,OK,OK,,"[1, 2]"
Evergreen,387,OK,OK,,"[1, 3]"
Evergreen,388,OK,OK,,"[1, 2]"
Evergreen,389,OK,OK,,"[1, 3]"
Evergreen,390,OK,OK,,"[1, 2, 2, 2]"
Evergreen,391,OK,OK,,"[1, 2, 2, 2, 2, 2, 3]"
Evergreen,392,OK,OK,,"[1, 1]"
Evergreen,393,OK,OK,,"[1, 1]"
Evergreen,394,OK,OK,,"[1, 1]"
Evergreen,395,OK,OK,,"[1, 1]"
Evergreen,396,OK,OK,,"[1, 3]"
Evergreen,397,OK,OK,,"[1, 1]"
Evergreen,398,OK,OK,,"[1, 3]"
Evergreen,399,OK,OK,,"[1, 1]"
Evergreen,400,OK,OK,,"[1, 2, 2, 2, 2]"
Evergreen,401,OK,OK,,"[1, 3]"
Evergreen,402,OK,OK,,"[1, 3]"
Evergreen,403,OK,OK,,"[1, 3]"
Evergreen,404,OK,OK,,"[1, 3]"
Evergreen,405,OK,OK,,"[1, 2]"
Evergreen,406,OK,OK,,"[1, 3]"
Evergreen,407,OK,OK,,"[1, 2]"
Evergreen,408,OK,OK,,"[1, 3]"
Evergreen,409,OK,OK,,"[1, 2]"
Evergreen,410,OK,OK,,"[1, 3]"
Evergreen,411,OK,OK,,"[1, 3]"
Evergreen,412,OK,OK,,"[1, 1]"
Evergreen,413,OK,OK,,"[1, 3]"
Evergreen,414,OK,OK,,"[1, 2]"
Evergreen,415,OK,OK,,"[1, 2]"
Evergreen,416,OK,OK,,"[1, 3]"
Evergreen,417,OK,OK,,"[1, 3]"
Evergreen,418,OK,OK,,"[1, 2]"
Evergreen,419,OK,OK,,"[1, 2]"
Evergreen,420,OK,OK,,"[1, 3]"
Evergreen,421,OK,OK,,"[1, 3]"
Evergreen,422,OK,OK,,"[1, 2]"
Evergreen,423,OK,OK,,"[1, 2]"
Evergreen,424,OK,OK,,"[1, 3]"
Evergreen,425,OK,OK,,"[1, 2]"
Evergreen,426,OK,OK,,"[1, 2]"
Evergreen,427,OK,OK,,"[1, 3]"
Evergreen,428,OK,OK,,"[1, 3]"
Evergreen,429,OK,OK,,"[1, 3]"
Evergreen,430,OK,OK,,"[1, 3]"
Evergreen,431,OK,OK,,"[1, 3]"
Evergreen,432,OK,OK,,"[1, 3]"
Evergreen,433,OK,OK,,"[1, 2]"
Evergreen,434,OK,OK,,"[1, 3]"
Evergreen,435,OK,OK,,"[1, 3]"
Evergreen,436,OK,OK,,"[1, 3]"
Evergreen,437,OK,OK,,"[1, 2]"
Evergreen,438,OK,OK,,"[1, 1]"
Evergreen,439,OK,OK,,"[1, 2]"
Evergreen,440,OK,OK,,"[1, 1]"
Evergreen,441,OK,OK,,"[1, 2]"
Evergreen,442,OK,OK,,"[1, 3]"
Evergreen,443,OK,OK,,"[1, 1]"
Evergreen,444,OK,OK,,"[1, 2]"
Evergreen,445,OK,OK,,"[1, 2]"
Evergreen,446,OK,OK,,"[1, 3]"
Evergreen,447,OK,OK,,"[1, 2]"
Evergreen,448,OK,OK,,"[1, 3]"
Evergreen,449,OK,OK,,"[1, 1]"
Evergreen,450,OK,OK,,"[1, 1]"
Evergreen,451,OK,OK,,"[1, 3]"
Evergreen,452,OK,OK,,"[1, 3]"
Evergreen,453,OK,OK,,"[1, 3]"
Evergreen,454,OK,OK,,"[1, 3]"
Evergreen,455,OK,OK,,"[1, 1]"
Evergreen,456,OK,OK,,"[1, 1]"
Evergreen,457,OK,OK,,"[1, 2]"
Evergreen,458,OK,OK,,"[1, 2]"
Evergreen,459,OK,OK,,"[1, 1]"
Evergreen,460,OK,OK,,"[1, 3]"
Evergreen,461,OK,OK,,"[1, 3]"
Evergreen,462,OK,OK,,"[1, 1]"
Evergreen,463,OK,OK,,"[1, 3]"
Evergreen,464,OK,OK,,"[1, 2]"
Evergreen,465,OK,OK,,"[1, 3]"
Evergreen,466,OK,OK,,"[1, 3]"
Evergreen,467,OK,OK,,"[1, 1]"
Evergreen,468,OK,OK,,"[1, 3]"
Evergreen,469,OK,OK,,"[1, 3]"
Evergreen,470,OK,OK,,"[1, 3]"
Evergreen,471,OK,OK,,"[1, 1]"
Evergreen,472,OK,OK,,"[1, 3]"
Evergreen,473,OK,OK,,"[1, 3]"
Evergreen,474,OK,OK,,"[1, 1]"
Evergreen,475,OK,OK,,"[1, 3]"
Evergreen,476,OK,OK,,"[1, 2]"
Evergreen,477,OK,OK,,"[1, 3]"
Evergreen,478,OK,OK,,"[1, 1]"
Evergreen,479,OK,OK,,"[1, 2]"
Evergreen,480,OK,OK,,"[1, 2]"
Evergreen,481,OK,OK,,"[1, 3]"
Evergreen,482,OK,OK,,"[1, 1]"
Evergreen,483,OK,OK,,"[1, 3]"
Evergreen,484,OK,OK,,"[1, 3]"
Evergreen,485,OK,OK,,"[1, 3]"
Evergreen,486,OK,OK,,"[1, 3]"
Evergreen,487,OK,OK,,"[1, 1]"
Evergreen,488,OK,OK,,"[1, 1]"
Evergreen,489,OK,OK,,"[1, 3]"
Evergreen,490,OK,OK,,"[1, 2]"
Evergreen,491,OK,OK,,"[1, 2]"
Evergreen,492,OK,OK,,"[1, 3]"
Evergreen,493,OK,OK,,"[1, 3]"
Evergreen,494,OK,OK,,"[1, 1]"
Evergreen,495,OK,OK,,"[1, 1]"
Evergreen,496,OK,OK,,"[1, 3]"
Evergreen,497,OK,OK,,"[1, 2]"
Evergreen,498,OK,OK,,"[1, 2]"
Evergreen,499,OK,OK,,"[1, 3]"
Evergreen,500,OK,OK,,"[1, 1]"
Evergreen,501,OK,OK,,"[1, 3]"
Evergreen,502,OK,OK,,"[1, 3]"
Evergreen,503,OK,OK,,"[1, 3]"
Evergreen,504,OK,OK,,"[1, 3]"
Evergreen,505,OK,OK,,"[1, 2]"
Evergreen,506,OK,OK,,"[1, 2]"
Evergreen,507,OK,OK,,"[1, 2]"
Evergreen,508,OK,OK,,"[1, 2]"
Evergreen,509,OK,OK,,"[1, 2]"
Evergreen,510,OK,OK,,"[1, 2]"
Evergreen,511,OK,OK,,"[1, 2]"
Evergreen,512,OK,OK,,"[1, 2]"
Evergreen,513,OK,OK,,"[1, 1]"
Evergreen,514,OK,OK,,"[1, 1]"
Evergreen,515,OK,OK,,"[1, 3]"
Evergreen,516,OK,OK,,"[1, 3]"
Evergreen,517,OK,OK,,"[1, 3]"
Evergreen,518,OK,OK,,"[1, 3]"
Evergreen,519,OK,OK,,"[1, 2]"
Evergreen,520,OK,OK,,"[1, 2]"
Evergreen,521,OK,OK,,"[1, 2]"
Evergreen,522,OK,OK,,"[1, 2]"
Evergreen,523,OK,OK,,"[1, 2]"
Evergreen,524,OK,OK,,"[1, 2]"
Evergreen,525,OK,OK,,"[1, 2]"
Evergreen,526,OK,OK,,"[1, 3]"
Evergreen,527,OK,OK,,"[1, 3]"
Evergreen,528,OK,OK,,"[1, 3]"
Evergreen,529,OK,OK,,"[1, 3]"
Evergreen,530,OK,OK,,"[1, 3]"
Evergreen,531,OK,OK,,"[1, 3]"
Evergreen,532,OK,OK,,"[1, 3]"
Evergreen,533,OK,OK,,"[1, 3]"
Evergreen,534,OK,OK,,"[1, 3]"
Evergreen,535,OK,OK,,"[1, 1]"
Evergreen,536,OK,OK,,"[1, 1]"
Evergreen,537,OK,OK,,"[1, 2]"
Evergreen,538,OK,OK,,"[1, 2]"
Evergreen,539,OK,OK,,"[1, 2]"
Evergreen,540,OK,OK,,"[1, 2]"
Evergreen,541,OK,OK,,"[1, 2]"
Evergreen,542,OK,OK,,"[1, 2]"
Evergreen,543,OK,OK,,"[1, 2]"
Evergreen,544,OK,OK,,"[1, 2]"
Evergreen,545,OK,OK,,"[1, 2]"
Evergreen,546,OK,OK,,"[1, 3]"
Evergreen,547,OK,OK,,"[1, 1]"
Evergreen,548,OK,OK,,"[1, 2]"
Evergreen,549,OK,OK,,"[1, 2]"
Evergreen,550,OK,OK,,"[1, 2]"
Evergreen,551,OK,OK,,"[1, 2]"
Evergreen,552,OK,OK,,"[1, 2]"
Evergreen,553,OK,OK,,"[1, 3]"
Evergreen,554,OK,OK,,"[1, 2]"
Evergreen,555,OK,OK,,"[1, 2]"
Evergreen,556,OK,OK,,"[1, 3]"
Evergreen,557,OK,OK,,"[1, 2]"
Evergreen,558,OK,OK,,"[1, 3]"
Evergreen,559,OK,OK,,"[1, 2]"
Evergreen,560,OK,OK,,"[1, 2]"
Evergreen,561,OK,OK,,"[1, 2]"
Evergreen,562,OK,OK,,"[1, 2]"
Evergreen,563,OK,OK,,"[1, 3]"
Evergreen,564,OK,OK,,"[1, 2]"
Evergreen,565,OK,OK,,"[1, 3]"
Evergreen,566,OK,OK,,"[1, 3]"
Evergreen,567,OK,OK,,"[1, 2]"
Evergreen,568,OK,OK,,"[1, 1]"
Evergreen,569,OK,OK,,"[1, 1]"
Evergreen,570,OK,OK,,"[1, 3]"
Evergreen,571,OK,OK,,"[1, 2]"
Evergreen,572,OK,OK,,"[1, 1]"
Evergreen,573,OK,OK,,"[1, 2]"
Evergreen,574,OK,OK,,"[1, 2]"
Evergreen,575,OK,OK,,"[1, 2]"
Evergreen,576,OK,OK,,"[1, 1]"
Evergreen,577,OK,OK,,"[1, 1]"
Evergreen,578,OK,OK,,"[1, 3]"
Evergreen,579,OK,OK,,"[1, 3]"
Evergreen,580,OK,OK,,"[1, 2]"
Evergreen,581,OK,OK,,"[1, 1]"
Evergreen,582,OK,OK,,"[1, 2]"
Evergreen,583,OK,OK,,"[1, 1]"
Evergreen,584,OK,OK,,"[1, 1]"
Evergreen,585,OK,OK,,"[1, 3]"
Evergreen,586,OK,OK,,"[1, 1]"
Evergreen,587,OK,OK,,"[1, 3]"
Evergreen,588,OK,OK,,"[1, 1]"
Evergreen,589,OK,OK,,"[1, 2]"
Evergreen,590,OK,OK,,"[1, 2]"
Evergreen,591,OK,OK,,"[1, 2]"
Evergreen,592,OK,OK,,"[1, 2]"
Evergreen,593,OK,OK,,"[1, 2]"
Evergreen,594,OK,OK,,"[1, 2]"
Evergreen,595,OK,OK,,"[1, 2]"
Evergreen,596,OK,OK,,"[1, 2]"
Evergreen,597,OK,OK,,"[1, 2]"
Evergreen,598,OK,OK,,"[1, 2]"
Evergreen,599,OK,OK,,"[1, 2]"
Evergreen,600,OK,OK,,"[1, 3]"
Evergreen,601,OK,OK,,"[1, 1]"
Evergreen,602,OK,OK,,"[1, 2]"
Evergreen,603,OK,OK,,"[1, 2]"
Evergreen,604,OK,OK,,"[1, 2]"
Evergreen,605,OK,OK,,"[1, 2]"
Evergreen,606,OK,OK,,"[1, 2]"
Evergreen,607,OK,OK,,"[1, 2]"
Evergreen,608,OK,OK,,"[1, 2]"
Evergreen,609,OK,OK,,"[1, 2]"
Evergreen,610,OK,OK,,"[1, 2]"
Evergreen,611,OK,OK,,"[1, 2]"
Evergreen,612,OK,OK,,"[1, 2]"
Evergreen,613,OK,OK,,"[1, 2]"
Evergreen,614,OK,OK,,"[1, 2]"
Evergreen,615,OK,OK,,"[1, 2]"
Evergreen,616,OK,OK,,"[1, 2]"
Evergreen,617,OK,OK,,"[1, 2]"
Evergreen,618,OK,OK,,"[1, 2]"
Evergreen,619,OK,OK,,"[1, 2]"
Evergreen,620,OK,OK,,"[1, 2]"
Evergreen,621,OK,OK,,"[1, 2]"
Evergreen,622,OK,OK,,"[1, 2]"
Evergreen,623,OK,OK,,"[1, 2]"
Evergreen,624,OK,OK,,"[1, 2]"
Evergreen,625,OK,OK,,"[1, 2]"
Evergreen,626,OK,OK,,"[1, 2]"
Evergreen,627,OK,OK,,"[1, 3]"
Evergreen,628,OK,OK,,"[1, 1]"
Evergreen,629,OK,OK,,"[1, 1]"
Evergreen,630,OK,OK,,"[1, 2]"
Evergreen,631,OK,OK,,"[1, 3]"
Evergreen,632,OK,OK,,"[1, 2]"
Evergreen,633,OK,OK,,"[1, 2]"
Evergreen,634,OK,OK,,"[1, 2]"
Evergreen,635,OK,OK,,"[1, 2]"
Evergreen,636,OK,OK,,"[1, 2]"
Evergreen,637,OK,OK,,"[1, 2]"
Evergreen,638,OK,OK,,"[1, 2]"
Evergreen,639,OK,OK,,"[1, 2]"
Evergreen,640,OK,OK,,"[1, 2]"
Evergreen,641,OK,OK,,"[1, 2]"
Evergreen,642,OK,OK,,"[1, 2]"
Evergreen,643,OK,OK,,"[1, 2]"
Evergreen,644,OK,OK,,"[1, 2]"
Evergreen,645,OK,OK,,"[1, 3]"
Evergreen,646,OK,OK,,"[1, 3]"
Evergreen,647,OK,OK,,"[1, 2]"
Evergreen,648,OK,OK,,"[1, 2]"
Evergreen,649,OK,OK,,"[1, 2]"
Evergreen,650,OK,OK,,"[1, 2]"
Evergreen,651,OK,OK,,"[1, 2]"
Evergreen,652,OK,OK,,"[1, 2]"
Evergreen,653,OK,OK,,"[1, 2]"
Evergreen,654,OK,OK,,"[1, 2]"
Evergreen,655,OK,OK,,"[1, 2]"
Evergreen,656,OK,OK,,"[1, 2]"
Evergreen,657,OK,OK,,"[1, 2]"
Evergreen,658,OK,OK,,"[1, 2]"
Evergreen,659,OK,OK,,"[1, 2]"
Evergreen,660,OK,OK,,"[1, 2]"
Evergreen,661,OK,OK,,"[1, 2]"
Evergreen,662,OK,OK,,"[1, 2]"
Evergreen,663,OK,OK,,"[1, 2]"
Evergreen,664,OK,OK,,"[1, 2]"
Evergreen,665,OK,OK,,"[1, 2]"
Evergreen,666,OK,OK,,"[1, 2]"
Evergreen,667,OK,OK,,"[1, 2]"
Evergreen,668,OK,OK,,"[1, 2]"
Evergreen,669,OK,OK,,"[1, 2]"
Evergreen,670,OK,OK,,"[1, 2]"
Evergreen,671,OK,OK,,"[1, 2]"
Evergreen,672,OK,OK,,"[1, 2]"
Evergreen,673,OK,OK,,"[1, 2]"
Evergreen,674,OK,OK,,"[1, 2]"
Evergreen,675,OK,OK,,"[1, 2]"
Evergreen,676,OK,OK,,"[1, 2]"
Evergreen,677,OK,OK,,"[1, 2]"
Evergreen,678,OK,OK,,"[1, 2]"
Evergreen,679,OK,OK,,"[1, 2]"
Evergreen,680,OK,OK,,"[1, 2]"
Evergreen,681,OK,OK,,"[1, 2]"
Evergreen,682,OK,OK,,"[1, 3]"
Evergreen,683,OK,OK,,"[1, 3]"
Evergreen,684,OK,OK,,"[1, 2]"
Evergreen,685,OK,OK,,"[1, 3]"
Evergreen,686,OK,OK,,"[1, 2]"
Evergreen,687,OK,OK,,"[1, 2]"
Evergreen,688,OK,OK,,"[1, 1]"
Evergreen,689,OK,OK,,"[1, 1]"
Evergreen,690,OK,OK,,"[1, 3]"
Evergreen,691,OK,OK,,"[1, 3]"
Evergreen,692,OK,OK,,"[1, 3]"
Evergreen,693,OK,OK,,"[1, 1]"
Evergreen,694,OK,OK,,"[1, 1]"
Evergreen,695,OK,OK,,"[1, 1]"
Evergreen,696,OK,OK,,"[1, 1]"
Evergreen,697,OK,OK,,"[1, 1]"
Evergreen,698,OK,OK,,"[1, 3]"
Evergreen,699,OK,OK,,"[1, 1]"
Evergreen,700,OK,OK,,"[1, 1]"
Evergreen,701,OK,OK,,"[1, 1]"
Evergreen,702,OK,OK,,"[1, 1]"
Evergreen,703,OK,OK,,"[1, 1]"
Evergreen,704,OK,OK,,"[1, 2]"
Evergreen,705,OK,OK,,"[1, 1]"
Evergreen,706,OK,OK,,"[1, 3]"
Evergreen,707,OK,OK,,"[1, 1]"
Evergreen,708,OK,OK,,"[1, 1]"
Evergreen,709,OK,OK,,"[1, 1]"
Evergreen,710,OK,OK,,"[1, 3]"
Evergreen,711,OK,OK,,"[1, 3]"
Evergreen,712,OK,OK,,"[1, 1]"
Evergreen,713,OK,OK,,"[1, 3]"
Evergreen,714,OK,OK,,"[1, 3]"
Evergreen,715,OK,OK,,"[1, 2]"
Evergreen,716,OK,OK,,"[1, 2]"
Evergreen,717,OK,OK,,"[1, 2]"
Evergreen,718,OK,OK,,"[1, 2]"
Evergreen,719,OK,OK,,"[1, 2]"
Evergreen,720,OK,OK,,"[1, 2]"
Evergreen,721,OK,OK,,"[1, 2]"
Evergreen,722,OK,OK,,"[1, 2]"
Evergreen,723,OK,OK,,"[1, 2]"
Evergreen,724,OK,OK,,"[1, 2]"
Evergreen,725,OK,OK,,"[1, 2]"
Evergreen,726,OK,OK,,"[1, 2]"
Evergreen,727,OK,OK,,"[1, 2]"
Evergreen,728,OK,OK,,"[1, 2]"
Evergreen,729,OK,OK,,"[1, 2]"
Evergreen,730,OK,OK,,"[1, 2]"
Evergreen,731,OK,OK,,"[1, 2]"
Evergreen,732,OK,OK,,"[1, 2]"
Evergreen,733,OK,OK,,"[1, 2]"
Evergreen,734,OK,OK,,"[1, 2]"
Evergreen,735,OK,OK,,"[1, 2]"
Evergreen,736,OK,OK,,"[1, 1]"
Evergreen,737,OK,OK,,"[1, 1]"
Evergreen,738,OK,OK,,"[1, 1]"
Evergreen,739,OK,OK,,"[1, 1]"
Evergreen,740,OK,OK,,"[1, 2]"
Evergreen,741,OK,OK,,"[1, 2]"
Evergreen,742,OK,OK,,"[1, 2]"
Evergreen,743,OK,OK,,"[1, 2]"
Evergreen,744,OK,OK,,"[1, 2]"
Evergreen,745,OK,OK,,"[1, 2]"
Evergreen,746,OK,OK,,"[1, 2]"
Evergreen,747,OK,OK,,"[1, 2]"
Evergreen,748,OK,OK,,"[1, 2]"
Evergreen,749,OK,OK,,"[1, 2]"
Evergreen,750,OK,OK,,"[1, 2]"
Evergreen,751,OK,OK,,"[1, 2]"
Evergreen,752,OK,OK,,"[1, 2]"
Evergreen,753,OK,OK,,"[1, 1]"
Evergreen,754,OK,OK,,"[1, 2]"
Evergreen,755,OK,OK,,"[1, 2]"
Evergreen,756,OK,OK,,"[1, 2]"
Evergreen,757,OK,OK,,"[1, 2]"
Evergreen,758,OK,OK,,"[1, 2]"
Evergreen,759,OK,OK,,"[1, 2]"
Evergreen,760,OK,OK,,"[1, 2]"
Evergreen,761,OK,OK,,"[1, 2]"
Evergreen,762,OK,OK,,"[1, 2]"
Evergreen,763,OK,OK,,"[1, 2]"
Evergreen,764,OK,OK,,"[1, 2]"
Evergreen,765,OK,OK,,"[1, 2]"
Evergreen,766,OK,OK,,"[1, 2]"
Evergreen,767,OK,OK,,"[1, 2]"
Evergreen,768,OK,OK,,"[1, 2]"
Evergreen,769,OK,OK,,"[1, 2]"
Evergreen,770,OK,OK,,"[1, 2]"
Evergreen,771,OK,OK,,"[1, 2]"
Evergreen,772,OK,OK,,"[1, 2]"
Evergreen,773,OK,OK,,"[1, 2]"
Evergreen,774,OK,OK,,"[1, 2]"
Evergreen,775,OK,OK,,"[1, 3]"
Evergreen,776,OK,OK,,"[1, 2]"
Evergreen,777,OK,OK,,"[1, 2]"
Evergreen,778,OK,OK,,"[1, 2]"
Evergreen,779,OK,OK,,"[1, 2]"
Evergreen,780,OK,OK,,"[1, 2]"
Evergreen,781,OK,OK,,"[1, 2]"
Evergreen,782,OK,OK,,"[1, 2]"
Evergreen,783,OK,OK,,"[1, 2]"
Evergreen,784,OK,OK,,"[1, 2]"
Evergreen,785,OK,OK,,"[1, 2]"
Evergreen,786,OK,OK,,"[1, 2]"
Evergreen,787,OK,OK,,"[1, 2]"
Evergreen,788,OK,OK,,"[1, 2]"
Evergreen,789,OK,OK,,"[1, 3]"
Evergreen,790,OK,OK,,"[1, 2]"
Evergreen,791,OK,OK,,"[1, 2]"
Evergreen,792,OK,OK,,"[1, 2]"
Evergreen,793,OK,OK,,"[1, 2]"
Evergreen,794,OK,OK,,"[1, 2]"
Evergreen,795,OK,OK,,"[1, 2]"
Evergreen,796,OK,OK,,"[1, 2]"
Evergreen,797,OK,OK,,"[1, 2]"
Evergreen,798,OK,OK,,"[1, 2]"
Evergreen,799,OK,OK,,"[1, 2]"
Evergreen,800,OK,OK,,"[1, 2]"
Evergreen,801,OK,OK,,"[1, 2]"
Evergreen,802,OK,OK,,"[1, 2]"
Evergreen,803,OK,OK,,"[1, 2]"
Evergreen,804,OK,OK,,"[1, 3]"
Evergreen,805,OK,OK,,"[1, 2]"
Evergreen,806,OK,OK,,"[1, 2]"
Evergreen,807,OK,OK,,"[1, 2]"
Evergreen,808,OK,OK,,"[1, 2]"
Evergreen,809,OK,OK,,"[1, 2]"
Evergreen,810,OK,OK,,"[1, 2]"
Evergreen,811,OK,OK,,"[1, 2]"
Evergreen,812,OK,OK,,"[1, 2]"
Evergreen,813,OK,OK,,"[1, 2]"
Evergreen,814,OK,OK,,"[1, 2]"
Evergreen,815,OK,OK,,"[1, 2]"
Evergreen,816,OK,OK,,"[1, 2]"
Evergreen,817,OK,OK,,"[1, 2]"
Evergreen,818,OK,OK,,"[1, 3]"
Evergreen,819,OK,OK,,"[1, 3]"
Evergreen,820,OK,OK,,"[1, 3]"
Evergreen,821,OK,OK,,"[1, 2]"
Evergreen,822,OK,OK,,"[1, 2]"
Evergreen,823,OK,OK,,"[1, 2]"
Evergreen,824,OK,OK,,"[1, 2]"
Evergreen,825,OK,OK,,"[1, 2]"
Evergreen,826,OK,OK,,"[1, 2]"
Evergreen,827,OK,OK,,"[1, 2]"
Evergreen,828,OK,OK,,"[1, 2]"
Evergreen,829,OK,OK,,"[1, 2]"
Evergreen,830,OK,OK,,"[1, 2]"
Evergreen,831,OK,OK,,"[1, 2]"
Evergreen,832,OK,OK,,"[1, 2]"
Evergreen,833,OK,OK,,"[1, 2]"
Evergreen,834,OK,OK,,"[1, 2]"
Evergreen,835,OK,OK,,"[1, 2]"
Evergreen,836,OK,OK,,"[1, 2]"
Evergreen,837,OK,OK,,"[1, 2]"
Evergreen,838,OK,OK,,"[1, 3]"
Evergreen,839,OK,OK,,"[1, 2]"
Evergreen,840,OK,OK,,"[1, 2]"
Evergreen,841,OK,OK,,"[1, 2]"
Evergreen,842,OK,OK,,"[1, 2]"
Evergreen,843,OK,OK,,"[1, 2]"
Evergreen,844,OK,OK,,"[1, 2]"
Evergreen,845,OK,OK,,"[1, 2]"
Evergreen,846,OK,OK,,"[1, 2]"
Evergreen,847,OK,OK,,"[1, 2]"
Evergreen,848,OK,OK,,"[1, 2]"
Evergreen,849,OK,OK,,"[1, 2]"
Evergreen,850,OK,OK,,"[1, 2]"
Evergreen,851,OK,OK,,"[1, 3]"
Evergreen,852,OK,OK,,"[1, 2]"
Evergreen,853,OK,OK,,"[1, 2]"
Evergreen,854,OK,OK,,"[1, 2]"
Evergreen,855,OK,OK,,"[1, 2]"
Evergreen,856,OK,OK,,"[1, 2]"
Evergreen,857,OK,OK,,"[1, 2]"
Evergreen,858,OK,OK,,"[1, 2]"
Evergreen,859,OK,OK,,"[1, 2]"
Evergreen,860,OK,OK,,"[1, 2]"
Evergreen,861,OK,OK,,"[1, 2]"
Evergreen,862,OK,OK,,"[1, 2]"
Evergreen,863,OK,OK,,"[1, 2]"
Evergreen,864,OK,OK,,"[1, 3]"
Evergreen,865,OK,OK,,"[1, 2]"
Evergreen,866,OK,OK,,"[1, 2]"
Evergreen,867,OK,OK,,"[1, 2]"
Evergreen,868,OK,OK,,"[1, 2]"
Evergreen,869,OK,OK,,"[1, 2]"
Evergreen,870,OK,OK,,"[1, 2]"
Evergreen,871,OK,OK,,"[1, 2]"
Evergreen,872,OK,OK,,"[1, 2]"
Evergreen,873,OK,OK,,"[1, 2]"
Evergreen,874,OK,OK,,"[1, 2]"
Evergreen,875,OK,OK,,"[1, 2]"
Evergreen,876,OK,OK,,"[1, 2]"
Evergreen,877,OK,OK,,"[1, 2]"
Evergreen,878,OK,OK,,"[1, 3]"
Evergreen,879,OK,OK,,"[1, 2, 2, 2, 3, 3]"
Evergreen,880,OK,OK,,"[1, 3]"
Evergreen,881,OK,OK,,"[1, 2]"
Evergreen,882,OK,OK,,"[1, 2]"
Evergreen,883,OK,OK,,"[1, 2]"
Evergreen,884,OK,OK,,"[1, 2]"
Evergreen,885,OK,OK,,"[1, 2]"
Evergreen,886,OK,OK,,"[1, 2]"
Evergreen,887,OK,OK,,"[1, 2]"
Evergreen,888,OK,OK,,"[1, 2]"
Evergreen,889,OK,OK,,"[1, 2]"
Evergreen,890,OK,OK,,"[1, 2]"
Evergreen,891,OK,OK,,"[1, 2]"
Evergreen,892,OK,OK,,"[1, 2]"
Evergreen,893,OK,OK,,"[1, 2]"
Evergreen,894,OK,OK,,"[1, 2]"
Evergreen,895,OK,OK,,"[1, 2]"
Evergreen,896,OK,OK,,"[1, 2]"
Evergreen,897,OK,OK,,"[1, 2]"
Evergreen,898,OK,OK,,"[1, 2]"
Evergreen,899,OK,OK,,"[1, 2]"
Evergreen,900,OK,OK,,"[1, 2]"
Evergreen,901,OK,OK,,"[1, 2]"
Evergreen,902,OK,OK,,"[1, 2]"
Evergreen,903,OK,OK,,"[1, 2]"
Evergreen,904,OK,OK,,"[1, 2]"
Evergreen,905,OK,OK,,"[1, 2]"
Evergreen,906,OK,OK,,"[1, 2]"
Evergreen,907,OK,OK,,"[1, 2]"
Evergreen,908,OK,OK,,"[1, 2]"
Evergreen,909,OK,OK,,"[1, 2]"
Evergreen,910,OK,OK,,"[1, 2]"
Evergreen,911,OK,OK,,"[1, 2]"
Evergreen,912,OK,OK,,"[1, 2]"
Evergreen,913,OK,OK,,"[1, 2]"
Evergreen,914,OK,OK,,"[1, 2]"
Evergreen,915,OK,OK,,"[1, 2]"
Evergreen,916,OK,OK,,"[1, 2]"
Evergreen,917,OK,OK,,"[1, 1]"
Evergreen,918,OK,OK,,"[1, 3]"
Evergreen,919,OK,OK,,"[1, 3]"
Evergreen,920,OK,OK,,"[1, 2]"
Evergreen,921,OK,OK,,"[1, 2]"
Evergreen,922,OK,OK,,"[1, 2]"
Evergreen,923,OK,OK,,"[1, 2]"
Evergreen,924,OK,OK,,"[1, 2]"
Evergreen,925,OK,OK,,"[1, 2]"
Evergreen,926,OK,OK,,"[1, 2]"
Evergreen,927,OK,OK,,"[1, 2]"
Evergreen,928,OK,OK,,"[1, 2]"
Evergreen,929,OK,OK,,"[1, 2]"
Evergreen,930,OK,OK,,"[1, 2]"
Evergreen,931,OK,OK,,"[1, 2]"
Evergreen,932,OK,OK,,"[1, 2]"
Evergreen,933,OK,OK,,"[1, 3]"
Evergreen,934,OK,OK,,"[1, 2]"
Evergreen,935,OK,OK,,"[1, 3]"
Evergreen,936,OK,OK,,"[1, 2]"
Evergreen,937,OK,OK,,"[1, 2]"
Evergreen,938,OK,OK,,"[1, 2]"
Evergreen,939,OK,OK,,"[1, 2]"
Evergreen,940,OK,OK,,"[1, 2]"
Evergreen,941,OK,OK,,"[1, 2]"
Evergreen,942,OK,OK,,"[1, 2]"
Evergreen,943,OK,OK,,"[1, 2]"
Evergreen,944,OK,OK,,"[1, 2]"
Evergreen,945,OK,OK,,"[1, 2]"
Evergreen,946,OK,OK,,"[1, 2]"
Evergreen,947,OK,OK,,"[1, 2]"
Evergreen,948,OK,OK,,"[1, 2]"
Evergreen,949,OK,OK,,"[1, 2]"
Evergreen,950,OK,OK,,"[1, 2]"
Evergreen,951,OK,OK,,"[1, 2]"
Evergreen,952,OK,OK,,"[1, 2]"
Evergreen,953,OK,OK,,"[1, 2]"
Evergreen,954,OK,OK,,"[1, 2]"
Evergreen,955,OK,OK,,"[1, 2]"
Evergreen,956,OK,OK,,"[1, 2]"
Evergreen,957,OK,OK,,"[1, 2]"
Evergreen,958,OK,OK,,"[1, 2]"
Evergreen,959,OK,OK,,"[1, 2]"
Evergreen,960,OK,OK,,"[1, 2]"
Evergreen,961,OK,OK,,"[1, 3]"
Evergreen,962,OK,OK,,"[1, 3]"
Evergreen,963,OK,OK,,"[1, 1]"
Evergreen,964,OK,OK,,"[1, 2]"
Evergreen,965,OK,OK,,"[1, 3]"
Evergreen,966,OK,OK,,"[1, 2]"
Evergreen,967,OK,OK,,"[1, 2]"
Evergreen,968,OK,OK,,"[1, 2]"
Evergreen,969,OK,OK,,"[1, 2]"
Evergreen,970,OK,OK,,"[1, 2]"
Evergreen,971,OK,OK,,"[1, 2]"
Evergreen,972,OK,OK,,"[1, 2]"
Evergreen,973,OK,OK,,"[1, 2]"
Evergreen,974,OK,OK,,"[1, 2]"
Evergreen,975,OK,OK,,"[1, 2]"
Evergreen,976,OK,OK,,"[1, 2]"
Evergreen,977,OK,OK,,"[1, 2]"
Evergreen,978,OK,OK,,"[1, 2]"
Evergreen,979,OK,OK,,"[1, 1]"
Evergreen,980,OK,OK,,"[1, 2]"
Evergreen,981,OK,OK,,"[1, 2]"
Evergreen,982,OK,OK,,"[1, 3]"
Evergreen,983,OK,OK,,"[1, 3]"
Evergreen,984,OK,OK,,"[1, 2]"
Evergreen,985,OK,OK,,"[1, 2]"
Evergreen,986,OK,OK,,"[1, 2]"
Evergreen,987,OK,OK,,"[1, 2]"
Evergreen,988,OK,OK,,"[1, 2]"
Evergreen,989,OK,OK,,"[1, 2]"
Evergreen,990,OK,OK,,"[1, 2]"
Evergreen,991,OK,OK,,"[1, 2]"
Evergreen,992,OK,OK,,"[1, 2]"
Evergreen,993,OK,OK,,"[1, 2]"
Evergreen,994,OK,OK,,"[1, 2]"
Evergreen,995,OK,OK,,"[1, 2]"
Evergreen,996,OK,OK,,"[1, 3]"
Evergreen,997,OK,OK,,"[1, 2]"
Evergreen,998,OK,OK,,"[1, 2]"
Evergreen,999,OK,OK,,"[1, 2]"
Maersk,0,BAD_SEQUENCE,REVERSE,Уменьшение: 5 -> 3,"[1, 1, 2, 2, 3, 3, 4, 5, 5, 3, 3, 3, 3, 4]"
Maersk,1,OK,OK,,"[1, 2, 2, 3, 3, 3, 3, 3, 3, 4, 3, 3, 4]"
Maersk,2,BAD_SEQUENCE,SKIP,Скачок: 1 -> 3,"[1, 1, 3, 3, 3, 4]"
Maersk,3,BAD_SEQUENCE,SKIP,Скачок: 1 -> 3,"[1, 1, 3, 3, 3, 4]"
Maersk,4,OK,OK,,"[1, 1, 2, 2, 3, 3, 3, 3, 3, 3, 4, 3, 4]"
Maersk,5,BAD_SEQUENCE,SKIP,Скачок: 1 -> 3,"[1, 1, 3, 3, 3, 4]"
Maersk,6,BAD_SEQUENCE,SKIP,Скачок: 1 -> 3,"[1, 1, 3, 3, 3, 4]"
Maersk,7,OK,OK,,"[1, 2, 2, 3, 4, 4, 5]"
Maersk,8,BAD_SEQUENCE,SKIP,Скачок: 1 -> 3,"[1, 1, 3, 3, 3, 3, 3, 4]"
Maersk,9,OK,OK,,"[1, 2, 2, 3, 4, 4, 5]"
Maersk,10,OK,OK,,"[1, 1, 2, 2, 3, 3, 3, 4]"
Maersk,11,OK,OK,,"[1, 1, 2, 2, 3, 3, 3, 4]"
Maersk,12,OK,OK,,"[1, 3, 4]"
Maersk,13,OK,OK,,"[1, 2, 3, 4, 4, 5]"
Maersk,14,OK,OK,,"[1, 3, 4]"
Maersk,15,OK,OK,,"[1, 1, 2, 2, 2, 2, 2, 2, 2, 3, 3, 3, 3, 3, 3, 4, 3, 3, 4]"
Maersk,16,BAD_SEQUENCE,SKIP,Скачок: 1 -> 3,"[1, 1, 3, 3, 3, 3, 3, 3, 3, 4]"
Maersk,17,OK,OK,,"[1, 1, 2, 2, 3, 3, 4, 3, 3, 3, 3, 3, 4]"
Maersk,18,OK,OK,,"[1, 2, 2, 3, 3, 3, 3, 3, 4, 4, 5]"
Maersk,19,OK,OK,,"[1, 1, 2, 2, 3, 4]"
Maersk,20,OK,OK,,"[1, 3, 4]"
Maersk,21,OK,OK,,"[1, 2, 2, 3, 3, 3, 3, 3, 3, 4, 3, 3, 4]"
Maersk,22,OK,OK,,"[1, 1, 2, 2, 3, 3, 3, 3, 3, 3, 3, 3, 3, 3, 3, 3, 3, 3, 4, 3, 4]"
Maersk,23,OK,OK,,"[1, 1, 2, 2, 2, 2, 3, 3, 3, 3, 3, 4, 4, 5]"
Maersk,24,OK,OK,,"[1, 2, 2, 3, 4, 4, 5]"
Maersk,25,BAD_SEQUENCE,SKIP,Скачок: 1 -> 3,"[1, 1, 3, 3, 3, 3, 3, 4]"
Maersk,26,OK,OK,,"[1, 2, 2, 3, 4, 4, 5]"
Maersk,27,OK,OK,,"[1, 1, 1, 2, 3, 4]"
Maersk,28,OK,OK,,"[1, 2, 2, 3, 3, 3, 3, 3, 3, 3, 4]"
Maersk,29,OK,OK,,"[1, 1, 2, 2, 3, 3, 3, 4]"
Maersk,30,OK,OK,,"[1, 1, 2, 2, 3, 3, 3, 3, 3, 3, 3, 3, 3, 3, 4, 3, 4]"
Maersk,31,BAD_SEQUENCE,REVERSE,Уменьшение: 5 -> 3,"[1, 1, 2, 2, 3, 3, 4, 5, 5, 3, 3, 3, 3, 3, 3, 4, 5, 5]"
Maersk,32,OK,OK,,"[1, 1, 2, 3, 3, 3, 4]"
Maersk,33,OK,OK,,"[1, 1, 2, 2, 3, 4, 4]"
Maersk,34,OK,OK,,"[1, 1, 2, 2, 3, 3, 3, 3, 3, 4, 4]"
Maersk,35,OK,OK,,"[1, 1, 2, 2, 3, 4]"
Maersk,36,OK,OK,,"[1, 1, 2, 2, 3, 3, 3, 4]"
Maersk,37,OK,OK,,"[1, 1, 2, 2, 3, 3, 3, 4]"
Maersk,38,OK,OK,,"[1, 1, 2, 2, 3, 3, 3, 4]"
Maersk,39,BAD_SEQUENCE,SKIP,Скачок: 1 -> 3,"[1, 1, 3, 3, 3, 3, 3, 4]"
Maersk,40,BAD_SEQUENCE,SKIP,Скачок: 1 -> 3,"[1, 1, 3, 3, 3, 3, 3, 4]"
Maersk,41,OK,OK,,"[1, 2, 2, 3, 4, 4, 5]"
Maersk,42,OK,OK,,"[1, 2, 2, 3, 4, 4, 5]"
Maersk,43,OK,OK,,"[1, 2, 2, 3, 3, 3, 3, 3, 3, 4, 3, 3, 4]"
Maersk,44,OK,OK,,"[1, 2, 2, 3, 3, 3, 3, 3, 3, 3, 4]"
Maersk,45,OK,OK,,"[1, 3, 4]"
Maersk,46,BAD_SEQUENCE,SKIP,Скачок: 1 -> 3,"[1, 1, 3, 4]"
Maersk,47,OK,OK,,"[1, 2, 2, 3, 3, 3, 3, 3, 3, 4, 3, 3, 4]"
Maersk,48,OK,OK,,"[1, 1, 2, 2, 3, 3, 3, 3, 3, 4, 4, 5]"
Maersk,49,OK,OK,,"[1, 1, 2, 2, 3, 3, 3, 3, 3, 3, 4, 3, 3, 4]"
Maersk,50,OK,OK,,"[1, 1, 2, 2, 3, 3, 3, 4]"
Maersk,51,OK,OK,,"[1, 3, 4]"
Maersk,52,BAD_SEQUENCE,SKIP,Скачок: 1 -> 3,"[1, 1, 3, 3, 3, 3, 3, 4]"
Maersk,53,OK,OK,,"[1, 2, 2, 3, 4, 4, 5]"
Maersk,54,OK,OK,,"[1, 2, 2, 3, 4, 4, 5]"
Maersk,55,OK,OK,,"[1, 1, 2, 2, 3, 3, 3, 3, 3, 3, 3, 4]"
Maersk,56,OK,OK,,"[1, 1, 2, 3, 4, 5, 5]"
Maersk,57,OK,OK,,"[1, 1, 2, 2, 3, 3, 3, 3, 3, 3, 3, 3, 3, 3, 3, 3, 3, 3, 4, 3, 4]"
Maersk,58,BAD_SEQUENCE,SKIP,Скачок: 1 -> 3,"[1, 1, 3, 4]"
Maersk,59,OK,OK,,"[1, 3, 4]"
Maersk,60,OK,OK,,"[1, 3, 4]"
Maersk,61,OK,OK,,"[1, 3, 4]"
Maersk,62,OK,OK,,"[1, 1, 2, 3, 4]"
Maersk,63,OK,OK,,"[1, 2, 2, 3, 4, 4, 5]"
Maersk,64,BAD_SEQUENCE,SKIP,Скачок: 1 -> 3,"[1, 1, 3, 3, 3, 3, 3, 4]"
Maersk,65,OK,OK,,"[1, 2, 2, 3, 4, 4, 5]"
Maersk,66,OK,OK,,"[1, 3, 4]"
Maersk,67,OK,OK,,"[1, 3, 4]"
Maersk,68,OK,OK,,"[1, 3, 4]"
Maersk,69,OK,OK,,"[1, 3, 4]"
Maersk,70,OK,OK,,"[1, 3, 4]"
Maersk,71,OK,OK,,"[1, 3, 4]"
Maersk,72,OK,OK,,"[1, 2, 2, 3, 3, 3, 3, 3, 3, 3, 3, 3, 4, 4, 5, 5]"
Maersk,73,OK,OK,,"[1, 1, 2, 2, 3, 3, 3, 3, 3, 3, 4, 3, 4]"
Maersk,74,OK,OK,,"[1, 3, 4]"
Maersk,75,OK,OK,,"[1, 1, 2, 2, 3, 3, 3, 3, 3, 3, 4, 3, 4]"
Maersk,76,OK,OK,,"[1, 1, 2, 2, 3, 3, 3, 3, 3, 3, 4, 3, 3, 4]"
Maersk,77,OK,OK,,"[1, 2, 2, 3, 3, 3, 3, 3, 4, 4, 5, 5]"
Maersk,78,OK,OK,,"[1, 1, 2, 2, 3, 4]"
Maersk,79,OK,OK,,"[1, 1, 2, 3, 3, 3, 4]"
Maersk,80,BAD_SEQUENCE,SKIP,Скачок: 1 -> 3,"[1, 1, 3, 3, 3, 3, 3, 4]"
Maersk,81,OK,OK,,"[1, 1, 2, 2, 3, 3, 4, 3, 3, 3, 3, 3, 3, 3, 3, 4]"
Maersk,82,OK,OK,,"[1, 1, 2, 2, 3, 4, 4, 5]"
Maersk,83,OK,OK,,"[1, 1, 2, 3, 3, 3, 4]"
Maersk,84,OK,OK,,"[1, 2, 2, 3, 3, 3, 4]"
Maersk,85,OK,OK,,"[1, 1, 2, 3, 3, 3, 4]"
Maersk,86,OK,OK,,"[1, 1, 2, 3, 3, 3, 4]"
Maersk,87,OK,OK,,"[1, 2, 2, 3, 3, 3, 3, 3, 3, 3, 3, 3, 3, 3, 3, 3, 4, 4, 5, 5]"
Maersk,88,OK,OK,,"[1, 1, 2, 3, 3, 3, 4]"
Maersk,89,OK,OK,,"[1, 3, 4]"
Maersk,90,OK,OK,,"[1, 3, 4]"
Maersk,91,OK,OK,,"[1, 3, 4]"
Maersk,92,OK,OK,,"[1, 3, 4]"
Maersk,93,OK,OK,,"[1, 2, 2, 3, 4, 4, 5]"
Maersk,94,BAD_SEQUENCE,SKIP,Скачок: 1 -> 3,"[1, 1, 3, 3, 3, 3, 3, 4]"
Maersk,95,OK,OK,,"[1, 2, 2, 3, 4, 4, 5]"
Maersk,96,OK,OK,,"[1, 3, 4]"
Maersk,97,OK,OK,,"[1, 3, 4]"
Maersk,98,BAD_SEQUENCE,SKIP,Скачок: 1 -> 3,"[1, 1, 3, 4]"
Maersk,99,OK,OK,,"[1, 3, 4]"
Maersk,100,OK,OK,,"[1, 2, 2, 3, 4, 4, 5]"
Maersk,101,BAD_SEQUENCE,SKIP,Скачок: 1 -> 3,"[1, 1, 3]"
Maersk,102,OK,OK,,"[1, 1, 2, 2, 3, 3, 3, 4]"
Maersk,103,OK,OK,,"[1, 1, 2, 2, 3, 3, 3, 3, 3, 3, 3, 3, 3, 4, 4]"
Maersk,104,OK,OK,,"[1, 1, 2, 2, 2, 2, 3, 3, 3, 4]"
Maersk,105,OK,OK,,"[1, 1, 2, 2, 2, 2, 3, 3, 3, 4]"
Maersk,106,OK,OK,,"[1, 1, 2, 2, 3, 4, 3, 3, 3, 3, 4]"
Maersk,107,OK,OK,,"[1, 1, 2, 2, 2, 2, 3, 3, 3, 4]"
Maersk,108,OK,OK,,"[1, 1, 2, 2, 2, 2, 3, 3, 3, 4]"
Maersk,109,OK,OK,,"[1, 1, 2, 2, 2, 2, 3, 3, 3, 4]"
Maersk,110,OK,OK,,"[1, 1, 2, 2, 2, 2, 3, 3, 3, 4]"
Maersk,111,OK,OK,,"[1, 1, 2, 2, 3, 4, 3, 3, 3, 3, 4]"
Maersk,112,OK,OK,,"[1, 1, 2, 2, 3, 4, 3, 3, 3, 3, 4]"
Maersk,113,OK,OK,,"[1, 1, 2, 2, 2, 2, 3, 3, 3, 4]"
Maersk,114,OK,OK,,"[1, 1, 2, 2, 3, 4, 3, 3, 3, 3, 4]"
Maersk,115,OK,OK,,"[1, 1, 2, 2, 2, 2, 3, 3, 3, 4]"
Maersk,116,OK,OK,,"[1, 1, 2, 2, 2, 2, 3, 3, 3, 4]"
Maersk,117,OK,OK,,"[1, 1, 2, 2, 2, 2, 3, 3, 3, 4]"
Maersk,118,OK,OK,,"[1, 1, 2, 2, 2, 2, 3, 3, 4, 3, 3, 4]"
Maersk,119,OK,OK,,"[1, 1, 2, 2, 2, 2, 3, 3, 3, 4]"
Maersk,120,OK,OK,,"[1, 1, 2, 2, 2, 2, 3, 3, 3, 4]"
Maersk,121,OK,OK,,"[1, 1, 2, 2, 2, 2, 3, 3, 3, 4]"
Maersk,122,OK,OK,,"[1, 1, 2, 2, 2, 2, 3, 3, 3, 4]"
Maersk,123,OK,OK,,"[1, 1, 2, 2, 2, 2, 3, 3, 3, 4]"
Maersk,124,OK,OK,,"[1, 1, 2, 2, 2, 2, 3, 3, 4, 3, 3, 4]"
Maersk,125,OK,OK,,"[1, 1, 2, 2, 2, 2, 3, 3, 3, 4]"
Maersk,126,OK,OK,,"[1, 1, 2, 2, 2, 2, 3, 3, 4, 3, 3, 4]"
Maersk,127,OK,OK,,"[1, 1, 2, 2, 2, 2, 3, 3, 3, 4]"
Maersk,128,OK,OK,,"[1, 1, 2, 2, 2, 2, 3, 3, 4, 3, 3, 4]"
Maersk,129,OK,OK,,"[1, 1, 2, 2, 2, 2, 3, 3, 3, 4]"
Maersk,130,OK,OK,,"[1, 1, 2, 2, 2, 2, 3, 3, 4, 3, 3, 4]"
Maersk,131,OK,OK,,"[1, 1, 2, 2, 2, 2, 3, 3, 4, 3, 3, 4]"
Maersk,132,OK,OK,,"[1, 1, 2, 2, 2, 2, 3, 3, 4, 3, 3, 4]"
Maersk,133,OK,OK,,"[1, 1, 2, 2, 2, 2, 3, 3, 4, 3, 3, 4]"
Maersk,134,OK,OK,,"[1, 1, 2, 2, 2, 2, 3, 3, 4, 3, 3, 4]"
Maersk,135,OK,OK,,"[1, 1, 2, 2, 2, 2, 3, 3, 4, 3, 3, 4]"
Maersk,136,OK,OK,,"[1, 1, 2, 2, 2, 2, 3, 3, 3, 4]"
Maersk,137,OK,OK,,"[1, 1, 2, 2, 3, 4, 3, 3, 3, 3, 4]"
Maersk,138,OK,OK,,"[1, 1, 2, 2, 2, 2, 3, 3, 3, 4]"
Maersk,139,OK,OK,,"[1, 1, 2, 2, 2, 2, 3, 3, 4, 3, 3, 4]"
Maersk,140,OK,OK,,"[1, 1, 2, 2, 3, 4, 3, 3, 3, 3, 4]"
Maersk,141,OK,OK,,"[1, 1, 2, 2, 3, 4, 3, 3, 3, 3, 4]"
Maersk,142,OK,OK,,"[1, 1, 2, 2, 2, 2, 3, 3, 4, 3, 3, 4]"
Maersk,143,OK,OK,,"[1, 1, 2, 2, 2, 2, 3, 3, 3, 4]"
Maersk,144,OK,OK,,"[1, 1, 2, 2, 2, 2, 3, 3, 4, 3, 3, 4]"
Maersk,145,OK,OK,,"[1, 1, 2, 2, 3, 4, 3, 3, 3, 3, 4]"
Maersk,146,OK,OK,,"[1, 1, 2, 2, 3, 4, 3, 3, 3, 3, 4]"
Maersk,147,OK,OK,,"[1, 1, 2, 2, 3, 4, 3, 3, 3, 3, 4]"
Maersk,148,OK,OK,,"[1, 1, 2, 2, 2, 2, 3, 3, 3, 4]"
Maersk,149,OK,OK,,"[1, 1, 2, 2, 3, 4, 3, 3, 3, 3, 4]"
Maersk,150,OK,OK,,"[1, 1, 2, 2, 2, 2, 3, 3, 4, 3, 3, 4]"
Maersk,151,OK,OK,,"[1, 1, 2, 2, 3, 4, 3, 3, 3, 3, 4]"
Maersk,152,OK,OK,,"[1, 1, 2, 2, 3, 3, 3, 3, 3, 3, 4, 3, 4]"
Maersk,153,OK,OK,,"[1, 2, 2, 3, 4]"
Maersk,154,OK,OK,,"[1, 2, 2, 3, 4, 4, 5]"
Maersk,155,OK,OK,,"[1, 1, 2, 2, 3, 3, 3, 3, 3, 4, 4, 5, 5]"
Maersk,156,OK,OK,,"[1, 1, 2, 2, 3, 3, 4, 3, 3, 3, 3, 4]"
Maersk,157,OK,OK,,"[1, 2, 2, 3, 4]"
Maersk,158,OK,OK,,"[1, 3, 4]"
Maersk,159,OK,OK,,"[1, 2, 3, 3, 3, 3, 3, 4]"
Maersk,160,OK,OK,,"[1, 1, 2, 2, 2, 3, 3, 3, 3, 3, 3, 4, 4, 5, 5]"
Maersk,161,OK,OK,,"[1, 2, 2, 3, 4, 4, 5]"
Maersk,162,OK,OK,,"[1, 2, 2, 3, 4, 4, 5]"
Maersk,163,OK,OK,,"[1, 1, 2, 2, 3, 3, 3, 3, 3, 4, 4, 5, 5]"
Maersk,164,OK,OK,,"[1, 1, 2, 2, 3, 3, 3, 3, 3, 3, 3, 4, 4]"
Maersk,165,OK,OK,,"[1, 1, 2, 3, 3, 3, 4]"
Maersk,166,OK,OK,,"[1, 1, 2, 3, 3, 3, 4]"
Maersk,167,OK,OK,,"[1, 1, 2, 3, 3, 3, 4]"
Maersk,168,OK,OK,,"[1, 1, 2, 3, 3, 3, 4]"
Maersk,169,OK,OK,,"[1, 1, 2, 3, 3, 3, 4]"
Maersk,170,BAD_SEQUENCE,SKIP,Скачок: 1 -> 3,"[1, 1, 3, 3, 3, 4]"
Maersk,171,OK,OK,,"[1, 1, 2, 2, 3, 3, 3, 4]"
Maersk,172,OK,OK,,"[1, 1, 2, 2, 3, 3, 4, 3, 3, 4]"
Maersk,173,OK,OK,,"[1, 1, 2, 2, 3, 3, 4, 3, 3, 4]"
Maersk,174,OK,OK,,"[1, 1, 2, 2, 2, 3, 3, 4, 3, 4]"
Maersk,175,OK,OK,,"[1, 1, 2, 2, 3, 3, 4, 3, 3, 4]"
Maersk,176,OK,OK,,"[1, 1, 2, 2, 3, 4]"
Maersk,177,OK,OK,,"[1, 1, 2, 2, 3, 3, 4, 3, 4]"
Maersk,178,OK,OK,,"[1, 1, 2, 2, 3, 3, 3, 4]"
Maersk,179,OK,OK,,"[1, 1, 2, 2, 3, 3, 4, 3, 4]"
Maersk,180,OK,OK,,"[1, 1, 2, 2, 3, 4, 4, 5, 5]"
Maersk,181,OK,OK,,"[1, 2, 3, 3, 4, 4, 5]"
Maersk,182,OK,OK,,"[1, 2, 2, 3, 4, 4, 5]"
Maersk,183,OK,OK,,"[1, 2, 2, 3, 4, 4, 5]"
Maersk,184,OK,OK,,"[1, 1, 2, 2, 3, 3, 3, 3, 3, 4, 4, 5, 5]"
Maersk,185,OK,OK,,"[1, 1, 2, 2, 3, 3, 4, 3, 3, 3, 3, 4]"
Maersk,186,OK,OK,,"[1, 1, 2, 2, 3, 4]"
Maersk,187,OK,OK,,"[1, 1, 2, 2, 3, 4]"
Maersk,188,BAD_SEQUENCE,SKIP,Скачок: 1 -> 3,"[1, 1, 3, 4]"
Maersk,189,OK,OK,,"[1, 1, 2, 2, 3, 3, 4, 3, 3, 4]"
Maersk,190,OK,OK,,"[1, 1, 2, 2, 3, 4]"
Maersk,191,OK,OK,,"[1, 2, 2, 3, 4, 4, 5]"
Maersk,192,OK,OK,,"[1, 2, 2, 3, 4, 4, 5]"
Maersk,193,OK,OK,,"[1, 1, 2, 2, 3, 3, 3, 3, 3, 4, 4, 5, 5]"
Maersk,194,OK,OK,,"[1, 1, 2, 2, 3, 3, 4, 3, 4]"
Maersk,195,OK,OK,,"[1, 3, 4]"
Maersk,196,OK,OK,,"[1, 3, 4]"
Maersk,197,OK,OK,,"[1, 1, 2, 2, 3, 4]"
Maersk,198,OK,OK,,"[1, 1, 2, 2, 3, 3, 3, 3, 3, 3, 4, 3, 3, 4]"
Maersk,199,OK,OK,,"[1, 1, 2, 2, 3, 3, 4, 3, 3, 3, 3, 4]"
Maersk,200,OK,OK,,"[1, 2, 2, 3, 3, 3, 3, 3, 3, 4, 3, 3, 4]"
Maersk,201,OK,OK,,"[1, 1, 2, 2, 3, 3, 4, 3, 4]"
Maersk,202,OK,OK,,"[1, 1, 2, 2, 3, 3, 3, 4]"
Maersk,203,OK,OK,,"[1, 1, 2, 2, 3, 3, 3, 4]"
Maersk,204,BAD_SEQUENCE,REVERSE,Уменьшение: 5 -> 3,"[1, 1, 2, 2, 3, 3, 4, 5, 5, 3, 4]"
Maersk,205,OK,OK,,"[1, 1, 2, 2, 3, 3, 3, 3, 3, 4, 4, 5, 5]"
Maersk,206,OK,OK,,"[1, 2, 2, 3, 4, 4, 5]"
Maersk,207,OK,OK,,"[1, 2, 2, 3, 4, 4, 5]"
Maersk,208,OK,OK,,"[1, 1, 2, 2, 3, 4]"
Maersk,209,OK,OK,,"[1, 1, 2, 2, 2, 2]"
Maersk,210,BAD_SEQUENCE,REVERSE,Уменьшение: 5 -> 3,"[1, 1, 2, 2, 3, 3, 4, 5, 5, 3, 4]"
Maersk,211,OK,OK,,"[1, 1, 2, 2, 3, 3, 3, 3, 3, 3, 4, 3, 3, 4]"
Maersk,212,OK,OK,,"[1, 1, 2, 2, 3, 3, 3, 3, 3, 3, 3, 3, 3, 4, 4]"
Maersk,213,OK,OK,,"[1, 3, 4]"
Maersk,214,OK,OK,,"[1, 2, 2, 3, 3, 3, 3, 3, 4]"
Maersk,215,OK,OK,,"[1, 1, 2, 3, 4]"
Maersk,216,OK,OK,,"[1, 1, 2, 2, 3, 3, 4, 3, 4]"
Maersk,217,OK,OK,,"[1, 1, 2, 2, 3, 3, 3, 4]"
Maersk,218,OK,OK,,"[1, 1, 2, 2, 3, 4, 4, 5]"
Maersk,219,OK,OK,,"[1, 1, 2, 2, 3, 3, 3, 4]"
Maersk,220,OK,OK,,"[1, 1, 2, 2, 3, 3, 3, 3, 3, 3, 3, 3, 3, 4, 4, 5, 5]"
Maersk,221,OK,OK,,"[1, 2, 2, 3, 4, 4, 5]"
Maersk,222,OK,OK,,"[1, 2, 2, 3, 4, 4, 5]"
Maersk,223,OK,OK,,"[1, 1, 2, 2, 3, 3, 4, 3, 3, 4]"
Maersk,224,OK,OK,,"[1, 1, 2, 2, 3, 3, 3, 3, 3, 4, 4, 5, 5]"
Maersk,225,OK,OK,,"[1, 1, 2, 2, 3, 3, 3, 4]"
Maersk,226,OK,OK,,"[1, 1, 2, 2, 3, 3, 3, 4]"
Maersk,227,OK,OK,,"[1, 2, 2, 3, 3, 3, 3, 3, 4]"
Maersk,228,OK,OK,,"[1, 3, 3, 3, 3, 3, 4]"
Maersk,229,BAD_SEQUENCE,REVERSE,Уменьшение: 5 -> 3,"[1, 1, 2, 2, 3, 3, 4, 5, 5, 3, 4]"
Maersk,230,OK,OK,,"[1, 1, 2, 2, 3, 3, 3, 3, 3, 4, 4, 5, 5, 5]"
Maersk,231,OK,OK,,"[1, 1, 2, 2, 3, 3, 3, 3, 3, 4, 4, 5, 5, 5]"
Maersk,232,OK,OK,,"[1, 1, 2, 2, 3, 3, 4, 3, 4]"
Maersk,233,OK,OK,,"[1, 2, 2, 3, 4, 4, 5]"
Maersk,234,OK,OK,,"[1, 1, 2, 2, 3, 3, 3, 3, 3, 4, 4, 5, 5]"
Maersk,235,OK,OK,,"[1, 2, 2, 3, 4, 4, 5]"
Maersk,236,OK,OK,,"[1, 1, 2, 2, 3, 4]"
Maersk,237,BAD_SEQUENCE,REVERSE,Уменьшение: 5 -> 3,"[1, 1, 2, 2, 3, 3, 4, 5, 5, 3, 3, 3, 3, 4]"
Maersk,238,OK,OK,,"[1, 2, 2, 3, 3, 4, 3, 3, 4]"
Maersk,239,OK,OK,,"[1, 1, 2, 2, 3, 3, 3, 4]"
Maersk,240,OK,OK,,"[1, 1, 2, 2, 3, 3, 3, 3, 3, 4, 4, 5, 5]"
Maersk,241,OK,OK,,"[1, 2, 2, 3, 4, 4, 5]"
Maersk,242,OK,OK,,"[1, 2, 2, 3, 4, 4, 5]"
Maersk,243,OK,OK,,"[1, 1, 2, 2, 3, 3, 4, 3, 4]"
Maersk,244,OK,OK,,"[1, 2, 2, 3, 3, 4, 3, 4]"
Maersk,245,OK,OK,,"[1, 1, 2, 2, 3, 3, 3, 4]"
Maersk,246,BAD_SEQUENCE,SKIP,Скачок: 1 -> 3,"[1, 1, 3]"
Maersk,247,OK,OK,,"[1, 1, 2, 2, 3, 4]"
Maersk,248,OK,OK,,"[1, 1, 2, 2, 3, 3, 4, 3, 3, 3, 4]"
Maersk,249,OK,OK,,"[1, 1, 2, 2, 2, 2, 2, 2, 2, 2, 2, 3, 3, 4, 3, 4]"
Maersk,250,OK,OK,,"[1, 1, 2, 3, 4]"
Maersk,251,OK,OK,,"[1, 1, 2, 2, 3, 3, 3, 3, 3, 4, 4, 5, 5]"
Maersk,252,OK,OK,,"[1, 2, 2, 3, 4, 4, 5]"
Maersk,253,OK,OK,,"[1, 2, 2, 3, 4, 4, 5]"
Maersk,254,OK,OK,,"[1, 2, 2, 3, 3, 3, 3, 3, 3, 4, 3, 3, 4]"
Maersk,255,OK,OK,,"[1, 1, 2, 2, 3, 4]"
Maersk,256,OK,OK,,"[1, 1, 2, 2, 3, 3, 3, 4]"
Maersk,257,OK,OK,,"[1, 1, 2, 2, 3, 3, 3, 4]"
Maersk,258,OK,OK,,"[1, 1, 2, 2, 3, 4]"
Maersk,259,OK,OK,,"[1, 1, 2, 3, 3, 3, 4]"
Maersk,260,OK,OK,,"[1, 2, 2, 3, 3, 4, 3, 4]"
Maersk,261,OK,OK,,"[1, 2, 2, 2, 3, 4, 4, 5, 5]"
Maersk,262,OK,OK,,"[1, 1, 2, 2, 3, 4]"
Maersk,263,OK,OK,,"[1, 1, 2, 2, 3, 3, 3, 3, 3, 3, 4, 3, 3, 4]"
Maersk,264,OK,OK,,"[1, 1, 2, 2, 3, 3, 4, 3, 3, 3, 3, 4]"
Maersk,265,OK,OK,,"[1, 1, 2, 2, 3, 3, 4, 3, 3, 3, 4]"
Maersk,266,OK,OK,,"[1, 1, 2, 2, 3, 3, 3, 3, 3, 4]"
Maersk,267,OK,OK,,"[1, 3, 3, 3, 3, 3, 4]"
Maersk,268,OK,OK,,"[1, 1, 2, 2, 3, 3, 3, 3, 3, 4, 4, 5, 5]"
Maersk,269,OK,OK,,"[1, 2, 2, 3, 4, 4, 5]"
Maersk,270,OK,OK,,"[1, 2, 2, 3, 4, 4, 5]"
Maersk,271,OK,OK,,"[1, 2, 2, 3, 3, 3, 4]"
Maersk,272,OK,OK,,"[1, 1, 2, 2, 3, 3, 4, 3, 3, 4]"
Maersk,273,OK,OK,,"[1, 1, 2, 2, 3, 4]"
Maersk,274,OK,OK,,"[1, 1, 2, 2, 3, 4]"
Maersk,275,OK,OK,,"[1, 1, 2, 2, 3, 4]"
Maersk,276,OK,OK,,"[1, 1, 2, 2, 3, 4]"
Maersk,277,OK,OK,,"[1, 1, 2, 3, 4]"
Maersk,278,OK,OK,,"[1, 1, 2, 2, 2, 2, 3, 3, 3, 3, 3, 4, 4, 5, 5, 5, 5]"
Maersk,279,BAD_SEQUENCE,REVERSE,Уменьшение: 5 -> 3,"[1, 1, 2, 2, 3, 3, 3, 3, 3, 3, 4, 5, 5, 3, 3, 3, 3, 4, 5, 5, 5, 5]"
Maersk,280,OK,OK,,"[1, 1, 2, 2, 3, 3, 4, 3, 3, 3, 4]"
Maersk,281,OK,OK,,"[1, 1, 2, 2, 2, 2, 3, 3, 3, 4, 5, 5, 5, 5]"
Maersk,282,OK,OK,,"[1, 2, 2, 3, 3, 3, 3, 3, 3, 3, 4]"
Maersk,283,OK,OK,,"[1, 1, 2, 2, 2, 2, 3, 3, 3, 3, 3, 3, 4, 3, 4]"
Maersk,284,OK,OK,,"[1, 1, 2, 2, 3, 3, 3, 3, 3, 4, 4, 5, 5]"
Maersk,285,OK,OK,,"[1, 2, 2, 3, 4, 4, 5]"
Maersk,286,OK,OK,,"[1, 2, 2, 3, 4, 4, 5]"
Maersk,287,OK,OK,,"[1, 1, 2, 2, 3, 3, 3, 3, 3, 4]"
Maersk,288,OK,OK,,"[1, 1, 2, 2, 3, 3, 4, 3, 3, 3, 3, 4]"
Maersk,289,OK,OK,,"[1, 1, 2, 2, 3, 4]"
Maersk,290,OK,OK,,"[1, 1, 2, 2, 3, 3, 3, 4]"
Maersk,291,BAD_SEQUENCE,REVERSE,Уменьшение: 5 -> 3,"[1, 1, 2, 2, 3, 3, 3, 3, 3, 3, 4, 5, 5, 3, 3, 3, 4]"
Maersk,292,OK,OK,,"[1, 1, 2, 2, 3, 4]"
Maersk,293,OK,OK,,"[1, 1, 2, 2, 3, 4]"
Maersk,294,BAD_SEQUENCE,REVERSE,Уменьшение: 5 -> 4,"[1, 1, 2, 2, 3, 3, 3, 3, 3, 4, 4, 5, 5, 4]"
Maersk,295,OK,OK,,"[1, 1, 2, 2, 3, 3, 4, 3, 3, 4]"
Maersk,296,OK,OK,,"[1, 1, 2, 2, 3, 3, 3, 3, 3, 4, 4, 5, 5]"
Maersk,297,OK,OK,,"[1, 2, 2, 3, 4, 4, 5]"
Maersk,298,OK,OK,,"[1, 2, 2, 3, 4, 4, 5]"
Maersk,299,OK,OK,,"[1, 1, 2, 2, 3, 3, 3, 3, 3, 3, 4, 3, 3, 3, 3, 3, 3, 4]"
Maersk,300,OK,OK,,"[1, 1, 2, 2, 3, 3, 3, 3, 3, 3, 4, 3, 4]"
Maersk,301,OK,OK,,"[1, 1, 2, 2, 3, 3, 4, 3, 4]"
Maersk,302,OK,OK,,"[1, 1, 2, 2, 3, 3, 3, 3, 3, 3, 4, 3, 4]"
Maersk,303,OK,OK,,"[1, 1, 2, 2, 3, 3, 3, 3, 3, 3, 4, 3, 4]"
Maersk,304,OK,OK,,"[1, 1, 2, 2, 3, 4]"
Maersk,305,BAD_SEQUENCE,REVERSE,Уменьшение: 5 -> 3,"[1, 1, 2, 2, 3, 3, 4, 5, 5, 3, 3, 4]"
Maersk,306,BAD_SEQUENCE,REVERSE,Уменьшение: 5 -> 3,"[1, 1, 2, 2, 3, 3, 4, 5, 5, 3, 3, 4]"
Maersk,307,OK,OK,,"[1, 1, 2, 2, 3, 4]"
Maersk,308,OK,OK,,"[1, 1, 2, 2, 3, 3, 4, 3, 3, 3, 3, 4]"
Maersk,309,OK,OK,,"[1, 1, 2, 2, 3, 3, 4, 3, 3, 3, 3, 4]"
Maersk,310,OK,OK,,"[1, 1, 2, 2, 2, 2, 3, 3, 3, 4]"
Maersk,311,OK,OK,,"[1, 1, 2, 2, 3, 3, 3, 4, 3, 3, 4]"
Maersk,312,OK,OK,,"[1, 1, 2, 2, 3, 3, 3, 3, 3, 4]"
Maersk,313,OK,OK,,"[1, 1, 2, 2, 3, 3, 4, 3, 3, 3, 3, 4]"
Maersk,314,OK,OK,,"[1, 1, 2, 2, 3, 3, 3, 3, 3, 4]"
Maersk,315,OK,OK,,"[1, 1, 2, 2, 3, 4]"
Maersk,316,OK,OK,,"[1, 1, 2, 2, 3, 4]"
Maersk,317,OK,OK,,"[1, 1, 2, 2, 3, 4]"
Maersk,318,BAD_SEQUENCE,REVERSE,Уменьшение: 5 -> 3,"[1, 2, 2, 3, 3, 4, 5, 5, 3, 3, 3, 3, 3, 3, 3, 3, 3, 4]"
Maersk,319,OK,OK,,"[1, 2, 2, 3, 3, 3, 3, 3, 3, 4, 3, 4]"
Maersk,320,OK,OK,,"[1, 1, 2, 2, 3, 4]"
Maersk,321,OK,OK,,"[1, 1, 2, 2, 3, 4]"
Maersk,322,OK,OK,,"[1, 1, 2, 2, 3, 4]"
Maersk,323,OK,OK,,"[1, 1, 2, 2, 3, 4]"
Maersk,324,OK,OK,,"[1, 1, 2, 2, 3, 3, 3, 3, 3, 4]"
Maersk,325,OK,OK,,"[1, 1, 2, 2, 3, 3, 3, 3, 3, 4]"
Maersk,326,OK,OK,,"[1, 1, 2, 2, 3, 3, 4, 3, 3, 3, 3, 4]"
Maersk,327,OK,OK,,"[1, 1, 2, 2, 3, 3, 3, 3, 3, 4, 4, 5, 5]"
Maersk,328,OK,OK,,"[1, 2, 2, 3, 4, 4, 5]"
Maersk,329,OK,OK,,"[1, 2, 2, 3, 4, 4, 5]"
Maersk,330,OK,OK,,"[1, 1, 2, 2, 2, 2, 2, 2, 2, 2, 3, 3, 4, 3, 4]"
Maersk,331,OK,OK,,"[1, 1, 2, 2, 3, 4, 4, 5, 5]"
Maersk,332,OK,OK,,"[1, 1, 2, 2, 2, 3, 3, 4, 3, 3, 3, 4]"
Maersk,333,OK,OK,,"[1, 1, 2, 2, 2, 2, 2, 3, 3, 3, 3, 3, 3, 4, 4]"
Maersk,334,OK,OK,,"[1, 1, 2, 2, 3, 3, 3, 3, 3, 4, 4, 5]"
Maersk,335,OK,OK,,"[1, 1, 2, 2, 3, 4]"
Maersk,336,OK,OK,,"[1, 2, 2, 3, 4, 4, 5]"
Maersk,337,OK,OK,,"[1, 1, 2, 2, 3, 3, 3, 3, 3, 4, 4, 5, 5]"
Maersk,338,OK,OK,,"[1, 2, 2, 3, 4, 4, 5]"
Maersk,339,OK,OK,,"[1, 2, 2, 2, 3, 4, 4, 5, 5, 5, 5, 5]"
Maersk,340,BAD_SEQUENCE,REVERSE,Уменьшение: 5 -> 4,"[1, 1, 2, 2, 3, 3, 3, 3, 3, 4, 4, 5, 5, 4]"
Maersk,341,OK,OK,,"[1, 1, 2, 2, 3, 3, 4, 3, 3, 4]"
Maersk,342,OK,OK,,"[1, 1, 2, 2, 3, 3, 3, 3, 3, 4, 4]"
Maersk,343,OK,OK,,"[1, 1, 2, 2, 2, 2, 3, 4]"
Maersk,344,OK,OK,,"[1, 2, 2, 2, 3, 4, 4, 5, 5]"
Maersk,345,OK,OK,,"[1, 1, 2, 2, 2, 2, 3, 4]"
Maersk,346,OK,OK,,"[1, 1, 2, 2, 2, 2, 3, 4]"
Maersk,347,OK,OK,,"[1, 2, 2, 3, 4, 5, 5]"
Maersk,348,OK,OK,,"[1, 2, 2, 2, 3, 4, 4, 5, 5, 5]"
Maersk,349,OK,OK,,"[1, 2, 2, 2, 3, 3, 3, 3, 3, 3, 4, 4, 5, 5, 5, 5, 5, 5, 5, 5, 5, 5, 5, 5, 5, 5, 5, 5]"
Maersk,350,OK,OK,,"[1, 2, 2, 3, 4, 4, 5]"
Maersk,351,OK,OK,,"[1, 1, 2, 2, 3, 3, 3, 3, 3, 4, 4, 5, 5]"
Maersk,352,OK,OK,,"[1, 2, 2, 3, 4, 4, 5]"
Maersk,353,OK,OK,,"[1, 1, 2, 2, 3, 3, 4, 3, 3, 4]"
Maersk,354,OK,OK,,"[1, 1, 2, 2, 3, 3, 3, 3, 3, 3, 4, 3, 4]"
Maersk,355,OK,OK,,"[1, 1, 2, 2, 3, 3, 4, 3, 3, 3, 3, 4]"
Maersk,356,OK,OK,,"[1, 2, 2, 3, 3, 3, 3, 3, 4, 4, 5]"
Maersk,357,OK,OK,,"[1, 2, 2, 3, 4]"
Maersk,358,OK,OK,,"[1, 1, 2, 2, 3, 3, 4, 3, 4]"
Maersk,359,OK,OK,,"[1, 1, 2, 2, 3, 3, 3, 3, 3, 4]"
Maersk,360,OK,OK,,"[1, 1, 2, 2, 3, 4]"
Maersk,361,OK,OK,,"[1, 1, 2, 2, 3, 3, 3, 4]"
Maersk,362,OK,OK,,"[1, 1, 2, 2, 3, 3, 4, 3, 3, 3, 4]"
Maersk,363,OK,OK,,"[1, 1, 2, 2, 3, 3, 4, 3, 4]"
Maersk,364,OK,OK,,"[1, 1, 2, 2, 3, 3, 4, 3, 3, 4]"
Maersk,365,OK,OK,,"[1, 2, 2, 2, 2, 3, 3, 3, 4]"
Maersk,366,OK,OK,,"[1, 1, 2, 2, 2, 2, 3, 3, 3, 4]"
Maersk,367,OK,OK,,"[1, 1, 2, 2, 3, 4]"
Maersk,368,OK,OK,,"[1, 1, 2, 2, 2, 2, 3, 3, 3, 4]"
Maersk,369,OK,OK,,"[1, 1, 2, 2, 2, 2, 3, 3, 3, 4]"
Maersk,370,OK,OK,,"[1, 1, 2, 2, 3, 3, 3, 4]"
Maersk,371,OK,OK,,"[1, 1, 2, 2, 3, 3, 3, 3, 3, 3, 4, 3, 3, 4]"
Maersk,372,OK,OK,,"[1, 1, 2, 2, 3, 3, 3, 4]"
Maersk,373,OK,OK,,"[1, 1, 2, 2, 3, 4]"
Maersk,374,OK,OK,,"[1, 1, 2, 2, 2, 3, 3, 3, 3, 3, 3, 3, 3, 3, 3, 4, 4, 5, 5]"
Maersk,375,OK,OK,,"[1, 2, 2, 3, 3, 3, 3, 3, 3, 3, 3, 3, 3, 3, 3, 3, 3, 3, 4, 4, 5, 5]"
Maersk,376,OK,OK,,"[1, 1, 2, 2, 3, 3, 3, 3, 3, 4, 4, 5, 5]"
Maersk,377,OK,OK,,"[1, 1, 2, 2, 3, 3, 4, 3, 3, 4]"
Maersk,378,OK,OK,,"[1, 1, 2, 2, 3, 3, 3, 3, 3, 4, 4, 5, 5]"
Maersk,379,OK,OK,,"[1, 2, 2, 3, 4, 4, 5]"
Maersk,380,OK,OK,,"[1, 1, 2, 2, 3, 3, 3, 3, 3, 3, 3, 4, 3, 3, 4]"
Maersk,381,BAD_SEQUENCE,SKIP,Скачок: 1 -> 3,"[1, 1, 3, 3, 3, 3, 3, 4]"
Maersk,382,OK,OK,,"[1, 1, 2, 2, 3, 3, 3, 3, 3, 3, 4, 3, 3, 4]"
Maersk,383,OK,OK,,"[1, 1, 2, 2, 3, 3, 4, 3, 3, 4]"
Maersk,384,OK,OK,,"[1, 1, 2, 2, 3, 3, 4, 3, 3, 4]"
Maersk,385,OK,OK,,"[1, 1, 2, 2, 3, 3, 4, 3, 3, 4]"
Maersk,386,OK,OK,,"[1, 1, 2, 2, 3, 3, 3, 3, 3, 3, 3, 3, 3, 4, 4, 5, 5]"
Maersk,387,OK,OK,,"[1, 2, 2, 3, 4, 4, 5]"
Maersk,388,OK,OK,,"[1, 1, 2, 2, 3, 3, 3, 3, 3, 3, 4, 3, 4]"
Maersk,389,OK,OK,,"[1, 1, 2, 2, 3, 3, 4, 3, 3, 4]"
Maersk,390,OK,OK,,"[1, 1, 2, 2, 3, 3, 4, 3, 3, 3, 3, 4]"
Maersk,391,OK,OK,,"[1, 3, 4]"
Maersk,392,OK,OK,,"[1, 1, 2, 2, 3, 3, 3, 3, 3, 3, 4, 3, 3, 3, 3, 3, 3, 4]"
Maersk,393,OK,OK,,"[1, 2, 2, 3, 3, 3, 3, 3, 4]"
Maersk,394,OK,OK,,"[1, 1, 2, 2, 3, 3, 3, 4]"
Maersk,395,OK,OK,,"[1, 1, 2, 2, 3, 4]"
Maersk,396,OK,OK,,"[1, 2, 2, 3, 3, 3, 3, 3, 3, 4, 3, 3, 4]"
Maersk,397,OK,OK,,"[1, 1, 2, 2, 3, 4]"
Maersk,398,OK,OK,,"[1, 1, 2, 3, 3, 3, 4]"
Maersk,399,OK,OK,,"[1, 2, 2, 3, 4, 4, 5]"
Maersk,400,OK,OK,,"[1, 1, 2, 2, 3, 3, 3, 3, 3, 4, 4, 5, 5]"
Maersk,401,OK,OK,,"[1, 2, 2, 3, 4, 4, 5]"
Maersk,402,OK,OK,,"[1, 1, 2, 2, 3, 3, 4, 3, 4]"
Maersk,403,OK,OK,,"[1, 1, 2, 2, 2, 3, 4, 4, 5, 5]"
Maersk,404,OK,OK,,"[1, 1, 1, 1, 2, 2, 3, 4]"
Maersk,405,OK,OK,,"[1, 1, 2, 2, 3, 3, 4, 3, 3, 4]"
Maersk,406,OK,OK,,"[1, 1, 2, 2, 3, 3, 3, 4]"
Maersk,407,OK,OK,,"[1, 1, 2, 2, 2, 3, 4]"
Maersk,408,OK,OK,,"[1, 1, 2, 2, 3, 3, 3, 3, 3, 3, 3, 4, 4, 5]"
Maersk,409,OK,OK,,"[1, 1, 1, 1, 2, 2, 3, 3, 3, 3, 3, 4]"
Maersk,410,OK,OK,,"[1, 1, 2, 2, 3, 3, 3, 3, 3, 4, 4, 5, 5]"
Maersk,411,OK,OK,,"[1, 2, 2, 3, 4, 4, 5]"
Maersk,412,OK,OK,,"[1, 2, 2, 3, 4, 4, 5]"
Maersk,413,BAD_SEQUENCE,REVERSE,Уменьшение: 5 -> 4,"[1, 1, 2, 2, 3, 3, 3, 3, 3, 4, 4, 5, 5, 4]"
Maersk,414,OK,OK,,"[1, 2, 3, 4]"
Maersk,415,OK,OK,,"[1, 2, 3, 4]"
Maersk,416,OK,OK,,"[1, 1, 2, 2, 3, 3, 4, 3, 4]"
Maersk,417,OK,OK,,"[1, 1, 2, 2, 3, 3, 4, 3, 3, 4]"
Maersk,418,OK,OK,,"[1, 1, 2, 2, 3, 3, 4, 3, 3, 4]"
Maersk,419,OK,OK,,"[1, 3, 4]"
Maersk,420,OK,OK,,"[1, 1, 2, 2, 3, 3, 4, 3, 3, 3, 4]"
Maersk,421,OK,OK,,"[1, 1, 2, 2, 2, 3, 3, 4, 3, 3, 3, 4]"
Maersk,422,OK,OK,,"[1, 1, 2, 2, 3, 3, 3, 4]"
Maersk,423,OK,OK,,"[1, 1, 2, 2, 3, 3, 4, 3, 3, 3, 4]"
Maersk,424,OK,OK,,"[1, 1, 2, 2, 3, 3, 3, 4]"
Maersk,425,OK,OK,,"[1, 1, 2, 2, 3, 3, 4, 3, 3, 4]"
Maersk,426,OK,OK,,"[1, 2, 2, 2, 2, 2, 2, 2, 3, 3, 3, 4]"
Maersk,427,OK,OK,,"[1, 1, 2, 2, 3, 3, 3, 3, 3, 4, 4, 5, 5]"
Maersk,428,OK,OK,,"[1, 2, 2, 3, 4, 4, 5]"
Maersk,429,OK,OK,,"[1, 2, 2, 3, 4, 4, 5]"
Maersk,430,OK,OK,,"[1, 1, 1, 2, 3, 4]"
Maersk,431,OK,OK,,"[1, 1, 2, 2, 2, 3, 4]"
Maersk,432,OK,OK,,"[1, 1, 2, 2, 3, 4]"
Maersk,433,OK,OK,,"[1, 1, 2, 2, 3, 3, 4, 3, 3, 4]"
Maersk,434,OK,OK,,"[1, 1, 2, 2, 3, 3, 4, 3, 3, 3, 3, 4]"
Maersk,435,OK,OK,,"[1, 2, 2, 3, 4, 4, 5]"
Maersk,436,OK,OK,,"[1, 1, 2, 2, 3, 3, 3, 3, 3, 4, 4, 5, 5]"
Maersk,437,OK,OK,,"[1, 2, 2, 3, 4, 4, 5]"
Maersk,438,OK,OK,,"[1, 1, 2, 2, 2, 2, 3, 3, 4, 3, 3, 4]"
Maersk,439,OK,OK,,"[1, 1, 2, 2, 2, 2, 3, 3, 3, 3, 3, 3, 4, 3, 3, 4]"
Maersk,440,OK,OK,,"[1, 1, 2, 2, 3, 3, 3, 3, 3, 4, 4, 5, 5]"
Maersk,441,OK,OK,,"[1, 2, 2, 3, 4, 4, 5]"
Maersk,442,OK,OK,,"[1, 2, 2, 3, 4, 4, 5]"
Maersk,443,OK,OK,,"[1, 3, 4]"
Maersk,444,OK,OK,,"[1, 1, 2, 2, 3, 3, 4, 3, 4]"
Maersk,445,OK,OK,,"[1, 3, 4]"
Maersk,446,OK,OK,,"[1, 2, 2, 3, 4, 4, 5]"
Maersk,447,OK,OK,,"[1, 2, 2, 3, 4, 4, 5]"
Maersk,448,OK,OK,,"[1, 1, 2, 2, 3, 3, 3, 3, 3, 4, 4, 5, 5]"
Maersk,449,OK,OK,,"[1, 1, 2, 2, 3, 4]"
Maersk,450,OK,OK,,"[1, 1, 2, 2, 3, 3, 3, 3, 3, 4, 4, 5, 5]"
Maersk,451,OK,OK,,"[1, 2, 2, 3, 4, 4, 5]"
Maersk,452,OK,OK,,"[1, 2, 2, 3, 4, 4, 5]"
Maersk,453,OK,OK,,"[1, 1, 2, 2, 3, 4]"
Maersk,454,OK,OK,,"[1, 1, 2, 2, 3, 4, 4, 5]"
Maersk,455,OK,OK,,"[1, 2, 2, 3, 4, 4, 5]"
Maersk,456,OK,OK,,"[1, 2, 2, 3, 4, 4, 5]"
Maersk,457,OK,OK,,"[1, 1, 2, 2, 3, 3, 3, 3, 3, 4, 4, 5, 5]"
Maersk,458,OK,OK,,"[1, 1, 2, 2, 2, 2, 3, 3, 3, 3, 3, 3, 3, 3, 3, 4, 4]"
Maersk,459,OK,OK,,"[1, 1, 2, 2, 2, 2, 3, 3, 3, 3, 3, 4]"
Maersk,460,OK,OK,,"[1, 1, 2, 2, 2, 2, 3, 3, 3, 3, 3, 3, 4, 3, 3, 4]"
Maersk,461,OK,OK,,"[1, 1, 2, 2, 2, 2, 3, 3, 3, 3, 3, 4]"
Maersk,462,OK,OK,,"[1, 1, 2, 2, 2, 2, 3, 3, 3, 3, 3, 4]"
Maersk,463,OK,OK,,"[1, 1, 2, 2, 2, 2, 3, 3, 3, 3, 3, 4]"
Maersk,464,OK,OK,,"[1, 1, 2, 2, 2, 2, 3, 3, 3, 3, 3, 4]"
Maersk,465,OK,OK,,"[1, 1, 2, 2, 2, 2, 3, 3, 3, 3, 3, 4]"
Maersk,466,OK,OK,,"[1, 1, 2, 2, 2, 2, 3, 3, 3, 3, 3, 4]"
Maersk,467,OK,OK,,"[1, 1, 2, 2, 2, 2, 3, 3, 3, 3, 3, 4]"
Maersk,468,OK,OK,,"[1, 1, 2, 2, 2, 2, 3, 3, 3, 3, 3, 4]"
Maersk,469,OK,OK,,"[1, 1, 2, 2, 2, 2, 3, 3, 3, 3, 3, 3, 4, 3, 3, 4]"
Maersk,470,OK,OK,,"[1, 1, 2, 3, 4]"
Maersk,471,OK,OK,,"[1, 1, 2, 2, 2, 2, 3, 3, 3, 3, 3, 4]"
Maersk,472,OK,OK,,"[1, 1, 2, 2, 2, 2, 3, 3, 3, 3, 3, 4]"
Maersk,473,OK,OK,,"[1, 1, 2, 2, 2, 2, 3, 3, 3, 3, 3, 4]"
Maersk,474,OK,OK,,"[1, 1, 2, 2, 2, 2, 3, 3, 3, 3, 3, 3, 3, 3, 3, 4, 4]"
Maersk,475,OK,OK,,"[1, 1, 2, 2, 2, 2, 3, 3, 3, 3, 3, 3, 4, 3, 3, 4]"
Maersk,476,OK,OK,,"[1, 1, 2, 2, 2, 3, 4]"
Maersk,477,OK,OK,,"[1, 1, 2, 2, 2, 2, 3, 3, 3, 3, 3, 4]"
Maersk,478,OK,OK,,"[1, 1, 2, 2, 2, 2, 3, 3, 3, 3, 3, 4]"
Maersk,479,OK,OK,,"[1, 1, 2, 2, 2, 2, 3, 3, 3, 3, 3, 4]"
Maersk,480,OK,OK,,"[1, 1, 2, 2, 2, 2, 3, 3, 3, 3, 3, 3, 3, 3, 3, 4, 4]"
Maersk,481,OK,OK,,"[1, 1, 2, 2, 3, 3, 4, 3, 3, 4]"
Maersk,482,OK,OK,,"[1, 1, 2, 2, 3, 3, 4, 3, 3, 4]"
Maersk,483,OK,OK,,"[1, 1, 2, 2, 2, 2, 3, 3, 3, 3, 3, 3, 4, 3, 3, 4]"
Maersk,484,OK,OK,,"[1, 1, 2, 2, 3, 3, 3, 3, 3, 4, 4]"
Maersk,485,OK,OK,,"[1, 1, 2, 2, 2, 2, 3, 3, 3, 3, 3, 3, 3, 3, 3, 4, 4]"
Maersk,486,OK,OK,,"[1, 1, 2, 2, 2, 2, 3, 3, 3, 3, 3, 3, 4, 3, 3, 4]"
Maersk,487,OK,OK,,"[1, 2, 2, 3, 4, 4, 5]"
Maersk,488,OK,OK,,"[1, 2, 2, 2, 2, 2, 2, 2, 2, 2, 2, 2, 3, 4, 4, 5, 5]"
Maersk,489,OK,OK,,"[1, 2, 2, 3, 4, 4, 5]"
Maersk,490,OK,OK,,"[1, 1, 2, 2, 3, 3, 3, 3, 3, 4, 4, 5, 5]"
Maersk,491,OK,OK,,"[1, 2, 2, 3, 4, 4, 5]"
Maersk,492,OK,OK,,"[1, 2, 2, 3, 4, 4, 5]"
Maersk,493,OK,OK,,"[1, 3, 4]"
Maersk,494,OK,OK,,"[1, 1, 2, 2, 3, 3, 3, 4]"
Maersk,495,OK,OK,,"[1, 1, 2, 2, 3, 4]"
Maersk,496,OK,OK,,"[1, 1, 2, 2, 3, 3, 4, 3, 4]"
Maersk,497,OK,OK,,"[1, 1, 2, 2, 3, 3, 4, 3, 3, 4]"
Maersk,498,OK,OK,,"[1, 1, 2, 2, 3, 3, 4, 3, 3, 4]"
Maersk,499,OK,OK,,"[1, 1, 2, 2, 3, 3, 4, 3, 3, 3, 3, 4]"
Maersk,500,OK,OK,,"[1, 1, 2, 2, 3, 3, 4, 3, 3, 4]"
Maersk,501,OK,OK,,"[1, 1, 2, 2, 3, 3, 3, 3, 3, 4, 4]"
Maersk,502,OK,OK,,"[1, 3, 4]"
Maersk,503,BAD_SEQUENCE,SKIP,Скачок: 1 -> 3,"[1, 1, 3, 3, 3, 3, 3, 3, 3, 3, 3, 3, 3, 3, 3, 3, 3, 4, 4]"
Maersk,504,OK,OK,,"[1, 1, 2, 3, 3, 3, 3, 3, 3, 3, 3, 3, 3, 3, 3, 3, 3, 4, 4]"
Maersk,505,OK,OK,,"[1, 1, 2, 3, 3, 3, 3, 3, 3, 3, 3, 3, 3, 3, 3, 3, 3, 4, 4]"
Maersk,506,OK,OK,,"[1, 3, 4]"
Maersk,507,OK,OK,,"[1, 1, 2, 2, 3, 3, 3, 3, 3, 4, 4]"
Maersk,508,OK,OK,,"[1, 1, 2, 2, 3, 3, 4, 3, 3, 3, 3, 4]"
Maersk,509,OK,OK,,"[1, 1, 2, 2, 2, 2, 3, 3, 3, 3, 3, 3, 3, 3, 3, 4, 4]"
Maersk,510,OK,OK,,"[1, 1, 2, 2, 3, 3, 3, 3, 3, 4]"
Maersk,511,OK,OK,,"[1, 1, 2, 2, 2, 2, 3, 3, 3, 3, 3, 3, 4, 3, 3, 4]"
Maersk,512,OK,OK,,"[1, 1, 2, 2, 2, 2, 3, 3, 3, 3, 3, 3, 3, 3, 3, 4, 4]"
Maersk,513,OK,OK,,"[1, 1, 2, 2, 2, 2, 3, 3, 3, 3, 3, 3, 3, 3, 3, 4, 4]"
Maersk,514,OK,OK,,"[1, 2, 2, 3, 3, 4, 3, 4]"
Maersk,515,OK,OK,,"[1, 1, 2, 2, 3, 3, 4, 3, 3, 3, 4]"
Maersk,516,OK,OK,,"[1, 2, 2, 3, 3, 4, 3, 4]"
Maersk,517,OK,OK,,"[1, 1, 2, 2, 2, 2, 3, 3, 3, 3, 3, 3, 3, 3, 3, 4, 4]"
Maersk,518,OK,OK,,"[1, 1, 2, 2, 2, 2, 3, 3, 3, 3, 3, 3, 3, 3, 3, 4, 4]"
Maersk,519,OK,OK,,"[1, 1, 2, 2, 2, 2, 3, 3, 3, 3, 3, 3, 3, 3, 3, 4, 4]"
Maersk,520,OK,OK,,"[1, 1, 2, 2, 2, 2, 3, 3, 3, 3, 3, 3, 3, 3, 3, 4, 4]"
Maersk,521,OK,OK,,"[1, 1, 2, 2, 2, 2, 3, 3, 3, 3, 3, 3, 3, 3, 3, 4, 4]"
Maersk,522,OK,OK,,"[1, 1, 2, 2, 2, 2, 3, 3, 3, 3, 3, 3, 3, 3, 3, 4, 4]"
Maersk,523,OK,OK,,"[1, 1, 2, 2, 2, 2, 3, 3, 3, 3, 3, 3, 4, 3, 3, 4]"
Maersk,524,OK,OK,,"[1, 1, 2, 2, 2, 2, 3, 3, 3, 3, 3, 3, 3, 3, 3, 4, 4]"
Maersk,525,OK,OK,,"[1, 1, 2, 2, 2, 2, 3, 3, 3, 3, 3, 3, 4, 3, 3, 4]"
Maersk,526,OK,OK,,"[1, 1, 2, 2, 2, 2, 3, 3, 3, 3, 3, 3, 3, 3, 3, 4, 4]"
Maersk,527,OK,OK,,"[1, 1, 2, 2, 2, 2, 3, 3, 3, 3, 3, 3, 3, 3, 3, 4, 4]"
Maersk,528,OK,OK,,"[1, 1, 2, 2, 2, 2, 3, 3, 3, 3, 3, 3, 3, 3, 3, 4, 4]"
Maersk,529,OK,OK,,"[1, 1, 2, 2, 2, 2, 3, 3, 3, 3, 3, 3, 3, 3, 3, 4, 4]"
Maersk,530,OK,OK,,"[1, 1, 2, 2, 2, 2, 3, 3, 3, 3, 3, 3, 3, 3, 3, 4, 4]"
Maersk,531,OK,OK,,"[1, 1, 2, 2, 2, 2, 3, 3, 3, 3, 3, 3, 3, 3, 3, 4, 4]"
Maersk,532,OK,OK,,"[1, 1, 2, 2, 2, 2, 3, 3, 3, 3, 3, 3, 4, 3, 3, 4]"
Maersk,533,OK,OK,,"[1, 3, 4]"
Maersk,534,OK,OK,,"[1, 2, 2, 3, 4, 4, 5]"
Maersk,535,OK,OK,,"[1, 1, 2, 2, 2, 2, 3, 3, 3, 3, 3, 3, 4, 3, 3, 4]"
Maersk,536,OK,OK,,"[1, 1, 2, 2, 2, 2, 3, 3, 3, 3, 3, 3, 4, 3, 3, 4]"
Maersk,537,OK,OK,,"[1, 1, 2, 2, 2, 2, 3, 3, 3, 3, 3, 3, 4, 3, 3, 4]"
Maersk,538,OK,OK,,"[1, 1, 2, 2, 2, 2, 3, 3, 3, 3, 3, 3, 4, 3, 3, 4]"
Maersk,539,OK,OK,,"[1, 1, 2, 2, 2, 2, 3, 3, 3, 3, 3, 3, 4, 3, 3, 4]"
Maersk,540,OK,OK,,"[1, 1, 2, 2, 2, 2, 3, 3, 3, 3, 3, 3, 3, 3, 3, 4, 4]"
Maersk,541,OK,OK,,"[1, 1, 2, 2, 3, 3, 3, 3, 3, 4, 4, 5, 5]"
Maersk,542,OK,OK,,"[1, 2, 2, 3, 4, 4, 5]"
Maersk,543,OK,OK,,"[1, 2, 2, 3, 4, 4, 5]"
Maersk,544,OK,OK,,"[1, 1, 2, 2, 2, 2, 3, 3, 3, 3, 3, 3, 3, 3, 3, 4, 4]"
Maersk,545,OK,OK,,"[1, 1, 2, 2, 2, 2, 3, 3, 3, 3, 3, 3, 3, 3, 3, 4, 4]"
Maersk,546,OK,OK,,"[1, 3, 4]"
Maersk,547,OK,OK,,"[1, 1, 2, 2, 2, 2, 3, 3, 3, 3, 3, 3, 3, 3, 3, 4, 4]"
Maersk,548,OK,OK,,"[1, 1, 2, 2, 3, 3, 3, 3, 3, 4]"
Maersk,549,OK,OK,,"[1, 1, 2, 2, 3, 4]"
Maersk,550,OK,OK,,"[1, 1, 2, 2, 3, 3, 3, 3, 3, 4]"
Maersk,551,OK,OK,,"[1, 1, 2, 2, 2, 2, 3, 3, 3, 3, 3, 3, 3, 3, 3, 4, 4]"
Maersk,552,OK,OK,,"[1, 1, 2, 2, 2, 2, 3, 3, 3, 3, 3, 3, 3, 3, 3, 4, 4]"
Maersk,553,OK,OK,,"[1, 1, 2, 2, 2, 2, 3, 3, 3, 3, 3, 4]"
Maersk,554,OK,OK,,"[1, 1, 2, 2, 3, 3, 3, 3, 3, 4]"
Maersk,555,OK,OK,,"[1, 1, 2, 2, 2, 2, 3, 3, 3, 3, 3, 4]"
Maersk,556,OK,OK,,"[1, 1, 2, 2, 3, 3, 3, 3, 3, 3, 4, 3, 4]"
Maersk,557,BAD_SEQUENCE,SKIP,Скачок: 1 -> 3,"[1, 1, 3, 3, 3, 4]"
Maersk,558,BAD_SEQUENCE,SKIP,Скачок: 1 -> 3,"[1, 1, 3, 3, 3, 4]"
Maersk,559,OK,OK,,"[1, 1, 2, 2, 3, 3, 3, 3, 3, 4, 4, 5, 5]"
Maersk,560,OK,OK,,"[1, 2, 2, 3, 4, 4, 5]"
Maersk,561,OK,OK,,"[1, 2, 2, 3, 4, 4, 5]"
Maersk,562,OK,OK,,"[1, 1, 2, 2, 3, 3, 3, 3, 3, 4, 4, 5, 5]"
Maersk,563,BAD_SEQUENCE,REVERSE,Уменьшение: 5 -> 4,"[1, 1, 2, 2, 3, 4, 4, 5, 5, 4]"
Maersk,564,OK,OK,,"[1, 2, 2, 2, 2, 3, 3, 3, 3, 3, 4, 4, 5, 5]"
Maersk,565,OK,OK,,"[1, 1, 2, 2, 3, 3, 3, 3, 3, 4, 4, 4]"
Maersk,566,OK,OK,,"[1, 1, 2, 2, 3, 3, 3, 3, 3, 4, 4, 5, 5]"
Maersk,567,OK,OK,,"[1, 1, 2, 2, 3, 3, 3, 3, 3, 4, 4, 5, 5]"
Maersk,568,OK,OK,,"[1, 2, 2, 3, 4, 4, 5]"
Maersk,569,OK,OK,,"[1, 2, 2, 3, 4, 4, 5]"
Maersk,570,OK,OK,,"[1, 1, 2, 2, 3, 3, 3, 3, 3, 4, 4, 5, 5]"
Maersk,571,OK,OK,,"[1, 1, 2, 2, 3, 3, 3, 3, 3, 4, 4, 5, 5]"
Maersk,572,OK,OK,,"[1, 1, 2, 2, 3, 4]"
Maersk,573,OK,OK,,"[1, 1, 2, 2, 3, 3, 3, 3, 3, 4, 4, 5, 5]"
Maersk,574,OK,OK,,"[1, 1, 2, 2, 3, 3, 3, 3, 3, 4, 4, 5, 5]"
Maersk,575,OK,OK,,"[1, 1, 2, 2, 3, 3, 3, 3, 3, 4, 4, 5, 5]"
Maersk,576,OK,OK,,"[1, 1, 2, 2, 3, 3, 3, 3, 3, 4, 4, 5, 5]"
Maersk,577,OK,OK,,"[1, 1, 2, 2, 3, 3, 3, 3, 3, 4, 4, 5, 5]"
Maersk,578,OK,OK,,"[1, 2, 2, 3, 4, 4, 5]"
Maersk,579,OK,OK,,"[1, 2, 2, 3, 4, 4, 5]"
Maersk,580,OK,OK,,"[1, 1, 2, 2, 3, 4]"
Maersk,581,OK,OK,,"[1, 2, 2, 3, 3, 4, 3, 3, 3, 3, 4]"
Maersk,582,OK,OK,,"[1, 1, 2, 2, 3, 4]"
Maersk,583,OK,OK,,"[1, 1, 2, 2, 3, 3, 4, 3, 3, 3, 3, 4]"
Maersk,584,OK,OK,,"[1, 1, 2, 2, 3, 4]"
Maersk,585,OK,OK,,"[1, 1, 2, 2, 3, 3, 3, 3, 3, 4, 4, 4]"
Maersk,586,OK,OK,,"[1, 1, 2, 2, 3, 3, 3, 3, 3, 3, 3, 4]"
Maersk,587,OK,OK,,"[1, 1, 2, 2, 3, 3, 3, 4]"
Maersk,588,OK,OK,,"[1, 2, 2, 3, 3, 3, 3, 3, 3, 3, 3, 3, 3, 3, 3, 4, 3, 4]"
Maersk,589,OK,OK,,"[1, 1, 2, 2, 2, 2, 3, 3, 3, 4]"
Maersk,590,OK,OK,,"[1, 1, 2, 2, 3, 4]"
Maersk,591,OK,OK,,"[1, 1, 2, 2, 3, 3, 4, 3, 4]"
Maersk,592,OK,OK,,"[1, 1, 2, 2, 3, 3, 4, 3, 3, 3, 3, 4]"
Maersk,593,OK,OK,,"[1, 1, 2, 2, 3, 3, 3, 3, 3, 3, 3, 3, 3, 4, 4]"
Maersk,594,OK,OK,,"[1, 1, 2, 2, 3, 4]"
Maersk,595,OK,OK,,"[1, 1, 2, 2, 3, 3, 4, 3, 4]"
Maersk,596,OK,OK,,"[1, 1, 2, 2, 3, 3, 4, 3, 3, 3, 3, 4]"
Maersk,597,OK,OK,,"[1, 1, 2, 2, 3, 3, 3, 3, 3, 3, 3, 3, 3, 4, 4, 5, 5]"
Maersk,598,OK,OK,,"[1, 1, 2, 2, 3, 3, 3, 3, 3, 4]"
Maersk,599,OK,OK,,"[1, 1, 2, 2, 3, 3, 3, 3, 3, 3, 4, 3, 4]"
Maersk,600,OK,OK,,"[1, 2, 2, 3, 4, 4, 5]"
Maersk,601,OK,OK,,"[1, 1, 2, 2, 2, 2, 3, 3, 3, 4]"
Maersk,602,OK,OK,,"[1, 1, 2, 2, 3, 3, 4, 3, 4]"
Maersk,603,OK,OK,,"[1, 1, 2, 2, 2, 2, 3, 3, 3, 4]"
Maersk,604,OK,OK,,"[1, 2, 2, 2, 2, 3, 3, 3, 4]"
Maersk,605,BAD_SEQUENCE,REVERSE,Уменьшение: 5 -> 3,"[1, 2, 2, 2, 2, 3, 3, 4, 5, 5, 3, 3, 4, 5, 5]"
Maersk,606,OK,OK,,"[1, 1, 2, 3, 3, 3, 4]"
Maersk,607,OK,OK,,"[1, 1, 2, 2, 3, 3, 3, 3, 3, 4, 4, 5, 5]"
Maersk,608,OK,OK,,"[1, 1, 2, 2, 3, 3, 3, 3, 3, 4, 4]"
Maersk,609,OK,OK,,"[1, 1, 2, 2, 3, 3, 3, 3, 3, 3, 3, 4, 4, 3, 3, 4]"
Maersk,610,OK,OK,,"[1, 1, 2, 2, 3, 3, 4, 3, 4]"
Maersk,611,OK,OK,,"[1, 1, 2, 2, 3, 3, 3, 3, 3, 3, 4, 3, 4]"
Maersk,612,OK,OK,,"[1, 2, 2, 3, 4, 4, 5]"
Maersk,613,OK,OK,,"[1, 2, 2, 3, 3, 3, 4, 5, 5]"
Maersk,614,BAD_SEQUENCE,REVERSE,Уменьшение: 5 -> 3,"[1, 2, 2, 3, 3, 4, 5, 5, 3, 3, 4]"
Maersk,615,OK,OK,,"[1, 1, 2, 2, 3, 4]"
Maersk,616,OK,OK,,"[1, 2, 2, 3, 3, 3, 3, 3, 3, 3, 3, 3, 3, 3, 3, 3, 4, 4]"
Maersk,617,OK,OK,,"[1, 1, 2, 2, 3, 3, 3, 3, 3, 4, 4, 5, 5]"
Maersk,618,OK,OK,,"[1, 2, 2, 3, 4, 4, 5]"
Maersk,619,OK,OK,,"[1, 2, 2, 3, 4, 4, 5]"
Maersk,620,OK,OK,,"[1, 1, 2, 2, 3, 3, 3, 3, 3, 3, 4, 3, 3, 3, 3, 3, 3, 4]"
Maersk,621,OK,OK,,"[1, 1, 2, 2, 3, 4]"
Maersk,622,OK,OK,,"[1, 1, 2, 2, 3, 3, 3, 3, 3, 4, 4, 5, 5]"
Maersk,623,OK,OK,,"[1, 2, 2, 3, 4, 4, 5]"
Maersk,624,OK,OK,,"[1, 2, 2, 3, 4, 4, 5]"
Maersk,625,OK,OK,,"[1, 2, 2, 3, 4, 4, 5]"
Maersk,626,OK,OK,,"[1, 1, 2, 2, 3, 3, 3, 3, 3, 4, 4, 5, 5]"
Maersk,627,OK,OK,,"[1, 2, 2, 3, 4, 4, 5]"
Maersk,628,OK,OK,,"[1, 1, 2, 2, 3, 4]"
Maersk,629,OK,OK,,"[1, 1, 2, 3, 3, 3, 4, 5, 5, 5, 5]"
Maersk,630,OK,OK,,"[1, 1, 2, 2, 3, 4, 3, 3, 3, 3, 3, 4]"
Maersk,631,OK,OK,,"[1, 1, 2, 2, 3, 3, 3, 3, 3, 3, 3, 3, 3, 4, 4]"
Maersk,632,OK,OK,,"[1, 2, 2, 3, 4, 4, 5]"
Maersk,633,OK,OK,,"[1, 1, 2, 2, 2, 3, 3, 3, 4]"
Maersk,634,OK,OK,,"[1, 2, 2, 3, 4, 4, 5]"
Maersk,635,OK,OK,,"[1, 1, 2, 2, 3, 3, 3, 3, 3, 4, 4, 5, 5]"
Maersk,636,OK,OK,,"[1, 2, 2, 3, 4, 4, 5]"
Maersk,637,OK,OK,,"[1, 2, 2, 3, 4, 4, 5]"
Maersk,638,OK,OK,,"[1, 1, 2, 2, 2, 2, 3, 3, 3, 3, 3, 3, 4, 3, 3, 4]"
Maersk,639,OK,OK,,"[1, 1, 2, 2, 2, 3, 3, 3, 3, 3, 4]"
Maersk,640,OK,OK,,"[1, 1, 2, 2, 2, 2, 3, 3, 3, 3, 3, 3, 4, 3, 3, 4]"
Maersk,641,OK,OK,,"[1, 1, 2, 2, 2, 3, 3, 3, 3, 3, 4]"
Maersk,642,OK,OK,,"[1, 1, 2, 2, 2, 3, 3, 3, 3, 3, 4]"
Maersk,643,OK,OK,,"[1, 1, 2, 2, 2, 3, 3, 3, 3, 3, 4]"
Maersk,644,OK,OK,,"[1, 1, 2, 2, 2, 3, 3, 3, 3, 3, 4]"
Maersk,645,OK,OK,,"[1, 1, 2, 2, 2, 2, 3, 3, 3, 3, 3, 3, 4, 3, 3, 4]"
Maersk,646,OK,OK,,"[1, 1, 2, 2, 2, 3, 3, 3, 3, 3, 4]"
Maersk,647,OK,OK,,"[1, 1, 2, 2, 2, 3, 3, 3, 3, 3, 4]"
Maersk,648,OK,OK,,"[1, 1, 2, 2, 2, 3, 3, 3, 3, 3, 4]"
Maersk,649,OK,OK,,"[1, 1, 2, 2, 2, 3, 3, 3, 3, 3, 4]"
Maersk,650,OK,OK,,"[1, 1, 2, 2, 2, 3, 3, 3, 3, 3, 4]"
Maersk,651,OK,OK,,"[1, 1, 2, 2, 2, 3, 3, 3, 3, 3, 4]"
Maersk,652,OK,OK,,"[1, 1, 2, 2, 2, 3, 3, 3, 3, 3, 4]"
Maersk,653,OK,OK,,"[1, 1, 2, 2, 2, 2, 3, 3, 3, 3, 3, 3, 4, 3, 3, 4]"
Maersk,654,OK,OK,,"[1, 1, 2, 2, 2, 2, 3, 3, 3, 3, 3, 3, 4, 3, 3, 4]"
Maersk,655,OK,OK,,"[1, 2, 2, 3, 3, 4, 3, 3, 3, 3, 4]"
Maersk,656,OK,OK,,"[1, 1, 2, 2, 2, 3, 3, 4, 3, 4, 5, 5]"
Maersk,657,OK,OK,,"[1, 1, 2, 2, 2, 3, 4]"
Maersk,658,OK,OK,,"[1, 1, 2, 2, 2, 3, 3, 3, 3, 3, 4]"
Maersk,659,OK,OK,,"[1, 1, 2, 2, 3, 3, 3, 4]"
Maersk,660,OK,OK,,"[1, 1, 2, 2, 2, 3, 3, 3, 3, 3, 4]"
Maersk,661,OK,OK,,"[1, 1, 2, 2, 2, 3, 3, 3, 3, 3, 4]"
Maersk,662,OK,OK,,"[1, 1, 2, 2, 2, 2, 3, 3, 3, 3, 3, 3, 4, 3, 3, 4]"
Maersk,663,OK,OK,,"[1, 1, 2, 2, 3, 3, 3, 4]"
Maersk,664,OK,OK,,"[1, 1, 2, 2, 3, 3, 4, 3, 3, 4]"
Maersk,665,OK,OK,,"[1, 1, 2, 2, 3, 3, 4, 3, 3, 4]"
Maersk,666,OK,OK,,"[1, 1, 2, 2, 2, 2, 3, 3, 3, 3, 3, 3, 4, 3, 3, 4]"
Maersk,667,OK,OK,,"[1, 1, 2, 2, 2, 2, 3, 3, 3, 3, 3, 3, 4, 3, 3, 4]"
Maersk,668,OK,OK,,"[1, 1, 2, 2, 2, 2, 3, 3, 3, 3, 3, 3, 4, 3, 3, 4]"
Maersk,669,OK,OK,,"[1, 2, 2, 3, 4, 4, 5]"
Maersk,670,OK,OK,,"[1, 1, 2, 2, 3, 4]"
Maersk,671,OK,OK,,"[1, 2, 2, 3, 4, 4, 5]"
Maersk,672,OK,OK,,"[1, 1, 2, 2, 3, 3, 3, 3, 3, 4, 4, 5]"
Maersk,673,OK,OK,,"[1, 2, 2, 3, 4, 4, 5]"
Maersk,674,OK,OK,,"[1, 2, 2, 3, 4, 4, 5]"
Maersk,675,OK,OK,,"[1, 3, 4]"
Maersk,676,OK,OK,,"[1, 1, 2, 2, 2, 2, 2, 2, 3, 3, 4, 3, 3, 4]"
Maersk,677,OK,OK,,"[1, 1, 2, 2, 3, 3, 4, 3, 3, 4]"
Maersk,678,OK,OK,,"[1, 1, 2, 2, 3, 4]"
Maersk,679,OK,OK,,"[1, 1, 2, 2, 3, 4]"
Maersk,680,OK,OK,,"[1, 1, 2, 2, 3, 3, 3, 4]"
Maersk,681,OK,OK,,"[1, 1, 2, 2, 3, 3, 3, 3, 3, 4, 4, 5, 5]"
Maersk,682,OK,OK,,"[1, 1, 2, 2, 3, 3, 3, 3, 3, 4, 4, 5, 5]"
Maersk,683,OK,OK,,"[1, 1, 2, 2, 3, 4]"
Maersk,684,OK,OK,,"[1, 1, 2, 2, 3, 3, 3, 3, 3, 4, 4, 5, 5]"
Maersk,685,OK,OK,,"[1, 1, 2, 2, 3, 3, 3, 3, 3, 4, 4, 5, 5]"
Maersk,686,OK,OK,,"[1, 1, 2, 2, 3, 3, 3, 3, 3, 4, 4, 5, 5]"
Maersk,687,OK,OK,,"[1, 1, 2, 2, 3, 3, 3, 3, 3, 4, 4, 5, 5]"
Maersk,688,OK,OK,,"[1, 1, 2, 2, 3, 3, 3, 4]"
Maersk,689,OK,OK,,"[1, 1, 2, 2, 3, 3, 4, 3, 3, 4]"
Maersk,690,OK,OK,,"[1, 1, 2, 2, 3, 3, 3, 3, 3, 4, 4, 5, 5]"
Maersk,691,OK,OK,,"[1, 3, 4]"
Maersk,692,OK,OK,,"[1, 1, 2, 2, 3, 3, 3, 3, 3, 4, 4, 5]"
Maersk,693,BAD_SEQUENCE,SKIP,Скачок: 1 -> 3,"[1, 1, 3]"
Maersk,694,OK,OK,,"[1, 2, 2, 3, 3, 3, 3, 3, 4, 4]"
Maersk,695,OK,OK,,"[1, 1, 2, 2, 3, 3, 4, 3, 3, 3, 4]"
Maersk,696,OK,OK,,"[1, 1, 2, 2, 3, 3, 4, 3, 3, 4]"
Maersk,697,OK,OK,,"[1, 1, 2, 2, 3, 3, 4, 3, 3, 4]"
Maersk,698,OK,OK,,"[1, 1, 2, 2, 3, 3, 4, 3, 3, 4]"
Maersk,699,OK,OK,,"[1, 1, 2, 2, 3, 3, 4, 3, 3, 3, 3, 4]"
Maersk,700,OK,OK,,"[1, 2, 2, 3, 3, 3, 4]"
Maersk,701,OK,OK,,"[1, 3, 4]"
Maersk,702,OK,OK,,"[1, 1, 2, 2, 2, 2, 3, 3, 3, 3, 3, 3, 4, 3, 3, 4]"
Maersk,703,OK,OK,,"[1, 1, 2, 2, 3, 3, 3, 3, 3, 4]"
Maersk,704,OK,OK,,"[1, 1, 2, 2, 2, 2, 3, 3, 3, 3, 3, 3, 4, 3, 3, 4]"
Maersk,705,OK,OK,,"[1, 2, 2, 3, 3, 3, 4]"
Maersk,706,OK,OK,,"[1, 1, 2, 2, 2, 2, 3, 3, 3, 3, 3, 3, 4, 3, 3, 4]"
Maersk,707,OK,OK,,"[1, 1, 2, 2, 3, 3, 3, 3, 3, 4]"
Maersk,708,OK,OK,,"[1, 1, 2, 2, 2, 2, 3, 3, 3, 3, 3, 3, 4, 3, 3, 4]"
Maersk,709,OK,OK,,"[1, 1, 2, 2, 2, 2, 3, 3, 3, 3, 3, 3, 4, 3, 3, 4]"
Maersk,710,OK,OK,,"[1, 1, 2, 2, 2, 2, 3, 3, 3, 3, 3, 3, 4, 3, 3, 4]"
Maersk,711,OK,OK,,"[1, 1, 2, 2, 2, 2, 3, 3, 3, 3, 3, 3, 4, 3, 3, 4]"
Maersk,712,BAD_SEQUENCE,SKIP,Скачок: 1 -> 3,"[1, 1, 3, 4]"
Maersk,713,OK,OK,,"[1, 1, 2, 2, 2, 2, 3, 3, 3, 3, 3, 3, 4, 3, 3, 4]"
Maersk,714,OK,OK,,"[1, 2, 2, 2, 2, 2, 2, 2, 2, 2, 2, 3, 3, 3, 3, 3, 4, 4]"
Maersk,715,OK,OK,,"[1, 1, 2, 2, 2, 2, 3, 3, 3, 3, 3, 3, 4, 3, 3, 4]"
Maersk,716,OK,OK,,"[1, 1, 2, 2, 2, 2, 3, 3, 3, 3, 3, 3, 4, 3, 3, 4]"
Maersk,717,OK,OK,,"[1, 1, 2, 2, 2, 2, 3, 3, 3, 3, 3, 3, 4, 3, 3, 4]"
Maersk,718,OK,OK,,"[1, 1, 2, 2, 2, 2, 3, 3, 3, 3, 3, 3, 4, 3, 3, 4]"
Maersk,719,OK,OK,,"[1, 1, 2, 2, 2, 2, 3, 3, 3, 3, 3, 3, 4, 3, 3, 4]"
Maersk,720,OK,OK,,"[1, 1, 2, 2, 2, 2, 3, 3, 3, 3, 3, 3, 4, 3, 3, 4]"
Maersk,721,OK,OK,,"[1, 1, 2, 2, 2, 2, 3, 3, 3, 3, 3, 3, 4, 3, 3, 4]"
Maersk,722,OK,OK,,"[1, 1, 2, 2, 2, 2, 3, 3, 3, 3, 3, 3, 4, 3, 3, 4]"
Maersk,723,OK,OK,,"[1, 1, 2, 2, 2, 2, 3, 3, 3, 3, 3, 3, 4, 3, 3, 4]"
Maersk,724,OK,OK,,"[1, 1, 2, 2, 2, 2, 3, 3, 3, 3, 3, 3, 4, 3, 3, 4]"
Maersk,725,OK,OK,,"[1, 1, 2, 2, 2, 2, 3, 3, 3, 3, 3, 3, 4, 3, 3, 4]"
Maersk,726,OK,OK,,"[1, 1, 2, 2, 2, 2, 3, 3, 3, 3, 3, 3, 4, 3, 3, 4]"
Maersk,727,OK,OK,,"[1, 1, 2, 2, 2, 2, 3, 3, 3, 3, 3, 3, 4, 3, 3, 4]"
Maersk,728,OK,OK,,"[1, 2, 2, 3, 3, 3, 3, 3, 4, 4, 5]"
Maersk,729,OK,OK,,"[1, 2, 2, 3, 4, 4, 5]"
Maersk,730,OK,OK,,"[1, 1, 2, 2, 3, 3, 3, 3, 3, 4, 4, 5]"
Maersk,731,OK,OK,,"[1, 2, 2, 3, 4, 4, 5]"
Maersk,732,OK,OK,,"[1, 1, 2, 2, 2, 2, 3, 3, 3, 3, 3, 3, 4, 3, 3, 4]"
Maersk,733,OK,OK,,"[1, 1, 2, 2, 2, 2, 3, 3, 3, 3, 3, 3, 4, 3, 3, 4]"
Maersk,734,OK,OK,,"[1, 3, 4]"
Maersk,735,OK,OK,,"[1, 1, 2, 2, 2, 2, 3, 3, 3, 3, 3, 3, 4, 3, 3, 4]"
Maersk,736,OK,OK,,"[1, 1, 2, 2, 2, 2, 3, 3, 3, 3, 3, 3, 4, 3, 3, 4]"
Maersk,737,OK,OK,,"[1, 1, 2, 2, 2, 2, 3, 3, 3, 3, 3, 3, 4, 3, 3, 4]"
Maersk,738,OK,OK,,"[1, 3, 4]"
Maersk,739,OK,OK,,"[1, 1, 2, 2, 2, 2, 3, 3, 3, 3, 3, 3, 4, 3, 3, 4]"
Maersk,740,OK,OK,,"[1, 1, 2, 2, 2, 2, 3, 3, 3, 3, 3, 3, 4, 3, 3, 4]"
Maersk,741,OK,OK,,"[1, 1, 2, 2, 3, 3, 3, 3, 3, 4]"
Maersk,742,OK,OK,,"[1, 1, 2, 2, 3, 4]"
Maersk,743,OK,OK,,"[1, 1, 2, 2, 3, 3, 3, 3, 3, 4]"
Maersk,744,OK,OK,,"[1, 1, 2, 2, 3, 4]"
Maersk,745,OK,OK,,"[1, 1, 2, 2, 2, 2, 3, 3, 3, 3, 3, 3, 4, 3, 3, 4]"
Maersk,746,OK,OK,,"[1, 1, 2, 3, 3, 3, 3, 3, 4]"
Maersk,747,OK,OK,,"[1, 1, 2, 2, 2, 3, 3, 3, 3, 3, 4]"
Maersk,748,OK,OK,,"[1, 1, 2, 2, 2, 3, 3, 4]"
Maersk,749,OK,OK,,"[1, 1, 2, 2, 2, 3, 3, 3, 3, 3, 4]"
Maersk,750,OK,OK,,"[1, 1, 2, 2, 2, 2, 3, 3, 3, 3, 3, 3, 4, 3, 3, 4]"
Maersk,751,OK,OK,,"[1, 1, 2, 2, 3, 3, 3, 3, 4, 3, 3, 4]"
Maersk,752,OK,OK,,"[1, 1, 2, 2, 3, 4, 4]"
Maersk,753,OK,OK,,"[1, 1, 2, 2, 2, 2, 2, 2, 3, 3, 4, 4, 3, 3, 4]"
Maersk,754,OK,OK,,"[1, 1, 2, 2, 3, 3, 3, 3, 3, 3, 3, 3, 3, 4, 4, 5, 5, 5, 5]"
Maersk,755,OK,OK,,"[1, 1, 2, 2, 3, 3, 4, 3, 4]"
Maersk,756,OK,OK,,"[1, 1, 2, 2, 2, 2, 2, 2, 3, 3, 4, 4, 3, 3, 4]"
Maersk,757,OK,OK,,"[1, 1, 2, 2, 3, 3, 3, 4]"
Maersk,758,OK,OK,,"[1, 2, 2, 3, 4, 4, 5]"
Maersk,759,OK,OK,,"[1, 2, 2, 3, 4, 4, 5]"
Maersk,760,OK,OK,,"[1, 1, 2, 2, 3, 3, 3, 3, 3, 4, 4, 5]"
Maersk,761,OK,OK,,"[1, 1, 2, 2, 3, 3, 4, 3, 3, 4]"
Maersk,762,OK,OK,,"[1, 1, 2, 2, 3, 3, 3, 3, 3, 3, 4, 3, 3, 3, 3, 4]"
Maersk,763,OK,OK,,"[1, 1, 2, 2, 3, 4, 4, 5]"
Maersk,764,OK,OK,,"[1, 1, 2, 2, 3, 4]"
Maersk,765,OK,OK,,"[1, 1, 2, 2, 3, 3, 4, 3, 3, 3, 3, 3, 3, 4]"
Maersk,766,OK,OK,,"[1, 2, 3, 3, 3, 4]"
Maersk,767,OK,OK,,"[1, 2, 2, 3, 4, 4, 5]"
Maersk,768,OK,OK,,"[1, 1, 2, 2, 3, 3, 3, 3, 3, 4, 4, 5]"
Maersk,769,OK,OK,,"[1, 2, 2, 3, 4, 4, 5]"
Maersk,770,OK,OK,,"[1, 1, 2, 2, 3, 4, 4]"
Maersk,771,OK,OK,,"[1, 1, 2, 2, 3, 4, 4]"
Maersk,772,OK,OK,,"[1, 1, 2, 2, 3, 3, 3, 3, 3, 3, 4, 3, 3, 3, 3, 3, 3, 4]"
Maersk,773,OK,OK,,"[1, 1, 2, 2, 3, 3, 4, 3, 4]"
Maersk,774,BAD_SEQUENCE,SKIP,Скачок: 1 -> 3,"[1, 1, 3, 3, 3, 3, 3, 4]"
Maersk,775,OK,OK,,"[1, 1, 2, 2, 3, 3, 4, 3, 3, 3, 3, 3, 3, 4]"
Maersk,776,OK,OK,,"[1, 1, 2, 2, 3, 3, 3, 3, 3, 4, 4, 5]"
Maersk,777,OK,OK,,"[1, 2, 2, 3, 4, 4, 5]"
Maersk,778,OK,OK,,"[1, 2, 2, 3, 4, 4, 5]"
Maersk,779,OK,OK,,"[1, 2, 2, 3, 4, 4, 5]"
Maersk,780,OK,OK,,"[1, 1, 2, 2, 3, 4]"
Maersk,781,OK,OK,,"[1, 1, 2, 3, 3, 3, 4]"
Maersk,782,OK,OK,,"[1, 1, 2, 2, 3, 3, 4, 3, 3, 3, 4]"
Maersk,783,OK,OK,,"[1, 1, 2, 2, 3, 3, 4, 3, 3, 4]"
Maersk,784,OK,OK,,"[1, 1, 2, 2, 3, 3, 4, 3, 3, 4]"
Maersk,785,OK,OK,,"[1, 1, 2, 2, 3, 4, 4]"
Maersk,786,OK,OK,,"[1, 1, 2, 2, 3, 4]"
Maersk,787,OK,OK,,"[1, 1, 2, 2, 3, 3, 4, 3, 3, 3, 3, 4]"
Maersk,788,OK,OK,,"[1, 1, 2, 2, 3, 4]"
Maersk,789,OK,OK,,"[1, 2, 2, 3, 4, 4, 5]"
Maersk,790,OK,OK,,"[1, 1, 2, 2, 3, 3, 3, 3, 3, 4, 4, 5]"
Maersk,791,OK,OK,,"[1, 2, 2, 3, 4, 4, 5]"
Maersk,792,OK,OK,,"[1, 2, 2, 3, 3, 3, 4, 3, 3, 4]"
Maersk,793,OK,OK,,"[1, 2, 2, 3, 3, 3, 4]"
Maersk,794,OK,OK,,"[1, 2, 2, 3, 3, 3, 4]"
Maersk,795,OK,OK,,"[1, 1, 2, 2, 3, 3, 4, 3, 3, 3, 3, 4]"
Maersk,796,OK,OK,,"[1, 1, 2, 2, 3, 3, 4, 3, 3, 4]"
Maersk,797,BAD_SEQUENCE,SKIP,Скачок: 1 -> 3,"[1, 1, 3, 4]"
Maersk,798,OK,OK,,"[1, 1, 2, 2, 2, 3, 3, 4, 4, 3, 3, 4]"
Maersk,799,OK,OK,,"[1, 1, 2, 2, 3, 3, 4, 3, 3, 3, 3, 4]"
Maersk,800,OK,OK,,"[1, 1, 2, 2, 2, 3, 3, 4, 4, 3, 3, 4]"
Maersk,801,OK,OK,,"[1, 2, 2, 3, 3, 3, 4, 3, 3, 4]"
Maersk,802,OK,OK,,"[1, 1, 2, 2, 3, 3, 3, 3, 3, 3, 4, 3, 3, 3, 3, 3, 3, 4]"
Maersk,803,OK,OK,,"[1, 1, 2, 2, 3, 3, 4, 3, 3, 4]"
Maersk,804,OK,OK,,"[1, 2, 2, 3, 3, 3, 4, 3, 3, 4]"
Maersk,805,OK,OK,,"[1, 1, 2, 2, 2, 3, 3, 4, 4, 3, 3, 4]"
Maersk,806,OK,OK,,"[1, 1, 2, 2, 3, 3, 3, 4]"
Maersk,807,OK,OK,,"[1, 1, 2, 2, 3, 3, 3, 3, 3, 3, 3, 3, 3, 3, 4, 3, 3, 4]"
Maersk,808,BAD_SEQUENCE,REVERSE,Уменьшение: 5 -> 3,"[1, 2, 2, 2, 2, 3, 3, 4, 5, 5, 3, 3, 4, 5, 5]"
Maersk,809,OK,OK,,"[1, 1, 2, 2, 2, 2, 3, 3, 3, 4]"
Maersk,810,OK,OK,,"[1, 1, 2, 2, 3, 3, 3, 3, 3, 4]"
Maersk,811,OK,OK,,"[1, 1, 2, 2, 3, 3, 4, 3, 3, 3, 4]"
Maersk,812,OK,OK,,"[1, 1, 2, 2, 3, 4]"
Maersk,813,OK,OK,,"[1, 1, 2, 2, 2, 2, 3, 3, 4, 3, 3, 3, 3, 3, 3, 4]"
Maersk,814,OK,OK,,"[1, 1, 2, 2, 3, 3, 4, 3, 3, 3, 3, 4]"
Maersk,815,OK,OK,,"[1, 1, 2, 2, 3, 3, 4, 3, 3, 3, 3, 4]"
Maersk,816,OK,OK,,"[1, 1, 2, 2, 3, 3, 3, 3, 3, 3, 3, 3, 3, 3, 4, 3, 3, 4]"
Maersk,817,OK,OK,,"[1, 2, 2, 3, 3, 4, 3, 3, 3, 3, 4]"
Maersk,818,OK,OK,,"[1, 1, 2, 2, 3, 4]"
Maersk,819,OK,OK,,"[1, 1, 2, 2, 3, 3, 4, 3, 3, 3, 3, 4]"
Maersk,820,BAD_SEQUENCE,REVERSE,Уменьшение: 5 -> 4,"[1, 2, 2, 3, 3, 3, 3, 3, 4, 4, 5, 5, 4]"
Maersk,821,OK,OK,,"[1, 2, 2, 3, 3, 3, 3, 3, 4, 4, 5]"
Maersk,822,OK,OK,,"[1, 1, 2, 2, 3, 3, 3, 3, 3, 4, 4, 5, 5]"
Maersk,823,OK,OK,,"[1, 1, 2, 2, 3, 4]"
Maersk,824,OK,OK,,"[1, 1, 2, 3, 4]"
Maersk,825,OK,OK,,"[1, 2, 2, 3, 3, 3, 3, 3, 3, 3, 3, 3, 3, 3, 3, 4, 3, 4]"
Maersk,826,OK,OK,,"[1, 1, 2, 2, 3, 3, 3, 3, 3, 3, 3, 4]"
Maersk,827,OK,OK,,"[1, 1, 2, 2, 3, 3, 3, 3, 3, 4, 4, 4]"
Maersk,828,OK,OK,,"[1, 1, 2, 2, 3, 3, 3, 3, 3, 3, 3, 3, 3, 3, 3, 3, 3, 4, 4, 5, 5]"
Maersk,829,OK,OK,,"[1, 1, 2, 2, 3, 3, 3, 3, 3, 3, 4, 3, 4]"
Maersk,830,OK,OK,,"[1, 1, 2, 2, 3, 3, 4, 3, 4]"
Maersk,831,OK,OK,,"[1, 1, 2, 2, 3, 3, 3, 3, 3, 3, 3, 3, 3, 4, 4, 5, 5]"
Maersk,832,OK,OK,,"[1, 1, 2, 2, 3, 3, 3, 3, 3, 4, 4]"
Maersk,833,OK,OK,,"[1, 1, 2, 2, 3, 3, 3, 3, 3, 3, 4, 3, 3, 4]"
Maersk,834,OK,OK,,"[1, 1, 2, 2, 3, 3, 4, 3, 4]"
Maersk,835,OK,OK,,"[1, 2, 2, 3, 3, 4, 3, 3, 3, 3, 4]"
Maersk,836,OK,OK,,"[1, 1, 2, 2, 3, 3, 4, 3, 4]"
Maersk,837,OK,OK,,"[1, 1, 2, 2, 3, 3, 3, 4]"
Maersk,838,OK,OK,,"[1, 1, 2, 2, 3, 3, 4, 3, 4]"
Maersk,839,OK,OK,,"[1, 1, 2, 2, 3, 3, 3, 3, 3, 4, 4, 5]"
Maersk,840,OK,OK,,"[1, 1, 2, 2, 3, 3, 3, 3, 3, 3, 4, 3, 4]"
Maersk,841,OK,OK,,"[1, 1, 2, 2, 3, 3, 3, 3, 3, 4, 4, 5, 5]"
Maersk,842,OK,OK,,"[1, 1, 2, 2, 3, 3, 3, 3, 3, 3, 3, 4, 4, 3, 3, 4]"
Maersk,843,OK,OK,,"[1, 2, 2, 3, 4, 4, 5]"
Maersk,844,BAD_SEQUENCE,REVERSE,Уменьшение: 5 -> 3,"[1, 2, 2, 3, 3, 4, 5, 5, 3, 3, 3, 3, 4]"
Maersk,845,OK,OK,,"[1, 1, 2, 2, 3, 3, 3, 3, 3, 3, 4, 3, 3, 4]"
Maersk,846,OK,OK,,"[1, 2, 2, 3, 4, 4, 5]"
Maersk,847,OK,OK,,"[1, 1, 2, 3, 3, 3, 4]"
Maersk,848,OK,OK,,"[1, 1, 2, 2, 3, 3, 3, 3, 3, 3, 4, 3, 4]"
Maersk,849,OK,OK,,"[1, 1, 2, 2, 3, 3, 3, 3, 3, 3, 4, 3, 3, 4]"
Maersk,850,OK,OK,,"[1, 1, 2, 2, 3, 3, 3, 3, 3, 3, 3, 3, 3, 4, 4, 5, 5]"
Maersk,851,OK,OK,,"[1, 1, 2, 2, 2, 3, 3, 4, 4, 3, 3, 4]"
Maersk,852,OK,OK,,"[1, 1, 2, 2, 2, 3, 3, 4, 4, 3, 3, 4]"
Maersk,853,OK,OK,,"[1, 1, 2, 2, 2, 3, 3, 4, 4, 3, 3, 4]"
Maersk,854,OK,OK,,"[1, 1, 2, 2, 2, 3, 3, 4, 4, 3, 3, 4]"
Maersk,855,OK,OK,,"[1, 1, 2, 2, 2, 3, 3, 4, 4, 3, 3, 4]"
Maersk,856,OK,OK,,"[1, 1, 2, 2, 2, 3, 3, 4, 4, 3, 3, 4]"
Maersk,857,OK,OK,,"[1, 1, 2, 2, 2, 2, 2, 2, 2, 2, 3, 3, 3, 4]"
Maersk,858,OK,OK,,"[1, 2, 3, 3, 3, 4]"
Maersk,859,BAD_SEQUENCE,SKIP,Скачок: 1 -> 3,"[1, 1, 3, 4]"
Maersk,860,OK,OK,,"[1, 1, 2, 2, 3, 4]"
Maersk,861,OK,OK,,"[1, 1, 2, 2, 3, 3, 4, 3, 3, 4]"
Maersk,862,OK,OK,,"[1, 1, 2, 2, 3, 3, 3, 3, 3, 4, 4, 5]"
Maersk,863,OK,OK,,"[1, 2, 2, 3, 4, 4, 5]"
Maersk,864,OK,OK,,"[1, 2, 2, 3, 4, 4, 5]"
Maersk,865,OK,OK,,"[1, 1, 2, 2, 3, 4]"
Maersk,866,OK,OK,,"[1, 1, 2, 3, 4]"
Maersk,867,OK,OK,,"[1, 1, 2, 2, 3, 4]"
Maersk,868,OK,OK,,"[1, 1, 2, 3, 3, 3, 4]"
Maersk,869,OK,OK,,"[1, 2, 2, 3, 4, 4, 5]"
Maersk,870,OK,OK,,"[1, 1, 2, 2, 3, 3, 3, 3, 3, 4, 4, 5, 5]"
Maersk,871,OK,OK,,"[1, 2, 2, 3, 4, 4, 5]"
Maersk,872,OK,OK,,"[1, 1, 2, 2, 3, 3, 4, 3, 3, 3, 3, 4]"
Maersk,873,OK,OK,,"[1, 1, 1, 2, 2, 2, 3, 3, 3, 3, 3, 4, 4]"
Maersk,874,OK,OK,,"[1, 1, 2, 3, 3, 3, 4]"
Maersk,875,OK,OK,,"[1, 2, 2, 2, 3, 3, 4, 4, 3, 4]"
Maersk,876,OK,OK,,"[1, 1, 2, 3, 4]"
Maersk,877,OK,OK,,"[1, 1, 2, 3, 4]"
Maersk,878,OK,OK,,"[1, 1, 2, 2, 3, 3, 4, 3, 3, 4]"
Maersk,879,OK,OK,,"[1, 2, 3, 3, 3, 4, 5, 5, 5, 5, 5, 5]"
Maersk,880,OK,OK,,"[1, 1, 1, 2, 2, 2, 3, 3, 3, 3, 3, 3, 3, 3, 4, 4, 5, 5]"
Maersk,881,OK,OK,,"[1, 1, 2, 2, 3, 3, 4, 3, 4]"
Maersk,882,OK,OK,,"[1, 2, 2, 3, 3, 3, 3, 3, 3, 3, 4]"
Maersk,883,OK,OK,,"[1, 2, 3, 3, 4, 4, 5]"
Maersk,884,OK,OK,,"[1, 1, 2, 2, 3, 3, 4, 3, 3, 3, 3, 4]"
Maersk,885,BAD_SEQUENCE,SKIP,Скачок: 1 -> 3,"[1, 1, 3, 3, 3, 3, 3, 4]"
Maersk,886,OK,OK,,"[1, 2, 2, 3, 4, 4, 5]"
Maersk,887,OK,OK,,"[1, 2, 2, 3, 4, 4, 5]"
Maersk,888,OK,OK,,"[1, 1, 2, 2, 3, 3, 3, 3, 3, 3, 4, 3, 4]"
Maersk,889,OK,OK,,"[1, 1, 2, 2, 3, 3, 4, 3, 3, 4]"
Maersk,890,OK,OK,,"[1, 2, 2, 3, 3, 3, 3, 3, 4]"
Maersk,891,OK,OK,,"[1, 2, 2, 3, 4, 4, 5]"
Maersk,892,BAD_SEQUENCE,SKIP,Скачок: 1 -> 3,"[1, 1, 3, 3, 3, 3, 3, 4]"
Maersk,893,OK,OK,,"[1, 2, 2, 3, 4, 4, 5]"
Maersk,894,BAD_SEQUENCE,SKIP,Скачок: 1 -> 3,"[1, 1, 3, 3, 3, 3, 3, 4]"
Maersk,895,OK,OK,,"[1, 2, 2, 3, 4, 4, 5]"
Maersk,896,OK,OK,,"[1, 2, 2, 3, 4, 4, 5]"
Maersk,897,OK,OK,,"[1, 1, 2, 2, 3, 3, 3, 3, 3, 4]"
Maersk,898,OK,OK,,"[1, 1, 2, 2, 3, 3, 3, 3, 3, 3, 3, 4]"
Maersk,899,BAD_SEQUENCE,SKIP,Скачок: 1 -> 3,"[1, 1, 3, 3, 3, 3, 3, 4]"
Maersk,900,OK,OK,,"[1, 2, 2, 3, 4, 4, 5]"
Maersk,901,OK,OK,,"[1, 2, 2, 3, 4, 4, 5]"
Maersk,902,OK,OK,,"[1, 1, 2, 2, 3, 3, 3, 4]"
Maersk,903,OK,OK,,"[1, 1, 2, 2, 3, 3, 3, 4]"
Maersk,904,BAD_SEQUENCE,SKIP,Скачок: 1 -> 3,"[1, 1, 3, 3, 3, 3, 3, 4]"
Maersk,905,OK,OK,,"[1, 2, 2, 3, 4, 4, 5]"
Maersk,906,OK,OK,,"[1, 2, 2, 3, 4, 4, 5]"
Maersk,907,OK,OK,,"[1, 2, 2, 3, 4, 4, 5]"
Maersk,908,OK,OK,,"[1, 2, 2, 3, 4, 4, 5]"
Maersk,909,BAD_SEQUENCE,SKIP,Скачок: 1 -> 3,"[1, 1, 3, 3, 3, 3, 3, 4]"
Maersk,910,OK,OK,,"[1, 1, 2, 2, 3, 3, 3, 3, 3, 4, 4]"
Maersk,911,OK,OK,,"[1, 2, 2, 3, 4, 4, 5]"
Maersk,912,BAD_SEQUENCE,SKIP,Скачок: 1 -> 3,"[1, 1, 3, 3, 3, 3, 3, 4]"
Maersk,913,OK,OK,,"[1, 2, 2, 3, 4, 4, 5]"
Maersk,914,BAD_SEQUENCE,SKIP,Скачок: 1 -> 3,"[1, 1, 3, 3, 3, 3, 3, 4]"
Maersk,915,OK,OK,,"[1, 2, 2, 3, 4, 4, 5]"
Maersk,916,OK,OK,,"[1, 2, 2, 3, 4, 4, 5]"
Maersk,917,OK,OK,,"[1, 3, 4]"
Maersk,918,OK,OK,,"[1, 2, 2, 3, 4, 4, 5]"
Maersk,919,BAD_SEQUENCE,SKIP,Скачок: 1 -> 3,"[1, 1, 3, 3, 3, 3, 3, 4]"
Maersk,920,OK,OK,,"[1, 2, 2, 3, 4, 4, 5]"
Maersk,921,OK,OK,,"[1, 2, 2, 3, 4, 4, 5]"
Maersk,922,OK,OK,,"[1, 2, 2, 3, 4, 4, 5]"
Maersk,923,BAD_SEQUENCE,SKIP,Скачок: 1 -> 3,"[1, 1, 3, 3, 3, 3, 3, 4]"
Maersk,924,OK,OK,,"[1, 3, 4]"
Maersk,925,OK,OK,,"[1, 2, 2, 3, 4, 4, 5]"
Maersk,926,OK,OK,,"[1, 2, 2, 3, 4, 4, 5]"
Maersk,927,BAD_SEQUENCE,SKIP,Скачок: 1 -> 3,"[1, 1, 3, 3, 3, 3, 3, 4]"
Maersk,928,OK,OK,,"[1, 1, 2, 2, 3, 4]"
Maersk,929,OK,OK,,"[1, 1, 2, 2, 2, 2, 2, 2, 2, 2, 2, 3, 3, 4, 3, 4]"
Maersk,930,OK,OK,,"[1, 1, 2, 2, 3, 3, 3, 3, 3, 4, 4, 5, 5]"
Maersk,931,OK,OK,,"[1, 1, 2, 2, 3, 3, 4, 3, 3, 4]"
Maersk,932,OK,OK,,"[1, 1, 2, 3, 3, 3, 4, 5, 5]"
Maersk,933,OK,OK,,"[1, 1, 1, 2, 2, 2, 2, 2, 3, 4]"
Maersk,934,OK,OK,,"[1, 1, 2, 2, 3, 3, 3, 3, 3, 3, 3, 4, 3, 3, 4]"
Maersk,935,OK,OK,,"[1, 2, 2, 3, 4]"
Maersk,936,BAD_SEQUENCE,SKIP,Скачок: 1 -> 3,"[1, 1, 3, 3, 3, 4]"
Maersk,937,OK,OK,,"[1, 1, 2, 2, 3, 3, 3, 4]"
Maersk,938,OK,OK,,"[1, 1, 2, 2, 3, 4]"
Maersk,939,OK,OK,,"[1, 1, 2, 2, 3, 3, 3, 4]"
Maersk,940,BAD_SEQUENCE,SKIP,Скачок: 1 -> 3,"[1, 1, 3, 3, 3, 4]"
Maersk,941,OK,OK,,"[1, 1, 2, 2, 3, 3, 3, 4]"
Maersk,942,OK,OK,,"[1, 1, 2, 2, 3, 3, 4, 3, 3, 3, 4]"
Maersk,943,OK,OK,,"[1, 1, 2, 2, 3, 3, 3, 3, 3, 4]"
Maersk,944,OK,OK,,"[1, 2, 3, 3, 3, 3, 3, 4]"
Maersk,945,OK,OK,,"[1, 1, 2, 2, 3, 4]"
Maersk,946,OK,OK,,"[1, 2, 2, 3, 3, 3, 4]"
Maersk,947,OK,OK,,"[1, 1, 2, 2, 3, 3, 3, 3, 3, 4]"
Maersk,948,OK,OK,,"[1, 1, 1, 1, 2, 2, 2, 3, 4, 4, 5, 5]"
Maersk,949,OK,OK,,"[1, 1, 1, 2, 2, 2, 2, 2, 3, 4]"
Maersk,950,OK,OK,,"[1, 1, 2, 2, 3, 3, 3, 3, 3, 3, 3, 3, 3, 4, 4, 5, 5]"
Maersk,951,BAD_SEQUENCE,SKIP,Скачок: 1 -> 3,"[1, 1, 3, 3, 3, 4]"
Maersk,952,OK,OK,,"[1, 2, 2, 3, 4, 4, 5]"
Maersk,953,OK,OK,,"[1, 1, 2, 3, 3, 3, 3, 3, 4]"
Maersk,954,BAD_SEQUENCE,SKIP,Скачок: 1 -> 3,"[1, 1, 3, 3, 3, 3, 3, 4]"
Maersk,955,OK,OK,,"[1, 2, 2, 3, 4, 4, 5]"
Maersk,956,OK,OK,,"[1, 1, 2, 2, 3, 3, 3, 3, 3, 3, 3, 4]"
Maersk,957,OK,OK,,"[1, 1, 2, 2, 3, 3, 3, 3, 3, 3, 3, 4]"
Maersk,958,BAD_SEQUENCE,SKIP,Скачок: 1 -> 3,"[1, 1, 3, 3, 3, 3, 3, 4]"
Maersk,959,OK,OK,,"[1, 2, 2, 3, 4, 4, 5]"
Maersk,960,OK,OK,,"[1, 2, 2, 3, 4, 4, 5]"
Maersk,961,OK,OK,,"[1, 2, 2, 2, 3, 3, 3, 4]"
Maersk,962,OK,OK,,"[1, 1, 2, 2, 3, 3, 3, 3, 3, 3, 3, 3, 3, 3, 3, 3, 3, 3, 4, 3, 4]"
Maersk,963,BAD_SEQUENCE,SKIP,Скачок: 1 -> 3,"[1, 1, 3, 3, 3, 3, 3, 4]"
Maersk,964,OK,OK,,"[1, 2, 2, 3, 4, 4, 5]"
Maersk,965,OK,OK,,"[1, 2, 2, 3, 4, 4, 5]"
Maersk,966,OK,OK,,"[1, 1, 2, 2, 3, 3, 3, 4]"
Maersk,967,OK,OK,,"[1, 1, 2, 2, 3, 3, 3, 3, 3, 4, 4]"
Maersk,968,BAD_SEQUENCE,SKIP,Скачок: 1 -> 3,"[1, 1, 3, 3, 3, 3, 3, 4]"
Maersk,969,OK,OK,,"[1, 2, 2, 3, 4, 4, 5]"
Maersk,970,OK,OK,,"[1, 2, 2, 3, 4, 4, 5]"
Maersk,971,OK,OK,,"[1, 1, 2, 2, 3, 3, 3, 3, 3, 4, 4, 5, 5]"
Maersk,972,OK,OK,,"[1, 2, 2, 3, 4, 4, 5]"
Maersk,973,BAD_SEQUENCE,SKIP,Скачок: 1 -> 3,"[1, 1, 3, 3, 3, 3, 3, 4]"
Maersk,974,OK,OK,,"[1, 2, 2, 3, 4, 4, 5]"
Maersk,975,OK,OK,,"[1, 1, 2, 2, 3, 3, 3, 3, 3, 3, 4, 3, 3, 3, 3, 3, 3, 3, 4]"
Maersk,976,OK,OK,,"[1, 1, 2, 2, 3, 3, 3, 3, 3, 3, 4, 3, 3, 3, 3, 3, 3, 3, 4]"
Maersk,977,OK,OK,,"[1, 1, 2, 2, 3, 3, 3, 3, 3, 3, 4, 3, 3, 3, 3, 3, 3, 3, 4]"
Maersk,978,OK,OK,,"[1, 1, 2, 2, 2, 2, 3, 3, 4, 3, 3, 3, 3, 4]"
Maersk,979,OK,OK,,"[1, 1, 2, 2, 2, 2, 3, 3, 4, 3, 3, 3, 3, 4]"
Maersk,980,OK,OK,,"[1, 1, 2, 2, 2, 2, 3, 3, 4, 3, 3, 3, 4]"
Maersk,981,OK,OK,,"[1, 1, 2, 2, 2, 2, 3, 3, 4, 3, 3, 3, 4]"
Maersk,982,OK,OK,,"[1, 1, 2, 2, 3, 3, 3, 3, 3, 3, 4, 3, 3, 3, 3, 3, 3, 3, 4]"
Maersk,983,OK,OK,,"[1, 1, 2, 2, 2, 2, 3, 3, 4, 3, 3, 3, 3, 4]"
Maersk,984,OK,OK,,"[1, 1, 2, 2, 2, 2, 3, 3, 4, 3, 3, 3, 3, 4]"
Maersk,985,OK,OK,,"[1, 1, 2, 2, 2, 2, 3, 3, 4, 3, 3, 3, 3, 4]"
Maersk,986,OK,OK,,"[1, 1, 2, 2, 2, 2, 3, 3, 4, 3, 3, 3, 3, 4]"
Maersk,987,OK,OK,,"[1, 1, 2, 2, 3, 3, 3, 3, 3, 3, 3, 3, 3, 4]"
Maersk,988,OK,OK,,"[1, 1, 2, 2, 2, 2, 3, 3, 4, 3, 3, 3, 3, 4]"
Maersk,989,OK,OK,,"[1, 1, 2, 2, 2, 2, 3, 3, 4, 3, 3, 3, 3, 4]"
Maersk,990,OK,OK,,"[1, 1, 2, 2, 2, 2, 3, 3, 4, 3, 3, 3, 3, 4]"
Maersk,991,OK,OK,,"[1, 1, 2, 2, 2, 2, 3, 3, 4, 3, 3, 3, 3, 4]"
Maersk,992,OK,OK,,"[1, 1, 2, 2, 2, 2, 3, 3, 4, 3, 3, 3, 3, 4]"
Maersk,993,OK,OK,,"[1, 1, 2, 2, 2, 2, 3, 3, 4, 3, 3, 3, 3, 4]"
Maersk,994,OK,OK,,"[1, 1, 2, 2, 3, 3, 3, 3, 3, 3, 3, 3, 3, 4]"
Maersk,995,OK,OK,,"[1, 1, 2, 2, 2, 2, 3, 3, 3, 3, 3, 3, 3, 3, 3, 4, 4, 5, 5]"
Maersk,996,OK,OK,,"[1, 1, 2, 2, 2, 3, 4, 4, 5, 5]"
Maersk,997,OK,OK,,"[1, 1, 2, 2, 2, 2, 3, 3, 4, 3, 3, 3, 3, 4]"
Maersk,998,OK,OK,,"[1, 1, 2, 2, 2, 2, 3, 3, 4, 3, 3, 3, 3, 4]"
Maersk,999,OK,OK,,"[1, 1, 2, 2, 2, 2, 3, 3, 4, 3, 3, 3, 3, 4]"
MSC,0,OK,OK,,"[1, 1, 2, 2, 2]"
MSC,1,OK,OK,,"[1, 1, 2, 2, 2]"
MSC,2,OK,OK,,"[1, 1, 2, 2, 3, 3, 4]"
MSC,3,OK,OK,,"[1, 1, 2, 2, 2]"
MSC,4,OK,OK,,"[1, 1, 2, 2, 3, 3, 4]"
MSC,5,OK,OK,,"[1, 1, 2, 2, 3, 3, 4]"
MSC,6,OK,OK,,"[1, 1, 2, 2, 3, 4]"
MSC,7,OK,OK,,"[1, 1, 2, 2, 3, 3, 4]"
MSC,8,OK,OK,,"[1, 1, 2, 2, 3, 3, 4]"
MSC,9,OK,OK,,"[1, 1, 2, 2, 3, 3, 4]"
MSC,10,OK,OK,,"[1, 1, 2, 2, 3, 3, 4]"
MSC,11,OK,OK,,"[1, 1, 2, 2, 3, 3, 4]"
MSC,12,OK,OK,,"[1, 1, 2, 2, 3, 3, 4]"
MSC,13,OK,OK,,"[1, 1, 2, 2, 3, 3, 4]"
MSC,14,OK,OK,,"[1, 1, 2, 2, 3, 3, 4]"
MSC,15,OK,OK,,"[1, 1, 2, 2, 3, 3, 4]"
MSC,16,OK,OK,,"[1, 1, 2, 2, 3, 3, 4]"
MSC,17,OK,OK,,"[1, 1, 2, 2, 3, 3, 3]"
MSC,18,OK,OK,,"[1, 1, 2, 2, 3, 3, 3, 3, 4]"
MSC,19,OK,OK,,"[1, 1, 2, 2, 2]"
MSC,20,OK,OK,,"[1, 1, 2, 2, 2]"
MSC,21,OK,OK,,"[1, 1, 2, 2, 3, 3, 3, 3, 4]"
MSC,22,OK,OK,,"[1, 1, 2, 2, 3, 3, 3, 3, 4]"
MSC,23,OK,OK,,"[1, 1, 2, 2, 3, 3, 3, 3, 4]"
MSC,24,OK,OK,,"[1, 1, 2, 2, 2, 2, 3, 3, 4]"
MSC,25,OK,OK,,"[1, 1, 2, 2, 3, 3, 3, 3, 3, 3, 3, 3, 3, 3, 4]"
MSC,26,OK,OK,,"[1, 1, 2, 2, 3, 3, 3, 3, 4]"
MSC,27,BAD_SEQUENCE,SKIP,Скачок: 1 -> 3,"[1, 1, 3, 3, 3, 3, 3, 3, 4]"
MSC,28,BAD_SEQUENCE,SKIP,Скачок: 1 -> 3,"[1, 1, 3, 3, 3, 3, 3, 3, 4]"
MSC,29,BAD_SEQUENCE,SKIP,Скачок: 1 -> 3,"[1, 1, 3, 3, 3, 3, 3, 3, 4]"
MSC,30,BAD_SEQUENCE,SKIP,Скачок: 1 -> 3,"[1, 1, 3, 3, 3, 3, 3, 3, 4]"
MSC,31,BAD_SEQUENCE,SKIP,Скачок: 1 -> 3,"[1, 1, 3, 3, 3, 3, 3, 3, 4]"
MSC,32,OK,OK,,"[1, 1, 2, 2, 3, 3, 3, 3, 4]"
MSC,33,OK,OK,,"[1, 1, 2, 2, 3, 3, 3, 3, 4]"
MSC,34,OK,OK,,"[1, 1, 2, 2, 3, 3, 3, 3, 4]"
MSC,35,OK,OK,,"[1, 1, 2, 2, 2]"
MSC,36,OK,OK,,"[1, 1, 2, 2, 3, 3, 3, 3, 4]"
MSC,37,OK,OK,,"[1, 1, 2, 2, 3, 3, 3, 3, 4]"
MSC,38,OK,OK,,"[1, 1, 2, 2, 3, 3, 4]"
MSC,39,OK,OK,,"[1, 1, 2, 2, 3, 4]"
MSC,40,OK,OK,,"[1, 1, 2, 2, 3, 3, 4]"
MSC,41,OK,OK,,"[1, 1, 2, 2, 3, 3, 4]"
MSC,42,OK,OK,,"[1, 1, 2, 2, 3, 3, 4]"
MSC,43,OK,OK,,"[1, 1, 2, 2, 2, 2, 2]"
MSC,44,OK,OK,,"[1, 1, 2, 2, 3, 3, 4]"
MSC,45,OK,OK,,"[1, 1, 2, 2, 3, 3, 3, 3, 4, 5]"
MSC,46,OK,OK,,"[1, 1, 2, 2, 2]"
MSC,47,OK,OK,,"[1, 1, 2, 2, 2]"
MSC,48,OK,OK,,"[1, 1, 2, 2, 2, 2, 2]"
MSC,49,OK,OK,,"[1, 1]"
MSC,50,OK,OK,,"[1, 1, 2, 2, 3]"
MSC,51,OK,OK,,"[1, 1, 2, 2, 3, 4]"
MSC,52,OK,OK,,"[1, 1, 2, 2, 3, 3, 3, 3, 4, 5, 5, 5]"
MSC,53,OK,OK,,"[1, 1, 2, 2, 2]"
MSC,54,OK,OK,,"[1, 1, 2, 2, 3, 3, 4]"
MSC,55,OK,OK,,"[1, 1, 2, 2, 3, 3, 3, 3, 4]"
MSC,56,OK,OK,,"[1, 1, 2, 2, 2]"
MSC,57,OK,OK,,"[1, 1, 2, 2, 3, 3, 3, 3, 4]"
MSC,58,OK,OK,,"[1, 1, 2, 2, 3, 3, 4]"
MSC,59,OK,OK,,"[1, 1, 2, 2, 3, 3, 3]"
MSC,60,OK,OK,,"[1, 1, 2, 2, 2]"
MSC,61,OK,OK,,"[1, 1, 2, 2, 3, 4]"
MSC,62,BAD_SEQUENCE,SKIP,Скачок: 1 -> 3,"[1, 1, 3, 3, 3, 3, 3, 4]"
MSC,63,OK,OK,,"[1, 1, 2, 2, 2]"
MSC,64,OK,OK,,"[1, 1, 2, 2, 3, 3]"
MSC,65,OK,OK,,"[1, 1, 2, 2, 2, 2, 2]"
MSC,66,OK,OK,,"[1, 1, 2, 3, 3, 3, 3, 3, 4]"
MSC,67,OK,OK,,"[1, 1, 2, 2, 2]"
MSC,68,OK,OK,,"[1, 1, 2, 2, 2]"
MSC,69,OK,OK,,"[1, 1, 2, 2, 2]"
MSC,70,OK,OK,,"[1, 1, 2, 2, 2]"
MSC,71,OK,OK,,"[1, 1, 2, 2, 3, 3, 4]"
MSC,72,OK,OK,,"[1, 1, 2, 2, 3, 3, 4]"
MSC,73,OK,OK,,"[1, 1, 2, 2, 3, 3, 4]"
MSC,74,OK,OK,,"[1, 1, 2, 2, 2]"
MSC,75,OK,OK,,"[1, 1, 2, 2, 3, 3, 4]"
MSC,76,OK,OK,,"[1, 1, 2, 2, 3, 3, 4]"
MSC,77,OK,OK,,"[1, 1, 2, 2, 3, 3, 4]"
MSC,78,OK,OK,,"[1, 1, 2, 2, 3, 3, 4]"
MSC,79,OK,OK,,"[1, 1, 2, 2, 3, 3, 4]"
MSC,80,OK,OK,,"[1, 1, 2, 2, 3, 4]"
MSC,81,OK,OK,,"[1, 1, 2, 2, 3, 4]"
MSC,82,OK,OK,,"[1, 1, 2, 2, 2]"
MSC,83,OK,OK,,"[1, 1, 2, 2, 2]"
MSC,84,OK,OK,,"[1, 1, 2, 2, 3, 3, 4]"
MSC,85,OK,OK,,"[1, 1, 2, 2, 2, 2, 3, 3, 3]"
MSC,86,OK,OK,,"[1, 1, 2, 2, 3, 3, 3, 3, 4, 5]"
MSC,87,OK,OK,,"[1, 1, 2, 2, 3, 3, 4]"
MSC,88,OK,OK,,"[1, 1, 2, 2, 3, 4]"
MSC,89,OK,OK,,"[1, 1, 2, 2, 3, 3, 4]"
MSC,90,OK,OK,,"[1, 1, 2, 2, 3, 3, 4]"
MSC,91,OK,OK,,"[1, 1, 2, 2, 3, 3, 4]"
MSC,92,OK,OK,,"[1, 1, 2, 2, 2]"
MSC,93,BAD_SEQUENCE,SKIP,Скачок: 1 -> 3,"[1, 1, 3, 3, 3, 3, 4]"
MSC,94,OK,OK,,"[1, 1, 2, 2, 2]"
MSC,95,OK,OK,,"[1, 1, 2, 2, 3, 3, 4]"
MSC,96,OK,OK,,"[1, 1, 2, 2, 3, 4]"
MSC,97,BAD_SEQUENCE,SKIP,Скачок: 1 -> 3,"[1, 1, 1, 3]"
MSC,98,OK,OK,,"[1, 1, 2, 2, 3, 3, 3, 3, 4]"
MSC,99,OK,OK,,"[1, 1, 2, 2, 2]"
MSC,100,OK,OK,,"[1, 1, 2, 2, 3, 3, 4]"
MSC,101,OK,OK,,"[1, 1, 2, 2, 3, 3, 4]"
MSC,102,OK,OK,,"[1, 1, 2, 2, 2, 2, 3, 3, 3, 3, 4]"
MSC,103,OK,OK,,"[1, 1, 2, 2, 2]"
MSC,104,OK,OK,,"[1, 1, 2, 2, 2]"
MSC,105,OK,OK,,"[1, 1, 2, 2, 3, 3, 4]"
MSC,106,OK,OK,,"[1, 1, 2, 2, 2]"
MSC,107,OK,OK,,"[1, 1, 2, 2, 2, 2, 3, 3, 3, 3, 4]"
MSC,108,BAD_SEQUENCE,SKIP,Скачок: 1 -> 3,"[1, 1, 3, 3, 3, 3, 4]"
MSC,109,OK,OK,,"[1, 1, 2, 2, 2]"
MSC,110,OK,OK,,"[1, 1, 2, 2, 2]"
MSC,111,OK,OK,,"[1, 1, 2, 2, 3, 3, 3]"
MSC,112,OK,OK,,"[1, 1, 2, 2, 3, 3, 3]"
MSC,113,OK,OK,,"[1, 1, 2, 2, 3, 3, 4]"
MSC,114,OK,OK,,"[1, 1, 2, 2, 3, 4]"
MSC,115,BAD_SEQUENCE,SKIP,Скачок: 1 -> 3,"[1, 1, 3, 3, 3]"
MSC,116,OK,OK,,"[1, 1, 2, 2, 2]"
MSC,117,OK,OK,,"[1, 1, 2, 2, 3]"
MSC,118,OK,OK,,"[1, 1, 2, 2, 3, 4]"
MSC,119,OK,OK,,"[1, 1, 2, 2, 3, 3, 3, 3, 4]"
MSC,120,OK,OK,,"[1, 1, 2, 2, 3]"
MSC,121,OK,OK,,"[1, 1, 2, 2, 2]"
MSC,122,OK,OK,,"[1, 1, 2, 2, 3]"
MSC,123,OK,OK,,"[1, 1, 2, 2, 3, 3, 4]"
MSC,124,OK,OK,,"[1, 1, 2, 2, 2]"
MSC,125,OK,OK,,"[1, 1, 2, 2, 3, 3, 4]"
MSC,126,OK,OK,,"[1, 1, 2, 2, 3, 3, 4]"
MSC,127,OK,OK,,"[1, 1, 2, 2, 3, 3, 4]"
MSC,128,BAD_SEQUENCE,SKIP,Скачок: 1 -> 3,"[1, 1, 3, 3, 3, 3, 3]"
MSC,129,OK,OK,,"[1, 1, 2, 2, 2, 2, 3, 3, 4]"
MSC,130,OK,OK,,"[1, 1, 2, 2, 3, 3, 4]"
MSC,131,OK,OK,,"[1, 1, 2, 2, 3, 3, 4]"
MSC,132,OK,OK,,"[1, 1, 2, 2, 3, 3, 4]"
MSC,133,OK,OK,,"[1, 1, 1, 1]"
MSC,134,OK,OK,,"[1, 1, 2, 2, 3]"
MSC,135,OK,OK,,"[1, 1, 2, 2, 2]"
MSC,136,OK,OK,,"[1, 1, 2, 2, 2, 2, 3, 3, 4]"
MSC,137,OK,OK,,"[1, 1, 2, 2, 2]"
MSC,138,OK,OK,,"[1, 1, 2, 2, 2]"
MSC,139,OK,OK,,"[1, 1, 2, 2, 2]"
MSC,140,OK,OK,,"[1, 2, 2, 3, 3, 3, 3, 3, 3, 4]"
MSC,141,OK,OK,,"[1, 1, 2, 2, 2, 2]"
MSC,142,OK,OK,,"[1, 1, 2, 2, 3, 3, 3, 3, 3]"
MSC,143,OK,OK,,"[1, 1, 1, 1]"
MSC,144,OK,OK,,"[1, 1, 2, 2, 2]"
MSC,145,OK,OK,,"[1, 1, 2, 2, 3, 3, 4]"
MSC,146,OK,OK,,"[1, 1, 2, 2, 3, 4]"
MSC,147,OK,OK,,"[1, 1, 2, 2, 3, 3, 4]"
MSC,148,OK,OK,,"[1, 1, 2, 2, 3, 3, 4]"
MSC,149,OK,OK,,"[1, 1, 2, 2, 3, 4]"
MSC,150,OK,OK,,"[1, 1, 2, 2, 3, 3, 4]"
MSC,151,OK,OK,,"[1, 1, 2, 2, 2]"
MSC,152,OK,OK,,"[1, 1, 2, 2, 3, 3, 4]"
MSC,153,OK,OK,,"[1, 1, 2, 2, 3]"
MSC,154,OK,OK,,"[1, 1, 2, 2, 3, 3, 4]"
MSC,155,OK,OK,,"[1, 1, 2, 2, 3, 4]"
MSC,156,OK,OK,,"[1, 1, 2, 2, 2]"
MSC,157,OK,OK,,"[1, 1, 2, 2, 2]"
MSC,158,OK,OK,,"[1, 1, 2, 2, 2]"
MSC,159,OK,OK,,"[1, 1, 2, 2, 2]"
MSC,160,OK,OK,,"[1, 1, 2, 2, 2]"
MSC,161,OK,OK,,"[1, 1, 2, 2, 2]"
MSC,162,OK,OK,,"[1, 1, 2, 2, 2]"
MSC,163,BAD_SEQUENCE,SKIP,Скачок: 1 -> 3,"[1, 1, 1, 3]"
MSC,164,OK,OK,,"[1, 1, 2, 2, 3]"
MSC,165,OK,OK,,"[1, 1, 2, 2, 3, 3, 3, 3, 4, 5, 5, 5]"
MSC,166,OK,OK,,"[1, 1, 2, 2, 2]"
MSC,167,OK,OK,,"[1, 1, 2, 2, 2, 2]"
MSC,168,OK,OK,,"[1, 1, 2, 2, 2]"
MSC,169,OK,OK,,"[1, 1, 2, 2, 2, 2, 2]"
MSC,170,OK,OK,,"[1, 1, 2, 2, 2]"
MSC,171,OK,OK,,"[1, 1, 2, 2, 2]"
MSC,172,OK,OK,,"[1, 1, 2, 2, 2]"
MSC,173,BAD_SEQUENCE,SKIP,Скачок: 1 -> 3,"[1, 1, 1, 3]"
MSC,174,OK,OK,,"[1, 1, 2, 2, 2]"
MSC,175,OK,OK,,"[1, 1, 2, 2, 2]"
MSC,176,OK,OK,,"[1, 1, 2, 2, 3, 3, 3, 3, 4]"
MSC,177,OK,OK,,"[1, 1, 2, 2, 2]"
MSC,178,OK,OK,,"[1, 1, 2, 2, 2]"
MSC,179,OK,OK,,"[1, 1, 2, 2, 2]"
MSC,180,OK,OK,,"[1, 1, 2, 2, 3, 3, 3, 3, 4]"
MSC,181,OK,OK,,"[1, 1, 2, 2, 2, 2, 2, 3, 3, 4]"
MSC,182,OK,OK,,"[1, 1, 2, 2, 3, 3, 3, 3, 4]"
MSC,183,OK,OK,,"[1, 1, 2, 2, 3, 3, 4]"
MSC,184,OK,OK,,"[1, 1, 2, 2, 2, 2, 2]"
MSC,185,OK,OK,,"[1, 1, 2, 2, 2]"
MSC,186,OK,OK,,"[1, 1, 2, 2, 2, 2, 2, 2, 3]"
MSC,187,OK,OK,,"[1, 1, 2, 2, 2, 2, 2, 2, 3]"
MSC,188,OK,OK,,"[1, 1, 2, 2, 3, 3, 3, 3, 3, 3, 4]"
MSC,189,OK,OK,,"[1, 1, 2, 2, 3, 3, 4]"
MSC,190,OK,OK,,"[1, 1, 2, 2, 2]"
MSC,191,OK,OK,,"[1, 1, 2, 2, 3, 3, 3, 3, 4]"
MSC,192,OK,OK,,"[1, 1]"
MSC,193,OK,OK,,"[1, 1, 2, 2, 2, 2, 2, 3]"
MSC,194,OK,OK,,"[1, 1, 2, 2, 3, 3, 4]"
MSC,195,OK,OK,,"[1, 1, 2, 2, 2, 2, 2, 3]"
MSC,196,OK,OK,,"[1, 1, 2, 2, 3, 3, 3, 3, 4]"
MSC,197,OK,OK,,"[1, 1, 2, 2, 3, 3, 4]"
MSC,198,OK,OK,,"[1, 1, 2, 2, 3, 3, 4]"
MSC,199,OK,OK,,"[1, 1, 2, 2, 3, 3, 3]"
MSC,200,OK,OK,,"[1, 1, 2, 2, 3, 3, 3, 3, 4]"
MSC,201,OK,OK,,"[1, 1, 2, 2, 3, 3, 3, 3, 4]"
MSC,202,OK,OK,,"[1, 1, 2, 2, 3, 3, 4]"
MSC,203,OK,OK,,"[1, 1, 2, 2, 3]"
MSC,204,OK,OK,,"[1, 1, 2, 2, 3, 3, 3]"
MSC,205,OK,OK,,"[1, 1, 2, 2, 3, 3, 3]"
MSC,206,OK,OK,,"[1, 1, 2, 2, 3, 3, 4]"
MSC,207,OK,OK,,"[1, 1, 2, 2, 3, 3, 4]"
MSC,208,OK,OK,,"[1, 1, 2, 2, 3]"
MSC,209,OK,OK,,"[1, 1, 2, 2, 3]"
MSC,210,OK,OK,,"[1, 1, 2, 2, 2, 2, 2, 2, 3]"
MSC,211,OK,OK,,"[1, 1, 2, 2, 3, 3, 4]"
MSC,212,OK,OK,,"[1, 1, 2, 2, 3, 3, 4]"
MSC,213,OK,OK,,"[1, 1, 2, 2, 3, 3, 3, 3, 4]"
MSC,214,OK,OK,,"[1, 1, 2, 2, 3, 3, 3, 3, 4]"
MSC,215,OK,OK,,"[1, 1, 2, 2, 3, 3, 3, 3, 3, 3, 3, 3, 4]"
MSC,216,OK,OK,,"[1, 1, 2, 2, 3, 3, 4]"
MSC,217,OK,OK,,"[1, 1, 2, 2, 3, 3, 4]"
MSC,218,OK,OK,,"[1, 1, 2, 2, 2, 2, 2, 3, 3, 3, 3, 4]"
MSC,219,OK,OK,,"[1, 1, 2, 2, 3, 3, 4]"
MSC,220,OK,OK,,"[1, 1, 2, 2, 2]"
MSC,221,OK,OK,,"[1, 1, 2, 2, 3, 3, 3, 3, 3, 3, 3, 3, 4]"
MSC,222,OK,OK,,"[1, 1, 2, 2, 3, 3, 4, 5, 5, 5]"
MSC,223,OK,OK,,"[1, 1, 2, 2, 3, 3, 3, 3, 4]"
MSC,224,OK,OK,,"[1, 1, 2, 2, 3, 3, 4, 5, 5, 5]"
MSC,225,OK,OK,,"[1, 1, 2, 2, 3, 3, 3, 3, 3, 3, 3, 3, 3, 3, 4]"
MSC,226,OK,OK,,"[1, 1, 2, 2, 3, 3, 3, 3, 4]"
MSC,227,OK,OK,,"[1, 1, 2, 2, 3, 3, 4]"
MSC,228,OK,OK,,"[1, 1, 2, 2, 3, 3, 3, 3, 4]"
MSC,229,OK,OK,,"[1, 1, 2, 2, 3, 3, 3, 3, 4]"
MSC,230,OK,OK,,"[1, 1, 2, 2, 3, 3, 4, 5, 5]"
MSC,231,OK,OK,,"[1, 1, 2, 2, 3, 3, 3, 3, 4]"
MSC,232,OK,OK,,"[1, 1, 2, 2, 3, 3, 4]"
MSC,233,OK,OK,,"[1, 1, 2, 2, 3, 3, 4]"
MSC,234,OK,OK,,"[1, 1, 2, 2, 3, 3, 3, 3, 3, 3, 3, 3, 3, 3, 4]"
MSC,235,OK,OK,,"[1, 1, 2, 2, 3, 3, 3, 3, 4]"
MSC,236,OK,OK,,"[1, 1, 2, 2, 2]"
MSC,237,OK,OK,,"[1, 1, 2, 2, 3, 3, 3, 3, 4]"
MSC,238,OK,OK,,"[1, 1, 2, 2, 3, 3, 3, 3, 4, 5, 5]"
MSC,239,OK,OK,,"[1, 1, 2, 2, 3]"
MSC,240,OK,OK,,"[1, 1, 2, 2, 3, 3, 3]"
MSC,241,OK,OK,,"[1, 1, 2, 2, 2, 2, 2, 3, 3, 4]"
MSC,242,OK,OK,,"[1, 1, 2, 2, 3, 3, 3, 3, 4]"
MSC,243,OK,OK,,"[1, 1, 2]"
MSC,244,OK,OK,,"[1, 1, 2, 2, 3, 3, 3, 3, 4]"
MSC,245,OK,OK,,"[1, 1, 2, 2, 3, 3, 4]"
MSC,246,OK,OK,,"[1, 1, 2, 2, 2]"
MSC,247,OK,OK,,"[1, 1, 2, 2, 2]"
MSC,248,OK,OK,,"[1, 1, 2, 2, 2, 2, 2, 2, 2]"
MSC,249,OK,OK,,"[1, 1, 2, 2, 2, 2, 2, 2, 3, 3, 4]"
MSC,250,OK,OK,,"[1, 1, 2, 2, 3, 3, 3, 3, 3, 3, 4]"
MSC,251,OK,OK,,"[1, 1, 2, 2, 3, 3, 3]"
MSC,252,OK,OK,,"[1, 1, 2, 2, 2, 2, 3, 3, 3, 3, 4]"
MSC,253,OK,OK,,"[1, 1, 2, 2, 3, 3, 3, 3, 4]"
MSC,254,OK,OK,,"[1, 1, 2, 2, 3, 3, 3, 3, 4]"
MSC,255,OK,OK,,"[1, 1, 2, 2, 3, 3, 3, 3, 4]"
MSC,256,OK,OK,,"[1, 1, 2, 2, 3, 3, 4]"
MSC,257,OK,OK,,"[1, 1, 2, 2, 3, 3, 3, 3, 4]"
MSC,258,OK,OK,,"[1, 1, 2, 2, 3, 3, 3, 3, 4]"
MSC,259,OK,OK,,"[1, 1, 2, 2, 3, 3, 3, 3, 4]"
MSC,260,OK,OK,,"[1, 1, 2, 2, 3, 3, 3, 3, 4]"
MSC,261,OK,OK,,"[1, 1, 2, 2, 3, 3, 3, 3, 4]"
MSC,262,OK,OK,,"[1, 1, 2, 2, 3, 3, 3, 3, 3, 3, 4, 5]"
MSC,263,OK,OK,,"[1, 1, 2, 2, 3, 3, 3, 3, 4]"
MSC,264,OK,OK,,"[1, 1, 2, 2, 3, 3, 3, 3, 4]"
MSC,265,OK,OK,,"[1, 1, 2, 2, 3, 3, 3, 3, 4]"
MSC,266,OK,OK,,"[1, 1, 2, 2, 3, 3, 3, 3, 4]"
MSC,267,OK,OK,,"[1, 1, 2, 2, 3, 3, 3]"
MSC,268,OK,OK,,"[1, 1, 2, 2, 3, 3, 4]"
MSC,269,OK,OK,,"[1, 1, 2, 2, 3, 3, 3, 3, 4]"
MSC,270,OK,OK,,"[1, 1, 2, 2, 3, 3, 3, 3, 4]"
MSC,271,OK,OK,,"[1, 1, 2, 2, 3, 3, 3, 3, 4]"
MSC,272,OK,OK,,"[1, 1, 2, 2, 3, 3, 3, 3, 4]"
MSC,273,OK,OK,,"[1, 1, 2, 2, 3]"
MSC,274,OK,OK,,"[1, 2, 2]"
MSC,275,OK,OK,,"[1, 2, 2]"
MSC,276,OK,OK,,"[1, 1, 2, 2, 3, 3, 3]"
MSC,277,OK,OK,,"[1, 1, 2, 2, 2]"
MSC,278,OK,OK,,"[1, 1, 2, 2, 2, 2, 2, 2, 2]"
MSC,279,OK,OK,,"[1, 1, 2, 2, 3, 3, 4]"
MSC,280,OK,OK,,"[1, 1, 2, 2, 3, 3, 3, 3, 3, 3, 4]"
MSC,281,OK,OK,,"[1, 1, 2, 2, 3, 3, 4]"
MSC,282,OK,OK,,"[1, 1, 2, 2, 3, 3, 4, 5]"
MSC,283,OK,OK,,"[1, 1, 2, 2, 3, 3, 3, 3, 4, 5, 5]"
MSC,284,OK,OK,,"[1, 1, 2, 2, 3, 3, 3, 3, 4]"
MSC,285,OK,OK,,"[1, 1, 2, 2, 3, 3, 3, 3, 4]"
MSC,286,OK,OK,,"[1, 1, 2, 2, 3, 3, 4]"
MSC,287,OK,OK,,"[1, 1, 2, 2, 2, 2]"
MSC,288,OK,OK,,"[1, 1, 2, 2, 3, 3, 3, 3, 4]"
MSC,289,OK,OK,,"[1, 1, 2, 2, 2]"
MSC,290,OK,OK,,"[1, 1, 2, 2, 3, 3, 3, 4, 4]"
MSC,291,OK,OK,,"[1, 1]"
MSC,292,OK,OK,,"[1, 1, 2, 2, 2, 2]"
MSC,293,OK,OK,,"[1, 1, 2, 2, 2]"
MSC,294,OK,OK,,"[1, 1, 2, 2, 2, 2]"
MSC,295,OK,OK,,"[1, 1, 2, 2, 2, 2, 3, 3, 3, 3, 4]"
MSC,296,OK,OK,,"[1, 1, 2, 2, 3, 4]"
MSC,297,OK,OK,,"[1, 1, 2, 2, 3, 3, 4]"
MSC,298,OK,OK,,"[1, 1, 2, 2, 2, 2, 2, 2]"
MSC,299,OK,OK,,"[1, 1, 2, 3, 3, 3, 3, 4]"
MSC,300,OK,OK,,"[1, 1, 2, 2, 3, 3, 4]"
MSC,301,OK,OK,,"[1, 1, 2, 2, 3, 3, 3]"
MSC,302,OK,OK,,"[1, 1, 2, 2, 3, 3, 3, 3, 4]"
MSC,303,OK,OK,,"[1, 1, 2, 2, 3, 3, 4]"
MSC,304,OK,OK,,"[1, 1, 2, 2, 2]"
MSC,305,OK,OK,,"[1, 1, 2, 2, 2]"
MSC,306,OK,OK,,"[1, 1, 2, 2, 3, 3, 3, 3, 4]"
MSC,307,OK,OK,,"[1, 1, 2, 2, 2]"
MSC,308,OK,OK,,"[1, 1, 2, 2, 3, 3, 3, 3, 4, 4, 5, 5, 5]"
MSC,309,BAD_SEQUENCE,SKIP,Скачок: 1 -> 3,"[1, 1, 3, 3, 3, 3, 4, 5, 5, 5]"
MSC,310,OK,OK,,"[1, 1, 2, 2, 3, 3, 4, 5]"
MSC,311,OK,OK,,"[1, 1]"
MSC,312,OK,OK,,"[1, 1, 2, 2, 3, 4]"
MSC,313,OK,OK,,"[1, 1, 2, 2, 3, 3, 4]"
MSC,314,OK,OK,,"[1, 2, 2, 3, 3, 4]"
MSC,315,OK,OK,,"[1, 2, 2, 3, 3, 4]"
MSC,316,OK,OK,,"[1, 1, 2, 2, 3, 3, 3, 3, 4]"
MSC,317,OK,OK,,"[1, 1, 2, 2, 3, 3, 3, 3, 4]"
MSC,318,OK,OK,,"[1, 1, 2, 2, 3, 3, 4, 5, 5, 5]"
MSC,319,OK,OK,,"[1, 2, 2]"
MSC,320,OK,OK,,"[1, 1, 2, 2, 3, 3, 4, 5]"
MSC,321,OK,OK,,"[1, 1]"
MSC,322,OK,OK,,"[1, 1, 2, 2, 3, 3, 3, 3, 4]"
MSC,323,OK,OK,,"[1, 1, 2, 2, 2, 2]"
MSC,324,OK,OK,,"[1, 1, 2, 2, 2, 2]"
MSC,325,OK,OK,,"[1, 1, 2, 2, 2, 3]"
MSC,326,OK,OK,,"[1, 1, 2, 2, 2, 2, 2, 2]"
MSC,327,OK,OK,,"[1, 1, 2, 2, 3, 3, 3, 3, 3, 3, 4]"
MSC,328,OK,OK,,"[1, 1, 2, 2, 3, 3, 4]"
MSC,329,OK,OK,,"[1, 1, 2, 2, 3, 3, 3]"
MSC,330,OK,OK,,"[1, 1, 2, 2, 3]"
MSC,331,OK,OK,,"[1, 1, 2, 2, 3, 3, 3, 3, 4]"
MSC,332,OK,OK,,"[1, 1, 2, 2, 2]"
MSC,333,OK,OK,,"[1, 1, 2, 2, 3, 3, 3, 3, 4]"
MSC,334,OK,OK,,"[1, 1, 2, 2, 3, 3, 4]"
MSC,335,OK,OK,,"[1, 1, 2, 2, 3]"
MSC,336,OK,OK,,"[1, 1, 2, 2, 3]"
MSC,337,OK,OK,,"[1, 1, 2, 2, 3]"
MSC,338,OK,OK,,"[1, 1, 2, 2, 3]"
MSC,339,OK,OK,,"[1, 1, 2, 2, 3]"
MSC,340,BAD_SEQUENCE,SKIP,Скачок: 1 -> 3,"[1, 1, 1, 3]"
MSC,341,OK,OK,,"[1, 1, 2, 2, 3]"
MSC,342,OK,OK,,"[1, 1, 2, 2, 2, 2, 3]"
MSC,343,OK,OK,,"[1, 1, 2, 2, 3]"
MSC,344,OK,OK,,"[1, 1, 2, 2, 3]"
MSC,345,OK,OK,,"[1, 1, 2, 2, 3]"
MSC,346,OK,OK,,"[1, 1, 2, 2, 2]"
MSC,347,OK,OK,,"[1, 1, 2, 2, 2]"
MSC,348,BAD_SEQUENCE,SKIP,Скачок: 1 -> 3,"[1, 1, 1, 3]"
MSC,349,OK,OK,,"[1, 1, 2, 2, 3]"
MSC,350,OK,OK,,"[1, 1, 2, 2, 3]"
MSC,351,OK,OK,,"[1, 1, 2, 2, 3, 3, 4]"
MSC,352,OK,OK,,"[1, 1, 2, 2, 3]"
MSC,353,OK,OK,,"[1, 1, 2, 2, 3]"
MSC,354,OK,OK,,"[1, 1, 2, 2, 3]"
MSC,355,OK,OK,,"[1, 1, 2, 2, 3]"
MSC,356,OK,OK,,"[1, 1, 2, 2, 3, 4]"
MSC,357,BAD_SEQUENCE,SKIP,Скачок: 1 -> 3,"[1, 1, 1, 3, 4]"
MSC,358,OK,OK,,"[1, 1, 2, 2, 3]"
MSC,359,BAD_SEQUENCE,SKIP,Скачок: 1 -> 3,"[1, 1, 1, 3]"
MSC,360,OK,OK,,"[1, 1, 2, 2, 3]"
MSC,361,OK,OK,,"[1, 1, 2, 2, 2, 2, 3]"
MSC,362,OK,OK,,"[1, 1, 2, 2, 3]"
MSC,363,OK,OK,,"[1, 1, 2, 2, 2]"
MSC,364,OK,OK,,"[1, 1, 2, 2, 3, 3, 3, 3, 4]"
MSC,365,OK,OK,,"[1, 1, 2, 2, 3, 3, 3, 3, 4]"
MSC,366,OK,OK,,"[1, 1, 2, 2, 3, 3, 3, 3, 4]"
MSC,367,BAD_SEQUENCE,SKIP,Скачок: 1 -> 3,"[1, 1, 3, 4, 5, 5]"
MSC,368,OK,OK,,"[1, 1, 2, 2, 3, 3, 3, 3, 4]"
MSC,369,OK,OK,,"[1, 1, 2, 2, 3]"
MSC,370,OK,OK,,"[1, 1, 2, 2, 3, 3, 3, 3, 4]"
MSC,371,OK,OK,,"[1, 1, 2, 2, 3, 3, 3, 3, 4]"
MSC,372,OK,OK,,"[1, 1, 2, 2, 3, 3, 3, 3, 4]"
MSC,373,OK,OK,,"[1, 1, 2, 2, 3, 3, 3, 3, 4]"
MSC,374,OK,OK,,"[1, 1, 2, 2, 3, 3, 3, 3, 4]"
MSC,375,OK,OK,,"[1, 1, 2, 2, 3, 3, 3, 3, 4]"
MSC,376,OK,OK,,"[1, 1, 2, 2, 3, 3, 3, 3, 4]"
MSC,377,OK,OK,,"[1, 1, 2, 2, 3, 3, 3, 3, 4]"
MSC,378,OK,OK,,"[1, 1, 2, 2, 3, 3, 3, 3, 4]"
MSC,379,OK,OK,,"[1, 1, 2, 2, 3, 3, 3, 3, 4]"
MSC,380,OK,OK,,"[1, 1, 2, 2, 3, 3, 3, 3, 4]"
MSC,381,OK,OK,,"[1, 1, 2, 2, 3, 3, 3, 3, 4]"
MSC,382,OK,OK,,"[1, 1, 2, 2, 3, 3, 3, 3, 4]"
MSC,383,OK,OK,,"[1, 1, 2, 2, 3, 3, 3, 3, 4]"
MSC,384,OK,OK,,"[1, 1, 2, 2, 3, 3, 3, 4]"
MSC,385,OK,OK,,"[1, 1]"
MSC,386,OK,OK,,"[1, 1, 2, 2, 3, 3, 3, 3, 4]"
MSC,387,OK,OK,,"[1, 1, 2, 2, 3, 3, 3, 3, 4]"
MSC,388,OK,OK,,"[1, 1, 2, 2, 3, 3, 3, 3, 4]"
MSC,389,OK,OK,,"[1, 1, 2, 2, 3, 3, 3, 3, 4]"
MSC,390,OK,OK,,"[1, 1, 2, 2, 2]"
MSC,391,OK,OK,,"[1, 1, 2, 2, 3]"
MSC,392,OK,OK,,"[1, 1, 2, 2, 3, 3, 4]"
MSC,393,OK,OK,,"[1, 1, 2, 2, 2]"
MSC,394,OK,OK,,"[1, 1, 2, 2, 2]"
MSC,395,OK,OK,,"[1, 1, 2, 2, 2]"
MSC,396,OK,OK,,"[1, 1, 2, 2, 3, 3, 3, 3, 3, 3, 4]"
MSC,397,OK,OK,,"[1, 1, 2, 2, 2]"
MSC,398,OK,OK,,"[1, 1]"
MSC,399,OK,OK,,"[1, 1, 2, 2, 3, 3, 4]"
MSC,400,OK,OK,,"[1, 1, 2, 2, 3, 3, 4, 5, 5]"
MSC,401,OK,OK,,"[1, 1, 2, 2, 3, 3, 3, 3, 3, 3, 4]"
MSC,402,OK,OK,,"[1, 1, 2, 2, 2]"
MSC,403,OK,OK,,"[1, 1, 2, 2, 3, 3, 4]"
MSC,404,OK,OK,,"[1, 1, 2, 2, 3, 3, 4]"
MSC,405,OK,OK,,"[1, 1, 2, 2, 3, 3, 3, 3, 4]"
MSC,406,OK,OK,,"[1, 1, 2, 2, 3, 3, 3, 3, 4]"
MSC,407,OK,OK,,"[1, 1, 2, 2, 2, 2, 2]"
MSC,408,OK,OK,,"[1, 1, 2, 2, 3, 3, 3, 3, 4]"
MSC,409,OK,OK,,"[1, 1, 2, 2, 3, 3, 3, 3, 4]"
MSC,410,OK,OK,,"[1, 1, 2, 2, 2, 2, 2]"
MSC,411,OK,OK,,"[1, 1, 2, 2, 3, 3, 3, 3, 3]"
MSC,412,OK,OK,,"[1, 1, 2, 2, 3]"
MSC,413,OK,OK,,"[1, 1, 2, 2, 3, 3, 4]"
MSC,414,OK,OK,,"[1, 1, 2, 2, 3, 3, 4]"
MSC,415,OK,OK,,"[1, 1, 2, 2, 2, 2, 2, 3, 3, 4]"
MSC,416,OK,OK,,"[1, 1, 2, 2, 3, 3, 4]"
MSC,417,OK,OK,,"[1, 1, 2, 2, 3, 3, 4]"
MSC,418,OK,OK,,"[1, 1, 2, 2, 3, 3, 3, 3, 4]"
MSC,419,OK,OK,,"[1, 1, 2, 2, 3, 3, 3, 3, 4]"
MSC,420,OK,OK,,"[1, 1, 2, 2, 3]"
MSC,421,OK,OK,,"[1, 1, 2, 2, 2, 2, 2, 2, 3]"
MSC,422,OK,OK,,"[1, 1, 2, 2, 3, 3, 4]"
MSC,423,OK,OK,,"[1, 1, 2, 2, 3, 3, 3, 3, 4]"
MSC,424,OK,OK,,"[1, 1, 2, 2, 3, 3, 3, 3, 4]"
MSC,425,OK,OK,,"[1, 1, 2, 2, 3, 3, 3]"
MSC,426,OK,OK,,"[1, 1, 1, 1]"
MSC,427,OK,OK,,"[1, 1, 2, 2, 3, 3, 3, 3, 4]"
MSC,428,OK,OK,,"[1, 1, 2, 2, 3]"
MSC,429,OK,OK,,"[1, 1, 2, 2, 2, 2, 2, 3, 3, 3, 3, 4]"
MSC,430,OK,OK,,"[1, 1, 2, 2, 3, 3, 4]"
MSC,431,OK,OK,,"[1, 1, 2, 2, 2]"
MSC,432,OK,OK,,"[1, 1, 2, 2, 3, 4]"
MSC,433,OK,OK,,"[1, 1, 2, 2, 3, 3, 4]"
MSC,434,OK,OK,,"[1, 1, 2, 2, 3, 4]"
MSC,435,OK,OK,,"[1, 1, 2, 2, 3, 3, 3, 3, 4]"
MSC,436,OK,OK,,"[1, 1, 2, 2, 3, 3, 3]"
MSC,437,OK,OK,,"[1, 1, 2, 2, 3, 3, 3]"
MSC,438,OK,OK,,"[1, 1, 2, 2, 3, 3, 4]"
MSC,439,OK,OK,,"[1, 1, 2, 2, 3, 3, 4]"
MSC,440,OK,OK,,"[1, 1, 2, 2, 3, 3, 4]"
MSC,441,OK,OK,,"[1, 1, 2]"
MSC,442,OK,OK,,"[1, 1, 2, 2, 3, 3, 4]"
MSC,443,OK,OK,,"[1, 1, 2, 2, 3, 3, 3]"
MSC,444,OK,OK,,"[1, 1, 2, 2, 3, 3, 4]"
MSC,445,OK,OK,,"[1, 1, 2, 2, 3, 3, 3, 3, 4]"
MSC,446,OK,OK,,"[1, 1, 2, 2, 3, 3, 4, 5, 5, 5]"
MSC,447,OK,OK,,"[1, 1, 2, 2, 2, 2, 2, 3, 3, 4, 5, 5]"
MSC,448,OK,OK,,"[1, 1, 2, 2, 3, 3, 3, 3, 4]"
MSC,449,OK,OK,,"[1, 1, 2, 2, 3, 3, 3, 3, 4, 5, 5]"
MSC,450,OK,OK,,"[1, 1, 2, 2, 3, 3, 4, 5, 5, 5]"
MSC,451,OK,OK,,"[1, 1, 2, 3, 3, 3, 3, 3, 4, 5]"
MSC,452,OK,OK,,"[1, 1, 2, 2, 3, 3, 3, 3, 4, 5]"
MSC,453,OK,OK,,"[1, 1, 2, 2, 3, 3, 3, 3, 4, 5, 5, 5]"
MSC,454,OK,OK,,"[1, 1, 2, 2, 3, 3, 3, 3, 4, 5, 5, 5]"
MSC,455,OK,OK,,"[1, 1, 2, 2, 3, 3, 4, 5, 5, 5]"
MSC,456,OK,OK,,"[1, 1, 2, 2, 3, 3, 4, 5]"
MSC,457,OK,OK,,"[1, 1, 2, 2, 3, 3, 3, 3, 3, 3, 4, 5]"
MSC,458,OK,OK,,"[1, 1, 2, 2, 2, 2, 2]"
MSC,459,OK,OK,,"[1, 1, 2, 2, 3, 3, 4, 5, 5, 5]"
MSC,460,OK,OK,,"[1, 1, 2, 2, 3, 3, 4]"
MSC,461,OK,OK,,"[1, 1, 2, 2, 2, 2, 2, 2, 3, 4]"
MSC,462,BAD_SEQUENCE,SKIP,Скачок: 1 -> 3,"[1, 1, 1, 3, 4]"
MSC,463,OK,OK,,"[1, 1, 2, 2, 2, 2, 2, 2, 3, 3, 4]"
MSC,464,OK,OK,,"[1, 1, 2, 2, 3, 3, 4]"
MSC,465,OK,OK,,"[1, 1, 2, 2, 3, 3, 4]"
MSC,466,OK,OK,,"[1, 1, 2, 2, 2]"
MSC,467,OK,OK,,"[1, 1, 2, 2, 3, 3, 4]"
MSC,468,OK,OK,,"[1, 1, 2, 2, 3]"
MSC,469,OK,OK,,"[1, 1, 2, 2, 3, 3, 4]"
MSC,470,OK,OK,,"[1, 1, 2, 2, 2]"
MSC,471,OK,OK,,"[1, 1, 2, 2, 3, 3, 3, 3, 3, 3, 4]"
MSC,472,OK,OK,,"[1, 1, 2, 2, 3, 3, 3, 3, 3, 3, 4]"
MSC,473,OK,OK,,"[1, 1, 2, 2, 3, 3, 4]"
MSC,474,OK,OK,,"[1, 1, 2, 2, 3, 3, 4]"
MSC,475,OK,OK,,"[1, 1, 2, 2, 3, 3, 4]"
MSC,476,OK,OK,,"[1, 1, 2, 2, 3, 3, 3, 3, 4]"
MSC,477,OK,OK,,"[1, 1, 2, 2, 3, 3, 3, 3, 4, 5, 5]"
MSC,478,OK,OK,,"[1, 1, 2, 2, 3, 3, 4]"
MSC,479,OK,OK,,"[1, 1, 2, 2, 2]"
MSC,480,OK,OK,,"[1, 1, 2, 2, 2]"
MSC,481,OK,OK,,"[1, 1, 2, 2, 3, 3, 4]"
MSC,482,OK,OK,,"[1, 1, 2, 2, 3]"
MSC,483,OK,OK,,"[1, 1, 2, 2, 3, 3, 4]"
MSC,484,OK,OK,,"[1, 1, 2, 2, 3, 3, 4]"
MSC,485,OK,OK,,"[1, 1, 2, 2, 3, 3, 4]"
MSC,486,OK,OK,,"[1, 1, 2, 2, 2, 2, 3, 3, 3, 3, 4]"
MSC,487,BAD_SEQUENCE,SKIP,Скачок: 1 -> 3,"[1, 1, 1, 3, 4]"
MSC,488,BAD_SEQUENCE,SKIP,Скачок: 1 -> 3,"[1, 1, 1, 3, 4]"
MSC,489,OK,OK,,"[1, 1, 2, 2, 3, 3, 3, 3, 4]"
MSC,490,OK,OK,,"[1, 1, 2, 2, 3, 4]"
MSC,491,OK,OK,,"[1, 1, 2, 3, 3, 3, 3, 3, 4]"
MSC,492,OK,OK,,"[1, 1, 2, 2, 3, 3, 4]"
MSC,493,OK,OK,,"[1, 1, 2, 2, 3, 3, 4]"
MSC,494,OK,OK,,"[1, 1, 2, 2, 3, 3, 3, 3, 4]"
MSC,495,OK,OK,,"[1, 1, 2, 2, 3, 3, 4]"
MSC,496,OK,OK,,"[1, 1, 2, 2, 3, 4]"
MSC,497,OK,OK,,"[1, 1, 2, 2, 2, 2]"
MSC,498,OK,OK,,"[1, 1, 2, 2, 2, 2, 3, 3, 3, 3, 4]"
MSC,499,OK,OK,,"[1, 1, 2, 2, 3, 3, 4]"
MSC,500,OK,OK,,"[1, 1, 2, 2, 3, 3, 3, 3, 4]"
MSC,501,OK,OK,,"[1, 1, 2, 2, 3, 3, 4]"
MSC,502,OK,OK,,"[1, 1, 2, 2, 3, 3, 3, 3, 3, 3, 4]"
MSC,503,OK,OK,,"[1, 1, 2, 2, 3, 3, 3, 3, 3, 3, 3, 3, 4]"
MSC,504,OK,OK,,"[1, 1, 2, 2, 2]"
MSC,505,OK,OK,,"[1, 1, 2, 2, 3, 3, 3, 3, 4]"
MSC,506,OK,OK,,"[1, 1, 2, 2, 3, 3, 3, 3, 4]"
MSC,507,OK,OK,,"[1, 1, 2, 2, 3, 3, 3, 3, 4]"
MSC,508,OK,OK,,"[1, 1, 2, 2, 3, 3, 4]"
MSC,509,OK,OK,,"[1, 1, 1, 1]"
MSC,510,OK,OK,,"[1, 1, 2, 2, 2, 2]"
MSC,511,OK,OK,,"[1, 1, 2, 2, 3, 4]"
MSC,512,OK,OK,,"[1, 1, 2, 2, 3, 3, 4]"
MSC,513,OK,OK,,"[1, 1, 2, 2, 3, 3, 3, 3, 4]"
MSC,514,OK,OK,,"[1, 1, 2, 2, 3, 3, 3]"
MSC,515,OK,OK,,"[1, 1, 1, 1]"
MSC,516,OK,OK,,"[1, 1, 2, 2, 3, 3]"
MSC,517,BAD_SEQUENCE,SKIP,Скачок: 1 -> 3,"[1, 1, 1, 3, 4]"
MSC,518,OK,OK,,"[1, 1, 1, 1]"
MSC,519,OK,OK,,"[1, 1, 2, 2, 3, 3, 3, 3, 4]"
MSC,520,OK,OK,,"[1, 1, 2, 2, 2]"
MSC,521,OK,OK,,"[1, 1, 2, 2, 3, 3, 4]"
MSC,522,OK,OK,,"[1, 1, 2, 2, 2]"
MSC,523,OK,OK,,"[1, 1, 2, 2, 3, 3, 3, 3, 4]"
MSC,524,OK,OK,,"[1, 1, 2, 2, 3, 3, 4]"
MSC,525,OK,OK,,"[1, 1, 2, 2, 2, 2, 2]"
MSC,526,OK,OK,,"[1, 1, 2, 2, 2, 2, 2]"
MSC,527,OK,OK,,"[1, 1, 2, 2, 2]"
MSC,528,OK,OK,,"[1, 1, 2, 2, 2, 2, 2, 3, 3, 4]"
MSC,529,OK,OK,,"[1, 1, 2, 2, 3, 3, 3, 3, 4]"
MSC,530,OK,OK,,"[1, 1, 2, 2, 3, 3, 4]"
MSC,531,OK,OK,,"[1, 1, 2, 2, 3, 3, 4]"
MSC,532,OK,OK,,"[1, 1, 2, 2, 3, 3, 4]"
MSC,533,OK,OK,,"[1, 1, 2, 2, 2, 2]"
MSC,534,OK,OK,,"[1, 1, 2, 2, 3, 4]"
MSC,535,OK,OK,,"[1, 1, 2, 2, 2]"
MSC,536,OK,OK,,"[1, 1, 2, 2, 3, 3, 3, 3, 4]"
MSC,537,OK,OK,,"[1, 1, 2, 2, 3, 3, 4]"
MSC,538,OK,OK,,"[1, 1, 2, 2, 3, 3, 4]"
MSC,539,OK,OK,,"[1, 1, 2, 2, 3, 3, 4, 5, 5]"
MSC,540,OK,OK,,"[1, 1, 2, 2, 3, 3, 4]"
MSC,541,OK,OK,,"[1, 1, 2, 2, 3, 3, 3, 3, 4]"
MSC,542,OK,OK,,"[1, 1, 2, 2, 3, 3, 4]"
MSC,543,OK,OK,,"[1, 1, 2, 2, 3, 3, 4]"
MSC,544,OK,OK,,"[1, 1, 2, 2, 2]"
MSC,545,OK,OK,,"[1, 1, 2, 2, 3]"
MSC,546,OK,OK,,"[1, 1, 2, 2, 2]"
MSC,547,OK,OK,,"[1, 1, 1, 1]"
MSC,548,OK,OK,,"[1, 1, 2, 2, 3, 3, 4]"
MSC,549,OK,OK,,"[1, 1, 2, 2, 3, 3, 3, 3, 4]"
MSC,550,OK,OK,,"[1, 1, 2, 2, 3, 3, 4]"
MSC,551,OK,OK,,"[1, 1, 2, 2, 3, 4]"
MSC,552,OK,OK,,"[1, 1, 2, 2, 2, 2]"
MSC,553,OK,OK,,"[1, 1, 2, 2, 2]"
MSC,554,OK,OK,,"[1, 1, 2, 2, 3, 3, 4]"
MSC,555,OK,OK,,"[1, 1, 2, 2, 3, 3, 4]"
MSC,556,OK,OK,,"[1, 1, 2, 2, 3, 3, 4]"
MSC,557,OK,OK,,"[1, 1, 2, 2, 2, 2, 3, 3, 3, 3, 4]"
MSC,558,OK,OK,,"[1, 1, 2, 2, 3, 3, 3, 3, 4]"
MSC,559,OK,OK,,"[1, 1, 2, 2, 3, 3, 3, 3, 4]"
MSC,560,OK,OK,,"[1, 1, 2, 2, 3, 3, 3, 3, 4]"
MSC,561,OK,OK,,"[1, 1, 1, 1]"
MSC,562,OK,OK,,"[1, 1, 2, 2, 3, 3, 3, 3, 3, 3, 3, 3, 3, 3, 4]"
MSC,563,OK,OK,,"[1, 1, 2, 2, 3, 3, 3, 3, 4]"
MSC,564,OK,OK,,"[1, 1, 2, 2, 3, 3, 4]"
MSC,565,OK,OK,,"[1, 1, 2, 2, 2]"
MSC,566,OK,OK,,"[1, 1, 2, 2, 3, 3, 4]"
MSC,567,OK,OK,,"[1, 1, 2, 2, 2]"
MSC,568,OK,OK,,"[1, 1, 2, 2, 3, 3, 3]"
MSC,569,OK,OK,,"[1, 1, 2, 2, 3, 4]"
MSC,570,OK,OK,,"[1, 1, 2, 2, 2, 2]"
MSC,571,OK,OK,,"[1, 1, 2, 2, 3, 3, 4]"
MSC,572,OK,OK,,"[1, 1, 2, 2, 3, 3, 4]"
MSC,573,OK,OK,,"[1, 1, 2, 2, 3, 3, 4]"
MSC,574,OK,OK,,"[1, 1, 2, 2, 3, 3, 4]"
MSC,575,OK,OK,,"[1, 1, 2, 2, 3, 3, 4]"
MSC,576,OK,OK,,"[1, 1, 2, 2, 3, 3, 4]"
MSC,577,OK,OK,,"[1, 1, 2, 2, 3, 3, 4]"
MSC,578,OK,OK,,"[1, 1, 2, 2, 3, 3, 4]"
MSC,579,OK,OK,,"[1, 1, 2, 2, 2]"
MSC,580,OK,OK,,"[1, 1, 2, 2, 3, 3, 4]"
MSC,581,OK,OK,,"[1, 1, 2, 2, 3, 3, 3]"
MSC,582,OK,OK,,"[1, 2, 2, 3, 3, 4]"
MSC,583,OK,OK,,"[1, 1, 2, 2, 2, 2, 3, 3, 4]"
MSC,584,OK,OK,,"[1, 1, 2, 2, 3, 3, 4]"
MSC,585,OK,OK,,"[1, 1, 2, 2, 3, 3, 3, 3, 4]"
MSC,586,OK,OK,,"[1, 1, 1]"
MSC,587,OK,OK,,"[1, 1, 2, 2, 2, 2, 3, 3, 4, 5, 5]"
MSC,588,OK,OK,,"[1, 1, 2, 2, 3, 3, 4]"
MSC,589,OK,OK,,"[1, 1, 2, 2, 3, 3, 4]"
MSC,590,OK,OK,,"[1, 1, 2, 2, 3, 3, 4]"
MSC,591,OK,OK,,"[1, 1, 2, 2, 2, 2]"
MSC,592,OK,OK,,"[1, 1, 2, 2, 3, 4]"
MSC,593,OK,OK,,"[1, 1, 2, 2, 3, 3, 3, 3, 4]"
MSC,594,OK,OK,,"[1, 1, 2, 2, 3, 3, 3, 3, 4]"
MSC,595,OK,OK,,"[1, 1, 2, 2, 3, 3, 3, 3, 4]"
MSC,596,OK,OK,,"[1, 1, 2, 2, 3, 3, 4]"
MSC,597,OK,OK,,"[1, 1, 2, 2, 3]"
MSC,598,OK,OK,,"[1, 1, 2, 2, 3, 3, 3, 3, 4]"
MSC,599,OK,OK,,"[1, 1, 2, 2, 3, 3, 3]"
MSC,600,OK,OK,,"[1, 1, 2, 2, 2]"
MSC,601,OK,OK,,"[1, 1, 2, 2, 3, 3, 4]"
MSC,602,OK,OK,,"[1, 1, 2, 2, 3, 3, 3, 3, 4]"
MSC,603,OK,OK,,"[1, 1, 2, 2, 2]"
MSC,604,OK,OK,,"[1, 1, 2, 2, 3, 3, 4, 5, 5]"
MSC,605,OK,OK,,"[1, 1, 2, 2, 3, 3, 4]"
MSC,606,OK,OK,,"[1, 1, 2, 2, 3, 3, 3, 3, 4]"
MSC,607,OK,OK,,"[1, 1, 2, 2, 3, 3, 4]"
MSC,608,OK,OK,,"[1, 1, 2, 2, 3, 3, 4]"
MSC,609,OK,OK,,"[1, 1, 2, 2, 2]"
MSC,610,OK,OK,,"[1, 1, 2, 2, 2, 2]"
MSC,611,OK,OK,,"[1, 1, 2, 2, 3, 4]"
MSC,612,OK,OK,,"[1, 1, 2, 2, 3, 3, 4, 5, 5]"
MSC,613,OK,OK,,"[1, 1, 2, 2, 2, 2, 2]"
MSC,614,OK,OK,,"[1, 1, 2, 2, 3, 3, 4]"
MSC,615,OK,OK,,"[1, 1, 2, 2, 3, 3, 3, 3, 4]"
MSC,616,OK,OK,,"[1, 1, 2, 2, 2, 2, 2, 2]"
MSC,617,OK,OK,,"[1, 1, 2, 2, 3, 3, 4]"
MSC,618,OK,OK,,"[1, 1, 2, 2, 3, 3, 3, 3, 4]"
MSC,619,OK,OK,,"[1, 1, 2, 2, 3, 3, 3]"
MSC,620,OK,OK,,"[1, 1, 2, 2, 3, 3, 3, 3, 4]"
MSC,621,OK,OK,,"[1, 1, 2, 2, 3, 3, 4]"
MSC,622,OK,OK,,"[1, 1, 2, 2, 3, 3, 3, 3, 3, 3, 4]"
MSC,623,OK,OK,,"[1, 1, 2, 2, 3, 3, 3, 3, 4]"
MSC,624,OK,OK,,"[1, 1, 2, 2, 3, 3, 3]"
MSC,625,OK,OK,,"[1, 1, 2, 2, 3, 3, 4]"
MSC,626,OK,OK,,"[1, 1, 2, 2, 3, 3, 4]"
MSC,627,OK,OK,,"[1, 1, 2, 2, 2]"
MSC,628,OK,OK,,"[1, 1, 2, 2, 3, 3, 4]"
MSC,629,OK,OK,,"[1, 1, 2, 2, 3, 3, 3, 3, 4]"
MSC,630,OK,OK,,"[1, 1, 2, 2, 3, 3, 3]"
MSC,631,OK,OK,,"[1, 1, 2, 2, 3, 3, 3, 3, 4]"
MSC,632,OK,OK,,"[1, 1, 2, 2, 3, 3, 4]"
MSC,633,OK,OK,,"[1, 1, 2, 2, 2, 2]"
MSC,634,OK,OK,,"[1, 1, 2, 2, 3, 4]"
MSC,635,OK,OK,,"[1, 1, 2, 2, 3, 3, 3, 3, 4]"
MSC,636,OK,OK,,"[1, 1, 2, 2, 3, 3, 4, 5, 5, 5]"
MSC,637,OK,OK,,"[1, 1, 2, 2, 2, 2, 2, 2, 2, 3, 3, 4]"
MSC,638,OK,OK,,"[1, 1, 2, 2, 3, 3, 3, 3, 4]"
MSC,639,OK,OK,,"[1, 1, 2, 2, 3, 3, 4, 5, 5, 5]"
MSC,640,OK,OK,,"[1, 1, 2, 2, 2]"
MSC,641,OK,OK,,"[1, 1, 2, 2, 3, 3, 3, 3, 4]"
MSC,642,OK,OK,,"[1, 1, 2, 2, 3, 3, 3, 3, 4]"
MSC,643,OK,OK,,"[1, 1, 2, 2, 3, 3, 3, 3, 4]"
MSC,644,OK,OK,,"[1, 1, 2, 2, 2]"
MSC,645,OK,OK,,"[1, 1, 2, 2, 3, 3, 3, 3, 3, 3, 3, 3, 4]"
MSC,646,OK,OK,,"[1, 1, 2, 2, 3, 3, 4]"
MSC,647,OK,OK,,"[1, 1, 2, 2, 3, 3, 3, 3, 4]"
MSC,648,OK,OK,,"[1, 1, 2, 2, 3, 3, 3, 3, 4]"
MSC,649,OK,OK,,"[1, 1, 2, 2, 2, 2, 3, 3, 4]"
MSC,650,OK,OK,,"[1, 1, 2, 2, 3, 3, 4]"
MSC,651,OK,OK,,"[1, 1, 2, 2, 3, 3, 3, 3, 4]"
MSC,652,OK,OK,,"[1, 1, 2, 2, 3, 4]"
MSC,653,OK,OK,,"[1, 1, 2, 2, 3, 3, 3, 3, 4]"
MSC,654,OK,OK,,"[1, 1, 2, 2, 3, 3, 3, 3, 3, 3, 4]"
MSC,655,OK,OK,,"[1, 1, 2, 2, 2, 2]"
MSC,656,OK,OK,,"[1, 1, 2, 2, 3, 4]"
MSC,657,OK,OK,,"[1, 1, 2, 2, 3, 3, 4]"
MSC,658,OK,OK,,"[1, 1, 2, 2, 2, 2, 3, 3, 4]"
MSC,659,OK,OK,,"[1, 1, 2, 2, 2, 2, 3, 3, 4]"
MSC,660,OK,OK,,"[1, 1, 2, 2, 2]"
MSC,661,OK,OK,,"[1, 1, 2, 2, 3, 3, 4, 5, 5]"
MSC,662,OK,OK,,"[1, 1, 2, 2, 3, 3, 4]"
MSC,663,OK,OK,,"[1, 1, 2, 2, 3, 3, 4]"
MSC,664,OK,OK,,"[1, 1, 2, 2, 3, 3, 3, 3, 4]"
MSC,665,OK,OK,,"[1, 1, 2, 2, 3, 3, 3, 3, 4]"
MSC,666,OK,OK,,"[1, 1, 2, 2, 2]"
MSC,667,OK,OK,,"[1, 1, 2, 2, 3, 3, 4]"
MSC,668,OK,OK,,"[1, 1, 2, 2, 3, 3, 3, 3, 4]"
MSC,669,OK,OK,,"[1, 1, 2, 2, 3, 3, 4]"
MSC,670,OK,OK,,"[1, 1, 2, 2, 2, 2, 2, 2, 2]"
MSC,671,OK,OK,,"[1, 1, 2, 2, 2]"
MSC,672,OK,OK,,"[1, 1, 2, 2, 3, 3, 4]"
MSC,673,OK,OK,,"[1, 1, 2, 2, 3, 3, 3, 3, 4]"
MSC,674,OK,OK,,"[1, 1, 2, 2, 3, 3, 4]"
MSC,675,OK,OK,,"[1, 1, 2, 2, 3, 4]"
MSC,676,OK,OK,,"[1, 1, 2, 2, 2, 2]"
MSC,677,OK,OK,,"[1, 1, 2, 2, 2]"
MSC,678,OK,OK,,"[1, 1, 2, 2, 3, 3, 3, 3, 4]"
MSC,679,OK,OK,,"[1, 1, 2, 2, 2, 2, 3, 3, 3, 3, 4]"
MSC,680,OK,OK,,"[1, 1, 2, 2, 3, 3, 4]"
MSC,681,OK,OK,,"[1, 1, 2, 2, 3, 3, 3, 3, 4]"
MSC,682,OK,OK,,"[1, 1, 2, 2, 2, 2, 3, 3, 4]"
MSC,683,OK,OK,,"[1, 1, 2, 2, 2, 2]"
MSC,684,OK,OK,,"[1, 1, 2, 2, 2, 2, 2, 3, 3]"
MSC,685,OK,OK,,"[1, 1, 2, 2, 3, 3, 4]"
MSC,686,OK,OK,,"[1, 1, 2, 2, 2, 2, 3, 3, 3, 3, 3]"
MSC,687,OK,OK,,"[1, 1, 1, 1]"
MSC,688,OK,OK,,"[1, 1, 2, 2, 3, 3, 4]"
MSC,689,OK,OK,,"[1, 1, 1, 1]"
MSC,690,OK,OK,,"[1, 1, 2, 2, 2, 2, 2, 2, 3, 3, 3, 3, 4]"
MSC,691,OK,OK,,"[1, 1, 2, 2, 3, 3, 4]"
MSC,692,OK,OK,,"[1, 1, 2, 2, 3, 3, 3, 3, 4]"
MSC,693,OK,OK,,"[1, 1, 2, 2, 3, 3, 3]"
MSC,694,OK,OK,,"[1, 1, 2, 2, 3]"
MSC,695,OK,OK,,"[1, 1, 2, 2, 2, 2]"
MSC,696,OK,OK,,"[1, 1, 2, 2, 3, 4]"
MSC,697,OK,OK,,"[1, 1, 2, 2, 2]"
MSC,698,OK,OK,,"[1, 1, 2, 2, 3, 3, 3, 4]"
MSC,699,OK,OK,,"[1, 1, 2, 2, 2]"
MSC,700,OK,OK,,"[1, 1, 2, 2, 2, 2, 2, 2]"
MSC,701,OK,OK,,"[1, 1, 2, 2, 3, 3, 3, 3, 4, 5, 5]"
MSC,702,OK,OK,,"[1, 1, 2, 2, 3, 4]"
MSC,703,OK,OK,,"[1, 1, 2, 2, 3, 3, 3, 3, 4, 5, 5]"
MSC,704,OK,OK,,"[1, 1, 2, 2, 2]"
MSC,705,OK,OK,,"[1, 1, 1, 1]"
MSC,706,OK,OK,,"[1, 1, 2, 2, 3, 3, 3, 3, 4]"
MSC,707,OK,OK,,"[1, 1, 2, 2, 3, 3, 3, 3, 3, 3, 3, 3, 3, 3, 4]"
MSC,708,OK,OK,,"[1, 1, 2, 2, 3, 3, 3, 3, 4]"
MSC,709,OK,OK,,"[1, 1, 2, 2, 3, 3, 4]"
MSC,710,OK,OK,,"[1, 1, 2, 2, 2, 2]"
MSC,711,OK,OK,,"[1, 1, 2, 2, 3, 4]"
MSC,712,OK,OK,,"[1, 1, 2, 2, 3, 3, 3, 3, 4]"
MSC,713,OK,OK,,"[1, 1, 2, 2, 2]"
MSC,714,OK,OK,,"[1, 1, 2, 2, 3, 3, 4]"
MSC,715,OK,OK,,"[1, 1, 2, 2, 2]"
MSC,716,OK,OK,,"[1, 1, 2, 2, 2]"
MSC,717,OK,OK,,"[1, 1, 2, 2, 3, 3, 4]"
MSC,718,OK,OK,,"[1, 1, 2, 2, 3, 3, 4]"
MSC,719,OK,OK,,"[1, 1, 2, 2, 2]"
MSC,720,BAD_SEQUENCE,SKIP,Скачок: 1 -> 3,"[1, 1, 3, 3, 3, 3, 3, 3, 3, 3, 4]"
MSC,721,OK,OK,,"[1, 1, 2, 2, 2]"
MSC,722,OK,OK,,"[1, 1, 2, 2, 2]"
MSC,723,OK,OK,,"[1, 1, 2, 3, 3, 3, 3, 3, 4]"
MSC,724,OK,OK,,"[1, 1, 2, 3, 3, 3, 3, 3, 4]"
MSC,725,OK,OK,,"[1, 1, 2, 3, 3, 3, 3, 3, 4]"
MSC,726,OK,OK,,"[1, 1, 2, 3, 3, 3, 3, 3, 4]"
MSC,727,OK,OK,,"[1, 1, 2, 2, 2]"
MSC,728,OK,OK,,"[1, 1, 2, 2, 2]"
MSC,729,OK,OK,,"[1, 1, 2, 2, 3, 3, 4]"
MSC,730,OK,OK,,"[1, 1, 2, 2, 3, 3, 4]"
MSC,731,OK,OK,,"[1, 1, 2, 2, 2]"
MSC,732,OK,OK,,"[1, 1, 2, 2, 2]"
MSC,733,OK,OK,,"[1, 1, 2, 2, 3, 3, 4]"
MSC,734,OK,OK,,"[1, 1, 2, 2, 2]"
MSC,735,OK,OK,,"[1, 1, 2, 2, 3, 3, 4]"
MSC,736,OK,OK,,"[1, 1, 2, 2, 3, 3, 4]"
MSC,737,OK,OK,,"[1, 1, 2, 2, 3, 3, 4]"
MSC,738,OK,OK,,"[1, 1, 2, 2, 2]"
MSC,739,OK,OK,,"[1, 1, 2, 2, 3, 3, 4]"
MSC,740,OK,OK,,"[1, 1, 2, 2, 2]"
MSC,741,OK,OK,,"[1, 1, 2, 2, 3, 3, 4]"
MSC,742,OK,OK,,"[1, 1, 2, 2, 3, 3, 4]"
MSC,743,OK,OK,,"[1, 1, 2, 2, 2]"
MSC,744,OK,OK,,"[1, 1, 2, 2, 2]"
MSC,745,OK,OK,,"[1, 1, 2, 2, 3, 3, 4]"
MSC,746,OK,OK,,"[1, 1, 2, 2, 2]"
MSC,747,OK,OK,,"[1, 1, 2, 2, 2]"
MSC,748,OK,OK,,"[1, 1, 2, 2, 3, 3, 3]"
MSC,749,OK,OK,,"[1, 1, 2, 2, 3, 3, 3]"
MSC,750,OK,OK,,"[1, 1, 2, 2, 2]"
MSC,751,OK,OK,,"[1, 1, 2, 2, 2]"
MSC,752,OK,OK,,"[1, 1, 2, 2, 3, 3, 4]"
MSC,753,OK,OK,,"[1, 1, 2, 2, 3, 4]"
MSC,754,OK,OK,,"[1, 1, 2, 2, 3, 4]"
MSC,755,OK,OK,,"[1, 1, 2, 2, 2]"
MSC,756,OK,OK,,"[1, 1, 1, 1]"
MSC,757,OK,OK,,"[1, 1, 2, 2, 2, 2, 3, 3, 4, 5, 5, 5, 5]"
MSC,758,OK,OK,,"[1, 1, 2, 2, 3, 3, 4]"
MSC,759,OK,OK,,"[1, 1, 2, 2, 3, 3, 4]"
MSC,760,OK,OK,,"[1, 1, 2, 2, 3, 3, 4]"
MSC,761,OK,OK,,"[1, 1, 2, 2, 3, 4]"
MSC,762,OK,OK,,"[1, 1, 2, 2, 2, 2, 3, 3, 3, 3, 3]"
MSC,763,OK,OK,,"[1, 1, 2, 2, 2]"
MSC,764,OK,OK,,"[1, 1, 2, 2, 2, 2]"
MSC,765,OK,OK,,"[1, 1, 2, 2, 3, 4]"
MSC,766,OK,OK,,"[1, 1, 2, 2, 3, 3, 3, 3, 4]"
MSC,767,OK,OK,,"[1, 1, 2, 2, 3, 3, 3]"
MSC,768,OK,OK,,"[1, 1, 2, 2, 3, 3, 3]"
MSC,769,OK,OK,,"[1, 1, 2, 2, 2, 2, 2, 2, 3, 3, 3, 3, 4]"
MSC,770,OK,OK,,"[1, 1, 2, 2, 2]"
MSC,771,BAD_SEQUENCE,SKIP,Скачок: 1 -> 3,"[1, 1, 1, 3, 4]"
MSC,772,OK,OK,,"[1, 1, 2, 2, 3, 3, 3]"
MSC,773,OK,OK,,"[1, 1, 2, 2, 2, 2, 2, 3, 3, 4]"
MSC,774,OK,OK,,"[1, 1, 2, 2, 3, 3, 3, 3, 3, 3, 4]"
MSC,775,OK,OK,,"[1, 1, 2, 2, 3, 3, 4]"
MSC,776,OK,OK,,"[1, 1, 2, 2, 3, 3, 3, 3, 4, 5]"
MSC,777,OK,OK,,"[1, 1, 2, 2, 3, 3, 3, 3, 4]"
MSC,778,OK,OK,,"[1, 1, 2, 2, 3, 3, 3, 3, 4]"
MSC,779,OK,OK,,"[1, 1, 2, 2, 3, 3, 4]"
MSC,780,OK,OK,,"[1, 1, 2, 2, 2, 2]"
MSC,781,OK,OK,,"[1, 1, 2, 2, 3, 4]"
MSC,782,OK,OK,,"[1, 1, 2, 2, 2]"
MSC,783,OK,OK,,"[1, 1, 2, 2, 3, 4]"
MSC,784,OK,OK,,"[1, 1, 2, 2, 3, 3, 4]"
MSC,785,OK,OK,,"[1, 1, 2, 2, 3, 3, 3, 3, 4]"
MSC,786,OK,OK,,"[1, 1, 2, 2, 2]"
MSC,787,OK,OK,,"[1, 1, 2, 2, 3, 3, 3, 3, 4]"
MSC,788,OK,OK,,"[1, 1, 2, 2, 3, 3, 3, 3, 4]"
MSC,789,OK,OK,,"[1, 1, 2, 2, 3, 4]"
MSC,790,OK,OK,,"[1, 1, 2, 2, 3, 3, 3]"
MSC,791,OK,OK,,"[1, 1, 2, 2, 3, 3, 4]"
MSC,792,OK,OK,,"[1, 1, 2, 2, 2]"
MSC,793,BAD_SEQUENCE,SKIP,Скачок: 1 -> 3,"[1, 1, 1, 3, 4]"
MSC,794,OK,OK,,"[1, 1, 2, 2, 3, 3, 3, 3, 4]"
MSC,795,OK,OK,,"[1, 1, 2, 2, 3, 3, 3]"
MSC,796,OK,OK,,"[1, 1, 2, 2, 3, 3, 4]"
MSC,797,OK,OK,,"[1, 1, 2, 2, 3, 3, 3, 3, 4]"
MSC,798,OK,OK,,"[1, 1, 2, 2, 2, 2]"
MSC,799,OK,OK,,"[1, 1, 2, 2, 3, 4]"
MSC,800,OK,OK,,"[1, 1, 2, 2, 2]"
MSC,801,OK,OK,,"[1, 1, 2, 2, 3, 3, 4]"
MSC,802,OK,OK,,"[1, 1, 2, 2, 3, 3, 4]"
MSC,803,OK,OK,,"[1, 1, 2, 2, 3, 3, 3, 3, 4]"
MSC,804,OK,OK,,"[1, 1, 2, 2, 3, 3, 3, 3, 4]"
MSC,805,OK,OK,,"[1, 1, 2, 2, 2]"
MSC,806,OK,OK,,"[1, 1, 2, 2, 2]"
MSC,807,OK,OK,,"[1, 1, 2, 2, 3, 3, 4]"
MSC,808,OK,OK,,"[1, 1, 2, 2, 3, 3, 3, 3, 4]"
MSC,809,OK,OK,,"[1, 1, 2, 2, 2]"
MSC,810,OK,OK,,"[1, 1, 2, 2, 2]"
MSC,811,OK,OK,,"[1, 1, 2, 2, 3, 3, 4]"
MSC,812,OK,OK,,"[1, 1, 2, 2, 3, 3, 4, 5, 5]"
MSC,813,OK,OK,,"[1, 1, 2, 2, 3, 3, 4, 5, 5]"
MSC,814,OK,OK,,"[1, 1, 2, 2, 2]"
MSC,815,OK,OK,,"[1, 1, 2, 2, 3, 3, 3]"
MSC,816,OK,OK,,"[1, 1, 2, 2, 3, 3, 4]"
MSC,817,OK,OK,,"[1, 1, 2, 2, 3, 3, 3, 3, 4, 5, 5, 5]"
MSC,818,OK,OK,,"[1, 1, 2, 2, 3, 3, 4]"
MSC,819,OK,OK,,"[1, 1, 2, 2, 3, 3, 4]"
MSC,820,OK,OK,,"[1, 1, 2, 2, 3, 3, 4]"
MSC,821,OK,OK,,"[1, 1, 2, 2, 3, 3, 3, 3, 4]"
MSC,822,OK,OK,,"[1, 1, 2, 2, 2]"
MSC,823,OK,OK,,"[1, 1, 2, 2, 3, 3, 3, 3, 3]"
MSC,824,OK,OK,,"[1, 1, 2, 2, 3, 3, 3, 3, 4]"
MSC,825,OK,OK,,"[1, 1, 2, 2, 3, 3, 4]"
MSC,826,OK,OK,,"[1, 1, 2, 2, 3, 3, 3, 3, 4]"
MSC,827,OK,OK,,"[1, 1, 2, 2, 3, 3, 4]"
MSC,828,OK,OK,,"[1, 1, 2, 2]"
MSC,829,OK,OK,,"[1, 1, 2, 2, 3, 3, 4]"
MSC,830,OK,OK,,"[1, 1, 2, 2, 3]"
MSC,831,BAD_SEQUENCE,SKIP,Скачок: 1 -> 3,"[1, 1, 1, 3, 4]"
MSC,832,OK,OK,,"[1, 1, 2, 2, 2, 2, 2, 3, 3, 4]"
MSC,833,OK,OK,,"[1, 1, 2, 2, 3, 3, 3, 3, 4]"
MSC,834,OK,OK,,"[1, 1, 2, 2, 2, 2, 2, 3, 3, 3, 3, 3, 4]"
MSC,835,OK,OK,,"[1, 1, 2, 2]"
MSC,836,OK,OK,,"[1, 1, 2, 2, 3, 3, 4]"
MSC,837,OK,OK,,"[1, 1, 2, 2, 2, 2]"
MSC,838,OK,OK,,"[1, 1, 2, 2, 3, 3, 3, 3, 4]"
MSC,839,OK,OK,,"[1, 1, 2, 2, 3, 3]"
MSC,840,OK,OK,,"[1, 1, 2, 2, 2, 2, 2, 3, 3, 4]"
MSC,841,OK,OK,,"[1, 1, 2, 2, 3, 3, 3]"
MSC,842,OK,OK,,"[1, 1, 2, 2, 3, 3, 4]"
MSC,843,OK,OK,,"[1, 1, 2, 2, 2]"
MSC,844,OK,OK,,"[1, 1, 2, 2, 2, 2, 2, 2, 3, 3, 4]"
MSC,845,OK,OK,,"[1, 1, 2, 2, 3, 4]"
MSC,846,OK,OK,,"[1, 1, 2, 2, 3, 3, 3, 3, 4]"
MSC,847,OK,OK,,"[1, 1, 2, 2, 3, 3, 3, 3, 3, 3, 3, 3, 4]"
MSC,848,OK,OK,,"[1, 1, 2, 2, 3, 3, 3, 3, 4]"
MSC,849,OK,OK,,"[1, 1, 2, 2, 3, 3, 3, 3, 4]"
MSC,850,OK,OK,,"[1, 1, 2, 2, 3, 3, 3, 3, 3, 3, 3, 3, 4]"
MSC,851,OK,OK,,"[1, 1, 2, 2, 2, 2, 2, 3, 3, 4, 5, 5]"
MSC,852,OK,OK,,"[1, 1, 2, 2, 3, 3, 3, 4, 4, 5]"
MSC,853,OK,OK,,"[1, 1, 2, 2, 3, 3, 3, 3, 4]"
MSC,854,OK,OK,,"[1, 1, 2, 2, 3, 3, 4]"
MSC,855,OK,OK,,"[1, 1, 2, 2, 3, 3, 3, 3, 4]"
MSC,856,OK,OK,,"[1, 1, 2, 2, 3, 3, 4]"
MSC,857,OK,OK,,"[1, 1, 2, 2, 3, 3, 3, 3, 4]"
MSC,858,OK,OK,,"[1, 1, 2, 2, 3, 3, 4]"
MSC,859,OK,OK,,"[1, 1, 2, 2, 3, 3, 3, 3, 3, 3, 3, 3, 3, 3, 4]"
MSC,860,OK,OK,,"[1, 1, 2, 2, 3, 3, 4]"
MSC,861,OK,OK,,"[1, 1, 2, 2, 3, 3, 3, 3, 4, 5, 5]"
MSC,862,OK,OK,,"[1, 1, 2, 2, 3, 3, 4, 5, 5]"
MSC,863,OK,OK,,"[1, 1, 2, 2, 3, 3, 3, 3, 4, 5, 5]"
MSC,864,OK,OK,,"[1, 1, 2, 2, 3, 3, 3, 3, 4]"
MSC,865,OK,OK,,"[1, 1, 2, 2, 3, 3, 3, 3, 3, 3, 3, 3, 3, 3, 4]"
MSC,866,OK,OK,,"[1, 1, 2, 2, 3, 3, 4]"
MSC,867,OK,OK,,"[1, 1, 2, 2, 3, 3, 4]"
MSC,868,OK,OK,,"[1, 1, 2, 2, 3, 3, 3, 3, 4]"
MSC,869,OK,OK,,"[1, 1, 2, 2, 3, 3, 4]"
MSC,870,OK,OK,,"[1, 1, 2, 2, 3, 3, 3, 3, 4]"
MSC,871,OK,OK,,"[1, 1, 2, 2, 3, 3, 4]"
MSC,872,OK,OK,,"[1, 1, 2, 2, 3, 3, 4]"
MSC,873,OK,OK,,"[1, 1, 2, 2, 3, 3, 4]"
MSC,874,OK,OK,,"[1, 1, 2, 2, 3, 3, 3, 3, 3, 3, 4]"
MSC,875,OK,OK,,"[1, 1, 2]"
MSC,876,OK,OK,,"[1, 1, 2, 2, 3, 3, 4]"
MSC,877,OK,OK,,"[1, 1, 2, 2, 3, 3, 3, 3, 4]"
MSC,878,OK,OK,,"[1, 1, 2, 2, 3, 3, 4]"
MSC,879,OK,OK,,"[1, 1, 2]"
MSC,880,OK,OK,,"[1, 1, 2]"
MSC,881,OK,OK,,"[1, 1, 2]"
MSC,882,OK,OK,,"[1, 1, 2]"
MSC,883,OK,OK,,"[1, 1, 2, 2, 2, 2]"
MSC,884,OK,OK,,"[1, 1, 2, 2, 3, 4]"
MSC,885,OK,OK,,"[1, 1, 2, 3, 3, 3, 4]"
MSC,886,OK,OK,,"[1, 1, 2, 2, 3, 3, 4]"
MSC,887,OK,OK,,"[1, 1, 2, 2, 3, 3, 3, 3, 4]"
MSC,888,OK,OK,,"[1, 1, 2, 2, 2]"
MSC,889,BAD_SEQUENCE,SKIP,Скачок: 1 -> 3,"[1, 1, 1, 3, 4]"
MSC,890,OK,OK,,"[1, 1, 2, 2, 3, 3, 3, 3, 3, 3, 4]"
MSC,891,OK,OK,,"[1, 1, 2, 2, 3, 3, 4]"
MSC,892,OK,OK,,"[1, 1, 2, 2, 3, 3, 4]"
MSC,893,OK,OK,,"[1, 1, 2, 2, 2]"
MSC,894,OK,OK,,"[1, 1, 2, 2, 3, 3, 3, 3, 4]"
MSC,895,OK,OK,,"[1, 1, 2, 2, 3, 3, 4]"
MSC,896,OK,OK,,"[1, 1, 2, 2, 2]"
MSC,897,OK,OK,,"[1, 1, 2, 2, 2, 2]"
MSC,898,OK,OK,,"[1, 1, 2, 2, 3, 4]"
MSC,899,OK,OK,,"[1, 1, 2, 2, 3, 3, 4]"
MSC,900,OK,OK,,"[1, 1, 2, 2, 3, 3, 4]"
MSC,901,OK,OK,,"[1, 1, 2, 2, 3, 3, 3, 3, 4]"
MSC,902,OK,OK,,"[1, 1, 2, 2, 3, 3, 3, 3, 4]"
MSC,903,OK,OK,,"[1, 1, 2, 2, 3, 3, 3, 3, 4]"
MSC,904,OK,OK,,"[1, 1, 2, 2, 3, 3, 3, 3, 4]"
MSC,905,OK,OK,,"[1, 1, 2, 2, 3, 3, 4]"
MSC,906,OK,OK,,"[1, 1, 2, 2, 2]"
MSC,907,OK,OK,,"[1, 1, 2, 3, 3, 3, 4]"
MSC,908,OK,OK,,"[1, 1, 2, 2, 3, 3, 4]"
MSC,909,OK,OK,,"[1, 1, 2, 2, 3, 3, 3, 3, 4]"
MSC,910,OK,OK,,"[1, 1, 2, 2, 2, 2]"
MSC,911,OK,OK,,"[1, 1, 2, 2, 3, 4]"
MSC,912,OK,OK,,"[1, 1, 2, 2, 3, 3]"
MSC,913,OK,OK,,"[1, 1, 2, 2, 3, 3, 3, 3, 4]"
MSC,914,OK,OK,,"[1, 1, 2, 2, 3, 3, 4]"
MSC,915,OK,OK,,"[1, 1, 2, 2, 2, 2, 2, 2, 2, 2, 2, 2, 2]"
MSC,916,OK,OK,,"[1, 1, 1, 1]"
MSC,917,OK,OK,,"[1, 1, 1, 1]"
MSC,918,OK,OK,,"[1, 1, 2, 2, 2, 2, 2, 3, 4]"
MSC,919,OK,OK,,"[1, 1, 2, 2, 3, 3, 4]"
MSC,920,OK,OK,,"[1, 1, 2, 2, 2, 2]"
MSC,921,OK,OK,,"[1, 1, 2, 2, 3, 4]"
MSC,922,OK,OK,,"[1, 1, 2, 2, 3, 3, 3, 3, 4]"
MSC,923,OK,OK,,"[1, 1, 2, 2, 3, 3, 4]"
MSC,924,OK,OK,,"[1, 1, 2, 2, 3, 3, 4]"
MSC,925,OK,OK,,"[1, 1, 2, 2, 3, 3, 3, 3, 4]"
MSC,926,BAD_SEQUENCE,SKIP,Скачок: 1 -> 3,"[1, 1, 1, 3, 4]"
MSC,927,BAD_SEQUENCE,REVERSE,Уменьшение: 5 -> 4,"[1, 1, 2, 2, 3, 3, 3, 4, 5, 5, 5, 5, 5, 4, 5]"
MSC,928,OK,OK,,"[1, 1, 2, 2, 3, 3, 4]"
MSC,929,OK,OK,,"[1, 1, 2, 2, 2, 2, 3, 3, 3, 3, 3]"
MSC,930,OK,OK,,"[1, 1, 2, 2, 3, 3, 4]"
MSC,931,OK,OK,,"[1, 1, 2, 2, 3, 3, 4]"
MSC,932,OK,OK,,"[1, 1, 2, 2, 3, 3, 4]"
MSC,933,OK,OK,,"[1, 1, 2, 2, 3, 3, 4]"
MSC,934,OK,OK,,"[1, 1, 2, 2, 3, 3, 4]"
MSC,935,OK,OK,,"[1, 1, 2, 2, 3, 3, 4]"
MSC,936,OK,OK,,"[1, 1, 2, 2, 2, 2, 2, 2, 3, 3, 3]"
MSC,937,OK,OK,,"[1, 1, 2, 2, 3, 3, 4]"
MSC,938,OK,OK,,"[1, 1, 2, 2, 3, 3, 4]"
MSC,939,OK,OK,,"[1, 1, 2, 2, 3, 3, 4]"
MSC,940,OK,OK,,"[1, 1, 2, 2, 2]"
MSC,941,OK,OK,,"[1, 1, 2, 2, 2]"
MSC,942,OK,OK,,"[1, 1, 2, 2, 3, 3, 3, 3, 4, 5, 5]"
MSC,943,BAD_SEQUENCE,SKIP,Скачок: 1 -> 3,"[1, 1, 1, 3, 4]"
MSC,944,OK,OK,,"[1, 1, 2, 2, 3, 3, 3, 3, 4]"
MSC,945,OK,OK,,"[1, 1, 2, 2, 3, 3, 3, 3, 3, 3, 4]"
MSC,946,OK,OK,,"[1, 1, 2, 2, 3, 3, 3, 3, 4]"
MSC,947,OK,OK,,"[1, 1, 2, 2, 3, 3, 3, 3, 4]"
MSC,948,OK,OK,,"[1, 1, 2, 2, 3, 3, 3, 3, 4]"
MSC,949,OK,OK,,"[1, 1, 2, 2, 3, 4]"
MSC,950,OK,OK,,"[1, 1, 2, 2, 2, 2]"
MSC,951,OK,OK,,"[1, 1, 2, 2, 2, 2, 2, 2, 2]"
MSC,952,OK,OK,,"[1, 1, 2, 2, 2]"
MSC,953,OK,OK,,"[1, 1, 2, 2, 3, 3, 3, 3, 3, 3, 4]"
MSC,954,OK,OK,,"[1, 1, 2, 2, 2]"
MSC,955,OK,OK,,"[1, 1, 2, 2, 2]"
MSC,956,OK,OK,,"[1, 1, 2, 3, 3, 3, 4, 5, 5]"
MSC,957,OK,OK,,"[1, 1, 2, 2, 3, 3, 3, 3, 3, 3]"
MSC,958,OK,OK,,"[1, 1, 2, 2, 2]"
MSC,959,OK,OK,,"[1, 1, 2, 2]"
MSC,960,OK,OK,,"[1, 1, 2, 2, 3, 3, 3, 3, 4]"
MSC,961,OK,OK,,"[1, 1, 2, 2, 3, 3, 3, 3, 3, 4]"
MSC,962,OK,OK,,"[1, 1, 2, 2, 2, 2]"
MSC,963,OK,OK,,"[1, 1, 2, 2, 3, 4]"
MSC,964,OK,OK,,"[1, 1, 2, 2, 3, 3, 4]"
MSC,965,OK,OK,,"[1, 1, 2, 2, 2]"
MSC,966,OK,OK,,"[1, 1, 2, 2, 2, 2]"
MSC,967,OK,OK,,"[1, 1, 2, 2, 2]"
MSC,968,OK,OK,,"[1, 1, 2, 2, 3, 4]"
MSC,969,OK,OK,,"[1, 1, 2, 2, 2, 2]"
MSC,970,OK,OK,,"[1, 1, 2, 2, 3]"
MSC,971,OK,OK,,"[1, 1, 2, 2, 2]"
MSC,972,OK,OK,,"[1, 1, 2, 2, 3, 4]"
MSC,973,OK,OK,,"[1, 1, 2, 2, 2, 2]"
MSC,974,OK,OK,,"[1, 1, 2, 2, 3, 3, 4]"
MSC,975,OK,OK,,"[1, 1, 2, 2, 3, 3, 4]"
MSC,976,OK,OK,,"[1, 1, 2, 2, 2, 2, 2, 2, 3]"
MSC,977,OK,OK,,"[1, 1, 2, 2, 3, 3, 4]"
MSC,978,OK,OK,,"[1, 1, 2, 2, 2, 2, 2, 2, 3, 3, 3]"
MSC,979,OK,OK,,"[1, 1, 2, 2, 3, 3, 3, 3, 4]"
MSC,980,OK,OK,,"[1, 1, 2, 2, 2]"
MSC,981,OK,OK,,"[1, 1, 2, 2, 3, 3, 4]"
MSC,982,OK,OK,,"[1, 1, 2, 2, 2, 2, 2, 3, 3, 3, 3, 4]"
MSC,983,OK,OK,,"[1, 1, 2, 2, 3, 3, 3, 3, 4, 5, 5, 5]"
MSC,984,OK,OK,,"[1, 1, 2, 2, 3, 3, 4]"
MSC,985,OK,OK,,"[1, 1, 2, 2, 2, 2, 2, 3, 3, 4]"
MSC,986,OK,OK,,"[1, 1, 2, 2, 3, 3, 4]"
MSC,987,OK,OK,,"[1, 1, 2, 2, 3, 3, 3, 3, 4, 5]"
MSC,988,OK,OK,,"[1, 1, 2, 2, 3, 3, 3, 4]"
MSC,989,OK,OK,,"[1, 1, 2, 2, 3, 3, 3, 3, 4]"
MSC,990,OK,OK,,"[1, 1, 2, 2, 3]"
MSC,991,OK,OK,,"[1, 1, 2, 2, 3, 3, 4]"
MSC,992,OK,OK,,"[1, 1, 2, 2, 3, 3, 3]"
MSC,993,OK,OK,,"[1, 1, 2, 2, 3, 3, 3, 3, 4, 5]"
MSC,994,OK,OK,,"[1, 1, 2, 2, 3]"
MSC,995,OK,OK,,"[1, 1, 2, 2, 3]"
MSC,996,OK,OK,,"[1, 1, 2, 2, 3, 3, 3, 3, 4]"
MSC,997,OK,OK,,"[1, 1, 2, 2, 3, 3, 3, 3, 4]"
MSC,998,OK,OK,,"[1, 1, 2, 2, 3, 3, 3]"
MSC,999,OK,OK,,"[1, 1, 2, 2, 2]"
Hapag-Lloyd,0,OK,OK,,"[1, 2, 2]"
Hapag-Lloyd,1,OK,OK,,"[1, 1, 2, 2, 3, 4, 4, 5, 5]"
Hapag-Lloyd,2,OK,OK,,"[1, 1, 2, 2, 3, 4]"
Hapag-Lloyd,3,OK,OK,,"[1, 1, 2, 2, 3, 4, 4, 5, 5]"
Hapag-Lloyd,4,OK,OK,,"[1, 1, 2, 3, 4]"
Hapag-Lloyd,5,OK,OK,,"[1, 1, 2, 2, 3, 4, 4, 5, 5]"
Hapag-Lloyd,6,OK,OK,,"[1, 1, 2, 2, 3, 3, 3, 3, 3, 4, 4, 5, 5]"
Hapag-Lloyd,7,OK,OK,,"[1, 1, 2, 2, 3, 4, 4, 5, 5]"
Hapag-Lloyd,8,OK,OK,,"[1, 1, 2, 3, 4]"
Hapag-Lloyd,9,OK,OK,,"[1, 1, 2, 2, 3, 4]"
Hapag-Lloyd,10,OK,OK,,"[1, 1, 2, 2, 3, 4]"
Hapag-Lloyd,11,OK,OK,,"[1, 1, 2, 2, 3, 4, 4]"
Hapag-Lloyd,12,OK,OK,,"[1, 1, 2, 2, 3, 4, 4, 5, 5]"
Hapag-Lloyd,13,OK,OK,,"[1, 1, 2, 2, 3, 4, 4, 5, 5]"
Hapag-Lloyd,14,OK,OK,,"[1, 1, 2, 2, 3, 4, 4]"
Hapag-Lloyd,15,OK,OK,,"[1, 1, 2, 2, 3, 4]"
Hapag-Lloyd,16,OK,OK,,"[1, 1, 2, 2, 3, 3, 4, 3, 3, 3, 3, 4]"
Hapag-Lloyd,17,OK,OK,,"[1, 1, 2, 2, 3, 4]"
Hapag-Lloyd,18,OK,OK,,"[1, 1, 2, 2, 2, 3, 3, 4]"
Hapag-Lloyd,19,OK,OK,,"[1, 1, 2, 2, 3, 4, 4]"
Hapag-Lloyd,20,OK,OK,,"[1, 1, 2, 2, 3, 3, 3, 4]"
Hapag-Lloyd,21,OK,OK,,"[1, 1, 2, 2, 2, 2, 3, 3, 3, 4]"
Hapag-Lloyd,22,OK,OK,,"[1, 1, 2, 2, 3, 4]"
Hapag-Lloyd,23,OK,OK,,"[1, 1, 2, 2, 3, 3, 4, 3, 3, 4]"
Hapag-Lloyd,24,BAD_SEQUENCE,REVERSE,Уменьшение: 5 -> 3,"[1, 1, 2, 2, 3, 3, 4, 5, 5, 3, 3, 4]"
Hapag-Lloyd,25,OK,OK,,"[1, 1, 2, 2, 3, 3, 3, 3, 3, 4, 4, 5, 5]"
Hapag-Lloyd,26,OK,OK,,"[1, 1, 2, 2, 3, 3, 4, 3, 3, 4, 5, 5]"
Hapag-Lloyd,27,OK,OK,,"[1, 1, 2, 2, 3, 3, 3, 3, 3, 4, 3, 3, 4]"
Hapag-Lloyd,28,OK,OK,,"[1, 1, 2, 3, 3, 3, 3, 3, 3, 4, 4, 5, 5]"
Hapag-Lloyd,29,OK,OK,,"[1, 1, 2, 2, 3, 3, 4, 3, 3, 4]"
Hapag-Lloyd,30,OK,OK,,"[1, 1, 2, 2, 3, 3, 3, 3, 3, 3, 3, 4, 4]"
Hapag-Lloyd,31,OK,OK,,"[1, 1, 2, 2, 3, 3, 3, 4]"
Hapag-Lloyd,32,OK,OK,,"[1, 1, 2, 2, 3, 3, 4, 3, 4]"
Hapag-Lloyd,33,OK,OK,,"[1, 1, 2, 2, 3, 4]"
Hapag-Lloyd,34,OK,OK,,"[1, 1, 2, 2, 3, 4]"
Hapag-Lloyd,35,OK,OK,,"[1, 1, 2, 2, 3, 3, 3, 3, 3, 4]"
Hapag-Lloyd,36,OK,OK,,"[1, 1, 2, 2, 3, 3, 3, 4]"
Hapag-Lloyd,37,OK,OK,,"[1, 1, 2, 2, 3, 3, 3, 4]"
Hapag-Lloyd,38,OK,OK,,"[1, 1, 2, 2, 3, 3, 3, 4]"
Hapag-Lloyd,39,OK,OK,,"[1, 1, 2, 2, 3, 3, 3, 4]"
Hapag-Lloyd,40,OK,OK,,"[1, 1, 2, 2, 3, 3, 3, 4]"
Hapag-Lloyd,41,OK,OK,,"[1, 1, 2, 2, 3, 4]"
Hapag-Lloyd,42,OK,OK,,"[1, 1, 2, 2, 3, 3, 3, 4]"
Hapag-Lloyd,43,OK,OK,,"[1, 1, 2, 2, 3, 3, 3, 4]"
Hapag-Lloyd,44,OK,OK,,"[1, 1, 2, 2, 3, 3, 3, 4]"
Hapag-Lloyd,45,OK,OK,,"[1, 1, 2, 2, 3, 3, 3, 4]"
Hapag-Lloyd,46,OK,OK,,"[1, 1, 2, 2, 3, 3, 3, 4]"
Hapag-Lloyd,47,OK,OK,,"[1, 1, 2, 2, 3, 3, 3, 4]"
Hapag-Lloyd,48,OK,OK,,"[1, 1, 2, 2, 3, 3, 3, 4]"
Hapag-Lloyd,49,OK,OK,,"[1, 1, 2, 2, 3, 3, 3, 4]"
Hapag-Lloyd,50,OK,OK,,"[1, 1, 2, 2, 3, 4]"
Hapag-Lloyd,51,OK,OK,,"[1, 1, 2, 2, 3, 3, 3, 4]"
Hapag-Lloyd,52,OK,OK,,"[1, 1, 2, 2, 3, 3, 3, 4]"
Hapag-Lloyd,53,OK,OK,,"[1, 1, 2, 2, 3, 4]"
Hapag-Lloyd,54,OK,OK,,"[1, 1, 2, 2, 3, 3, 3, 4]"
Hapag-Lloyd,55,OK,OK,,"[1, 1, 2, 2, 3, 3, 3, 4]"
Hapag-Lloyd,56,OK,OK,,"[1, 1, 2, 2, 3, 3, 3, 4]"
Hapag-Lloyd,57,OK,OK,,"[1, 1, 2, 2, 3, 3, 3, 4]"
Hapag-Lloyd,58,OK,OK,,"[1, 1, 2, 2, 3, 3, 3, 4]"
Hapag-Lloyd,59,OK,OK,,"[1, 1, 2, 2, 3, 3, 4, 3, 3, 4]"
Hapag-Lloyd,60,OK,OK,,"[1, 1, 2, 2, 3, 3, 4, 3, 3, 4]"
Hapag-Lloyd,61,OK,OK,,"[1, 1, 2, 2, 3, 3, 4, 3, 3, 4]"
Hapag-Lloyd,62,OK,OK,,"[1, 1, 2, 2, 3, 3, 3, 4]"
Hapag-Lloyd,63,OK,OK,,"[1, 1, 2, 2, 3, 3, 3, 4]"
Hapag-Lloyd,64,OK,OK,,"[1, 1, 2, 2, 3, 3, 3, 4]"
Hapag-Lloyd,65,OK,OK,,"[1, 1, 2, 2, 3, 3, 3, 4]"
Hapag-Lloyd,66,OK,OK,,"[1, 1, 2, 2, 3, 3, 4, 3, 3, 4]"
Hapag-Lloyd,67,OK,OK,,"[1, 1, 2, 2, 3, 3, 4, 3, 3, 4]"
Hapag-Lloyd,68,OK,OK,,"[1, 1, 2, 2, 3, 3, 4, 3, 3, 4]"
Hapag-Lloyd,69,OK,OK,,"[1, 1, 2, 2, 3, 3, 4, 3, 3, 4]"
Hapag-Lloyd,70,OK,OK,,"[1, 1, 2, 2, 3, 3, 3, 4]"
Hapag-Lloyd,71,OK,OK,,"[1, 1, 2, 2, 3, 3, 4, 3, 3, 3, 3, 4]"
Hapag-Lloyd,72,OK,OK,,"[1, 1, 2, 2, 3, 3, 4, 3, 3, 4]"
Hapag-Lloyd,73,OK,OK,,"[1, 1, 2, 2, 3, 3, 4, 3, 3, 4]"
Hapag-Lloyd,74,OK,OK,,"[1, 1, 2, 2, 3, 3, 4, 3, 3, 4]"
Hapag-Lloyd,75,OK,OK,,"[1, 1, 2, 2, 3, 3, 4, 3, 3, 4]"
Hapag-Lloyd,76,OK,OK,,"[1, 1, 2, 2, 3, 3, 4, 3, 3, 4]"
Hapag-Lloyd,77,BAD_SEQUENCE,REVERSE,Уменьшение: 5 -> 3,"[1, 1, 2, 2, 3, 3, 3, 3, 3, 3, 4, 5, 5, 3, 3, 4]"
Hapag-Lloyd,78,OK,OK,,"[1, 1, 2, 2, 3, 3, 3, 3, 3, 4, 4, 5, 5]"
Hapag-Lloyd,79,OK,OK,,"[1, 1, 2, 2, 3, 3, 3, 4]"
Hapag-Lloyd,80,OK,OK,,"[1, 1, 2, 2, 3, 3, 3, 4]"
Hapag-Lloyd,81,OK,OK,,"[1, 1, 2, 2, 3, 3, 3, 4]"
Hapag-Lloyd,82,OK,OK,,"[1, 1, 2, 2, 3, 3, 4, 3, 3, 4]"
Hapag-Lloyd,83,OK,OK,,"[1, 1, 2, 2, 3, 3, 3, 4]"
Hapag-Lloyd,84,OK,OK,,"[1, 1, 2, 2, 3, 3, 3, 4]"
Hapag-Lloyd,85,OK,OK,,"[1, 1, 2, 2, 3, 3, 4, 3, 3, 4]"
Hapag-Lloyd,86,OK,OK,,"[1, 1, 2, 2, 3, 3, 3, 4]"
Hapag-Lloyd,87,OK,OK,,"[1, 1, 2, 2, 3, 3, 3, 4]"
Hapag-Lloyd,88,BAD_SEQUENCE,SKIP,Скачок: 1 -> 3,"[1, 1, 3, 4]"
Hapag-Lloyd,89,OK,OK,,"[1, 1, 2, 2, 3, 3, 4, 3, 3, 4]"
Hapag-Lloyd,90,OK,OK,,"[1, 1, 2, 2, 3, 3, 4, 3, 3, 4]"
Hapag-Lloyd,91,OK,OK,,"[1, 1, 2, 2, 3, 3, 4, 3, 3, 4]"
Hapag-Lloyd,92,OK,OK,,"[1, 1, 2, 2, 3, 3, 4, 3, 3, 4]"
Hapag-Lloyd,93,OK,OK,,"[1, 1, 2, 2, 3, 4, 4, 5]"
Hapag-Lloyd,94,OK,OK,,"[1, 1, 2, 2, 3, 3, 3, 4]"
Hapag-Lloyd,95,OK,OK,,"[1, 1, 2, 2, 3, 4]"
Hapag-Lloyd,96,OK,OK,,"[1, 1, 2, 2, 3, 4]"
Hapag-Lloyd,97,OK,OK,,"[1, 1, 2, 2, 3, 3, 3, 4]"
Hapag-Lloyd,98,OK,OK,,"[1, 2, 2, 2, 2, 2, 2, 2]"
Hapag-Lloyd,99,OK,OK,,"[1, 2, 2, 2, 2, 2, 2, 2]"
Hapag-Lloyd,100,OK,OK,,"[1, 2, 2]"
Hapag-Lloyd,101,OK,OK,,"[1, 2, 2]"
Hapag-Lloyd,102,OK,OK,,"[1, 2, 2]"
Hapag-Lloyd,103,OK,OK,,"[1, 2, 2]"
Hapag-Lloyd,104,OK,OK,,"[1, 1, 2, 2, 3, 3, 3, 4]"
Hapag-Lloyd,105,OK,OK,,"[1, 1, 2, 2, 3, 3, 3, 4]"
Hapag-Lloyd,106,OK,OK,,"[1, 1, 2, 2, 3, 4, 4, 5, 5]"
Hapag-Lloyd,107,OK,OK,,"[1, 1, 2, 2, 3, 4, 4, 5, 5]"
Hapag-Lloyd,108,OK,OK,,"[1, 1, 1, 2, 2]"
Hapag-Lloyd,109,OK,OK,,"[1, 1, 1, 2, 2]"
Hapag-Lloyd,110,OK,OK,,"[1, 2, 2, 2, 2, 2, 2, 2]"
Hapag-Lloyd,111,OK,OK,,"[1, 2, 2, 2, 2, 2, 2, 2]"
Hapag-Lloyd,112,OK,OK,,"[1, 1, 2, 2, 3, 3, 4, 3, 4]"
Hapag-Lloyd,113,BAD_SEQUENCE,REVERSE,Уменьшение: 5 -> 3,"[1, 1, 2, 2, 3, 3, 4, 5, 3, 4]"
Hapag-Lloyd,114,OK,OK,,"[1, 1, 2, 2, 3, 3, 3, 3, 3, 3, 4, 3, 4]"
Hapag-Lloyd,115,OK,OK,,"[1, 1, 2, 2, 3, 3, 3, 3, 3, 3, 4, 3, 4]"
Hapag-Lloyd,116,OK,OK,,"[1, 1, 2, 2, 3, 3, 3, 3, 3, 3, 4, 3, 4]"
Hapag-Lloyd,117,OK,OK,,"[1, 1, 2, 2, 3, 3, 3, 3, 3, 3, 4, 3, 4]"
Hapag-Lloyd,118,OK,OK,,"[1, 1, 2, 2, 3, 3, 3, 3, 3, 3, 4, 3, 4]"
Hapag-Lloyd,119,OK,OK,,"[1, 1, 2, 2, 3, 3, 3, 3, 3, 3, 4, 3, 4]"
Hapag-Lloyd,120,OK,OK,,"[1, 1, 2, 2, 3, 3, 3, 3, 3, 3, 4, 4]"
Hapag-Lloyd,121,OK,OK,,"[1, 1, 2, 2, 3, 3, 3, 3, 3, 3, 4, 3, 3, 4]"
Hapag-Lloyd,122,OK,OK,,"[1, 1, 2, 2, 3, 3, 3, 3, 3, 3, 4, 3, 3, 4]"
Hapag-Lloyd,123,OK,OK,,"[1, 1, 2, 2, 3, 3, 3, 3, 3, 3, 4, 3, 3, 4]"
Hapag-Lloyd,124,OK,OK,,"[1, 1, 2, 2, 3, 3, 3, 3, 3, 3, 4, 3, 3, 4]"
Hapag-Lloyd,125,OK,OK,,"[1, 1, 2, 2, 3, 3, 3, 3, 3, 3, 4, 3, 3, 4]"
Hapag-Lloyd,126,OK,OK,,"[1, 1, 2, 2, 3, 3, 3, 3, 3, 3, 4, 3, 3, 4]"
Hapag-Lloyd,127,OK,OK,,"[1, 1, 2, 2, 3, 3, 3, 3, 3, 3, 4, 3, 3, 4]"
Hapag-Lloyd,128,OK,OK,,"[1, 1, 2, 2, 3, 3, 3, 3, 3, 3, 4, 3, 3, 4]"
Hapag-Lloyd,129,OK,OK,,"[1, 1, 2, 2, 3, 3, 3, 4]"
Hapag-Lloyd,130,OK,OK,,"[1, 1, 2, 2, 3, 3, 3, 4]"
Hapag-Lloyd,131,OK,OK,,"[1, 1, 2, 2, 3, 3, 3, 4]"
Hapag-Lloyd,132,OK,OK,,"[1, 1, 2, 2, 3, 3, 4, 3, 4]"
Hapag-Lloyd,133,OK,OK,,"[1, 1, 2, 2, 3, 3, 4, 3, 4]"
Hapag-Lloyd,134,OK,OK,,"[1, 2, 2, 2, 2, 2, 2, 2]"
Hapag-Lloyd,135,OK,OK,,"[1, 2, 2]"
Hapag-Lloyd,136,OK,OK,,"[1, 2, 2]"
Hapag-Lloyd,137,OK,OK,,"[1, 1, 2, 2, 3, 4, 4, 5, 5]"
Hapag-Lloyd,138,OK,OK,,"[1, 1, 1, 2, 2]"
Hapag-Lloyd,139,OK,OK,,"[1, 2, 2, 2, 2, 2, 2, 2]"
Hapag-Lloyd,140,OK,OK,,"[1, 1, 2, 2, 3, 3, 3, 4]"
Hapag-Lloyd,141,OK,OK,,"[1, 1, 2, 2, 3, 3, 3, 4]"
Hapag-Lloyd,142,OK,OK,,"[1, 1, 2, 2, 3, 3, 3, 4]"
Hapag-Lloyd,143,BAD_SEQUENCE,SKIP,Скачок: 1 -> 3,"[1, 1, 3, 4]"
Hapag-Lloyd,144,OK,OK,,"[1, 1, 2, 2, 3, 3, 4, 3, 3, 3, 3, 4]"
Hapag-Lloyd,145,OK,OK,,"[1, 2, 2]"
Hapag-Lloyd,146,OK,OK,,"[1, 1, 2, 2, 3, 3, 3, 4]"
Hapag-Lloyd,147,OK,OK,,"[1, 1, 2, 2, 3, 3, 3, 3, 3, 4, 4]"
Hapag-Lloyd,148,OK,OK,,"[1, 1, 2, 2, 2, 3, 3, 3, 4]"
Hapag-Lloyd,149,OK,OK,,"[1, 1, 2, 2, 3, 4]"
Hapag-Lloyd,150,BAD_SEQUENCE,REVERSE,Уменьшение: 5 -> 3,"[1, 1, 2, 2, 3, 3, 4, 5, 5, 3, 3, 3, 4]"
Hapag-Lloyd,151,OK,OK,,"[1, 2, 2]"
Hapag-Lloyd,152,OK,OK,,"[1, 1, 2, 2, 3, 4]"
Hapag-Lloyd,153,OK,OK,,"[1, 1, 2, 2, 3, 3, 4, 3, 3, 4]"
Hapag-Lloyd,154,OK,OK,,"[1, 1, 2, 2, 2, 3, 3, 4]"
Hapag-Lloyd,155,OK,OK,,"[1, 1, 2, 2, 3, 3, 4, 3, 3, 4]"
Hapag-Lloyd,156,OK,OK,,"[1, 1, 2, 2, 3, 3, 4, 3, 3, 3, 3, 4]"
Hapag-Lloyd,157,OK,OK,,"[1, 1, 2, 2, 3, 3, 3, 3, 3, 4, 4, 5, 5]"
Hapag-Lloyd,158,OK,OK,,"[1, 1, 2, 2, 3, 3, 3, 4]"
Hapag-Lloyd,159,OK,OK,,"[1, 1, 2, 2, 3, 3, 4, 3, 4]"
Hapag-Lloyd,160,OK,OK,,"[1, 1, 2, 2, 3, 4]"
Hapag-Lloyd,161,OK,OK,,"[1, 1, 2, 2, 3, 4, 4]"
Hapag-Lloyd,162,OK,OK,,"[1, 1, 2, 2, 3, 3, 4, 3, 3, 4, 5, 5]"
Hapag-Lloyd,163,OK,OK,,"[1, 1, 2, 2, 2, 2, 3, 3, 3, 4]"
Hapag-Lloyd,164,OK,OK,,"[1, 1, 2, 2, 3, 3, 3, 4]"
Hapag-Lloyd,165,OK,OK,,"[1, 1, 2, 2, 3, 3, 3, 3, 3, 4, 3, 3, 4]"
Hapag-Lloyd,166,OK,OK,,"[1, 1, 2, 3, 3, 3, 3, 3, 3, 4, 4, 5, 5]"
Hapag-Lloyd,167,BAD_SEQUENCE,REVERSE,Уменьшение: 5 -> 3,"[1, 1, 2, 2, 3, 3, 4, 5, 5, 3, 3, 4]"
Hapag-Lloyd,168,OK,OK,,"[1, 1, 2, 2, 3, 3, 3, 3, 3, 3, 3, 4, 4]"
Hapag-Lloyd,169,OK,OK,,"[1, 1, 2, 2, 3, 3, 3, 3, 3, 4]"
Hapag-Lloyd,170,OK,OK,,"[1, 1, 2, 2, 3, 3, 3, 4]"
Hapag-Lloyd,171,OK,OK,,"[1, 1, 2, 2, 2, 2, 3, 3, 3, 4]"
Hapag-Lloyd,172,OK,OK,,"[1, 1, 2, 2, 2, 2, 3, 3, 3, 4]"
Hapag-Lloyd,173,OK,OK,,"[1, 1, 2, 2, 3, 3, 3, 3, 3, 4]"
Hapag-Lloyd,174,OK,OK,,"[1, 2, 2, 3, 3, 3, 3, 3, 4, 4, 5, 5]"
Hapag-Lloyd,175,OK,OK,,"[1, 1, 2, 2, 3, 3, 3, 3, 3, 4]"
Hapag-Lloyd,176,OK,OK,,"[1, 1, 1, 2, 3, 4]"
Hapag-Lloyd,177,OK,OK,,"[1, 1, 2, 2, 3, 3, 4, 3, 4]"
Hapag-Lloyd,178,OK,OK,,"[1, 1, 2, 2, 2, 2, 3, 3, 3, 3, 3, 4, 4, 5]"
Hapag-Lloyd,179,OK,OK,,"[1, 1, 2, 2, 2, 2, 2, 3, 4]"
Hapag-Lloyd,180,OK,OK,,"[1, 2, 2, 2, 2, 2, 2, 2]"
Hapag-Lloyd,181,OK,OK,,"[1, 2, 2, 2, 2, 2, 2, 2]"
Hapag-Lloyd,182,OK,OK,,"[1, 2, 2]"
Hapag-Lloyd,183,OK,OK,,"[1, 2, 2]"
Hapag-Lloyd,184,OK,OK,,"[1, 1, 2, 2, 3, 4, 4, 5, 5]"
Hapag-Lloyd,185,OK,OK,,"[1, 1, 2, 2, 3, 4, 4, 5, 5]"
Hapag-Lloyd,186,OK,OK,,"[1, 1, 1, 2, 2]"
Hapag-Lloyd,187,OK,OK,,"[1, 1, 1, 2, 2]"
Hapag-Lloyd,188,OK,OK,,"[1, 2, 2, 3, 3, 3, 3, 3, 4, 4]"
Hapag-Lloyd,189,OK,OK,,"[1, 2, 2, 2, 2, 2, 2, 2]"
Hapag-Lloyd,190,OK,OK,,"[1, 2, 2, 2, 2, 2, 2, 2]"
Hapag-Lloyd,191,OK,OK,,"[1, 2, 3, 3, 4]"
Hapag-Lloyd,192,OK,OK,,"[1, 3, 3, 3, 3, 4, 3, 3, 3, 3, 3]"
Hapag-Lloyd,193,OK,OK,,"[1, 1, 2, 2, 3, 3, 4, 3, 3, 4]"
Hapag-Lloyd,194,OK,OK,,"[1, 2, 2, 2, 2, 2, 2, 2]"
Hapag-Lloyd,195,OK,OK,,"[1, 2, 2]"
Hapag-Lloyd,196,OK,OK,,"[1, 1, 2, 2, 3, 4, 4, 5, 5]"
Hapag-Lloyd,197,OK,OK,,"[1, 1, 1, 2, 2]"
Hapag-Lloyd,198,OK,OK,,"[1, 2, 2, 2, 2, 2, 2, 2]"
Hapag-Lloyd,199,OK,OK,,"[1, 1, 2, 2, 3, 4]"
Hapag-Lloyd,200,OK,OK,,"[1, 1, 2, 2, 3, 4]"
Hapag-Lloyd,201,OK,OK,,"[1, 1, 2, 2, 3, 4]"
Hapag-Lloyd,202,OK,OK,,"[1, 2, 2, 2, 2, 2]"
Hapag-Lloyd,203,OK,OK,,"[1, 3, 3, 3, 3, 4, 3, 3, 3, 3]"
Hapag-Lloyd,204,BAD_SEQUENCE,SKIP,Скачок: 1 -> 3,"[1, 1, 3, 3, 3, 3, 3]"
Hapag-Lloyd,205,OK,OK,,"[1, 1, 2, 2, 3, 4]"
Hapag-Lloyd,206,OK,OK,,"[1, 1, 2, 2, 3, 4]"
Hapag-Lloyd,207,OK,OK,,"[1, 1, 2, 3, 3, 3, 3, 4, 3, 3, 3, 3]"
Hapag-Lloyd,208,OK,OK,,"[1, 1, 2, 3, 3, 3, 3, 4, 3, 3, 3, 3]"
Hapag-Lloyd,209,OK,OK,,"[1, 3, 3, 3, 3, 4, 3, 3, 3, 3]"
Hapag-Lloyd,210,OK,OK,,"[1, 3, 3, 3, 3, 4, 3, 3, 3, 3]"
Hapag-Lloyd,211,OK,OK,,"[1, 1, 2, 2, 3, 3, 3, 4]"
Hapag-Lloyd,212,OK,OK,,"[1, 1, 2, 3, 3, 3, 4]"
Hapag-Lloyd,213,OK,OK,,"[1, 3, 3, 3, 3, 3, 3, 3, 4, 4, 3, 3, 3, 3]"
Hapag-Lloyd,214,OK,OK,,"[1, 1, 2, 2, 3, 3, 3, 3, 3, 3, 4, 3, 4]"
Hapag-Lloyd,215,OK,OK,,"[1, 1, 2, 2, 3, 3, 3, 3, 3, 3, 4, 3, 4]"
Hapag-Lloyd,216,OK,OK,,"[1, 3, 3, 3, 3, 4, 3, 4, 3, 3, 3]"
Hapag-Lloyd,217,OK,OK,,"[1, 2, 2]"
Hapag-Lloyd,218,BAD_SEQUENCE,SKIP,Скачок: 1 -> 3,"[1, 1, 3, 3, 3, 3, 3, 4]"
Hapag-Lloyd,219,OK,OK,,"[1, 1, 2, 2, 3, 3, 4, 3, 3, 4]"
Hapag-Lloyd,220,OK,OK,,"[1, 3, 3, 4, 3, 3, 3, 3]"
Hapag-Lloyd,221,OK,OK,,"[1, 1, 2, 3, 3, 4, 5]"
Hapag-Lloyd,222,OK,OK,,"[1, 2, 2, 3, 3, 3, 3, 3, 4, 4]"
Hapag-Lloyd,223,BAD_SEQUENCE,SKIP,Скачок: 1 -> 3,"[1, 1, 3, 3, 3, 3, 3, 3, 3]"
Hapag-Lloyd,224,OK,OK,,"[1, 2, 2, 3, 3, 3, 3, 4, 3, 4, 3, 3, 3, 3]"
Hapag-Lloyd,225,OK,OK,,"[1, 1, 2, 2, 3, 3, 4, 3, 3, 4]"
Hapag-Lloyd,226,OK,OK,,"[1, 1, 2, 3, 4]"
Hapag-Lloyd,227,OK,OK,,"[1, 1, 2, 2, 3, 4, 3, 4]"
Hapag-Lloyd,228,OK,OK,,"[1, 1, 2, 2, 3, 3, 3, 3, 3, 3, 4, 3, 3, 4]"
Hapag-Lloyd,229,OK,OK,,"[1, 1, 2, 2, 3, 3, 3, 3, 3, 3, 4, 3, 3, 4]"
Hapag-Lloyd,230,OK,OK,,"[1, 1, 2, 2, 3, 3, 3, 3, 3, 3, 4, 3, 3, 4]"
Hapag-Lloyd,231,OK,OK,,"[1, 1, 2, 2, 3, 3, 3, 3, 3, 3, 4, 3, 3, 4]"
Hapag-Lloyd,232,OK,OK,,"[1, 1, 2, 2, 3, 3, 3, 3, 3, 3, 4, 3, 3, 4]"
Hapag-Lloyd,233,OK,OK,,"[1, 1, 2, 2, 3, 3, 3, 3, 3, 3, 4, 3, 3, 4]"
Hapag-Lloyd,234,OK,OK,,"[1, 1, 2, 2, 3, 3, 3, 3, 3, 3, 4, 4]"
Hapag-Lloyd,235,OK,OK,,"[1, 1, 2, 2, 3, 3, 3, 3, 3, 3, 4, 3, 3, 4]"
Hapag-Lloyd,236,OK,OK,,"[1, 1, 2, 2, 3, 3, 3, 3, 3, 3, 4, 3, 3, 4]"
Hapag-Lloyd,237,OK,OK,,"[1, 1, 2, 2, 3, 3, 3, 3, 3, 3, 4, 3, 3, 4]"
Hapag-Lloyd,238,OK,OK,,"[1, 1, 2, 2, 3, 3, 3, 3, 3, 3, 4, 3, 3, 4]"
Hapag-Lloyd,239,OK,OK,,"[1, 1, 2, 2, 3, 3, 3, 3, 3, 3, 4, 3, 3, 4]"
Hapag-Lloyd,240,OK,OK,,"[1, 1, 2, 2, 3, 3, 3, 3, 3, 3, 4, 3, 3, 4]"
Hapag-Lloyd,241,OK,OK,,"[1, 1, 2, 2, 3, 3, 3, 3, 3, 3, 4, 3, 3, 4]"
Hapag-Lloyd,242,OK,OK,,"[1, 1, 2, 2, 3, 3, 3, 3, 3, 3, 4, 3, 3, 4]"
Hapag-Lloyd,243,OK,OK,,"[1, 1, 2, 2, 3, 3, 4, 3, 4]"
Hapag-Lloyd,244,OK,OK,,"[1, 1, 2, 2, 3, 3, 4, 3, 4]"
Hapag-Lloyd,245,OK,OK,,"[1, 1, 2, 2, 3, 3, 4, 3, 4]"
Hapag-Lloyd,246,OK,OK,,"[1, 1, 2, 2, 3, 3, 4, 3, 4]"
Hapag-Lloyd,247,OK,OK,,"[1, 1, 2, 2, 3, 3, 4, 3, 4]"
Hapag-Lloyd,248,OK,OK,,"[1, 2, 2, 3, 3, 3, 3, 3, 3, 4, 3, 4]"
Hapag-Lloyd,249,OK,OK,,"[1, 2, 2]"
Hapag-Lloyd,250,OK,OK,,"[1, 1, 2, 2, 3, 4, 3, 3, 3, 3, 4]"
Hapag-Lloyd,251,OK,OK,,"[1, 1, 2, 2, 3, 4, 3, 3, 3, 3, 4]"
Hapag-Lloyd,252,OK,OK,,"[1, 1, 2, 2, 2, 2, 3, 3, 3, 4]"
Hapag-Lloyd,253,OK,OK,,"[1, 1, 2, 2, 3, 3, 4, 3, 3, 4]"
Hapag-Lloyd,254,OK,OK,,"[1, 1, 2, 2, 2, 2, 3, 3, 3, 4]"
Hapag-Lloyd,255,BAD_SEQUENCE,SKIP,Скачок: 1 -> 3,"[1, 1, 3, 4]"
Hapag-Lloyd,256,OK,OK,,"[1, 1, 2, 2, 3, 3, 3, 4]"
Hapag-Lloyd,257,OK,OK,,"[1, 1, 2, 2, 3, 3, 3, 4]"
Hapag-Lloyd,258,OK,OK,,"[1, 1, 1, 2, 3, 3, 3, 3, 3, 4]"
Hapag-Lloyd,259,OK,OK,,"[1, 1, 2, 2, 3, 3, 3, 3, 3, 3, 3, 3, 3, 4, 4]"
Hapag-Lloyd,260,OK,OK,,"[1, 1, 2, 2, 3, 3, 3, 3, 3, 4, 4, 5]"
Hapag-Lloyd,261,OK,OK,,"[1, 1, 2, 2, 3, 3, 3, 4]"
Hapag-Lloyd,262,OK,OK,,"[1, 1, 2, 2, 3, 3, 3, 3, 3, 3, 3, 3, 3, 4, 4, 5]"
Hapag-Lloyd,263,OK,OK,,"[1, 1, 2, 2, 3, 3, 3, 3, 3, 4, 4, 5, 5]"
Hapag-Lloyd,264,OK,OK,,"[1, 1, 2, 2, 3, 4, 4, 5, 5]"
Hapag-Lloyd,265,OK,OK,,"[1, 2, 3, 3, 4]"
Hapag-Lloyd,266,OK,OK,,"[1, 1, 2, 2, 3, 4]"
Hapag-Lloyd,267,OK,OK,,"[1, 1, 2, 2, 3, 3, 3, 3, 3, 3, 3, 3, 3, 4, 4, 5, 5]"
Hapag-Lloyd,268,OK,OK,,"[1, 1, 2, 3, 4]"
Hapag-Lloyd,269,BAD_SEQUENCE,SKIP,Скачок: 1 -> 3,"[1, 1, 3, 4, 4, 4]"
Hapag-Lloyd,270,OK,OK,,"[1, 1, 2, 3, 3, 3, 3, 3, 4]"
Hapag-Lloyd,271,OK,OK,,"[1, 1, 2, 2, 3, 4]"
Hapag-Lloyd,272,OK,OK,,"[1, 1, 2, 2, 3, 3, 4, 3, 3, 4]"
Hapag-Lloyd,273,BAD_SEQUENCE,REVERSE,Уменьшение: 5 -> 3,"[1, 1, 2, 2, 3, 3, 3, 3, 3, 3, 4, 5, 5, 3, 3, 3, 4]"
Hapag-Lloyd,274,BAD_SEQUENCE,REVERSE,Уменьшение: 5 -> 3,"[1, 1, 2, 2, 3, 3, 4, 5, 5, 3, 3, 4]"
Hapag-Lloyd,275,OK,OK,,"[1, 1, 2, 2, 3, 3, 3, 3, 3, 3, 3, 3, 3, 4, 4, 5, 5]"
Hapag-Lloyd,276,OK,OK,,"[1, 1, 2, 3, 3, 3, 3, 3, 3, 4, 4, 5, 5]"
Hapag-Lloyd,277,OK,OK,,"[1, 1, 2, 2, 3, 3, 3, 3, 3, 4, 3, 3, 4]"
Hapag-Lloyd,278,BAD_SEQUENCE,REVERSE,Уменьшение: 5 -> 3,"[1, 1, 2, 2, 3, 3, 4, 5, 5, 3, 3, 4]"
Hapag-Lloyd,279,OK,OK,,"[1, 1, 2, 2, 3, 3, 3, 3, 3, 4, 4, 5, 5]"
Hapag-Lloyd,280,OK,OK,,"[1, 1, 2, 3, 4]"
Hapag-Lloyd,281,BAD_SEQUENCE,SKIP,Скачок: 1 -> 3,"[1, 1, 3, 3, 3, 4]"
Hapag-Lloyd,282,OK,OK,,"[1, 1, 2, 2, 3, 4]"
Hapag-Lloyd,283,OK,OK,,"[1, 1, 2, 2, 3, 4]"
Hapag-Lloyd,284,OK,OK,,"[1, 1, 2, 2, 3, 4]"
Hapag-Lloyd,285,OK,OK,,"[1, 1, 2, 2, 3, 3, 3, 4]"
Hapag-Lloyd,286,OK,OK,,"[1, 1, 2, 2, 3, 3, 3, 3, 3, 4, 4]"
Hapag-Lloyd,287,BAD_SEQUENCE,REVERSE,Уменьшение: 5 -> 3,"[1, 2, 2, 3, 3, 4, 5, 5, 3, 3, 4]"
Hapag-Lloyd,288,OK,OK,,"[1, 1, 2, 2, 3, 3, 3, 4]"
Hapag-Lloyd,289,OK,OK,,"[1, 1, 1, 2, 2, 2, 3, 3, 3, 4]"
Hapag-Lloyd,290,OK,OK,,"[1, 1, 2, 2, 3, 3, 3, 4]"
Hapag-Lloyd,291,OK,OK,,"[1, 1, 2, 2, 3, 3, 4, 3, 4]"
Hapag-Lloyd,292,BAD_SEQUENCE,REVERSE,Уменьшение: 5 -> 3,"[1, 1, 2, 2, 3, 3, 4, 5, 5, 3, 4]"
Hapag-Lloyd,293,OK,OK,,"[1, 1, 2, 2, 3, 4]"
Hapag-Lloyd,294,OK,OK,,"[1, 1, 2, 2, 2, 2, 2, 2, 3, 3, 3, 3, 3, 4, 4, 5, 5]"
Hapag-Lloyd,295,OK,OK,,"[1, 1, 2, 2, 3, 3, 3, 3, 3, 4, 4]"
Hapag-Lloyd,296,OK,OK,,"[1, 1, 2, 2, 2, 2, 3, 4, 4, 5, 5]"
Hapag-Lloyd,297,OK,OK,,"[1, 1, 2, 2, 3, 3, 3, 3, 4, 4, 5, 5]"
Hapag-Lloyd,298,OK,OK,,"[1, 1, 2, 2, 3, 3, 3, 3, 3, 4]"
Hapag-Lloyd,299,OK,OK,,"[1, 2, 2, 2, 2, 2, 2, 2]"
Hapag-Lloyd,300,OK,OK,,"[1, 1, 2, 2, 3, 3, 4, 5, 5, 5]"
Hapag-Lloyd,301,OK,OK,,"[1, 1, 2, 2, 3, 4]"
Hapag-Lloyd,302,OK,OK,,"[1, 1, 2, 2, 3, 4, 4]"
Hapag-Lloyd,303,OK,OK,,"[1, 1, 2, 2, 2, 2, 3, 4, 4, 5, 5, 5, 5, 5, 5]"
Hapag-Lloyd,304,OK,OK,,"[1, 1, 2, 2, 3, 3, 3, 3, 3, 3, 3, 3, 4, 4, 5, 5]"
Hapag-Lloyd,305,OK,OK,,"[1, 1, 2, 2, 3, 3, 3, 3, 3, 3, 3, 3, 3, 4, 4, 5, 5]"
Hapag-Lloyd,306,OK,OK,,"[1, 2, 3, 3, 4]"
Hapag-Lloyd,307,OK,OK,,"[1, 1, 2, 2, 3, 3, 3, 3, 3, 4, 4, 5, 5, 5, 5]"
Hapag-Lloyd,308,OK,OK,,"[1, 1, 2, 2, 3, 3, 3, 3, 3, 4, 4, 5, 5, 5, 5]"
Hapag-Lloyd,309,OK,OK,,"[1, 1, 2, 2, 3, 3, 3, 3, 3, 4, 4, 5, 5]"
Hapag-Lloyd,310,OK,OK,,"[1, 1, 2, 2, 3, 3, 3, 3, 3, 3, 3, 4, 4]"
Hapag-Lloyd,311,OK,OK,,"[1, 1, 2, 2, 3, 3, 3, 3, 3, 4, 4]"
Hapag-Lloyd,312,OK,OK,,"[1, 1, 2, 2, 3, 4]"
Hapag-Lloyd,313,OK,OK,,"[1, 1, 2, 2, 3, 3, 3, 3, 3, 4, 4, 5, 5]"
Hapag-Lloyd,314,OK,OK,,"[1, 1, 2, 2, 2, 2, 2, 2, 3, 4, 4, 5]"
Hapag-Lloyd,315,OK,OK,,"[1, 1, 2, 2, 3, 4, 4, 5, 5]"
Hapag-Lloyd,316,OK,OK,,"[1, 1, 2, 2, 2, 2, 3, 3, 3, 4]"
Hapag-Lloyd,317,OK,OK,,"[1, 1, 2, 2, 3, 3, 3, 3, 3, 3, 3, 3, 3, 4, 4, 5, 5]"
Hapag-Lloyd,318,OK,OK,,"[1, 1, 2, 2, 3, 3, 3, 3, 3, 3, 3, 4, 4]"
Hapag-Lloyd,319,OK,OK,,"[1, 1, 2, 2, 3, 4]"
Hapag-Lloyd,320,OK,OK,,"[1, 1, 2, 2, 3, 3, 3, 3, 3, 4, 4, 5, 5]"
Hapag-Lloyd,321,OK,OK,,"[1, 1, 2, 2, 3, 3, 3, 3, 3, 3, 3, 4, 4, 5, 5]"
Hapag-Lloyd,322,OK,OK,,"[1, 1, 2, 2, 3, 3, 3, 4]"
Hapag-Lloyd,323,OK,OK,,"[1, 1, 2, 2, 2, 2, 3, 3, 3, 4]"
Hapag-Lloyd,324,OK,OK,,"[1, 1, 2, 2, 3, 3, 3, 3, 3, 4, 4, 5, 5]"
Hapag-Lloyd,325,OK,OK,,"[1, 1, 2, 2, 3, 4, 4, 5, 5]"
Hapag-Lloyd,326,OK,OK,,"[1, 1, 1, 2, 2, 2]"
Hapag-Lloyd,327,BAD_SEQUENCE,SKIP,Скачок: 1 -> 3,"[1, 1, 3, 3, 3, 3, 3, 3, 3, 3, 3, 3, 4, 4, 5, 5, 5, 5, 5, 5, 5]"
Hapag-Lloyd,328,OK,OK,,"[1, 1, 2, 2, 3, 4, 4, 5, 5, 5, 5, 5, 5]"
Hapag-Lloyd,329,OK,OK,,"[1, 1, 2, 3, 4]"
Hapag-Lloyd,330,OK,OK,,"[1, 1, 2, 2, 3, 3, 3, 3, 3, 4, 4, 5]"
Hapag-Lloyd,331,OK,OK,,"[1, 1, 2, 2, 3, 4, 4]"
Hapag-Lloyd,332,OK,OK,,"[1, 1, 2, 2, 3, 3, 3, 3, 3, 4, 3, 3, 4, 5, 5]"
Hapag-Lloyd,333,OK,OK,,"[1, 2, 3, 3, 3, 3, 3, 3, 3, 3, 3, 4, 4]"
Hapag-Lloyd,334,OK,OK,,"[1, 1, 2, 2, 3, 4, 3, 3, 3, 3, 4]"
Hapag-Lloyd,335,OK,OK,,"[1, 1, 2, 3, 4]"
Hapag-Lloyd,336,OK,OK,,"[1, 2, 2, 2, 2, 3, 3, 3, 3]"
Hapag-Lloyd,337,OK,OK,,"[1, 1, 2, 2, 3, 3, 4, 3, 3, 3, 4]"
Hapag-Lloyd,338,OK,OK,,"[1, 1, 2, 2, 3, 4]"
Hapag-Lloyd,339,BAD_SEQUENCE,SKIP,Скачок: 1 -> 3,"[1, 1, 3, 4]"
Hapag-Lloyd,340,OK,OK,,"[1, 1, 2, 2, 3, 3, 3, 3, 3, 4, 4, 5, 5]"
Hapag-Lloyd,341,OK,OK,,"[1, 1, 2, 2, 3, 4, 4, 5, 5]"
Hapag-Lloyd,342,OK,OK,,"[1, 1, 2, 2, 3, 4]"
Hapag-Lloyd,343,OK,OK,,"[1, 1, 2, 2, 2, 2, 3, 3, 3, 4, 5, 5]"
Hapag-Lloyd,344,OK,OK,,"[1, 1, 2, 2, 3, 4, 4, 5, 5]"
Hapag-Lloyd,345,OK,OK,,"[1, 1, 2, 2, 3, 3, 3, 3, 3, 3, 3, 3, 3, 4, 4, 5, 5, 5, 5, 5]"
Hapag-Lloyd,346,OK,OK,,"[1, 1, 2, 3, 4]"
Hapag-Lloyd,347,OK,OK,,"[1, 1, 2, 2, 3, 4, 4, 5]"
Hapag-Lloyd,348,OK,OK,,"[1, 1, 2, 2, 3, 3, 4, 3, 3, 4]"
Hapag-Lloyd,349,BAD_SEQUENCE,SKIP,Скачок: 1 -> 3,"[1, 1, 3, 4, 5, 5]"
Hapag-Lloyd,350,OK,OK,,"[1, 1, 2, 2, 2, 2, 3, 3, 3, 4, 5, 5]"
Hapag-Lloyd,351,OK,OK,,"[1, 1, 2, 2, 2, 3, 4]"
Hapag-Lloyd,352,OK,OK,,"[1, 1, 2, 2, 3, 4]"
Hapag-Lloyd,353,OK,OK,,"[1, 1, 2, 2, 3, 3, 3, 3, 3, 3, 3, 3, 3, 3, 3, 4, 4, 5, 5]"
Hapag-Lloyd,354,BAD_SEQUENCE,SKIP,Скачок: 1 -> 3,"[1, 1, 3, 4]"
Hapag-Lloyd,355,OK,OK,,"[1, 1, 2, 2, 3, 3, 3, 3, 3, 4, 4]"
Hapag-Lloyd,356,OK,OK,,"[1, 1, 2, 2, 2, 2, 3, 3, 3, 3, 3, 3, 3, 3, 3, 4, 4]"
Hapag-Lloyd,357,BAD_SEQUENCE,REVERSE,Уменьшение: 5 -> 4,"[1, 1, 2, 2, 2, 3, 4, 5, 4, 5]"
Hapag-Lloyd,358,BAD_SEQUENCE,SKIP,Скачок: 1 -> 3,"[1, 1, 3, 4]"
Hapag-Lloyd,359,OK,OK,,"[1, 1, 2, 2, 3, 4]"
Hapag-Lloyd,360,OK,OK,,"[1, 1, 2, 2, 3, 4, 3, 3, 4]"
Hapag-Lloyd,361,OK,OK,,"[1, 1, 2, 2, 3, 4]"
Hapag-Lloyd,362,OK,OK,,"[1, 1, 2, 2, 3, 3, 3, 3, 3, 4, 4, 5, 5]"
Hapag-Lloyd,363,OK,OK,,"[1, 1, 2, 3, 4]"
Hapag-Lloyd,364,OK,OK,,"[1, 1, 2, 3, 3, 3, 3, 3, 3, 3, 4, 4, 5, 5]"
Hapag-Lloyd,365,OK,OK,,"[1, 1, 2, 2, 3, 4, 4, 5, 5]"
Hapag-Lloyd,366,BAD_SEQUENCE,SKIP,Скачок: 1 -> 3,"[1, 1, 3, 3, 3, 3, 3, 4, 5, 5]"
Hapag-Lloyd,367,OK,OK,,"[1, 1, 2, 3, 3, 3, 3, 3, 4, 4, 5]"
Hapag-Lloyd,368,OK,OK,,"[1, 3, 3, 4]"
Hapag-Lloyd,369,OK,OK,,"[1, 1, 2, 2, 3, 3, 4, 3, 3, 3, 4, 5, 5]"
Hapag-Lloyd,370,OK,OK,,"[1, 1, 2, 2, 3, 4]"
Hapag-Lloyd,371,OK,OK,,"[1, 1, 2, 3, 3, 3, 4]"
Hapag-Lloyd,372,OK,OK,,"[1, 1, 2, 2, 3, 4, 4, 5, 5]"
Hapag-Lloyd,373,OK,OK,,"[1, 1, 2, 2, 3, 4, 4, 5, 5, 5, 5]"
Hapag-Lloyd,374,OK,OK,,"[1, 1, 2, 2, 3, 3, 4, 3, 4]"
Hapag-Lloyd,375,OK,OK,,"[1, 1, 2, 2, 3, 4]"
Hapag-Lloyd,376,BAD_SEQUENCE,REVERSE,Уменьшение: 5 -> 3,"[1, 1, 1, 2, 2, 3, 3, 4, 5, 5, 3, 3, 4]"
Hapag-Lloyd,377,OK,OK,,"[1, 1, 2, 2, 3, 3, 3, 4]"
Hapag-Lloyd,378,OK,OK,,"[1, 1, 2, 2, 3, 3, 3, 4, 4, 5, 5, 5, 5]"
Hapag-Lloyd,379,BAD_SEQUENCE,REVERSE,Уменьшение: 5 -> 3,"[1, 2, 2, 3, 3, 4, 5, 5, 3, 3, 4]"
Hapag-Lloyd,380,BAD_SEQUENCE,REVERSE,Уменьшение: 5 -> 3,"[1, 1, 2, 2, 3, 3, 3, 4, 5, 3, 3, 3, 4]"
Hapag-Lloyd,381,OK,OK,,"[1, 1, 2, 2, 3, 3, 3, 3, 3, 3, 4, 3, 3, 4]"
Hapag-Lloyd,382,OK,OK,,"[1, 2, 2, 2, 3, 3, 3, 3, 3, 3, 4, 3, 4, 5, 5]"
Hapag-Lloyd,383,OK,OK,,"[1, 1, 1, 2, 2, 3, 4]"
Hapag-Lloyd,384,OK,OK,,"[1, 1, 2, 2, 3, 3, 4, 3, 3, 3, 3, 4]"
Hapag-Lloyd,385,OK,OK,,"[1, 1, 2, 2, 3, 3, 3, 3, 3, 3, 3, 4, 4, 5, 5]"
Hapag-Lloyd,386,OK,OK,,"[1, 1, 2, 2, 3, 3, 4, 3, 3, 4]"
Hapag-Lloyd,387,OK,OK,,"[1, 1, 2, 3, 3, 4]"
Hapag-Lloyd,388,BAD_SEQUENCE,SKIP,Скачок: 1 -> 3,"[1, 1, 3, 4]"
Hapag-Lloyd,389,OK,OK,,"[1, 1, 2, 2, 2, 2, 3, 3, 3, 3, 3, 4, 4, 5, 5]"
Hapag-Lloyd,390,OK,OK,,"[1, 1, 2, 2, 3, 4]"
Hapag-Lloyd,391,OK,OK,,"[1, 1, 2, 2, 3, 4, 4, 5, 5, 5, 5]"
Hapag-Lloyd,392,OK,OK,,"[1, 1, 2, 2, 3, 3, 3, 3, 3, 3, 3, 3, 3, 4, 4, 5, 5]"
Hapag-Lloyd,393,OK,OK,,"[1, 1, 2, 3, 3, 4, 3, 3, 3]"
Hapag-Lloyd,394,OK,OK,,"[1, 1, 2, 2, 2, 3, 3, 3, 4]"
Hapag-Lloyd,395,OK,OK,,"[1, 1, 2, 2, 3, 3, 3, 3, 3, 3, 3, 3, 3, 3, 3, 3, 3, 4, 4, 5, 5]"
Hapag-Lloyd,396,BAD_SEQUENCE,SKIP,Скачок: 1 -> 3,"[1, 1, 3, 3, 3, 4, 4, 5, 5]"
Hapag-Lloyd,397,OK,OK,,"[1, 3, 3, 3, 3, 4, 3, 3]"
Hapag-Lloyd,398,OK,OK,,"[1, 1, 2, 2, 3, 4, 4, 5, 5]"
Hapag-Lloyd,399,BAD_SEQUENCE,REVERSE,Уменьшение: 5 -> 3,"[1, 1, 2, 2, 3, 3, 4, 5, 3, 4]"
Hapag-Lloyd,400,OK,OK,,"[1, 1, 2, 2, 3, 3, 3, 3, 3, 3, 3, 3, 3, 4, 4, 5, 5]"
Hapag-Lloyd,401,OK,OK,,"[1, 1, 2, 2, 3, 3, 3, 4]"
Hapag-Lloyd,402,OK,OK,,"[1, 3, 3, 4, 3, 3, 3, 3, 3, 3]"
Hapag-Lloyd,403,BAD_SEQUENCE,SKIP,Скачок: 1 -> 3,"[1, 1, 3, 3, 3, 4]"
Hapag-Lloyd,404,OK,OK,,"[1, 1, 2, 2, 3, 3, 3, 3, 3, 4, 4, 5, 5]"
Hapag-Lloyd,405,OK,OK,,"[1, 2, 3, 3, 3, 3, 4, 5, 5]"
Hapag-Lloyd,406,OK,OK,,"[1, 1, 2, 2, 3, 4, 5, 5, 5, 5]"
Hapag-Lloyd,407,OK,OK,,"[1, 2, 3, 3, 4]"
Hapag-Lloyd,408,OK,OK,,"[1, 1, 2, 2, 3, 3, 3, 4]"
Hapag-Lloyd,409,OK,OK,,"[1, 1, 2, 2, 3, 3, 3, 3, 3, 4, 4, 5, 5]"
Hapag-Lloyd,410,OK,OK,,"[1, 1, 2, 2, 2, 3, 4]"
Hapag-Lloyd,411,OK,OK,,"[1, 1, 2, 2, 3, 3, 4, 3, 3, 4, 5, 5]"
Hapag-Lloyd,412,OK,OK,,"[1, 1, 2, 2, 3, 3, 3, 4]"
Hapag-Lloyd,413,OK,OK,,"[1, 1, 2, 2, 3, 3, 3, 3, 3, 4, 4, 5, 5]"
Hapag-Lloyd,414,OK,OK,,"[1, 1, 2, 2, 3, 4, 4, 5]"
Hapag-Lloyd,415,OK,OK,,"[1, 1, 2, 2, 3, 3, 3, 3, 3, 3, 4, 3, 3, 4, 5, 5]"
Hapag-Lloyd,416,OK,OK,,"[1, 1, 2, 2, 2, 2, 3, 3, 4, 3, 4]"
Hapag-Lloyd,417,OK,OK,,"[1, 1, 2, 2, 3, 4, 4, 5, 5]"
Hapag-Lloyd,418,OK,OK,,"[1, 1, 2, 3, 3, 3, 3, 3, 3, 3, 3, 3, 3, 4, 4, 5, 5]"
Hapag-Lloyd,419,OK,OK,,"[1, 1, 2, 2, 3, 4, 4, 5, 5]"
Hapag-Lloyd,420,OK,OK,,"[1, 1, 2, 2, 3, 3, 3, 3, 3, 3, 3, 4, 4, 5, 5]"
Hapag-Lloyd,421,OK,OK,,"[1, 1, 2, 2, 3, 3, 3, 4, 4, 5, 5]"
Hapag-Lloyd,422,OK,OK,,"[1, 1, 2, 2, 3, 4, 4]"
Hapag-Lloyd,423,OK,OK,,"[1, 1, 2, 2, 3, 4, 4]"
Hapag-Lloyd,424,OK,OK,,"[1, 1, 2, 2, 2, 2, 3, 4]"
Hapag-Lloyd,425,OK,OK,,"[1, 1, 2, 2, 3, 3, 4, 3, 3, 4]"
Hapag-Lloyd,426,OK,OK,,"[1, 1, 2, 2, 3, 4, 3, 3, 4]"
Hapag-Lloyd,427,OK,OK,,"[1, 1, 2, 2, 3, 3, 3, 3, 3, 3, 3, 3, 3, 4, 4, 5, 5]"
Hapag-Lloyd,428,OK,OK,,"[1, 1, 2, 2, 3, 3, 4, 3, 4]"
Hapag-Lloyd,429,OK,OK,,"[1, 1, 2, 2, 3, 4]"
Hapag-Lloyd,430,OK,OK,,"[1, 1, 2, 2, 3, 4]"
Hapag-Lloyd,431,OK,OK,,"[1, 2, 2, 2, 2, 3, 4, 5, 5, 5, 5, 5, 5]"
Hapag-Lloyd,432,OK,OK,,"[1, 1, 2, 2, 3, 3, 4, 3, 3, 4, 5, 5, 5, 5]"
Hapag-Lloyd,433,OK,OK,,"[1, 1, 2, 3, 3, 3, 3, 3, 3, 3, 4, 5, 5]"
Hapag-Lloyd,434,BAD_SEQUENCE,SKIP,Скачок: 1 -> 3,"[1, 1, 3, 4]"
Hapag-Lloyd,435,OK,OK,,"[1, 1, 2, 3, 3, 3, 4]"
Hapag-Lloyd,436,OK,OK,,"[1, 1, 2, 2, 3, 3, 3, 3, 3, 4, 4, 5, 5]"
Hapag-Lloyd,437,OK,OK,,"[1, 1, 2, 2, 3, 4, 4, 5, 5]"
Hapag-Lloyd,438,OK,OK,,"[1, 1, 2, 2, 3, 4, 4, 5, 5]"
Hapag-Lloyd,439,OK,OK,,"[1, 1, 2, 2, 3, 3, 3, 4, 5, 5]"
Hapag-Lloyd,440,OK,OK,,"[1, 1, 2, 2, 3, 3, 4, 3, 4]"
Hapag-Lloyd,441,OK,OK,,"[1, 1, 2, 2, 2, 2, 2, 2, 3, 3, 3, 4]"
Hapag-Lloyd,442,OK,OK,,"[1, 1, 2, 2, 3, 4, 4, 5, 5]"
Hapag-Lloyd,443,BAD_SEQUENCE,SKIP,Скачок: 1 -> 3,"[1, 1, 3, 3, 3, 3, 4, 3, 3, 4]"
Hapag-Lloyd,444,OK,OK,,"[1, 1, 2, 2, 3, 4, 4, 5, 5]"
Hapag-Lloyd,445,OK,OK,,"[1, 1, 2, 2, 3, 4]"
Hapag-Lloyd,446,OK,OK,,"[1, 1, 2, 2, 3, 3, 3, 4]"
Hapag-Lloyd,447,OK,OK,,"[1, 1, 2, 2, 3, 3, 3, 3, 3, 4, 4, 5, 5, 5, 5]"
Hapag-Lloyd,448,OK,OK,,"[1, 1, 2, 2, 3, 4]"
Hapag-Lloyd,449,OK,OK,,"[1, 1, 2, 3, 3, 3, 3, 3, 4]"
Hapag-Lloyd,450,OK,OK,,"[1, 1, 2, 2, 3, 3, 3, 4]"
Hapag-Lloyd,451,BAD_SEQUENCE,REVERSE,Уменьшение: 5 -> 3,"[1, 1, 2, 2, 3, 3, 4, 5, 5, 3, 3, 4]"
Hapag-Lloyd,452,OK,OK,,"[1, 1, 2, 2, 3, 4]"
Hapag-Lloyd,453,OK,OK,,"[1, 1, 2, 2, 3, 3, 3, 4]"
Hapag-Lloyd,454,OK,OK,,"[1, 1, 2, 2, 3, 4]"
Hapag-Lloyd,455,OK,OK,,"[1, 2, 2, 2, 3, 4, 5, 5]"
Hapag-Lloyd,456,OK,OK,,"[1, 1, 2, 2, 3, 3, 4, 3, 3, 4]"
Hapag-Lloyd,457,OK,OK,,"[1, 1, 2, 2, 3, 4, 4, 5]"
Hapag-Lloyd,458,OK,OK,,"[1, 1, 2, 2, 3, 4]"
Hapag-Lloyd,459,OK,OK,,"[1, 1, 2, 2, 3, 4]"
Hapag-Lloyd,460,OK,OK,,"[1, 1, 2, 2, 3, 4]"
Hapag-Lloyd,461,OK,OK,,"[1, 1, 2, 2, 3, 4, 4, 5, 5]"
Hapag-Lloyd,462,OK,OK,,"[1, 2, 2, 3, 3, 3, 3, 3, 3, 3, 4]"
Hapag-Lloyd,463,OK,OK,,"[1, 1, 2, 2, 3, 3, 4]"
Hapag-Lloyd,464,OK,OK,,"[1, 1, 2, 3, 4]"
Hapag-Lloyd,465,OK,OK,,"[1, 1, 2, 2, 2, 2, 3, 4, 4, 5]"
Hapag-Lloyd,466,OK,OK,,"[1, 1, 2, 2, 3, 4, 4, 5, 5, 5, 5]"
Hapag-Lloyd,467,OK,OK,,"[1, 1, 2, 2, 3, 3, 3, 4]"
Hapag-Lloyd,468,OK,OK,,"[1, 1, 2, 2, 3, 4, 4]"
Hapag-Lloyd,469,OK,OK,,"[1, 1, 2, 2, 2, 2, 3, 4, 4, 5, 5]"
Hapag-Lloyd,470,BAD_SEQUENCE,REVERSE,Уменьшение: 5 -> 3,"[1, 1, 2, 2, 3, 3, 3, 3, 4, 5, 5, 3, 3, 4]"
Hapag-Lloyd,471,OK,OK,,"[1, 1, 2, 2, 3, 4, 4]"
Hapag-Lloyd,472,OK,OK,,"[1, 1, 2, 2, 3, 4]"
Hapag-Lloyd,473,OK,OK,,"[1, 1, 2, 3, 3, 3, 4, 5, 5]"
Hapag-Lloyd,474,OK,OK,,"[1, 1, 2, 3, 3, 4, 5, 5]"
Hapag-Lloyd,475,OK,OK,,"[1, 1, 2, 3, 3, 3, 3, 3, 4, 5, 5]"
Hapag-Lloyd,476,OK,OK,,"[1, 1, 1, 1]"
Hapag-Lloyd,477,OK,OK,,"[1, 3, 3, 4, 3, 3, 3, 3]"
Hapag-Lloyd,478,OK,OK,,"[1, 2, 2, 2, 2, 2, 2, 2, 2, 3, 3, 3, 3]"
Hapag-Lloyd,479,OK,OK,,"[1, 1, 2, 2, 3, 4, 4, 5, 5]"
Hapag-Lloyd,480,OK,OK,,"[1, 2, 2, 2, 2, 2, 2, 2, 3, 3, 3, 3, 3, 3, 3, 3, 4, 4, 5, 5]"
Hapag-Lloyd,481,OK,OK,,"[1, 1, 2, 2, 3, 3, 3, 3, 3, 4, 4, 5, 5]"
Hapag-Lloyd,482,OK,OK,,"[1, 1, 2, 2, 3, 4, 4, 5, 5]"
Hapag-Lloyd,483,OK,OK,,"[1, 1, 2, 2, 3, 4, 4, 5, 5]"
Hapag-Lloyd,484,OK,OK,,"[1, 1, 2, 2, 3, 4, 4, 5, 5]"
Hapag-Lloyd,485,OK,OK,,"[1, 1, 2, 2, 2, 2, 3, 3, 3, 3, 3, 4, 4, 5]"
Hapag-Lloyd,486,OK,OK,,"[1, 1, 2, 2, 3, 3, 3, 3, 3, 3, 3, 3, 3, 4, 4, 5, 5]"
Hapag-Lloyd,487,OK,OK,,"[1, 1, 2, 2, 3, 3, 3, 4, 4, 5, 5]"
Hapag-Lloyd,488,OK,OK,,"[1, 1, 2, 2, 3, 3, 3, 4]"
Hapag-Lloyd,489,OK,OK,,"[1, 1, 2, 2, 3, 4, 4, 5, 5]"
Hapag-Lloyd,490,OK,OK,,"[1, 1, 2, 2, 3, 3, 3, 3, 3, 3, 3, 4, 4, 5, 5]"
Hapag-Lloyd,491,OK,OK,,"[1, 1, 2, 3, 3, 3, 4]"
Hapag-Lloyd,492,OK,OK,,"[1, 1, 2, 2, 3, 4, 4, 5, 5]"
Hapag-Lloyd,493,OK,OK,,"[1, 1, 2, 2, 3, 3, 3, 3, 3, 4, 4, 5]"
Hapag-Lloyd,494,BAD_SEQUENCE,REVERSE,Уменьшение: 5 -> 3,"[1, 1, 2, 2, 3, 3, 4, 5, 3, 4]"
Hapag-Lloyd,495,OK,OK,,"[1, 1, 2, 2, 3, 4, 4]"
Hapag-Lloyd,496,OK,OK,,"[1, 1, 2, 2, 3, 3, 4, 5]"
Hapag-Lloyd,497,OK,OK,,"[1, 1, 2, 2, 3, 4, 4, 5]"
Hapag-Lloyd,498,OK,OK,,"[1, 1, 2, 2, 2, 2, 3, 3, 3, 4]"
Hapag-Lloyd,499,OK,OK,,"[1, 3, 3, 3, 3, 4, 4, 3, 3, 3, 3]"
Hapag-Lloyd,500,OK,OK,,"[1, 1, 2, 2, 3, 4, 3, 3, 4]"
Hapag-Lloyd,501,OK,OK,,"[1, 1, 2, 2, 2, 2, 3, 4, 5, 5, 5, 5, 5]"
Hapag-Lloyd,502,OK,OK,,"[1, 1, 2, 2, 3, 4, 4, 5, 5]"
Hapag-Lloyd,503,OK,OK,,"[1, 1, 2, 2, 3, 3, 4, 3, 3, 4]"
Hapag-Lloyd,504,OK,OK,,"[1, 2, 3, 3, 3, 3, 3, 3, 3, 3, 3, 4, 4, 5, 5]"
Hapag-Lloyd,505,OK,OK,,"[1, 1, 1, 2, 2, 3, 3, 3, 3, 3, 4, 4, 5, 5]"
Hapag-Lloyd,506,OK,OK,,"[1, 1, 2, 2, 3, 3, 4, 3, 3, 4]"
Hapag-Lloyd,507,OK,OK,,"[1, 1, 2, 2, 3, 4]"
Hapag-Lloyd,508,OK,OK,,"[1, 1, 2, 3, 3, 3, 4]"
Hapag-Lloyd,509,OK,OK,,"[1, 1, 2, 2, 3, 3, 3, 4, 4, 5, 5]"
Hapag-Lloyd,510,OK,OK,,"[1, 1, 2, 2, 3, 4]"
Hapag-Lloyd,511,OK,OK,,"[1, 1, 2, 2, 3, 3, 3, 3, 3, 4, 4, 5, 5]"
Hapag-Lloyd,512,OK,OK,,"[1, 2, 2]"
Hapag-Lloyd,513,OK,OK,,"[1, 1, 2, 2, 2, 2, 2, 3, 4, 4, 5, 5]"
Hapag-Lloyd,514,OK,OK,,"[1, 1, 2, 2, 3, 3, 3, 3, 3, 3, 3, 4, 4, 5, 5]"
Hapag-Lloyd,515,OK,OK,,"[1, 1, 2, 2, 3, 4, 4, 5, 5]"
Hapag-Lloyd,516,OK,OK,,"[1, 1, 2, 2, 3, 4, 4, 5, 5]"
Hapag-Lloyd,517,OK,OK,,"[1, 1, 2, 3, 3, 3, 3, 3, 3, 3, 3, 3, 3, 4, 4, 5, 5]"
Hapag-Lloyd,518,OK,OK,,"[1, 1, 2, 2, 3, 3, 3, 4]"
Hapag-Lloyd,519,OK,OK,,"[1, 1, 2, 2, 2, 2, 3, 4, 4, 5, 5]"
Hapag-Lloyd,520,BAD_SEQUENCE,SKIP,Скачок: 1 -> 3,"[1, 1, 3, 3, 3, 4]"
Hapag-Lloyd,521,OK,OK,,"[1, 1, 2, 2, 2, 2, 3, 4, 5, 5, 5, 5]"
Hapag-Lloyd,522,OK,OK,,"[1, 1, 2, 2, 3, 3, 3, 3, 3, 4, 4, 5, 5, 5, 5]"
Hapag-Lloyd,523,OK,OK,,"[1, 1, 2, 2, 3, 4]"
Hapag-Lloyd,524,OK,OK,,"[1, 1, 2, 2, 3, 3, 3, 3, 3, 3, 3, 3, 3, 4, 4]"
Hapag-Lloyd,525,OK,OK,,"[1, 1, 2, 2, 2, 2, 3, 4]"
Hapag-Lloyd,526,BAD_SEQUENCE,SKIP,Скачок: 1 -> 3,"[1, 1, 3, 3, 3, 4, 5, 5]"
Hapag-Lloyd,527,BAD_SEQUENCE,SKIP,Скачок: 1 -> 3,"[1, 1, 3, 3, 3, 3, 3, 4]"
Hapag-Lloyd,528,OK,OK,,"[1, 1, 2, 3, 4]"
Hapag-Lloyd,529,OK,OK,,"[1, 1, 2, 2, 3, 3, 3, 4]"
Hapag-Lloyd,530,OK,OK,,"[1, 1, 2, 2, 3, 4]"
Hapag-Lloyd,531,OK,OK,,"[1, 1, 2, 2, 3, 3, 3, 3, 3, 3, 3, 4, 4, 5, 5]"
Hapag-Lloyd,532,OK,OK,,"[1, 1, 2, 3, 4, 5, 5]"
Hapag-Lloyd,533,OK,OK,,"[1, 1, 2, 2, 2, 3, 4]"
Hapag-Lloyd,534,OK,OK,,"[1, 1, 2, 2, 3, 4]"
Hapag-Lloyd,535,OK,OK,,"[1, 1, 2, 2, 3, 3, 3, 4, 4, 5, 5]"
Hapag-Lloyd,536,OK,OK,,"[1, 1, 2, 2, 3, 4, 4, 5, 5]"
Hapag-Lloyd,537,OK,OK,,"[1, 1, 2, 2, 3, 4, 4, 5, 5]"
Hapag-Lloyd,538,OK,OK,,"[1, 1, 2, 2, 3, 3, 3, 3, 3, 3, 3, 3, 3, 4, 4, 5]"
Hapag-Lloyd,539,OK,OK,,"[1, 1, 2, 2, 3, 3, 3, 3, 3, 3, 3, 3, 3, 4, 4, 5]"
Hapag-Lloyd,540,OK,OK,,"[1, 1, 2, 2, 3, 3, 3, 3, 3, 3, 3, 3, 3, 4, 4, 5, 5, 5, 5]"
Hapag-Lloyd,541,OK,OK,,"[1, 1, 2, 2, 3, 4, 5, 5, 5, 5]"
Hapag-Lloyd,542,OK,OK,,"[1, 1, 2, 2, 3, 4, 4, 5, 5]"
Hapag-Lloyd,543,OK,OK,,"[1, 2, 2, 2, 2, 3, 3, 3, 3, 3, 3, 3, 3]"
Hapag-Lloyd,544,BAD_SEQUENCE,REVERSE,Уменьшение: 5 -> 3,"[1, 1, 2, 2, 3, 3, 4, 5, 3, 4]"
Hapag-Lloyd,545,OK,OK,,"[1, 1, 2, 2, 3, 3, 3, 3, 3, 4, 4, 5, 5, 5, 5]"
Hapag-Lloyd,546,OK,OK,,"[1, 1, 2, 2, 2, 2, 3, 4, 4, 5]"
Hapag-Lloyd,547,OK,OK,,"[1, 1, 2, 2, 3, 3, 3, 3, 3, 3, 3, 3, 3, 4, 4, 5, 5]"
Hapag-Lloyd,548,OK,OK,,"[1, 1, 2, 2, 3, 3, 3, 4]"
Hapag-Lloyd,549,OK,OK,,"[1, 1, 2, 2, 3, 3, 4, 3, 3, 3, 3, 4, 5, 5]"
Hapag-Lloyd,550,OK,OK,,"[1, 2, 2, 3, 4, 4, 5, 5, 5, 5, 5, 5, 5, 5, 5, 5]"
Hapag-Lloyd,551,OK,OK,,"[1, 1, 2, 2, 3, 4]"
Hapag-Lloyd,552,OK,OK,,"[1, 1, 1, 2, 2, 3, 3, 4, 3, 4]"
Hapag-Lloyd,553,OK,OK,,"[1, 1, 2, 2, 2, 2, 3, 3, 4, 3, 4]"
Hapag-Lloyd,554,OK,OK,,"[1, 1, 2, 2, 3, 4, 4, 5, 5]"
Hapag-Lloyd,555,BAD_SEQUENCE,SKIP,Скачок: 1 -> 3,"[1, 1, 3, 3, 3, 4]"
Hapag-Lloyd,556,OK,OK,,"[1, 1, 2, 2, 3, 3, 4, 3, 3, 4, 5, 5]"
Hapag-Lloyd,557,OK,OK,,"[1, 1, 1, 2, 2, 2, 2, 3, 3, 3, 3, 3, 4, 4, 5, 5]"
Hapag-Lloyd,558,OK,OK,,"[1, 1, 2, 2, 2, 2, 3, 4, 4, 5, 5]"
Hapag-Lloyd,559,OK,OK,,"[1, 1, 2, 2, 2, 2, 2, 3, 3, 3, 4]"
Hapag-Lloyd,560,OK,OK,,"[1, 1, 2, 2, 3, 3, 3, 3, 3, 3, 4, 3, 3, 4]"
Hapag-Lloyd,561,OK,OK,,"[1, 1, 2, 2, 3, 3, 3, 4]"
Hapag-Lloyd,562,OK,OK,,"[1, 1, 2, 2, 3, 4]"
Hapag-Lloyd,563,OK,OK,,"[1, 1, 1, 2, 2, 2, 2, 3, 3, 3, 3, 3, 3, 3, 4, 4]"
Hapag-Lloyd,564,OK,OK,,"[1, 1, 2, 2, 3, 4, 4, 5, 5, 5, 5]"
Hapag-Lloyd,565,OK,OK,,"[1, 1]"
Hapag-Lloyd,566,OK,OK,,"[1, 1, 2, 2, 3, 3, 3, 4]"
Hapag-Lloyd,567,OK,OK,,"[1, 1, 2, 2, 3, 3, 3, 3, 3, 3, 3, 4, 4, 5, 5]"
Hapag-Lloyd,568,OK,OK,,"[1, 1, 2, 2, 3, 3, 4, 3, 3, 4]"
Hapag-Lloyd,569,OK,OK,,"[1, 2, 2, 2, 2, 2, 2, 2, 3, 3, 3, 3, 4, 4, 3, 3, 3, 3]"
Hapag-Lloyd,570,OK,OK,,"[1, 1, 2, 3, 4]"
Hapag-Lloyd,571,OK,OK,,"[1, 1, 2, 2, 2, 2, 3, 3, 3, 3, 4, 5, 5]"
Hapag-Lloyd,572,OK,OK,,"[1, 1, 2, 2, 3, 3, 3, 4]"
Hapag-Lloyd,573,OK,OK,,"[1, 1, 2, 2, 3, 4, 4]"
Hapag-Lloyd,574,OK,OK,,"[1, 1, 2, 3, 3, 3, 4]"
Hapag-Lloyd,575,OK,OK,,"[1, 1, 2, 2, 3, 4, 4]"
Hapag-Lloyd,576,OK,OK,,"[1, 1, 2, 2, 3, 4, 4, 5, 5]"
Hapag-Lloyd,577,OK,OK,,"[1, 1, 2, 2, 3, 3, 3, 3, 3, 3, 3, 3, 3, 4, 4, 5, 5]"
Hapag-Lloyd,578,OK,OK,,"[1, 1, 2, 2, 3, 3, 4, 3, 3, 3, 3, 4]"
Hapag-Lloyd,579,OK,OK,,"[1, 1, 2, 2, 2, 2, 3, 3, 3, 3, 3, 3, 3, 3, 3, 4, 4, 5, 5]"
Hapag-Lloyd,580,OK,OK,,"[1, 1, 2, 2, 3, 4, 4, 5, 5, 5]"
Hapag-Lloyd,581,OK,OK,,"[1, 1, 2, 3, 4]"
Hapag-Lloyd,582,OK,OK,,"[1, 2, 2, 3, 3, 3, 3, 4, 5, 5]"
Hapag-Lloyd,583,OK,OK,,"[1, 1, 2, 2, 3, 3, 4, 5, 5]"
Hapag-Lloyd,584,OK,OK,,"[1, 1, 2, 2, 3, 3, 3, 3, 3, 4, 4, 5, 5]"
Hapag-Lloyd,585,OK,OK,,"[1, 1, 2, 2, 2, 2, 2, 3, 3, 3, 4]"
Hapag-Lloyd,586,OK,OK,,"[1, 1, 2, 2, 3, 4, 3, 3, 3, 3, 4]"
Hapag-Lloyd,587,OK,OK,,"[1, 1, 2, 2, 3, 4, 4, 5, 5]"
Hapag-Lloyd,588,OK,OK,,"[1, 1, 2, 2, 3, 4, 4, 5, 5]"
Hapag-Lloyd,589,OK,OK,,"[1, 1, 2, 2, 3, 4, 4, 5, 5]"
Hapag-Lloyd,590,OK,OK,,"[1, 1, 2, 2, 3, 3, 3, 3, 3, 4, 4, 5, 5]"
Hapag-Lloyd,591,BAD_SEQUENCE,SKIP,Скачок: 1 -> 3,"[1, 1, 3, 4]"
Hapag-Lloyd,592,OK,OK,,"[1, 1, 2, 2, 3, 3, 3, 3, 3, 4, 4, 5, 5]"
Hapag-Lloyd,593,OK,OK,,"[1, 1, 2, 2, 3, 4]"
Hapag-Lloyd,594,OK,OK,,"[1, 1, 2, 2, 3, 3, 4, 3, 3, 4]"
Hapag-Lloyd,595,OK,OK,,"[1, 1, 2, 2, 3, 4, 4, 5]"
Hapag-Lloyd,596,OK,OK,,"[1, 1, 2, 2, 3, 3, 4, 3, 3, 3, 3, 3, 3, 4]"
Hapag-Lloyd,597,OK,OK,,"[1, 1, 2, 2, 3, 3, 4, 3, 3, 4]"
Hapag-Lloyd,598,BAD_SEQUENCE,REVERSE,Уменьшение: 5 -> 3,"[1, 1, 2, 2, 3, 3, 3, 4, 5, 3, 4]"
Hapag-Lloyd,599,OK,OK,,"[1, 2, 3, 4]"
Hapag-Lloyd,600,BAD_SEQUENCE,REVERSE,Уменьшение: 5 -> 3,"[1, 1, 2, 3, 4, 5, 5, 3, 4, 5, 5]"
Hapag-Lloyd,601,OK,OK,,"[1, 1, 2, 2, 3, 3, 3, 3, 3, 3, 4, 3, 3, 4]"
Hapag-Lloyd,602,OK,OK,,"[1, 1, 2, 2, 2, 2, 3, 4]"
Hapag-Lloyd,603,OK,OK,,"[1, 1, 2, 2, 3, 4]"
Hapag-Lloyd,604,OK,OK,,"[1, 1, 2, 2, 2, 2, 3, 4]"
Hapag-Lloyd,605,OK,OK,,"[1, 1, 2, 3, 3, 3, 3, 3, 3, 3, 4, 4, 5, 5]"
Hapag-Lloyd,606,OK,OK,,"[1, 1, 2, 2, 3, 3, 3, 4]"
Hapag-Lloyd,607,OK,OK,,"[1, 1, 2, 2, 3, 3, 3, 3, 3, 3, 3, 3, 3, 4, 4, 5, 5, 5, 5]"
Hapag-Lloyd,608,BAD_SEQUENCE,SKIP,Скачок: 1 -> 3,"[1, 1, 3, 4]"
Hapag-Lloyd,609,OK,OK,,"[1, 1, 2, 3, 3, 3, 3, 3, 4]"
Hapag-Lloyd,610,OK,OK,,"[1, 1, 2, 2, 3, 3, 3, 4]"
Hapag-Lloyd,611,OK,OK,,"[1, 1, 2, 2, 2, 2, 3, 4, 4]"
Hapag-Lloyd,612,OK,OK,,"[1, 1, 2, 2, 3, 4]"
Hapag-Lloyd,613,OK,OK,,"[1, 1, 2, 3, 3, 4, 3, 3, 4]"
Hapag-Lloyd,614,OK,OK,,"[1, 1, 2, 2, 3, 3, 3, 3, 3, 4, 4, 5, 5, 5, 5]"
Hapag-Lloyd,615,OK,OK,,"[1, 1, 2, 2, 3, 3, 3, 3, 3, 4, 4, 5, 5]"
Hapag-Lloyd,616,OK,OK,,"[1, 1, 2, 2, 3, 4, 5, 5]"
Hapag-Lloyd,617,OK,OK,,"[1, 1, 2, 2, 3, 3, 3, 3, 3, 4, 4, 5, 5]"
Hapag-Lloyd,618,OK,OK,,"[1, 2, 2, 2, 2, 3, 3, 4, 3, 3, 4]"
Hapag-Lloyd,619,OK,OK,,"[1, 1, 2, 2, 2, 2, 3, 3, 4, 3, 4]"
Hapag-Lloyd,620,OK,OK,,"[1, 1, 2, 2, 3, 3, 3, 3, 3, 3, 3, 4, 4, 5, 5]"
Hapag-Lloyd,621,OK,OK,,"[1, 1, 1, 2, 3, 4, 5, 5]"
Hapag-Lloyd,622,OK,OK,,"[1, 1, 2, 2, 2, 2, 3, 3, 4, 3, 3, 4, 5, 5]"
Hapag-Lloyd,623,OK,OK,,"[1, 1, 2, 2, 3, 4, 4, 5, 5]"
Hapag-Lloyd,624,OK,OK,,"[1, 1, 2, 2, 3, 3, 3, 4]"
Hapag-Lloyd,625,BAD_SEQUENCE,SKIP,Скачок: 1 -> 3,"[1, 1, 3, 4, 5, 5]"
Hapag-Lloyd,626,OK,OK,,"[1, 1, 2, 2, 3, 4]"
Hapag-Lloyd,627,OK,OK,,"[1, 1, 2, 2, 3, 3, 3, 3, 3, 3, 3, 3, 3, 3, 3, 3, 3, 4, 4]"
Hapag-Lloyd,628,OK,OK,,"[1, 1, 2, 2, 3, 3, 3, 4]"
Hapag-Lloyd,629,OK,OK,,"[1, 1, 2, 2, 2, 2, 3, 4, 4, 5, 5]"
Hapag-Lloyd,630,OK,OK,,"[1, 2, 2, 3, 3, 3, 3, 4, 4, 3, 3, 3, 3]"
Hapag-Lloyd,631,BAD_SEQUENCE,SKIP,Скачок: 1 -> 3,"[1, 1, 3, 4]"
Hapag-Lloyd,632,OK,OK,,"[1, 1, 2, 2, 3, 3, 3, 3, 3, 3, 3, 3, 4, 3, 3, 4]"
Hapag-Lloyd,633,OK,OK,,"[1, 1, 2, 2, 2, 2, 3, 4, 4, 5, 5, 5, 5]"
Hapag-Lloyd,634,BAD_SEQUENCE,SKIP,Скачок: 1 -> 3,"[1, 1, 3, 3, 4, 5]"
Hapag-Lloyd,635,OK,OK,,"[1, 1, 2, 2, 3, 3, 3, 4, 5, 5]"
Hapag-Lloyd,636,OK,OK,,"[1, 1, 2, 3, 3, 3, 3, 3, 3, 4, 4, 5, 5]"
Hapag-Lloyd,637,OK,OK,,"[1, 1, 2, 3, 3, 3, 4, 3, 4]"
Hapag-Lloyd,638,OK,OK,,"[1, 1, 2, 2, 3, 3, 4, 3, 3, 3, 4, 3]"
Hapag-Lloyd,639,OK,OK,,"[1, 1, 2, 2, 3, 3, 4, 3, 3, 4]"
Hapag-Lloyd,640,OK,OK,,"[1, 1, 2, 2, 3, 3, 3, 3, 3, 4, 4, 5, 5]"
Hapag-Lloyd,641,OK,OK,,"[1, 1, 2, 2, 3, 3, 3, 4]"
Hapag-Lloyd,642,OK,OK,,"[1, 1, 2, 2, 3, 3, 3, 4]"
Hapag-Lloyd,643,OK,OK,,"[1, 1, 2, 2, 2, 2, 2, 2, 2, 2, 3, 4, 4, 5, 5]"
Hapag-Lloyd,644,OK,OK,,"[1, 1, 2, 2, 3, 3, 3, 3, 3, 4, 4, 5, 5]"
Hapag-Lloyd,645,OK,OK,,"[1, 1, 2, 2, 2, 2, 2, 2, 3, 4, 4, 5]"
Hapag-Lloyd,646,OK,OK,,"[1, 1, 2, 2, 2, 2, 3, 4, 5, 5]"
Hapag-Lloyd,647,OK,OK,,"[1, 1, 2, 2, 3, 4]"
Hapag-Lloyd,648,OK,OK,,"[1, 2, 2, 2, 2, 3, 4]"
Hapag-Lloyd,649,OK,OK,,"[1, 1, 2, 2, 3, 3, 3, 4, 4, 5, 5]"
Hapag-Lloyd,650,OK,OK,,"[1, 1, 2, 2, 2, 2, 3, 4, 4, 5, 5]"
Hapag-Lloyd,651,OK,OK,,"[1, 1, 2, 2, 3, 4, 4]"
Hapag-Lloyd,652,OK,OK,,"[1, 1, 2, 2, 3, 3, 4, 3, 3, 3, 3, 4, 5, 5]"
Hapag-Lloyd,653,BAD_SEQUENCE,SKIP,Скачок: 1 -> 3,"[1, 1, 3, 4]"
Hapag-Lloyd,654,OK,OK,,"[1, 1, 2, 2, 2, 2, 3, 3, 3, 3, 3, 3, 3, 3, 3, 4, 4, 5]"
Hapag-Lloyd,655,OK,OK,,"[1, 1, 2, 2, 3, 3, 3, 3, 3, 4]"
Hapag-Lloyd,656,OK,OK,,"[1, 1, 2, 2, 3, 3, 3, 3, 3, 3, 3, 4, 4, 5, 5, 5, 5, 5]"
Hapag-Lloyd,657,OK,OK,,"[1, 1, 2, 3, 3, 3, 4]"
Hapag-Lloyd,658,OK,OK,,"[1, 1, 2, 2, 3, 4, 4, 5, 5]"
Hapag-Lloyd,659,OK,OK,,"[1, 1, 2, 2, 3, 3, 3, 3, 3, 3, 3, 3, 3, 3, 3, 3, 3, 4, 4, 5, 5]"
Hapag-Lloyd,660,OK,OK,,"[1, 2, 3, 3, 3, 3, 4, 3, 3, 4, 5, 5]"
Hapag-Lloyd,661,BAD_SEQUENCE,REVERSE,Уменьшение: 5 -> 3,"[1, 3, 3, 3, 3, 3, 3, 3, 3, 3, 4, 5, 5, 3, 3, 4]"
Hapag-Lloyd,662,OK,OK,,"[1, 1, 2, 2, 3, 3, 4, 3, 4]"
Hapag-Lloyd,663,OK,OK,,"[1, 3, 3, 3, 3, 3, 3, 4, 5, 5]"
Hapag-Lloyd,664,OK,OK,,"[1, 1, 2, 2, 2, 2, 3, 4]"
Hapag-Lloyd,665,OK,OK,,"[1, 3, 3, 3, 3, 3, 3, 3, 3, 3, 3, 4, 4, 3, 3, 3, 3, 3, 3, 3]"
Hapag-Lloyd,666,OK,OK,,"[1, 1, 2, 2, 3, 4]"
Hapag-Lloyd,667,OK,OK,,"[1, 1, 2, 2, 3, 4, 4, 5, 5]"
Hapag-Lloyd,668,OK,OK,,"[1, 1, 2, 2, 3, 3, 3, 4]"
Hapag-Lloyd,669,OK,OK,,"[1, 1, 2, 2, 3, 4, 4, 5, 5, 5]"
Hapag-Lloyd,670,OK,OK,,"[1, 2, 2, 2, 2, 2, 3, 3, 3, 3, 4, 4, 3, 3, 3, 3, 3, 3]"
Hapag-Lloyd,671,OK,OK,,"[1, 1, 2, 3, 3, 3, 3, 3, 3, 4, 4]"
Hapag-Lloyd,672,OK,OK,,"[1, 1, 2, 2, 3, 3, 3, 3, 3, 3, 3, 3, 3, 4, 4, 5, 5]"
Hapag-Lloyd,673,OK,OK,,"[1, 1, 2, 3, 3, 3, 3, 3, 3, 4, 4, 5]"
Hapag-Lloyd,674,OK,OK,,"[1, 1, 2, 2, 3, 4]"
Hapag-Lloyd,675,OK,OK,,"[1, 1, 2, 2, 2, 2, 3, 3, 3, 4]"
Hapag-Lloyd,676,OK,OK,,"[1, 1, 2, 2, 2, 2, 3, 4]"
Hapag-Lloyd,677,OK,OK,,"[1, 1, 2, 2, 3, 3, 3, 3, 3, 4, 4, 5, 5]"
Hapag-Lloyd,678,OK,OK,,"[1, 3, 3, 3, 4, 4, 5, 5]"
Hapag-Lloyd,679,BAD_SEQUENCE,SKIP,Скачок: 1 -> 3,"[1, 1, 3, 4]"
Hapag-Lloyd,680,OK,OK,,"[1, 1, 2, 2, 3, 3, 3, 3, 3, 4, 4, 5]"
Hapag-Lloyd,681,OK,OK,,"[1, 1, 2, 2, 2, 2, 3, 3, 3, 4, 3, 4]"
Hapag-Lloyd,682,OK,OK,,"[1, 1, 2, 2, 2, 3, 3, 3, 4]"
Hapag-Lloyd,683,BAD_SEQUENCE,REVERSE,Уменьшение: 5 -> 3,"[1, 1, 2, 2, 3, 3, 4, 5, 5, 3, 3, 4]"
Hapag-Lloyd,684,OK,OK,,"[1, 1, 2, 2, 3, 4, 4, 5, 5]"
Hapag-Lloyd,685,OK,OK,,"[1, 1, 2, 2, 3, 3, 4, 3, 3, 3, 4, 5, 5]"
Hapag-Lloyd,686,OK,OK,,"[1, 1, 2, 2, 3, 3, 3, 3, 3, 4, 4, 5, 5, 5, 5]"
Hapag-Lloyd,687,OK,OK,,"[1, 2, 2]"
Hapag-Lloyd,688,OK,OK,,"[1, 1, 2, 2, 2, 2, 2, 2, 3, 3, 3, 4]"
Hapag-Lloyd,689,BAD_SEQUENCE,SKIP,Скачок: 1 -> 3,"[1, 1, 3, 3, 3, 4]"
Hapag-Lloyd,690,OK,OK,,"[1, 1, 2, 2, 3, 4, 4, 5, 5]"
Hapag-Lloyd,691,BAD_SEQUENCE,REVERSE,Уменьшение: 5 -> 3,"[1, 1, 2, 2, 3, 3, 3, 3, 3, 3, 4, 5, 3, 4]"
Hapag-Lloyd,692,BAD_SEQUENCE,SKIP,Скачок: 1 -> 3,"[1, 1, 3, 4, 4, 5, 5]"
Hapag-Lloyd,693,OK,OK,,"[1, 1, 2, 2, 3, 4, 4, 5, 5]"
Hapag-Lloyd,694,OK,OK,,"[1, 1, 2, 2, 3, 4, 4, 5, 5]"
Hapag-Lloyd,695,OK,OK,,"[1, 1, 2, 2, 3, 4, 4]"
Hapag-Lloyd,696,OK,OK,,"[1, 1, 2, 2, 3, 3, 3, 3, 3, 3, 3, 3, 3, 3, 3, 4, 4, 5, 5]"
Hapag-Lloyd,697,OK,OK,,"[1, 1, 2, 3, 3, 3, 3, 3, 3, 4, 4, 5]"
Hapag-Lloyd,698,OK,OK,,"[1, 1, 2, 2, 3, 3, 4, 3, 3, 4]"
Hapag-Lloyd,699,OK,OK,,"[1, 1, 2, 2, 3, 3, 3, 4]"
Hapag-Lloyd,700,OK,OK,,"[1, 1, 2, 2, 3, 3, 3, 3, 3, 4, 4, 5, 5]"
Hapag-Lloyd,701,OK,OK,,"[1, 1, 2, 2, 2, 2, 2, 3, 3, 3, 4, 5, 5]"
Hapag-Lloyd,702,OK,OK,,"[1, 2, 2, 2, 2, 3, 3, 3, 3]"
Hapag-Lloyd,703,BAD_SEQUENCE,SKIP,Скачок: 1 -> 3,"[1, 1, 3, 4]"
Hapag-Lloyd,704,OK,OK,,"[1, 1, 2, 2, 3, 4, 5, 5]"
Hapag-Lloyd,705,BAD_SEQUENCE,SKIP,Скачок: 1 -> 3,"[1, 1, 3, 4]"
Hapag-Lloyd,706,OK,OK,,"[1, 1, 2, 2, 3, 4]"
Hapag-Lloyd,707,OK,OK,,"[1, 1, 2, 2, 3, 4, 4, 5, 5]"
Hapag-Lloyd,708,OK,OK,,"[1, 1, 2, 2, 3, 3, 3, 3, 3, 4, 4, 5, 5]"
Hapag-Lloyd,709,OK,OK,,"[1, 1, 2, 2, 3, 4, 4, 5, 5]"
Hapag-Lloyd,710,OK,OK,,"[1, 1, 2, 2, 3, 3, 3, 3, 3, 4, 4, 5, 5]"
Hapag-Lloyd,711,OK,OK,,"[1, 1, 2, 2, 3, 3, 3, 3, 3, 3, 4, 3, 3, 4]"
Hapag-Lloyd,712,OK,OK,,"[1, 1, 2, 2, 3, 4]"
Hapag-Lloyd,713,OK,OK,,"[1, 1, 2, 2, 2, 2, 2, 3, 4, 4, 5, 5]"
Hapag-Lloyd,714,OK,OK,,"[1, 1, 2, 2, 3, 3, 4, 3, 3, 4]"
Hapag-Lloyd,715,OK,OK,,"[1, 1, 2, 2, 3, 4, 4, 5, 5]"
Hapag-Lloyd,716,OK,OK,,"[1, 1, 1, 2, 2, 3, 3, 3, 3, 3, 4, 4, 5, 5]"
Hapag-Lloyd,717,OK,OK,,"[1, 1, 2, 2, 3, 4, 4, 5, 5]"
Hapag-Lloyd,718,OK,OK,,"[1, 1, 2, 2, 3, 3, 3, 4]"
Hapag-Lloyd,719,OK,OK,,"[1, 1, 2, 2, 3, 4, 4, 5, 5]"
Hapag-Lloyd,720,OK,OK,,"[1, 1, 1, 2, 2, 2, 2, 3, 3, 3, 4]"
Hapag-Lloyd,721,OK,OK,,"[1, 1, 2, 2, 3, 3, 3, 4]"
Hapag-Lloyd,722,OK,OK,,"[1, 1, 2, 2, 3, 4, 4, 5, 5]"
Hapag-Lloyd,723,OK,OK,,"[1, 1, 2, 2, 3, 3, 3, 3, 3, 3, 4, 3, 4]"
Hapag-Lloyd,724,OK,OK,,"[1, 1, 2, 2, 3, 3, 3, 4]"
Hapag-Lloyd,725,OK,OK,,"[1, 1, 2, 2, 2, 2, 2, 3, 3, 3, 3, 3, 4, 4, 5, 5]"
Hapag-Lloyd,726,OK,OK,,"[1, 1, 2, 2, 2, 3, 4]"
Hapag-Lloyd,727,OK,OK,,"[1, 1, 2, 3, 3, 3, 4]"
Hapag-Lloyd,728,BAD_SEQUENCE,REVERSE,Уменьшение: 5 -> 3,"[1, 1, 2, 2, 3, 3, 4, 5, 5, 3, 3, 4, 5, 5]"
Hapag-Lloyd,729,OK,OK,,"[1, 1, 2, 3, 4]"
Hapag-Lloyd,730,OK,OK,,"[1, 1, 2, 3, 4]"
Hapag-Lloyd,731,OK,OK,,"[1, 1, 2, 2, 3, 4, 4, 5, 5]"
Hapag-Lloyd,732,OK,OK,,"[1, 1, 2, 2, 3, 3, 3, 3, 3, 4, 4, 5, 5, 5, 5]"
Hapag-Lloyd,733,OK,OK,,"[1, 1, 2, 2, 3, 3, 3, 3, 3, 4]"
Hapag-Lloyd,734,OK,OK,,"[1, 1, 2, 2, 3, 4, 4, 5]"
Hapag-Lloyd,735,OK,OK,,"[1, 1, 2, 2, 3, 4, 4, 5, 5]"
Hapag-Lloyd,736,OK,OK,,"[1, 1, 2, 2, 3, 3, 3, 3, 3, 4, 4, 5, 5]"
Hapag-Lloyd,737,OK,OK,,"[1, 1, 2, 2, 3, 3, 3, 3, 3, 4, 4, 5, 5, 5, 5, 5, 5]"
Hapag-Lloyd,738,OK,OK,,"[1, 2, 3, 3, 3, 3, 4, 5, 5]"
Hapag-Lloyd,739,OK,OK,,"[1, 1, 2, 2, 3, 4, 4, 5, 5, 5, 5]"
Hapag-Lloyd,740,OK,OK,,"[1, 1, 2, 2, 2, 2, 3, 4, 4, 5, 5, 5, 5, 5]"
Hapag-Lloyd,741,OK,OK,,"[1, 2, 2, 3, 3, 3, 3, 4, 4, 3, 3, 3, 3]"
Hapag-Lloyd,742,OK,OK,,"[1, 1, 2, 2, 3, 4, 4, 5, 5]"
Hapag-Lloyd,743,OK,OK,,"[1, 1, 2, 2, 3, 4]"
Hapag-Lloyd,744,OK,OK,,"[1, 1, 2, 2, 3, 4, 4, 5, 5]"
Hapag-Lloyd,745,OK,OK,,"[1, 1, 2, 2, 3, 3, 3, 3, 3, 4, 4, 5]"
Hapag-Lloyd,746,BAD_SEQUENCE,SKIP,Скачок: 1 -> 3,"[1, 1, 3, 4]"
Hapag-Lloyd,747,OK,OK,,"[1, 1, 2, 2, 2, 2, 3, 3, 4, 5]"
Hapag-Lloyd,748,OK,OK,,"[1, 1, 2, 2, 3, 3, 3, 3, 3, 3, 3, 3, 3, 4, 4, 5]"
Hapag-Lloyd,749,OK,OK,,"[1, 1, 2, 2, 3, 4]"
Hapag-Lloyd,750,OK,OK,,"[1, 1, 2, 2, 3, 3, 3, 3, 3, 3, 3, 3, 3, 4, 4, 5, 5]"
Hapag-Lloyd,751,BAD_SEQUENCE,SKIP,Скачок: 1 -> 3,"[1, 1, 3, 3, 3, 4]"
Hapag-Lloyd,752,OK,OK,,"[1, 1, 2, 2, 3, 3, 3, 4]"
Hapag-Lloyd,753,OK,OK,,"[1, 1, 2, 3, 4]"
Hapag-Lloyd,754,BAD_SEQUENCE,SKIP,Скачок: 1 -> 3,"[1, 1, 3, 4, 4, 4]"
Hapag-Lloyd,755,OK,OK,,"[1, 1, 2, 2, 3, 4, 4]"
Hapag-Lloyd,756,OK,OK,,"[1, 3, 3, 4, 5, 5]"
Hapag-Lloyd,757,OK,OK,,"[1, 1, 2, 2, 3, 3, 3, 4]"
Hapag-Lloyd,758,OK,OK,,"[1, 1, 2, 3, 3, 3, 3, 3, 4]"
Hapag-Lloyd,759,OK,OK,,"[1, 1, 2, 3, 3, 3, 4]"
Hapag-Lloyd,760,OK,OK,,"[1, 1, 2, 2, 3, 4, 4, 5, 5]"
Hapag-Lloyd,761,OK,OK,,"[1, 1, 2, 2, 3, 4, 4, 5, 5]"
Hapag-Lloyd,762,OK,OK,,"[1, 2, 2]"
Hapag-Lloyd,763,OK,OK,,"[1, 1, 2, 2, 3, 3, 4, 3, 3, 4]"
Hapag-Lloyd,764,OK,OK,,"[1, 1, 2, 2, 2, 2, 3, 4, 4, 5, 5]"
Hapag-Lloyd,765,OK,OK,,"[1, 1, 2, 2, 3, 3, 3, 4]"
Hapag-Lloyd,766,OK,OK,,"[1, 1, 2, 2, 3, 3, 3, 3, 3, 3, 3, 3, 3, 3, 3, 4, 4, 5, 5]"
Hapag-Lloyd,767,OK,OK,,"[1, 1, 2, 2, 3, 3, 3, 3, 3, 3, 3, 3, 3, 4, 4, 5, 5]"
Hapag-Lloyd,768,OK,OK,,"[1, 1, 2, 2, 2, 2, 3, 4, 4]"
Hapag-Lloyd,769,OK,OK,,"[1, 1, 2, 2, 3, 3, 3, 4]"
Hapag-Lloyd,770,OK,OK,,"[1, 1, 2, 2, 3, 4, 4, 5, 5]"
Hapag-Lloyd,771,OK,OK,,"[1, 1, 2, 2, 3, 4]"
Hapag-Lloyd,772,OK,OK,,"[1, 1, 2, 2, 2, 3, 3, 4]"
Hapag-Lloyd,773,OK,OK,,"[1, 1, 2, 2, 3, 3, 3, 4, 5, 5]"
Hapag-Lloyd,774,OK,OK,,"[1, 2, 2, 2, 2, 3, 3, 4]"
Hapag-Lloyd,775,BAD_SEQUENCE,REVERSE,Уменьшение: 5 -> 3,"[1, 1, 2, 2, 3, 3, 4, 5, 5, 3, 3, 3, 3, 4]"
Hapag-Lloyd,776,OK,OK,,"[1, 3, 3, 3, 3, 3, 3, 4, 3, 3]"
Hapag-Lloyd,777,OK,OK,,"[1, 1, 2, 3, 4]"
Hapag-Lloyd,778,OK,OK,,"[1, 1, 2, 2, 3, 4, 4, 5, 5, 5]"
Hapag-Lloyd,779,OK,OK,,"[1, 1, 2, 2, 3, 4, 4, 5, 5, 5, 5]"
Hapag-Lloyd,780,OK,OK,,"[1, 1, 2, 2, 3, 3, 3, 3, 3, 4, 4, 5, 5, 5]"
Hapag-Lloyd,781,OK,OK,,"[1, 1, 2, 2, 3, 4, 3, 3, 4]"
Hapag-Lloyd,782,OK,OK,,"[1, 1, 2, 2, 3, 4]"
Hapag-Lloyd,783,OK,OK,,"[1, 1, 2, 2, 3, 4]"
Hapag-Lloyd,784,OK,OK,,"[1, 1, 2, 2, 3, 4, 4, 5, 5]"
Hapag-Lloyd,785,OK,OK,,"[1, 1, 2, 2, 3, 4]"
Hapag-Lloyd,786,OK,OK,,"[1, 1, 2, 2, 2, 2, 3, 4, 4, 5, 5, 5, 5]"
Hapag-Lloyd,787,OK,OK,,"[1, 1, 2, 2, 3, 4, 4, 5, 5]"
Hapag-Lloyd,788,OK,OK,,"[1, 1, 2, 2, 3, 3, 3, 3, 3, 3, 3, 4, 4, 5, 5]"
Hapag-Lloyd,789,OK,OK,,"[1, 1, 2, 2, 3, 4, 5, 5]"
Hapag-Lloyd,790,OK,OK,,"[1, 1, 2, 2, 3, 3, 4, 3, 3, 4]"
Hapag-Lloyd,791,OK,OK,,"[1, 1, 2, 2, 3, 3, 3, 4]"
Hapag-Lloyd,792,OK,OK,,"[1, 1, 2, 2, 2, 2, 3, 4, 4, 5, 5, 5, 5]"
Hapag-Lloyd,793,OK,OK,,"[1, 1, 2, 2, 3, 3, 3, 4]"
Hapag-Lloyd,794,OK,OK,,"[1, 2, 2, 2, 2, 2, 2, 2, 3, 3, 3, 3, 3, 3, 3, 3, 3, 4, 4, 5, 5]"
Hapag-Lloyd,795,OK,OK,,"[1, 1, 2, 2, 3, 4]"
Hapag-Lloyd,796,BAD_SEQUENCE,SKIP,Скачок: 1 -> 3,"[1, 1, 3, 3, 3, 4]"
Hapag-Lloyd,797,BAD_SEQUENCE,SKIP,Скачок: 1 -> 3,"[1, 1, 3, 4]"
Hapag-Lloyd,798,OK,OK,,"[1, 1, 2, 2, 3, 4, 4, 5]"
Hapag-Lloyd,799,OK,OK,,"[1, 1, 2, 2, 3, 3, 3, 3, 3, 4, 4, 5, 5]"
Hapag-Lloyd,800,OK,OK,,"[1, 1, 2, 2, 3, 3, 3, 3, 3, 4, 4, 5, 5, 5, 5, 5]"
Hapag-Lloyd,801,OK,OK,,"[1, 1, 2, 2, 3, 3, 3, 3, 3, 3, 4, 3, 4]"
Hapag-Lloyd,802,OK,OK,,"[1, 1, 2, 2, 3, 3, 4, 3, 3, 4]"
Hapag-Lloyd,803,OK,OK,,"[1, 1, 2, 2, 3, 3, 3, 3, 3, 3, 3, 3, 3, 4, 4]"
Hapag-Lloyd,804,OK,OK,,"[1, 1, 2, 2, 3, 3, 3, 3, 3, 3, 3, 3, 3, 3, 4, 3, 3, 4, 5, 5, 5, 5]"
Hapag-Lloyd,805,OK,OK,,"[1, 2, 2, 2, 2, 2, 3, 4, 4, 5, 5, 5]"
Hapag-Lloyd,806,OK,OK,,"[1, 1, 2, 2, 3, 4, 4]"
Hapag-Lloyd,807,OK,OK,,"[1, 1, 1, 2, 2, 3, 3, 3, 3, 3, 4, 4, 5]"
Hapag-Lloyd,808,OK,OK,,"[1, 1, 2, 2, 3, 3, 3, 4]"
Hapag-Lloyd,809,OK,OK,,"[1, 1, 2, 2, 2, 2, 3, 4, 5, 5]"
Hapag-Lloyd,810,BAD_SEQUENCE,SKIP,Скачок: 1 -> 3,"[1, 1, 3, 3, 3, 4, 5, 5]"
Hapag-Lloyd,811,OK,OK,,"[1, 1, 2, 3, 4]"
Hapag-Lloyd,812,OK,OK,,"[1, 1, 2, 3, 3, 3, 4, 5, 5]"
Hapag-Lloyd,813,OK,OK,,"[1, 1, 2, 2, 3, 4, 4, 5, 5]"
Hapag-Lloyd,814,OK,OK,,"[1, 1, 2, 3, 4]"
Hapag-Lloyd,815,OK,OK,,"[1, 1, 2, 3, 4]"
Hapag-Lloyd,816,OK,OK,,"[1, 1, 2, 3, 4]"
Hapag-Lloyd,817,OK,OK,,"[1, 1, 2, 3, 4]"
Hapag-Lloyd,818,OK,OK,,"[1, 1, 2, 3, 4]"
Hapag-Lloyd,819,OK,OK,,"[1, 1, 2, 3, 4]"
Hapag-Lloyd,820,OK,OK,,"[1, 1, 2, 3, 4]"
Hapag-Lloyd,821,OK,OK,,"[1, 1, 2, 3, 4]"
Hapag-Lloyd,822,OK,OK,,"[1, 1, 2, 3, 4]"
Hapag-Lloyd,823,OK,OK,,"[1, 1, 2, 3, 4]"
Hapag-Lloyd,824,OK,OK,,"[1, 1, 2, 3, 4]"
Hapag-Lloyd,825,OK,OK,,"[1, 1, 2, 3, 4]"
Hapag-Lloyd,826,OK,OK,,"[1, 1, 2, 3, 4]"
Hapag-Lloyd,827,OK,OK,,"[1, 1, 2, 3, 4]"
Hapag-Lloyd,828,OK,OK,,"[1, 1, 2, 3, 4]"
Hapag-Lloyd,829,OK,OK,,"[1, 1, 2, 2, 3, 3, 4, 3, 3, 4]"
Hapag-Lloyd,830,OK,OK,,"[1, 1, 2, 2, 3, 3, 4, 3, 3, 4]"
Hapag-Lloyd,831,OK,OK,,"[1, 1, 2, 3, 4]"
Hapag-Lloyd,832,OK,OK,,"[1, 1, 2, 3, 4]"
Hapag-Lloyd,833,OK,OK,,"[1, 1, 2, 2, 3, 3, 4, 3, 4]"
Hapag-Lloyd,834,OK,OK,,"[1, 1, 2, 2, 3, 3, 3, 4]"
Hapag-Lloyd,835,OK,OK,,"[1, 1, 2, 2, 3, 3, 3, 4]"
Hapag-Lloyd,836,OK,OK,,"[1, 1, 2, 2, 3, 3, 3, 4]"
Hapag-Lloyd,837,OK,OK,,"[1, 1, 2, 2, 3, 4, 5, 5, 5, 5, 5, 5]"
Hapag-Lloyd,838,OK,OK,,"[1, 1, 2, 2, 3, 3, 4, 3, 3, 3, 3, 4]"
Hapag-Lloyd,839,OK,OK,,"[1, 1, 2, 2, 2, 2, 2, 3, 3, 3, 4]"
Hapag-Lloyd,840,OK,OK,,"[1, 1, 2, 2, 3, 3, 4, 3, 3, 4]"
Hapag-Lloyd,841,OK,OK,,"[1, 1, 2, 2, 3, 3, 3, 4]"
Hapag-Lloyd,842,OK,OK,,"[1, 1, 2, 2, 3, 3, 4, 3, 3, 4]"
Hapag-Lloyd,843,OK,OK,,"[1, 1, 2, 2, 3, 3, 4, 3, 3, 4]"
Hapag-Lloyd,844,BAD_SEQUENCE,REVERSE,Уменьшение: 5 -> 3,"[1, 1, 2, 2, 3, 3, 3, 3, 3, 4, 5, 5, 3, 4]"
Hapag-Lloyd,845,OK,OK,,"[1, 1, 2, 2, 3, 3, 3, 4]"
Hapag-Lloyd,846,OK,OK,,"[1, 1, 2, 2, 3, 3, 4, 3, 4]"
Hapag-Lloyd,847,OK,OK,,"[1, 1, 2, 2, 3, 3, 4, 3, 4]"
Hapag-Lloyd,848,OK,OK,,"[1, 2, 2, 3, 3, 4, 3, 3, 4]"
Hapag-Lloyd,849,OK,OK,,"[1, 2, 2]"
Hapag-Lloyd,850,OK,OK,,"[1, 1, 2, 2, 3, 3, 3, 3, 3, 3, 3, 3, 3, 3, 4, 3, 3, 4]"
Hapag-Lloyd,851,OK,OK,,"[1, 1, 2, 3, 4]"
Hapag-Lloyd,852,OK,OK,,"[1, 1, 2, 2, 3, 4]"
Hapag-Lloyd,853,OK,OK,,"[1, 3, 3, 4, 5]"
Hapag-Lloyd,854,OK,OK,,"[1, 1, 2, 2, 3, 4]"
Hapag-Lloyd,855,BAD_SEQUENCE,REVERSE,Уменьшение: 5 -> 3,"[1, 1, 2, 2, 3, 3, 4, 5, 5, 3, 4]"
Hapag-Lloyd,856,OK,OK,,"[1, 1, 2, 2, 3, 3, 3, 4]"
Hapag-Lloyd,857,OK,OK,,"[1, 1, 2, 2, 3, 3, 3, 4]"
Hapag-Lloyd,858,OK,OK,,"[1, 1, 2, 2, 3, 3, 3, 4]"
Hapag-Lloyd,859,OK,OK,,"[1, 1, 2, 2, 3, 3, 3, 4]"
Hapag-Lloyd,860,OK,OK,,"[1, 1, 2, 2, 3, 3, 3, 4]"
Hapag-Lloyd,861,OK,OK,,"[1, 1, 2, 2, 3, 3, 3, 4]"
Hapag-Lloyd,862,OK,OK,,"[1, 1, 2, 3, 4]"
Hapag-Lloyd,863,OK,OK,,"[1, 1, 2, 3, 4]"
Hapag-Lloyd,864,OK,OK,,"[1, 1, 2, 3, 4]"
Hapag-Lloyd,865,OK,OK,,"[1, 1, 2, 3, 4]"
Hapag-Lloyd,866,OK,OK,,"[1, 1, 2, 3, 4]"
Hapag-Lloyd,867,OK,OK,,"[1, 1, 2, 2, 3, 3, 3, 4]"
Hapag-Lloyd,868,OK,OK,,"[1, 1, 2, 3, 4]"
Hapag-Lloyd,869,OK,OK,,"[1, 1, 2, 3, 4]"
Hapag-Lloyd,870,OK,OK,,"[1, 1, 2, 2, 3, 3, 4, 3, 3, 4]"
Hapag-Lloyd,871,OK,OK,,"[1, 1, 2, 3, 3, 3, 4]"
Hapag-Lloyd,872,BAD_SEQUENCE,REVERSE,Уменьшение: 5 -> 3,"[1, 1, 2, 2, 3, 3, 4, 5, 5, 3, 4]"
Hapag-Lloyd,873,OK,OK,,"[1, 1, 2, 2, 3, 3, 4, 3, 3, 4]"
Hapag-Lloyd,874,OK,OK,,"[1, 1, 2, 2, 2, 2, 3, 3, 4, 3, 4]"
Hapag-Lloyd,875,BAD_SEQUENCE,REVERSE,Уменьшение: 5 -> 3,"[1, 1, 2, 2, 3, 3, 4, 5, 5, 3, 4]"
Hapag-Lloyd,876,OK,OK,,"[1, 1, 2, 2, 3, 4, 5, 5]"
Hapag-Lloyd,877,OK,OK,,"[1, 1, 2, 2, 2, 3, 4]"
Hapag-Lloyd,878,OK,OK,,"[1, 2, 3, 3, 3, 4, 3, 3, 4]"
Hapag-Lloyd,879,OK,OK,,"[1, 2, 2, 3, 3, 4, 3, 3, 4, 5, 5]"
Hapag-Lloyd,880,OK,OK,,"[1, 1, 2, 2, 3, 3, 4, 3, 3, 4, 5, 5, 5, 5, 5]"
Hapag-Lloyd,881,OK,OK,,"[1, 2, 2]"
Hapag-Lloyd,882,OK,OK,,"[1, 1, 2, 2, 3, 3, 4, 3, 3, 3, 3, 4]"
Hapag-Lloyd,883,BAD_SEQUENCE,REVERSE,Уменьшение: 5 -> 3,"[1, 1, 2, 3, 3, 3, 3, 4, 5, 3, 4]"
Hapag-Lloyd,884,OK,OK,,"[1, 1, 1, 2, 2, 3, 4, 5, 5, 5, 5]"
Hapag-Lloyd,885,OK,OK,,"[1, 1, 2, 2, 3, 4]"
Hapag-Lloyd,886,OK,OK,,"[1, 1, 2, 2, 3, 4, 4, 5, 5, 5, 5, 5, 5, 5]"
Hapag-Lloyd,887,BAD_SEQUENCE,REVERSE,Уменьшение: 5 -> 3,"[1, 1, 2, 2, 3, 3, 4, 5, 3, 3, 4, 5, 5, 5, 5]"
Hapag-Lloyd,888,OK,OK,,"[1, 1, 2, 2, 3, 4, 4, 5, 5, 5, 5]"
Hapag-Lloyd,889,BAD_SEQUENCE,SKIP,Скачок: 1 -> 3,"[1, 1, 1, 3, 3, 3]"
Hapag-Lloyd,890,OK,OK,,"[1, 1, 2, 2, 3, 3, 4, 3, 3, 4]"
Hapag-Lloyd,891,OK,OK,,"[1, 2, 2, 3, 3, 3, 3, 3, 4, 4]"
Hapag-Lloyd,892,OK,OK,,"[1, 1, 2, 2, 3, 4]"
Hapag-Lloyd,893,OK,OK,,"[1, 2, 2, 3, 3, 3, 3, 3, 4, 4]"
Hapag-Lloyd,894,OK,OK,,"[1, 1, 2, 2, 3, 3, 3, 3, 3, 4, 4, 5, 5]"
Hapag-Lloyd,895,OK,OK,,"[1, 1, 2, 2, 3, 4, 5, 5]"
Hapag-Lloyd,896,OK,OK,,"[1, 1, 2, 2, 3, 3, 3, 3, 3, 4]"
Hapag-Lloyd,897,OK,OK,,"[1, 1, 2, 2, 3, 3, 3, 4]"
Hapag-Lloyd,898,OK,OK,,"[1, 1, 2, 2, 3, 3, 3, 4]"
Hapag-Lloyd,899,OK,OK,,"[1, 1, 2, 2, 3, 3, 4, 3, 3, 3, 3, 4]"
Hapag-Lloyd,900,OK,OK,,"[1, 1, 2, 2, 3, 4]"
Hapag-Lloyd,901,OK,OK,,"[1, 1, 2, 2, 3, 3, 4, 3, 3, 3, 4]"
Hapag-Lloyd,902,BAD_SEQUENCE,REVERSE,Уменьшение: 5 -> 3,"[1, 1, 2, 2, 3, 3, 4, 5, 5, 3, 3, 4]"
Hapag-Lloyd,903,OK,OK,,"[1, 1, 2, 2, 3, 3, 4, 3, 3, 4, 5, 5]"
Hapag-Lloyd,904,OK,OK,,"[1, 1, 2, 2, 3, 4]"
Hapag-Lloyd,905,OK,OK,,"[1, 1, 2, 2, 3, 4, 5, 5]"
Hapag-Lloyd,906,OK,OK,,"[1, 1, 2, 2, 3, 4]"
Hapag-Lloyd,907,BAD_SEQUENCE,SKIP,Скачок: 1 -> 3,"[1, 1, 3, 4]"
Hapag-Lloyd,908,OK,OK,,"[1, 1, 2, 2, 2, 3, 3, 4]"
Hapag-Lloyd,909,OK,OK,,"[1, 1, 2, 2, 3, 3, 3, 4]"
Hapag-Lloyd,910,OK,OK,,"[1, 1, 2, 2, 2, 2, 3, 3, 3, 4]"
Hapag-Lloyd,911,OK,OK,,"[1, 1, 2, 2, 3, 3, 3, 4]"
Hapag-Lloyd,912,OK,OK,,"[1, 1, 2, 2, 3, 3, 3, 3, 3, 3, 3, 3, 3, 4, 4, 5]"
Hapag-Lloyd,913,OK,OK,,"[1, 1, 2, 2, 3, 4, 5, 5]"
Hapag-Lloyd,914,OK,OK,,"[1, 1, 2, 2, 3, 3, 3, 4]"
Hapag-Lloyd,915,OK,OK,,"[1, 1, 2, 2, 3, 3, 3, 4]"
Hapag-Lloyd,916,OK,OK,,"[1, 1, 2, 2, 3, 3, 3, 3, 3, 3, 3, 3, 3, 3, 3, 3, 3, 4, 4, 5, 5]"
Hapag-Lloyd,917,OK,OK,,"[1, 1, 2, 2, 3, 3, 3, 3, 3, 3, 3, 3, 3, 3, 4, 3, 3, 4, 5, 5]"
Hapag-Lloyd,918,OK,OK,,"[1, 1, 2, 2, 3, 3, 3, 3, 3, 3, 4, 3, 4, 5, 5]"
Hapag-Lloyd,919,OK,OK,,"[1, 1, 2, 2, 3, 3, 3, 3, 3, 3, 3, 3, 3, 3, 3, 3, 3, 4, 4, 5, 5]"
Hapag-Lloyd,920,OK,OK,,"[1, 1, 2, 2, 3, 3, 3, 3, 3, 4, 4]"
Hapag-Lloyd,921,OK,OK,,"[1, 1, 2, 2, 2, 2, 2, 3, 4, 4, 5, 5, 5, 5]"
Hapag-Lloyd,922,OK,OK,,"[1, 1, 2, 2, 3, 3, 3, 3, 3, 4, 4]"
Hapag-Lloyd,923,OK,OK,,"[1, 1, 1, 2, 2, 2, 2, 2, 3, 4, 4, 5, 5, 5, 5]"
Hapag-Lloyd,924,OK,OK,,"[1, 1, 2, 2, 3, 3, 4, 3, 4]"
Hapag-Lloyd,925,OK,OK,,"[1, 2, 2, 2, 2, 2, 3, 4, 4, 5, 5, 5, 5]"
Hapag-Lloyd,926,OK,OK,,"[1, 1, 2, 2, 3, 3, 3, 4]"
Hapag-Lloyd,927,OK,OK,,"[1, 1, 1, 2, 2, 3, 4, 4, 5, 5]"
Hapag-Lloyd,928,OK,OK,,"[1, 2, 3, 3, 4]"
Hapag-Lloyd,929,BAD_SEQUENCE,SKIP,Скачок: 1 -> 3,"[1, 1, 3, 4]"
Hapag-Lloyd,930,BAD_SEQUENCE,SKIP,Скачок: 1 -> 3,"[1, 1, 3, 4]"
Hapag-Lloyd,931,OK,OK,,"[1, 1, 2, 2, 3, 3, 4, 3, 3, 4]"
Hapag-Lloyd,932,OK,OK,,"[1, 1, 2, 2, 2, 2, 3, 3, 3, 3, 3, 3, 4, 3, 4]"
Hapag-Lloyd,933,BAD_SEQUENCE,SKIP,Скачок: 1 -> 3,"[1, 1, 3, 3, 4, 5, 3, 4]"
Hapag-Lloyd,934,OK,OK,,"[1, 1, 2, 2, 2, 2, 2, 2, 3, 3, 4, 3, 4]"
Hapag-Lloyd,935,OK,OK,,"[1, 1, 2, 2, 3, 3, 3, 4]"
Hapag-Lloyd,936,OK,OK,,"[1, 1, 2, 2, 2, 2, 2, 3, 4]"
Hapag-Lloyd,937,OK,OK,,"[1, 1, 2, 2, 3, 3, 3, 3, 3, 3, 3, 3, 3, 3, 3, 3, 3, 3, 4, 4, 5, 5, 5]"
Hapag-Lloyd,938,OK,OK,,"[1, 1, 2, 2, 3, 3, 3, 3, 3, 3, 3, 4, 3, 4, 5, 5]"
Hapag-Lloyd,939,OK,OK,,"[1, 1, 2, 2, 3, 4, 4, 5, 5]"
Hapag-Lloyd,940,BAD_SEQUENCE,REVERSE,Уменьшение: 5 -> 3,"[1, 1, 2, 2, 3, 3, 4, 5, 3, 4]"
Hapag-Lloyd,941,OK,OK,,"[1, 2, 2, 3, 3, 4, 3, 3, 4, 5, 5]"
Hapag-Lloyd,942,OK,OK,,"[1, 1, 2, 2, 3, 3, 3, 4]"
Hapag-Lloyd,943,OK,OK,,"[1, 1, 2, 2, 3, 3, 3, 4]"
Hapag-Lloyd,944,OK,OK,,"[1, 1, 2, 2, 3, 3, 4, 3, 3, 4]"
Hapag-Lloyd,945,OK,OK,,"[1, 2, 2, 3, 3, 3, 4]"
Hapag-Lloyd,946,OK,OK,,"[1, 2, 2, 3, 3, 3, 4]"
Hapag-Lloyd,947,OK,OK,,"[1, 1, 2, 2, 3, 3, 3, 4]"
Hapag-Lloyd,948,OK,OK,,"[1, 2, 2, 2, 3, 3, 3, 4, 4, 3, 3, 3, 3]"
Hapag-Lloyd,949,OK,OK,,"[1, 1, 2, 2, 3, 4, 5, 5]"
Hapag-Lloyd,950,OK,OK,,"[1, 1, 2, 2, 3, 3, 3, 3, 3, 3, 4, 3, 3, 4]"
Hapag-Lloyd,951,OK,OK,,"[1, 1, 2, 2, 3, 3, 3, 3, 3, 3, 3, 3, 4, 3, 3, 4]"
Hapag-Lloyd,952,OK,OK,,"[1, 1, 2, 2, 3, 3, 3, 3, 3, 4, 4, 5]"
Hapag-Lloyd,953,OK,OK,,"[1, 2, 2, 3, 3, 3, 3, 3, 3, 4, 3, 3, 4]"
Hapag-Lloyd,954,OK,OK,,"[1, 2, 2, 3, 4, 4]"
Hapag-Lloyd,955,OK,OK,,"[1, 1, 2, 2, 3, 3, 3, 4]"
Hapag-Lloyd,956,OK,OK,,"[1, 1, 2, 2, 3, 4]"
Hapag-Lloyd,957,OK,OK,,"[1, 2, 3, 3, 3, 3, 3, 3, 3, 4, 4, 5]"
Hapag-Lloyd,958,OK,OK,,"[1, 1, 2, 2, 3, 3, 4, 3, 3, 4]"
Hapag-Lloyd,959,OK,OK,,"[1, 1, 2, 2, 3, 3, 4, 3, 3, 4]"
Hapag-Lloyd,960,OK,OK,,"[1, 1, 2, 2, 3, 3, 4, 3, 3, 4]"
Hapag-Lloyd,961,OK,OK,,"[1, 1, 2, 2, 3, 4, 3, 3, 4]"
Hapag-Lloyd,962,OK,OK,,"[1, 1, 2, 2, 3, 3, 4, 3, 3, 4]"
Hapag-Lloyd,963,OK,OK,,"[1, 1, 2, 2, 3, 3, 4, 3, 3, 4]"
Hapag-Lloyd,964,OK,OK,,"[1, 1, 2, 2, 3, 4, 3, 3, 4]"
Hapag-Lloyd,965,OK,OK,,"[1, 1, 2, 2, 3, 4, 3, 3, 4]"
Hapag-Lloyd,966,OK,OK,,"[1, 1, 2, 2, 3, 4, 3, 3, 4]"
Hapag-Lloyd,967,OK,OK,,"[1, 1, 2, 2, 3, 4, 3, 4]"
Hapag-Lloyd,968,OK,OK,,"[1, 1, 2, 2, 3, 4, 3, 3, 4]"
Hapag-Lloyd,969,OK,OK,,"[1, 1, 2, 2, 3, 4, 3, 3, 3, 4]"
Hapag-Lloyd,970,OK,OK,,"[1, 1, 2, 2, 3, 4, 3, 4]"
Hapag-Lloyd,971,OK,OK,,"[1, 1, 2, 2, 3, 4, 3, 3, 4]"
Hapag-Lloyd,972,OK,OK,,"[1, 1, 2, 2, 3, 3, 3, 4]"
Hapag-Lloyd,973,BAD_SEQUENCE,REVERSE,Уменьшение: 5 -> 3,"[1, 1, 2, 2, 3, 3, 3, 3, 3, 3, 3, 3, 4, 5, 5, 3, 3, 3, 3, 4]"
Hapag-Lloyd,974,OK,OK,,"[1, 1, 2, 2, 3, 4, 3, 3, 4]"
Hapag-Lloyd,975,OK,OK,,"[1, 1, 2, 2, 3, 4, 4, 5]"
Hapag-Lloyd,976,OK,OK,,"[1, 1, 2, 2, 3, 4, 4, 5]"
Hapag-Lloyd,977,OK,OK,,"[1, 1, 2, 2, 3, 3, 3, 4]"
Hapag-Lloyd,978,OK,OK,,"[1, 1, 2, 2, 3, 3, 4, 3, 3, 3, 4]"
Hapag-Lloyd,979,OK,OK,,"[1, 1, 2, 3, 3, 3, 3, 4]"
Hapag-Lloyd,980,OK,OK,,"[1, 1, 2, 3, 3, 3, 3, 4]"
Hapag-Lloyd,981,OK,OK,,"[1, 1, 2, 2, 3, 4, 4, 5]"
Hapag-Lloyd,982,OK,OK,,"[1, 1, 2, 3, 3, 4, 3, 3, 4]"
Hapag-Lloyd,983,OK,OK,,"[1, 1, 2, 2, 3, 3, 4, 3, 3, 4]"
Hapag-Lloyd,984,OK,OK,,"[1, 1, 2, 2, 3, 3, 4, 3, 4]"
Hapag-Lloyd,985,OK,OK,,"[1, 1, 2, 2, 3, 3, 4, 3, 4]"
Hapag-Lloyd,986,OK,OK,,"[1, 1, 2, 2, 3, 4]"
Hapag-Lloyd,987,OK,OK,,"[1, 1, 2, 2, 3, 4]"
Hapag-Lloyd,988,OK,OK,,"[1, 1, 2, 3, 3, 3, 3, 4]"
Hapag-Lloyd,989,OK,OK,,"[1, 1, 2, 2, 3, 3, 3, 3, 3, 4]"
Hapag-Lloyd,990,OK,OK,,"[1, 1, 2, 2, 3, 3, 3, 4]"
Hapag-Lloyd,991,OK,OK,,"[1, 1, 2, 2, 3, 3, 4, 3, 3, 4]"
Hapag-Lloyd,992,OK,OK,,"[1, 1, 2, 2, 3, 3, 3, 4]"
Hapag-Lloyd,993,OK,OK,,"[1, 1, 2, 2, 3, 3, 3, 4]"
Hapag-Lloyd,994,OK,OK,,"[1, 1, 2, 2, 3, 3, 4, 3, 3, 3, 3, 4]"
Hapag-Lloyd,995,OK,OK,,"[1, 1, 2, 2, 3, 3, 4, 3, 4]"
Hapag-Lloyd,996,OK,OK,,"[1, 1, 2, 2, 3, 3, 4, 3, 4]"
Hapag-Lloyd,997,OK,OK,,"[1, 1, 2, 2, 3, 3, 4, 3, 3, 3, 4]"
Hapag-Lloyd,998,OK,OK,,"[1, 1, 2, 2, 3, 4, 3, 3, 3, 3, 4]"
Hapag-Lloyd,999,OK,OK,,"[1, 1, 2, 2, 3, 4, 3, 3, 3, 3, 4]"
COSCO,0,OK,OK,,"[1, 3]"
COSCO,1,OK,OK,,[1]
COSCO,2,OK,OK,,"[1, 1, 1]"
COSCO,3,OK,OK,,"[1, 1]"
COSCO,4,OK,OK,,"[1, 1]"
COSCO,5,OK,OK,,"[1, 1, 1]"
COSCO,6,OK,OK,,"[1, 1]"
COSCO,7,OK,OK,,"[1, 2]"
COSCO,8,OK,OK,,[1]
COSCO,9,OK,OK,,"[1, 1]"
COSCO,10,OK,OK,,"[1, 1]"
COSCO,11,OK,OK,,"[1, 1]"
COSCO,12,OK,OK,,"[1, 1]"
COSCO,13,OK,OK,,"[1, 1]"
COSCO,14,OK,OK,,"[1, 1]"
COSCO,15,OK,OK,,"[1, 1, 1]"
COSCO,16,OK,OK,,"[1, 1]"
COSCO,17,OK,OK,,"[1, 1]"
COSCO,18,OK,OK,,"[1, 1, 1]"
COSCO,19,OK,OK,,"[1, 1, 1]"
COSCO,20,OK,OK,,"[1, 1, 1]"
COSCO,21,OK,OK,,"[1, 1]"
COSCO,22,OK,OK,,"[1, 1]"
COSCO,23,OK,OK,,"[1, 1]"
COSCO,24,OK,OK,,"[1, 2, 2]"
COSCO,25,OK,OK,,"[1, 2, 2]"
COSCO,26,OK,OK,,"[1, 1, 1]"
COSCO,27,OK,OK,,"[1, 2, 2]"
COSCO,28,OK,OK,,[1]
COSCO,29,OK,OK,,[1]
COSCO,30,OK,OK,,"[1, 1]"
COSCO,31,OK,OK,,"[1, 2, 2]"
COSCO,32,OK,OK,,"[1, 2, 2]"
COSCO,33,OK,OK,,"[1, 1]"
COSCO,34,OK,OK,,"[1, 2, 2]"
COSCO,35,OK,OK,,"[1, 2, 2]"
COSCO,36,OK,OK,,"[1, 1]"
COSCO,37,OK,OK,,"[1, 2, 2]"
COSCO,38,OK,OK,,"[1, 2, 2]"
COSCO,39,OK,OK,,"[1, 2, 2]"
COSCO,40,OK,OK,,"[1, 2, 2]"
COSCO,41,OK,OK,,"[1, 3, 4]"
COSCO,42,OK,OK,,"[1, 3, 4]"
COSCO,43,OK,OK,,[1]
COSCO,44,OK,OK,,"[1, 1]"
COSCO,45,OK,OK,,"[1, 3, 4]"
COSCO,46,OK,OK,,"[1, 3, 4]"
COSCO,47,OK,OK,,"[1, 1, 1]"
COSCO,48,OK,OK,,[1]
COSCO,49,OK,OK,,"[1, 3, 4]"
COSCO,50,OK,OK,,"[1, 1]"
COSCO,51,OK,OK,,"[1, 2, 2]"
COSCO,52,OK,OK,,"[1, 2, 2]"
COSCO,53,OK,OK,,[1]
COSCO,54,OK,OK,,"[1, 1]"
COSCO,55,OK,OK,,"[1, 1]"
COSCO,56,OK,OK,,"[1, 1, 1]"
COSCO,57,OK,OK,,"[1, 1]"
COSCO,58,OK,OK,,"[1, 1]"
COSCO,59,OK,OK,,"[1, 1]"
COSCO,60,OK,OK,,[1]
COSCO,61,OK,OK,,"[1, 1]"
COSCO,62,OK,OK,,[1]
COSCO,63,OK,OK,,"[1, 2, 2]"
COSCO,64,OK,OK,,"[1, 1]"
COSCO,65,OK,OK,,"[1, 1, 1]"
COSCO,66,OK,OK,,"[1, 3, 4]"
COSCO,67,OK,OK,,"[1, 1, 1]"
COSCO,68,OK,OK,,"[1, 1]"
COSCO,69,OK,OK,,"[1, 1]"
COSCO,70,OK,OK,,"[1, 2, 2]"
COSCO,71,OK,OK,,"[1, 1, 1]"
COSCO,72,OK,OK,,[1]
COSCO,73,OK,OK,,"[1, 1, 1]"
COSCO,74,OK,OK,,[1]
COSCO,75,OK,OK,,"[1, 2, 2]"
COSCO,76,OK,OK,,"[1, 3, 4]"
COSCO,77,OK,OK,,[1]
COSCO,78,OK,OK,,"[1, 3, 4]"
COSCO,79,OK,OK,,"[1, 3, 4]"
COSCO,80,OK,OK,,"[1, 2, 2]"
COSCO,81,OK,OK,,"[1, 1, 1]"
COSCO,82,OK,OK,,"[1, 1, 1]"
COSCO,83,OK,OK,,"[1, 1, 1]"
COSCO,84,OK,OK,,"[1, 3, 4]"
COSCO,85,OK,OK,,"[1, 1, 1]"
COSCO,86,OK,OK,,"[1, 1]"
COSCO,87,OK,OK,,"[1, 1]"
COSCO,88,OK,OK,,"[1, 1]"
COSCO,89,OK,OK,,"[1, 1]"
COSCO,90,OK,OK,,"[1, 1]"
COSCO,91,OK,OK,,"[1, 1]"
COSCO,92,OK,OK,,"[1, 2]"
COSCO,93,OK,OK,,"[1, 3, 4]"
COSCO,94,OK,OK,,"[1, 1]"
COSCO,95,OK,OK,,"[1, 2, 2]"
COSCO,96,OK,OK,,"[1, 2, 2]"
COSCO,97,OK,OK,,"[1, 1]"
COSCO,98,OK,OK,,"[1, 1]"
COSCO,99,OK,OK,,"[1, 1]"
COSCO,100,OK,OK,,"[1, 1]"
COSCO,101,OK,OK,,"[1, 2, 2]"
COSCO,102,OK,OK,,"[1, 1, 1]"
COSCO,103,OK,OK,,"[1, 1]"
COSCO,104,OK,OK,,"[1, 1, 1]"
COSCO,105,OK,OK,,"[1, 1, 1]"
COSCO,106,OK,OK,,"[1, 1, 1]"
COSCO,107,OK,OK,,"[1, 1]"
COSCO,108,OK,OK,,"[1, 1]"
COSCO,109,OK,OK,,"[1, 1]"
COSCO,110,OK,OK,,"[1, 1]"
COSCO,111,OK,OK,,"[1, 2, 2]"
COSCO,112,OK,OK,,"[1, 1]"
COSCO,113,OK,OK,,"[1, 1]"
COSCO,114,OK,OK,,"[1, 1, 1]"
COSCO,115,OK,OK,,"[1, 2, 2]"
COSCO,116,OK,OK,,"[1, 2, 2]"
COSCO,117,OK,OK,,[1]
COSCO,118,OK,OK,,[1]
COSCO,119,OK,OK,,"[1, 1]"
COSCO,120,OK,OK,,"[1, 1]"
COSCO,121,OK,OK,,"[1, 1]"
COSCO,122,OK,OK,,"[1, 1, 1]"
COSCO,123,OK,OK,,"[1, 1]"
COSCO,124,OK,OK,,"[1, 1]"
COSCO,125,OK,OK,,"[1, 1]"
COSCO,126,OK,OK,,"[1, 1]"
COSCO,127,OK,OK,,"[1, 1, 1]"
COSCO,128,OK,OK,,"[1, 1, 1]"
COSCO,129,OK,OK,,"[1, 1]"
COSCO,130,OK,OK,,"[1, 1]"
COSCO,131,OK,OK,,"[1, 3, 4]"
COSCO,132,OK,OK,,"[1, 1, 1]"
COSCO,133,OK,OK,,"[1, 3, 4]"
COSCO,134,OK,OK,,"[1, 1]"
COSCO,135,OK,OK,,"[1, 2, 2]"
COSCO,136,OK,OK,,[1]
COSCO,137,OK,OK,,"[1, 1]"
COSCO,138,OK,OK,,"[1, 1]"
COSCO,139,OK,OK,,"[1, 1]"
COSCO,140,OK,OK,,"[1, 1]"
COSCO,141,OK,OK,,"[1, 2, 2]"
COSCO,142,OK,OK,,"[1, 1, 1]"
COSCO,143,OK,OK,,"[1, 1]"
COSCO,144,OK,OK,,"[1, 2, 2]"
COSCO,145,OK,OK,,"[1, 3, 4]"
COSCO,146,OK,OK,,"[1, 2, 2]"
COSCO,147,OK,OK,,"[1, 1, 1]"
COSCO,148,OK,OK,,"[1, 2, 2]"
COSCO,149,OK,OK,,"[1, 1, 1]"
COSCO,150,OK,OK,,[1]
COSCO,151,OK,OK,,"[1, 2, 3, 3, 3, 3, 3, 3, 4]"
COSCO,152,OK,OK,,"[1, 2, 3, 3, 3, 3, 3, 3, 4]"
COSCO,153,OK,OK,,"[1, 2, 3, 3, 3, 3, 3, 3, 4]"
COSCO,154,OK,OK,,"[1, 2, 2]"
COSCO,155,OK,OK,,"[1, 2, 3, 3, 3, 3, 3, 3, 4]"
COSCO,156,OK,OK,,"[1, 2, 3, 3, 3, 3, 3, 4]"
COSCO,157,OK,OK,,"[1, 3, 3, 3, 3, 3, 3, 3, 3]"
COSCO,158,OK,OK,,"[1, 3, 3, 3, 3, 3, 3, 3, 3]"
COSCO,159,OK,OK,,"[1, 1, 1]"
COSCO,160,OK,OK,,"[1, 2, 3, 3, 3, 3, 3, 3, 3]"
COSCO,161,OK,OK,,"[1, 2, 3, 3, 3, 3, 3, 3, 4]"
COSCO,162,OK,OK,,"[1, 2, 3, 3, 3, 3, 3, 3, 4]"
COSCO,163,OK,OK,,"[1, 2, 3, 3, 3, 3, 3, 3, 4]"
COSCO,164,OK,OK,,[1]
COSCO,165,OK,OK,,"[1, 1]"
COSCO,166,OK,OK,,"[1, 1]"
COSCO,167,OK,OK,,"[1, 2]"
COSCO,168,OK,OK,,"[1, 2]"
COSCO,169,OK,OK,,"[1, 2, 2]"
COSCO,170,OK,OK,,"[1, 1, 1]"
COSCO,171,OK,OK,,"[1, 1, 1]"
COSCO,172,OK,OK,,[1]
COSCO,173,OK,OK,,"[1, 2, 2]"
COSCO,174,OK,OK,,"[1, 2, 2]"
COSCO,175,OK,OK,,"[1, 1]"
COSCO,176,OK,OK,,"[1, 1, 1]"
COSCO,177,OK,OK,,"[1, 2]"
COSCO,178,OK,OK,,"[1, 2]"
COSCO,179,OK,OK,,"[1, 3, 4]"
COSCO,180,OK,OK,,[1]
COSCO,181,OK,OK,,[1]
COSCO,182,OK,OK,,"[1, 1, 1]"
COSCO,183,OK,OK,,"[1, 1]"
COSCO,184,OK,OK,,[1]
COSCO,185,OK,OK,,"[1, 1, 1]"
COSCO,186,OK,OK,,"[1, 1, 1]"
COSCO,187,OK,OK,,[1]
COSCO,188,OK,OK,,"[1, 1, 1]"
COSCO,189,OK,OK,,[1]
COSCO,190,OK,OK,,"[1, 1]"
COSCO,191,OK,OK,,"[1, 3, 4]"
COSCO,192,OK,OK,,"[1, 3, 4]"
COSCO,193,OK,OK,,"[1, 2, 2]"
COSCO,194,OK,OK,,"[1, 2, 2]"
COSCO,195,OK,OK,,"[1, 1, 1]"
COSCO,196,OK,OK,,"[1, 1]"
COSCO,197,OK,OK,,[1]
COSCO,198,OK,OK,,"[1, 3, 4]"
COSCO,199,OK,OK,,"[1, 2, 2]"
COSCO,200,OK,OK,,"[1, 3, 4]"
COSCO,201,OK,OK,,"[1, 2, 2]"
COSCO,202,OK,OK,,"[1, 3, 4]"
COSCO,203,OK,OK,,"[1, 2, 2]"
COSCO,204,OK,OK,,"[1, 3, 4]"
COSCO,205,OK,OK,,"[1, 1]"
COSCO,206,OK,OK,,"[1, 1]"
COSCO,207,OK,OK,,[1]
COSCO,208,OK,OK,,"[1, 3, 4]"
COSCO,209,OK,OK,,"[1, 1]"
COSCO,210,OK,OK,,"[1, 2, 2]"
COSCO,211,OK,OK,,"[1, 1]"
COSCO,212,OK,OK,,"[1, 1]"
COSCO,213,OK,OK,,"[1, 3, 4]"
COSCO,214,OK,OK,,"[1, 1]"
COSCO,215,OK,OK,,[1]
COSCO,216,OK,OK,,"[1, 1]"
COSCO,217,OK,OK,,"[1, 1, 1]"
COSCO,218,OK,OK,,"[1, 2]"
COSCO,219,OK,OK,,"[1, 1]"
COSCO,220,OK,OK,,"[1, 1]"
COSCO,221,OK,OK,,"[1, 1, 1]"
COSCO,222,OK,OK,,"[1, 3, 4]"
COSCO,223,OK,OK,,"[1, 1, 1]"
COSCO,224,OK,OK,,"[1, 3, 4]"
COSCO,225,OK,OK,,"[1, 1]"
COSCO,226,OK,OK,,"[1, 3, 4]"
COSCO,227,OK,OK,,"[1, 3, 4]"
COSCO,228,OK,OK,,"[1, 3, 4]"
COSCO,229,OK,OK,,"[1, 3, 4]"
COSCO,230,OK,OK,,"[1, 2, 2]"
COSCO,231,OK,OK,,"[1, 2, 2]"
COSCO,232,OK,OK,,"[1, 1, 1]"
COSCO,233,OK,OK,,"[1, 3, 4]"
COSCO,234,OK,OK,,"[1, 1, 1]"
COSCO,235,OK,OK,,"[1, 1]"
COSCO,236,OK,OK,,"[1, 1]"
COSCO,237,OK,OK,,"[1, 1]"
COSCO,238,OK,OK,,"[1, 3, 4]"
COSCO,239,OK,OK,,"[1, 1, 1]"
COSCO,240,OK,OK,,"[1, 3, 4]"
COSCO,241,OK,OK,,"[1, 1, 2]"
COSCO,242,OK,OK,,"[1, 3, 4]"
COSCO,243,OK,OK,,"[1, 1]"
COSCO,244,OK,OK,,"[1, 1]"
COSCO,245,OK,OK,,"[1, 2, 2]"
COSCO,246,OK,OK,,[1]
COSCO,247,OK,OK,,"[1, 2, 2]"
COSCO,248,OK,OK,,"[1, 2, 2]"
COSCO,249,OK,OK,,"[1, 2, 2]"
COSCO,250,OK,OK,,"[1, 2, 2]"
COSCO,251,OK,OK,,"[1, 1, 2]"
COSCO,252,OK,OK,,"[1, 1]"
COSCO,253,OK,OK,,"[1, 1]"
COSCO,254,OK,OK,,"[1, 2, 2]"
COSCO,255,OK,OK,,[1]
COSCO,256,OK,OK,,"[1, 1]"
COSCO,257,OK,OK,,[1]
COSCO,258,OK,OK,,"[1, 1, 1]"
COSCO,259,OK,OK,,"[1, 1, 1]"
COSCO,260,OK,OK,,"[1, 1]"
COSCO,261,OK,OK,,"[1, 2, 2]"
COSCO,262,OK,OK,,"[1, 2, 2]"
COSCO,263,OK,OK,,"[1, 3, 4]"
COSCO,264,OK,OK,,"[1, 3, 4]"
COSCO,265,OK,OK,,"[1, 2, 2]"
COSCO,266,OK,OK,,"[1, 1]"
COSCO,267,OK,OK,,"[1, 1]"
COSCO,268,OK,OK,,"[1, 1]"
COSCO,269,OK,OK,,"[1, 1]"
COSCO,270,OK,OK,,"[1, 1]"
COSCO,271,OK,OK,,"[1, 1]"
COSCO,272,OK,OK,,"[1, 1]"
COSCO,273,OK,OK,,"[1, 2]"
COSCO,274,OK,OK,,"[1, 1]"
COSCO,275,OK,OK,,"[1, 1]"
COSCO,276,OK,OK,,"[1, 1, 1]"
COSCO,277,OK,OK,,[1]
COSCO,278,OK,OK,,"[1, 1]"
COSCO,279,OK,OK,,"[1, 1]"
COSCO,280,OK,OK,,"[1, 1]"
COSCO,281,OK,OK,,"[1, 1]"
COSCO,282,OK,OK,,"[1, 3, 4]"
COSCO,283,OK,OK,,"[1, 1, 1]"
COSCO,284,OK,OK,,"[1, 2, 2]"
COSCO,285,OK,OK,,"[1, 1]"
COSCO,286,OK,OK,,"[1, 1]"
COSCO,287,OK,OK,,"[1, 2, 2]"
COSCO,288,OK,OK,,"[1, 2, 2]"
COSCO,289,OK,OK,,"[1, 1]"
COSCO,290,OK,OK,,"[1, 1]"
COSCO,291,OK,OK,,"[1, 1]"
COSCO,292,OK,OK,,"[1, 1]"
COSCO,293,OK,OK,,"[1, 2]"
COSCO,294,OK,OK,,"[1, 1]"
COSCO,295,OK,OK,,"[1, 1]"
COSCO,296,OK,OK,,"[1, 1]"
COSCO,297,OK,OK,,"[1, 1]"
COSCO,298,OK,OK,,"[1, 3, 4]"
COSCO,299,OK,OK,,"[1, 1, 1]"
COSCO,300,OK,OK,,"[1, 2, 2]"
COSCO,301,OK,OK,,"[1, 2, 2]"
COSCO,302,OK,OK,,"[1, 1]"
COSCO,303,OK,OK,,"[1, 1, 1]"
COSCO,304,OK,OK,,"[1, 3, 4]"
COSCO,305,OK,OK,,"[1, 3, 4]"
COSCO,306,OK,OK,,"[1, 2, 2]"
COSCO,307,OK,OK,,"[1, 2, 2]"
COSCO,308,OK,OK,,"[1, 2]"
COSCO,309,OK,OK,,[1]
COSCO,310,OK,OK,,"[1, 2, 2]"
COSCO,311,OK,OK,,"[1, 1, 1]"
COSCO,312,OK,OK,,"[1, 1, 1]"
COSCO,313,OK,OK,,"[1, 1, 1]"
COSCO,314,OK,OK,,[1]
COSCO,315,OK,OK,,"[1, 1]"
COSCO,316,OK,OK,,"[1, 1, 1]"
COSCO,317,OK,OK,,"[1, 2, 2]"
COSCO,318,OK,OK,,"[1, 1, 1]"
COSCO,319,OK,OK,,"[1, 1]"
COSCO,320,OK,OK,,"[1, 1]"
COSCO,321,OK,OK,,"[1, 1, 1]"
COSCO,322,OK,OK,,"[1, 2, 2]"
COSCO,323,OK,OK,,"[1, 3, 4]"
COSCO,324,OK,OK,,"[1, 3, 4]"
COSCO,325,OK,OK,,"[1, 2]"
COSCO,326,OK,OK,,"[1, 2, 2]"
COSCO,327,OK,OK,,"[1, 2, 2]"
COSCO,328,OK,OK,,"[1, 1, 1]"
COSCO,329,OK,OK,,"[1, 1, 1]"
COSCO,330,OK,OK,,"[1, 1]"
COSCO,331,OK,OK,,"[1, 2, 2]"
COSCO,332,OK,OK,,"[1, 2, 2]"
COSCO,333,OK,OK,,"[1, 2, 2]"
COSCO,334,OK,OK,,"[1, 1]"
COSCO,335,OK,OK,,"[1, 3, 4]"
COSCO,336,OK,OK,,"[1, 1, 1]"
COSCO,337,OK,OK,,"[1, 1, 1]"
COSCO,338,OK,OK,,"[1, 1]"
COSCO,339,OK,OK,,"[1, 1]"
COSCO,340,OK,OK,,"[1, 3, 4]"
COSCO,341,OK,OK,,"[1, 1, 1]"
COSCO,342,OK,OK,,"[1, 2, 2]"
COSCO,343,OK,OK,,"[1, 2, 2]"
COSCO,344,OK,OK,,"[1, 2, 2]"
COSCO,345,OK,OK,,"[1, 2, 2]"
COSCO,346,OK,OK,,"[1, 1, 1]"
COSCO,347,OK,OK,,"[1, 2, 3, 3, 3, 3, 3, 4, 4, 4]"
COSCO,348,OK,OK,,"[1, 2, 2]"
COSCO,349,OK,OK,,"[1, 1]"
COSCO,350,OK,OK,,[1]
COSCO,351,OK,OK,,[1]
COSCO,352,OK,OK,,"[1, 1]"
COSCO,353,OK,OK,,"[1, 3, 4]"
COSCO,354,OK,OK,,"[1, 1]"
COSCO,355,OK,OK,,"[1, 2]"
COSCO,356,OK,OK,,"[1, 1]"
COSCO,357,OK,OK,,"[1, 1]"
COSCO,358,OK,OK,,"[1, 1]"
COSCO,359,OK,OK,,"[1, 1, 1]"
COSCO,360,OK,OK,,[1]
COSCO,361,OK,OK,,[1]
COSCO,362,OK,OK,,[1]
COSCO,363,OK,OK,,"[1, 2, 2]"
COSCO,364,OK,OK,,"[1, 1, 1]"
COSCO,365,OK,OK,,"[1, 1]"
COSCO,366,OK,OK,,"[1, 1]"
COSCO,367,OK,OK,,"[1, 1, 1]"
COSCO,368,OK,OK,,"[1, 1, 1]"
COSCO,369,OK,OK,,"[1, 1]"
COSCO,370,OK,OK,,"[1, 1, 1]"
COSCO,371,OK,OK,,[1]
COSCO,372,OK,OK,,"[1, 1, 1]"
COSCO,373,OK,OK,,"[1, 1, 1]"
COSCO,374,OK,OK,,"[1, 2, 2]"
COSCO,375,OK,OK,,"[1, 1, 1]"
COSCO,376,OK,OK,,"[1, 1, 1]"
COSCO,377,OK,OK,,"[1, 1, 1]"
COSCO,378,OK,OK,,"[1, 3, 4]"
COSCO,379,OK,OK,,"[1, 1, 1]"
COSCO,380,OK,OK,,"[1, 1]"
COSCO,381,OK,OK,,"[1, 2, 2]"
COSCO,382,OK,OK,,"[1, 1]"
COSCO,383,OK,OK,,"[1, 1]"
COSCO,384,OK,OK,,"[1, 1, 1]"
COSCO,385,OK,OK,,"[1, 1, 1]"
COSCO,386,OK,OK,,[1]
COSCO,387,OK,OK,,"[1, 1]"
COSCO,388,OK,OK,,"[1, 1]"
COSCO,389,OK,OK,,"[1, 1, 1]"
COSCO,390,OK,OK,,"[1, 2, 2]"
COSCO,391,OK,OK,,"[1, 1, 1]"
COSCO,392,OK,OK,,"[1, 2, 2]"
COSCO,393,OK,OK,,"[1, 1]"
COSCO,394,OK,OK,,"[1, 2, 2]"
COSCO,395,OK,OK,,"[1, 1]"
COSCO,396,OK,OK,,"[1, 1]"
COSCO,397,OK,OK,,"[1, 1]"
COSCO,398,OK,OK,,"[1, 2, 2]"
COSCO,399,OK,OK,,"[1, 2, 2]"
COSCO,400,OK,OK,,"[1, 1]"
COSCO,401,OK,OK,,[1]
COSCO,402,OK,OK,,"[1, 2, 2]"
COSCO,403,OK,OK,,"[1, 1, 1]"
COSCO,404,OK,OK,,"[1, 1, 1]"
COSCO,405,OK,OK,,"[1, 1, 1]"
COSCO,406,OK,OK,,"[1, 2, 2]"
COSCO,407,OK,OK,,"[1, 1]"
COSCO,408,OK,OK,,"[1, 2, 2]"
COSCO,409,OK,OK,,"[1, 1]"
COSCO,410,OK,OK,,"[1, 2, 2]"
COSCO,411,OK,OK,,"[1, 1, 1]"
COSCO,412,OK,OK,,"[1, 1, 1]"
COSCO,413,OK,OK,,"[1, 1, 1]"
COSCO,414,OK,OK,,"[1, 1]"
COSCO,415,OK,OK,,"[1, 3, 4]"
COSCO,416,OK,OK,,"[1, 3, 4]"
COSCO,417,OK,OK,,"[1, 3, 4]"
COSCO,418,OK,OK,,"[1, 1]"
COSCO,419,OK,OK,,"[1, 1]"
COSCO,420,OK,OK,,"[1, 1, 1]"
COSCO,421,OK,OK,,"[1, 1]"
COSCO,422,OK,OK,,"[1, 2, 2]"
COSCO,423,OK,OK,,"[1, 1]"
COSCO,424,OK,OK,,"[1, 3, 4]"
COSCO,425,OK,OK,,"[1, 1]"
COSCO,426,OK,OK,,"[1, 1]"
COSCO,427,OK,OK,,"[1, 2, 2]"
COSCO,428,OK,OK,,"[1, 1]"
COSCO,429,OK,OK,,"[1, 1]"
COSCO,430,OK,OK,,[1]
COSCO,431,OK,OK,,"[1, 2, 2]"
COSCO,432,OK,OK,,"[1, 2, 2]"
COSCO,433,OK,OK,,"[1, 2, 2]"
COSCO,434,OK,OK,,"[1, 2, 2]"
COSCO,435,OK,OK,,"[1, 2, 2]"
COSCO,436,OK,OK,,"[1, 2, 2]"
COSCO,437,OK,OK,,"[1, 2, 2]"
COSCO,438,OK,OK,,"[1, 2]"
COSCO,439,OK,OK,,"[1, 1, 1]"
COSCO,440,OK,OK,,"[1, 2, 2]"
COSCO,441,OK,OK,,"[1, 2, 2]"
COSCO,442,OK,OK,,"[1, 2, 2]"
COSCO,443,OK,OK,,"[1, 2, 2]"
COSCO,444,OK,OK,,"[1, 2, 2]"
COSCO,445,OK,OK,,"[1, 2, 2]"
COSCO,446,OK,OK,,"[1, 2, 2]"
COSCO,447,OK,OK,,"[1, 2, 2]"
COSCO,448,OK,OK,,"[1, 2, 2]"
COSCO,449,OK,OK,,"[1, 3, 4]"
COSCO,450,OK,OK,,"[1, 3, 4]"
COSCO,451,OK,OK,,"[1, 3, 4]"
COSCO,452,OK,OK,,"[1, 2, 2]"
COSCO,453,OK,OK,,"[1, 1, 1]"
COSCO,454,OK,OK,,"[1, 2, 2]"
COSCO,455,OK,OK,,"[1, 2, 2]"
COSCO,456,OK,OK,,"[1, 2, 2]"
COSCO,457,OK,OK,,"[1, 1]"
COSCO,458,OK,OK,,"[1, 2, 2]"
COSCO,459,OK,OK,,"[1, 2, 2]"
COSCO,460,OK,OK,,"[1, 2, 2]"
COSCO,461,OK,OK,,"[1, 3, 4]"
COSCO,462,OK,OK,,"[1, 2, 2]"
COSCO,463,OK,OK,,"[1, 2, 2]"
COSCO,464,OK,OK,,"[1, 1, 1]"
COSCO,465,OK,OK,,"[1, 1, 1]"
COSCO,466,OK,OK,,"[1, 2, 2]"
COSCO,467,OK,OK,,"[1, 1, 1]"
COSCO,468,OK,OK,,"[1, 1, 1]"
COSCO,469,OK,OK,,"[1, 3, 4]"
COSCO,470,OK,OK,,"[1, 3, 4]"
COSCO,471,OK,OK,,"[1, 1]"
COSCO,472,OK,OK,,"[1, 1, 1]"
COSCO,473,OK,OK,,[1]
COSCO,474,OK,OK,,"[1, 3, 4]"
COSCO,475,OK,OK,,"[1, 3, 4]"
COSCO,476,OK,OK,,"[1, 1, 1]"
COSCO,477,OK,OK,,"[1, 1, 1]"
COSCO,478,OK,OK,,"[1, 3, 4]"
COSCO,479,OK,OK,,"[1, 1]"
COSCO,480,OK,OK,,"[1, 1]"
COSCO,481,OK,OK,,"[1, 2, 2]"
COSCO,482,OK,OK,,"[1, 2, 2]"
COSCO,483,OK,OK,,"[1, 1]"
COSCO,484,OK,OK,,"[1, 1]"
COSCO,485,OK,OK,,"[1, 1, 1]"
COSCO,486,OK,OK,,"[1, 1, 1]"
COSCO,487,OK,OK,,[1]
COSCO,488,OK,OK,,"[1, 2, 2]"
COSCO,489,OK,OK,,"[1, 2, 2]"
COSCO,490,OK,OK,,"[1, 2, 2]"
COSCO,491,OK,OK,,"[1, 1]"
COSCO,492,OK,OK,,"[1, 2, 2]"
COSCO,493,OK,OK,,"[1, 1]"
COSCO,494,OK,OK,,"[1, 1]"
COSCO,495,OK,OK,,"[1, 1, 1]"
COSCO,496,OK,OK,,"[1, 1, 1]"
COSCO,497,OK,OK,,"[1, 1, 1]"
COSCO,498,OK,OK,,"[1, 2, 2]"
COSCO,499,OK,OK,,"[1, 2, 2]"
COSCO,500,OK,OK,,"[1, 2, 2]"
COSCO,501,OK,OK,,"[1, 1]"
COSCO,502,OK,OK,,"[1, 1]"
COSCO,503,OK,OK,,"[1, 1]"
COSCO,504,OK,OK,,[1]
COSCO,505,OK,OK,,[1]
COSCO,506,OK,OK,,[1]
COSCO,507,OK,OK,,"[1, 1]"
COSCO,508,OK,OK,,[1]
COSCO,509,OK,OK,,[1]
COSCO,510,OK,OK,,"[1, 1]"
COSCO,511,OK,OK,,"[1, 1]"
COSCO,512,OK,OK,,"[1, 1]"
COSCO,513,OK,OK,,"[1, 1]"
COSCO,514,OK,OK,,"[1, 1]"
COSCO,515,OK,OK,,"[1, 1, 1]"
COSCO,516,OK,OK,,"[1, 1, 1]"
COSCO,517,OK,OK,,[1]
COSCO,518,OK,OK,,"[1, 1, 1]"
COSCO,519,OK,OK,,"[1, 2, 2]"
COSCO,520,OK,OK,,"[1, 1]"
COSCO,521,OK,OK,,"[1, 1]"
COSCO,522,OK,OK,,"[1, 2, 2]"
COSCO,523,OK,OK,,"[1, 2, 2]"
COSCO,524,OK,OK,,"[1, 2, 2]"
COSCO,525,OK,OK,,"[1, 2, 2]"
COSCO,526,OK,OK,,"[1, 2, 2]"
COSCO,527,OK,OK,,"[1, 2, 2]"
COSCO,528,OK,OK,,"[1, 1, 1]"
COSCO,529,OK,OK,,"[1, 3, 4]"
COSCO,530,OK,OK,,"[1, 1]"
COSCO,531,OK,OK,,"[1, 1]"
COSCO,532,OK,OK,,"[1, 3, 4]"
COSCO,533,OK,OK,,"[1, 3, 4]"
COSCO,534,OK,OK,,"[1, 2, 2]"
COSCO,535,OK,OK,,"[1, 3, 4]"
COSCO,536,OK,OK,,"[1, 1]"
COSCO,537,OK,OK,,"[1, 2, 2]"
COSCO,538,OK,OK,,"[1, 1]"
COSCO,539,OK,OK,,"[1, 1]"
COSCO,540,OK,OK,,"[1, 2, 2]"
COSCO,541,OK,OK,,"[1, 2, 2]"
COSCO,542,OK,OK,,"[1, 2, 2]"
COSCO,543,OK,OK,,"[1, 2, 2]"
COSCO,544,OK,OK,,"[1, 1]"
COSCO,545,OK,OK,,"[1, 1, 1]"
COSCO,546,OK,OK,,"[1, 1, 1]"
COSCO,547,OK,OK,,"[1, 2, 3, 3, 3, 3, 3, 3, 4]"
COSCO,548,OK,OK,,"[1, 1]"
COSCO,549,OK,OK,,"[1, 1]"
COSCO,550,OK,OK,,"[1, 3, 4]"
COSCO,551,OK,OK,,"[1, 1]"
COSCO,552,OK,OK,,"[1, 2]"
COSCO,553,OK,OK,,"[1, 2, 2]"
COSCO,554,OK,OK,,"[1, 2, 2]"
COSCO,555,OK,OK,,"[1, 2, 2]"
COSCO,556,OK,OK,,[1]
COSCO,557,OK,OK,,"[1, 3, 4]"
COSCO,558,OK,OK,,[1]
COSCO,559,OK,OK,,[1]
COSCO,560,OK,OK,,"[1, 1]"
COSCO,561,OK,OK,,"[1, 2]"
COSCO,562,OK,OK,,"[1, 1]"
COSCO,563,OK,OK,,"[1, 1]"
COSCO,564,OK,OK,,"[1, 1]"
COSCO,565,OK,OK,,"[1, 2]"
COSCO,566,OK,OK,,"[1, 3, 4]"
COSCO,567,OK,OK,,"[1, 2]"
COSCO,568,OK,OK,,"[1, 2, 2]"
COSCO,569,OK,OK,,"[1, 2]"
COSCO,570,OK,OK,,"[1, 3, 4]"
COSCO,571,OK,OK,,"[1, 1]"
COSCO,572,OK,OK,,"[1, 1]"
COSCO,573,OK,OK,,"[1, 1]"
COSCO,574,OK,OK,,"[1, 1]"
COSCO,575,OK,OK,,"[1, 1, 1]"
COSCO,576,OK,OK,,[1]
COSCO,577,OK,OK,,[1]
COSCO,578,OK,OK,,"[1, 2, 2]"
COSCO,579,OK,OK,,"[1, 1, 1]"
COSCO,580,OK,OK,,"[1, 1, 1]"
COSCO,581,OK,OK,,"[1, 1, 1]"
COSCO,582,OK,OK,,"[1, 1]"
COSCO,583,OK,OK,,"[1, 1, 1]"
COSCO,584,OK,OK,,"[1, 1, 1]"
COSCO,585,OK,OK,,"[1, 1, 1]"
COSCO,586,OK,OK,,"[1, 1, 1]"
COSCO,587,OK,OK,,"[1, 1, 1]"
COSCO,588,OK,OK,,"[1, 2, 2]"
COSCO,589,OK,OK,,"[1, 2, 2]"
COSCO,590,OK,OK,,"[1, 2]"
COSCO,591,OK,OK,,"[1, 1]"
COSCO,592,OK,OK,,"[1, 1]"
COSCO,593,OK,OK,,"[1, 1, 1]"
COSCO,594,OK,OK,,"[1, 1, 1]"
COSCO,595,OK,OK,,"[1, 1]"
COSCO,596,OK,OK,,"[1, 1]"
COSCO,597,OK,OK,,"[1, 1]"
COSCO,598,OK,OK,,"[1, 1]"
COSCO,599,OK,OK,,"[1, 1]"
COSCO,600,OK,OK,,"[1, 1]"
COSCO,601,OK,OK,,"[1, 1]"
COSCO,602,OK,OK,,"[1, 1]"
COSCO,603,OK,OK,,"[1, 1]"
COSCO,604,OK,OK,,"[1, 1]"
COSCO,605,OK,OK,,"[1, 1]"
COSCO,606,OK,OK,,"[1, 2, 2]"
COSCO,607,OK,OK,,[1]
COSCO,608,OK,OK,,[1]
COSCO,609,OK,OK,,"[1, 1]"
COSCO,610,OK,OK,,"[1, 1]"
COSCO,611,OK,OK,,"[1, 2]"
COSCO,612,OK,OK,,"[1, 2, 2]"
COSCO,613,OK,OK,,"[1, 1]"
COSCO,614,OK,OK,,"[1, 1]"
COSCO,615,OK,OK,,"[1, 1]"
COSCO,616,OK,OK,,"[1, 1, 1]"
COSCO,617,OK,OK,,"[1, 2]"
COSCO,618,OK,OK,,"[1, 2]"
COSCO,619,OK,OK,,"[1, 2, 2]"
COSCO,620,OK,OK,,"[1, 1, 1]"
COSCO,621,OK,OK,,"[1, 1]"
COSCO,622,OK,OK,,"[1, 1, 1]"
COSCO,623,OK,OK,,"[1, 2, 2]"
COSCO,624,OK,OK,,[1]
COSCO,625,OK,OK,,"[1, 1]"
COSCO,626,OK,OK,,"[1, 2, 2]"
COSCO,627,OK,OK,,"[1, 1]"
COSCO,628,OK,OK,,"[1, 1]"
COSCO,629,OK,OK,,"[1, 1, 1]"
COSCO,630,OK,OK,,"[1, 1]"
COSCO,631,OK,OK,,"[1, 1]"
COSCO,632,OK,OK,,"[1, 2, 2]"
COSCO,633,OK,OK,,"[1, 3, 4]"
COSCO,634,OK,OK,,"[1, 2, 2]"
COSCO,635,OK,OK,,"[1, 2, 2]"
COSCO,636,OK,OK,,"[1, 1]"
COSCO,637,OK,OK,,"[1, 2, 2]"
COSCO,638,OK,OK,,"[1, 2, 2]"
COSCO,639,OK,OK,,"[1, 2, 2]"
COSCO,640,OK,OK,,"[1, 2, 2]"
COSCO,641,OK,OK,,[1]
COSCO,642,OK,OK,,"[1, 1]"
COSCO,643,OK,OK,,"[1, 2, 2]"
COSCO,644,OK,OK,,"[1, 1, 1]"
COSCO,645,OK,OK,,"[1, 3]"
COSCO,646,OK,OK,,"[1, 2, 2]"
COSCO,647,OK,OK,,"[1, 2, 2]"
COSCO,648,OK,OK,,"[1, 2, 2]"
COSCO,649,OK,OK,,"[1, 2, 2]"
COSCO,650,OK,OK,,"[1, 1]"
COSCO,651,OK,OK,,[1]
COSCO,652,OK,OK,,"[1, 1]"
COSCO,653,OK,OK,,"[1, 1, 1]"
COSCO,654,OK,OK,,"[1, 1, 1]"
COSCO,655,OK,OK,,"[1, 1, 1]"
COSCO,656,OK,OK,,"[1, 1]"
COSCO,657,OK,OK,,"[1, 1]"
COSCO,658,OK,OK,,"[1, 1]"
COSCO,659,OK,OK,,[1]
COSCO,660,OK,OK,,"[1, 1]"
COSCO,661,OK,OK,,"[1, 3]"
COSCO,662,OK,OK,,"[1, 1]"
COSCO,663,OK,OK,,"[1, 1, 1]"
COSCO,664,OK,OK,,"[1, 1, 1]"
COSCO,665,OK,OK,,"[1, 1]"
COSCO,666,OK,OK,,"[1, 1]"
COSCO,667,OK,OK,,"[1, 3, 4]"
COSCO,668,OK,OK,,"[1, 2, 2]"
COSCO,669,OK,OK,,[1]
COSCO,670,OK,OK,,"[1, 2, 2, 3, 4]"
COSCO,671,OK,OK,,"[1, 1]"
COSCO,672,OK,OK,,"[1, 3, 4]"
COSCO,673,OK,OK,,"[1, 2, 2, 3, 4]"
COSCO,674,OK,OK,,[1]
COSCO,675,OK,OK,,[1]
COSCO,676,OK,OK,,"[1, 1, 1]"
COSCO,677,OK,OK,,"[1, 2, 2]"
COSCO,678,OK,OK,,[1]
COSCO,679,OK,OK,,"[1, 1]"
COSCO,680,OK,OK,,"[1, 1]"
COSCO,681,OK,OK,,"[1, 2, 2]"
COSCO,682,OK,OK,,"[1, 2, 2]"
COSCO,683,OK,OK,,"[1, 2, 2]"
COSCO,684,OK,OK,,"[1, 2, 2]"
COSCO,685,OK,OK,,"[1, 2, 2]"
COSCO,686,OK,OK,,"[1, 1]"
COSCO,687,OK,OK,,"[1, 2, 2]"
COSCO,688,OK,OK,,"[1, 2, 2]"
COSCO,689,OK,OK,,"[1, 1]"
COSCO,690,OK,OK,,"[1, 1, 1]"
COSCO,691,OK,OK,,"[1, 1]"
COSCO,692,OK,OK,,"[1, 1]"
COSCO,693,OK,OK,,"[1, 1]"
COSCO,694,OK,OK,,"[1, 1]"
COSCO,695,OK,OK,,"[1, 1, 1]"
COSCO,696,OK,OK,,"[1, 1]"
COSCO,697,OK,OK,,"[1, 1, 1]"
COSCO,698,OK,OK,,"[1, 1]"
COSCO,699,OK,OK,,"[1, 3, 4]"
COSCO,700,OK,OK,,"[1, 1]"
COSCO,701,OK,OK,,"[1, 2, 2]"
COSCO,702,OK,OK,,"[1, 2, 2]"
COSCO,703,OK,OK,,"[1, 1, 1]"
COSCO,704,OK,OK,,"[1, 2, 2]"
COSCO,705,OK,OK,,"[1, 2, 2]"
COSCO,706,OK,OK,,"[1, 2, 2]"
COSCO,707,OK,OK,,"[1, 2, 2]"
COSCO,708,OK,OK,,"[1, 2, 2]"
COSCO,709,OK,OK,,"[1, 2, 2]"
COSCO,710,OK,OK,,"[1, 2, 2]"
COSCO,711,OK,OK,,"[1, 2, 2]"
COSCO,712,OK,OK,,"[1, 2, 2]"
COSCO,713,OK,OK,,"[1, 1]"
COSCO,714,OK,OK,,"[1, 2, 2]"
COSCO,715,OK,OK,,"[1, 2, 2]"
COSCO,716,OK,OK,,"[1, 1]"
COSCO,717,OK,OK,,"[1, 2, 2]"
COSCO,718,OK,OK,,"[1, 2, 2]"
COSCO,719,OK,OK,,"[1, 2, 2]"
COSCO,720,OK,OK,,"[1, 2, 2]"
COSCO,721,OK,OK,,"[1, 2, 2]"
COSCO,722,OK,OK,,"[1, 3, 4]"
COSCO,723,OK,OK,,"[1, 2, 2]"
COSCO,724,OK,OK,,"[1, 2, 2]"
COSCO,725,OK,OK,,"[1, 2, 2]"
COSCO,726,OK,OK,,"[1, 1, 1]"
COSCO,727,OK,OK,,"[1, 1]"
COSCO,728,OK,OK,,[1]
COSCO,729,OK,OK,,"[1, 1]"
COSCO,730,OK,OK,,"[1, 2, 2]"
COSCO,731,OK,OK,,"[1, 1, 1]"
COSCO,732,OK,OK,,"[1, 1]"
COSCO,733,OK,OK,,"[1, 1]"
COSCO,734,OK,OK,,"[1, 1]"
COSCO,735,OK,OK,,"[1, 1, 1]"
COSCO,736,OK,OK,,"[1, 1, 1]"
COSCO,737,OK,OK,,"[1, 1, 1]"
COSCO,738,OK,OK,,"[1, 1, 1]"
COSCO,739,OK,OK,,"[1, 3, 4]"
COSCO,740,OK,OK,,"[1, 1, 1]"
COSCO,741,OK,OK,,"[1, 3]"
COSCO,742,OK,OK,,"[1, 2, 2]"
COSCO,743,OK,OK,,"[1, 2, 2]"
COSCO,744,OK,OK,,"[1, 1]"
COSCO,745,OK,OK,,"[1, 3, 4]"
COSCO,746,OK,OK,,"[1, 1, 1]"
COSCO,747,OK,OK,,"[1, 1]"
COSCO,748,OK,OK,,"[1, 1]"
COSCO,749,OK,OK,,"[1, 3, 4]"
COSCO,750,OK,OK,,"[1, 1]"
COSCO,751,OK,OK,,"[1, 2, 2]"
COSCO,752,OK,OK,,"[1, 2, 2]"
COSCO,753,OK,OK,,"[1, 1]"
COSCO,754,OK,OK,,"[1, 1]"
COSCO,755,OK,OK,,"[1, 1]"
COSCO,756,OK,OK,,"[1, 1]"
COSCO,757,OK,OK,,"[1, 1, 1]"
COSCO,758,OK,OK,,"[1, 1, 1]"
COSCO,759,OK,OK,,"[1, 1, 1]"
COSCO,760,OK,OK,,"[1, 1, 1]"
COSCO,761,OK,OK,,"[1, 2, 2]"
COSCO,762,OK,OK,,"[1, 1, 1]"
COSCO,763,OK,OK,,"[1, 1, 1]"
COSCO,764,OK,OK,,"[1, 1]"
COSCO,765,OK,OK,,"[1, 1]"
COSCO,766,OK,OK,,"[1, 1]"
COSCO,767,OK,OK,,"[1, 1]"
COSCO,768,OK,OK,,"[1, 1, 1]"
COSCO,769,OK,OK,,"[1, 3, 4]"
COSCO,770,OK,OK,,"[1, 1]"
COSCO,771,OK,OK,,"[1, 1]"
COSCO,772,OK,OK,,"[1, 1]"
COSCO,773,OK,OK,,[1]
COSCO,774,OK,OK,,"[1, 1]"
COSCO,775,OK,OK,,"[1, 1]"
COSCO,776,OK,OK,,[1]
COSCO,777,OK,OK,,"[1, 1]"
COSCO,778,OK,OK,,[1]
COSCO,779,OK,OK,,"[1, 1]"
COSCO,780,OK,OK,,"[1, 3, 4]"
COSCO,781,OK,OK,,"[1, 3, 4]"
COSCO,782,OK,OK,,[1]
COSCO,783,OK,OK,,"[1, 1]"
COSCO,784,OK,OK,,"[1, 1]"
COSCO,785,OK,OK,,"[1, 1, 1]"
COSCO,786,OK,OK,,"[1, 1, 1]"
COSCO,787,OK,OK,,"[1, 1]"
COSCO,788,OK,OK,,"[1, 1]"
COSCO,789,OK,OK,,"[1, 1]"
COSCO,790,OK,OK,,"[1, 1, 1]"
COSCO,791,OK,OK,,"[1, 2, 2]"
COSCO,792,OK,OK,,[1]
COSCO,793,OK,OK,,"[1, 1, 1]"
COSCO,794,OK,OK,,"[1, 1]"
COSCO,795,OK,OK,,"[1, 1]"
COSCO,796,OK,OK,,"[1, 2, 2]"
COSCO,797,OK,OK,,"[1, 1]"
COSCO,798,OK,OK,,"[1, 1, 2]"
COSCO,799,OK,OK,,"[1, 3, 4]"
COSCO,800,OK,OK,,"[1, 1]"
COSCO,801,OK,OK,,"[1, 3]"
COSCO,802,OK,OK,,"[1, 3, 4]"
COSCO,803,OK,OK,,"[1, 1]"
COSCO,804,OK,OK,,"[1, 1]"
COSCO,805,OK,OK,,"[1, 1, 1]"
COSCO,806,OK,OK,,"[1, 2, 2]"
COSCO,807,OK,OK,,"[1, 1]"
COSCO,808,OK,OK,,"[1, 1, 1]"
COSCO,809,OK,OK,,"[1, 1]"
COSCO,810,OK,OK,,"[1, 2, 2]"
COSCO,811,OK,OK,,"[1, 1, 1]"
COSCO,812,OK,OK,,"[1, 1]"
COSCO,813,OK,OK,,"[1, 2, 2]"
COSCO,814,OK,OK,,"[1, 1]"
COSCO,815,OK,OK,,"[1, 1]"
COSCO,816,OK,OK,,"[1, 3, 4]"
COSCO,817,OK,OK,,"[1, 1]"
COSCO,818,OK,OK,,"[1, 1]"
COSCO,819,OK,OK,,"[1, 2]"
COSCO,820,OK,OK,,"[1, 1]"
COSCO,821,OK,OK,,"[1, 2, 2]"
COSCO,822,OK,OK,,"[1, 1, 1]"
COSCO,823,OK,OK,,"[1, 3]"
COSCO,824,OK,OK,,"[1, 3, 4]"
COSCO,825,OK,OK,,"[1, 3, 4]"
COSCO,826,OK,OK,,"[1, 3, 4]"
COSCO,827,OK,OK,,"[1, 3, 4]"
COSCO,828,OK,OK,,"[1, 3, 4]"
COSCO,829,OK,OK,,"[1, 3, 4]"
COSCO,830,OK,OK,,"[1, 2, 2]"
COSCO,831,OK,OK,,"[1, 1]"
COSCO,832,OK,OK,,"[1, 1]"
COSCO,833,OK,OK,,"[1, 1]"
COSCO,834,OK,OK,,"[1, 1]"
COSCO,835,OK,OK,,"[1, 1, 1]"
COSCO,836,OK,OK,,"[1, 1]"
COSCO,837,OK,OK,,"[1, 1, 1]"
COSCO,838,OK,OK,,"[1, 2, 2]"
COSCO,839,OK,OK,,"[1, 3, 4]"
COSCO,840,OK,OK,,"[1, 1]"
COSCO,841,OK,OK,,"[1, 3, 4]"
COSCO,842,OK,OK,,"[1, 2, 2]"
COSCO,843,OK,OK,,"[1, 2]"
COSCO,844,OK,OK,,"[1, 1, 1]"
COSCO,845,OK,OK,,"[1, 1, 1]"
COSCO,846,OK,OK,,"[1, 1]"
COSCO,847,OK,OK,,[1]
COSCO,848,OK,OK,,"[1, 1, 1]"
COSCO,849,OK,OK,,"[1, 3, 4]"
COSCO,850,OK,OK,,"[1, 1]"
COSCO,851,OK,OK,,"[1, 2, 2]"
COSCO,852,OK,OK,,"[1, 1]"
COSCO,853,OK,OK,,"[1, 1]"
COSCO,854,OK,OK,,"[1, 2]"
COSCO,855,OK,OK,,"[1, 2]"
COSCO,856,OK,OK,,"[1, 2]"
COSCO,857,OK,OK,,"[1, 2]"
COSCO,858,OK,OK,,"[1, 2, 2]"
COSCO,859,OK,OK,,"[1, 1]"
COSCO,860,OK,OK,,"[1, 1, 1]"
COSCO,861,OK,OK,,"[1, 2, 2]"
COSCO,862,OK,OK,,"[1, 2, 3, 4, 4, 4]"
COSCO,863,OK,OK,,"[1, 1]"
COSCO,864,OK,OK,,"[1, 2, 2]"
COSCO,865,OK,OK,,"[1, 1, 1]"
COSCO,866,OK,OK,,"[1, 2, 2]"
COSCO,867,OK,OK,,"[1, 1]"
COSCO,868,OK,OK,,"[1, 1]"
COSCO,869,OK,OK,,"[1, 3, 4]"
COSCO,870,OK,OK,,"[1, 1, 1]"
COSCO,871,OK,OK,,"[1, 1, 1]"
COSCO,872,OK,OK,,"[1, 1, 1]"
COSCO,873,OK,OK,,"[1, 1]"
COSCO,874,OK,OK,,"[1, 1]"
COSCO,875,OK,OK,,"[1, 2, 2]"
COSCO,876,OK,OK,,"[1, 1, 1]"
COSCO,877,OK,OK,,[1]
COSCO,878,OK,OK,,"[1, 3, 4]"
COSCO,879,OK,OK,,"[1, 1, 1]"
COSCO,880,OK,OK,,"[1, 2, 2]"
COSCO,881,OK,OK,,"[1, 1, 1]"
COSCO,882,OK,OK,,"[1, 1, 1]"
COSCO,883,OK,OK,,"[1, 1, 1]"
COSCO,884,OK,OK,,"[1, 3, 4]"
COSCO,885,OK,OK,,"[1, 2, 2]"
COSCO,886,OK,OK,,"[1, 1]"
COSCO,887,OK,OK,,"[1, 1, 1]"
COSCO,888,OK,OK,,"[1, 1]"
COSCO,889,OK,OK,,"[1, 2]"
COSCO,890,OK,OK,,"[1, 1]"
COSCO,891,OK,OK,,"[1, 1]"
COSCO,892,OK,OK,,"[1, 1]"
COSCO,893,OK,OK,,"[1, 1]"
COSCO,894,OK,OK,,"[1, 2, 2]"
COSCO,895,OK,OK,,[1]
COSCO,896,OK,OK,,"[1, 1, 1]"
COSCO,897,OK,OK,,"[1, 1]"
COSCO,898,OK,OK,,"[1, 1]"
COSCO,899,OK,OK,,[1]
COSCO,900,OK,OK,,"[1, 2, 2]"
COSCO,901,OK,OK,,"[1, 1]"
COSCO,902,OK,OK,,"[1, 1]"
COSCO,903,OK,OK,,"[1, 1, 1]"
COSCO,904,OK,OK,,"[1, 1]"
COSCO,905,OK,OK,,"[1, 1]"
COSCO,906,OK,OK,,"[1, 1, 1]"
COSCO,907,OK,OK,,"[1, 1]"
COSCO,908,OK,OK,,"[1, 1, 1]"
COSCO,909,OK,OK,,"[1, 1, 1]"
COSCO,910,OK,OK,,[1]
COSCO,911,OK,OK,,"[1, 1]"
COSCO,912,OK,OK,,"[1, 1]"
COSCO,913,OK,OK,,"[1, 3, 4]"
COSCO,914,OK,OK,,"[1, 3, 4]"
COSCO,915,OK,OK,,"[1, 1]"
COSCO,916,OK,OK,,"[1, 1]"
COSCO,917,OK,OK,,"[1, 1]"
COSCO,918,OK,OK,,"[1, 3, 4]"
COSCO,919,OK,OK,,"[1, 3, 4]"
COSCO,920,OK,OK,,"[1, 1]"
COSCO,921,OK,OK,,"[1, 1]"
COSCO,922,OK,OK,,"[1, 1]"
COSCO,923,OK,OK,,"[1, 1, 1]"
COSCO,924,OK,OK,,"[1, 1]"
COSCO,925,OK,OK,,"[1, 1, 1]"
COSCO,926,OK,OK,,"[1, 3, 4]"
COSCO,927,OK,OK,,"[1, 2, 2]"
COSCO,928,OK,OK,,"[1, 3, 4]"
COSCO,929,OK,OK,,"[1, 1]"
COSCO,930,OK,OK,,"[1, 1]"
COSCO,931,OK,OK,,[1]
COSCO,932,OK,OK,,[1]
COSCO,933,OK,OK,,"[1, 2, 2]"
COSCO,934,OK,OK,,"[1, 1, 1]"
COSCO,935,OK,OK,,"[1, 1, 1]"
COSCO,936,OK,OK,,"[1, 1, 1]"
COSCO,937,OK,OK,,"[1, 1, 1]"
COSCO,938,OK,OK,,"[1, 2, 2]"
COSCO,939,OK,OK,,"[1, 1]"
COSCO,940,OK,OK,,[1]
COSCO,941,OK,OK,,[1]
COSCO,942,OK,OK,,"[1, 1, 1]"
COSCO,943,OK,OK,,"[1, 1]"
COSCO,944,OK,OK,,"[1, 1, 1]"
COSCO,945,OK,OK,,"[1, 1]"
COSCO,946,OK,OK,,"[1, 1]"
COSCO,947,OK,OK,,"[1, 1, 1]"
COSCO,948,OK,OK,,"[1, 1]"
COSCO,949,OK,OK,,"[1, 1, 1]"
COSCO,950,OK,OK,,"[1, 1, 1]"
COSCO,951,OK,OK,,"[1, 3, 4]"
COSCO,952,OK,OK,,"[1, 3, 4]"
COSCO,953,OK,OK,,"[1, 1, 1]"
COSCO,954,OK,OK,,"[1, 3]"
COSCO,955,OK,OK,,"[1, 1]"
COSCO,956,OK,OK,,"[1, 3, 4]"
COSCO,957,OK,OK,,"[1, 3, 4]"
COSCO,958,OK,OK,,"[1, 3, 4]"
COSCO,959,OK,OK,,"[1, 3, 4]"
COSCO,960,OK,OK,,"[1, 3, 4]"
COSCO,961,OK,OK,,"[1, 3, 4]"
COSCO,962,OK,OK,,"[1, 1]"
COSCO,963,OK,OK,,"[1, 2, 2]"
COSCO,964,OK,OK,,"[1, 2, 2]"
COSCO,965,OK,OK,,"[1, 3, 4]"
COSCO,966,OK,OK,,"[1, 3, 4]"
COSCO,967,OK,OK,,"[1, 2, 2]"
COSCO,968,OK,OK,,"[1, 2, 2]"
COSCO,969,OK,OK,,"[1, 1]"
COSCO,970,OK,OK,,"[1, 2, 2]"
COSCO,971,OK,OK,,"[1, 2, 2]"
COSCO,972,OK,OK,,"[1, 1]"
COSCO,973,OK,OK,,"[1, 2, 2]"
COSCO,974,OK,OK,,"[1, 2, 2]"
COSCO,975,OK,OK,,"[1, 3, 4]"
COSCO,976,OK,OK,,"[1, 1]"
COSCO,977,OK,OK,,"[1, 2, 2]"
COSCO,978,OK,OK,,"[1, 3, 4]"
COSCO,979,OK,OK,,"[1, 2, 2]"
COSCO,980,OK,OK,,"[1, 1, 1]"
COSCO,981,OK,OK,,"[1, 1]"
COSCO,982,OK,OK,,"[1, 1, 1]"
COSCO,983,OK,OK,,"[1, 1, 1]"
COSCO,984,OK,OK,,"[1, 1]"
COSCO,985,OK,OK,,"[1, 2, 2]"
COSCO,986,OK,OK,,"[1, 2, 2]"
COSCO,987,OK,OK,,"[1, 2, 2]"
COSCO,988,OK,OK,,"[1, 2, 2]"
COSCO,989,OK,OK,,"[1, 1]"
COSCO,990,OK,OK,,"[1, 1]"
COSCO,991,OK,OK,,"[1, 2, 2]"
COSCO,992,OK,OK,,"[1, 3, 4]"
COSCO,993,OK,OK,,"[1, 2, 2]"
COSCO,994,OK,OK,,"[1, 3, 4]"
COSCO,995,OK,OK,,"[1, 1]"
COSCO,996,OK,OK,,"[1, 2]"
COSCO,997,OK,OK,,"[1, 1]"
COSCO,998,OK,OK,,"[1, 1]"
COSCO,999,OK,OK,,[1]
ONE,0,OK,OK,,"[1, 1, 2, 2, 3, 3, 3, 3, 3, 4, 4, 5, 5]"
ONE,1,OK,OK,,"[1, 1, 2, 2, 3, 3, 3, 3, 3, 4, 4, 5, 5]"
ONE,2,OK,OK,,"[1, 1, 2, 2, 3, 4, 4, 5, 5]"
ONE,3,OK,OK,,"[1, 1, 2, 2, 3, 4, 4, 5, 5]"
ONE,4,OK,OK,,"[1, 1, 2, 2, 3, 4, 4, 5, 5]"
ONE,5,OK,OK,,"[1, 1, 2, 2, 3, 4, 4, 5, 5]"
ONE,6,OK,OK,,"[1, 1, 2, 2, 3, 3, 3, 3, 3, 4, 4, 5, 5]"
ONE,7,OK,OK,,"[1, 1, 2, 2, 3, 4, 4, 5, 5]"
ONE,8,OK,OK,,"[1, 1, 2, 2, 3, 4, 4, 5, 5]"
ONE,9,OK,OK,,"[1, 1, 2, 2, 3, 4, 4, 5, 5, 5, 5, 5, 5]"
ONE,10,OK,OK,,"[1, 1, 2, 2, 3, 4, 4, 5, 5, 5, 5, 5, 5]"
ONE,11,OK,OK,,"[1, 1, 2, 2, 3, 3, 3, 3, 3, 4, 4, 5, 5]"
ONE,12,OK,OK,,"[1, 1, 2, 2, 3, 4, 4, 5, 5]"
ONE,13,OK,OK,,"[1, 1, 2, 2, 2, 2, 2, 2, 3, 3, 3, 3, 3, 4, 4, 5, 5]"
ONE,14,OK,OK,,"[1, 1, 2, 2, 3, 3, 3, 3, 3, 4, 4, 5, 5]"
ONE,15,OK,OK,,"[1, 1, 2, 2, 3, 4, 4, 5, 5]"
ONE,16,OK,OK,,"[1, 1, 2, 2, 3, 3, 3, 3, 3, 3, 3, 4, 4, 5, 5]"
ONE,17,OK,OK,,"[1, 1, 2, 2, 3, 4, 4, 5, 5, 5, 5, 5, 5]"
ONE,18,OK,OK,,"[1, 1, 2, 3, 3, 4, 4, 5, 5]"
ONE,19,OK,OK,,"[1, 1, 2, 2, 3, 3, 3, 3, 3, 3, 3, 3, 3, 3, 3, 4, 4, 5, 5]"
ONE,20,BAD_SEQUENCE,REVERSE,Уменьшение: 5 -> 4,"[1, 1, 2, 3, 3, 3, 3, 3, 3, 4, 5, 5, 4]"
ONE,21,OK,OK,,"[1, 1, 2, 2, 3, 4, 4, 5, 5]"
ONE,22,OK,OK,,"[1, 1, 2, 2, 3, 3, 3, 3, 3, 4, 4, 5, 5, 5, 5]"
ONE,23,OK,OK,,"[1, 1, 2, 3, 3, 3, 3, 3, 3, 4, 4, 5, 5, 5, 5, 5, 5]"
ONE,24,OK,OK,,"[1, 1, 2, 2, 3, 4, 4, 5, 5]"
ONE,25,OK,OK,,"[1, 1, 2, 2, 3, 4, 4, 5, 5, 5, 5, 5, 5]"
ONE,26,OK,OK,,"[1, 1, 2, 2, 3, 4, 4, 5, 5]"
ONE,27,OK,OK,,"[1, 1, 2, 2, 3, 4, 4, 5, 5, 5, 5, 5, 5]"
ONE,28,OK,OK,,"[1, 1, 2, 2, 3, 4, 4, 5, 5]"
ONE,29,OK,OK,,"[1, 1, 2, 2, 3, 3, 3, 3, 3, 4, 4, 5, 5]"
ONE,30,OK,OK,,"[1, 1, 2, 2, 3, 4, 4, 5, 5]"
ONE,31,OK,OK,,"[1, 1, 2, 2, 3, 4, 4, 5, 5]"
ONE,32,OK,OK,,"[1, 1, 2, 2, 3, 4, 4, 5, 5]"
ONE,33,OK,OK,,"[1, 1, 2, 2, 3, 4, 4, 5, 5]"
ONE,34,OK,OK,,"[1, 1, 2, 2, 3, 4, 4, 5, 5]"
ONE,35,OK,OK,,"[1, 1, 2, 2, 3, 4, 4, 5, 5]"
ONE,36,OK,OK,,"[1, 1, 2, 2, 3, 4, 4, 5, 5]"
ONE,37,OK,OK,,"[1, 1, 2, 2, 3, 4, 4, 5, 5, 5, 5, 5, 5]"
ONE,38,OK,OK,,"[1, 1, 2, 2, 3, 4, 4, 5, 5]"
ONE,39,OK,OK,,"[1, 1, 2, 2, 3, 4, 4, 5, 5]"
ONE,40,OK,OK,,"[1, 1, 2, 2, 3, 4, 4, 5, 5]"
ONE,41,OK,OK,,"[1, 1, 2, 2, 3, 4, 4, 5, 5]"
ONE,42,OK,OK,,"[1, 1, 2, 2, 3, 4, 4, 5, 5]"
ONE,43,OK,OK,,"[1, 1, 2, 2, 3, 4, 4, 5, 5]"
ONE,44,OK,OK,,"[1, 1, 2, 2, 3, 4, 4, 5, 5]"
ONE,45,OK,OK,,"[1, 1, 2, 2, 3, 4, 4, 5, 5]"
ONE,46,OK,OK,,"[1, 1, 2, 2, 3, 3, 3, 3, 3, 4, 4, 5, 5]"
ONE,47,OK,OK,,"[1, 1, 2, 2, 3, 4, 4, 5, 5]"
ONE,48,OK,OK,,"[1, 1, 2, 2, 3, 4, 4, 5, 5]"
ONE,49,OK,OK,,"[1, 1, 2, 2, 3, 4, 4, 5, 5, 5]"
ONE,50,OK,OK,,"[1, 1, 2, 2, 3, 4, 4, 5, 5]"
ONE,51,OK,OK,,"[1, 1, 2, 2, 3, 4, 4, 5, 5]"
ONE,52,OK,OK,,"[1, 1, 2, 2, 3, 4, 4, 5, 5]"
ONE,53,OK,OK,,"[1, 1, 2, 2, 3, 4, 4, 5, 5]"
ONE,54,OK,OK,,"[1, 1, 2, 2, 3, 4, 4, 5, 5]"
ONE,55,OK,OK,,"[1, 1, 2, 2, 3, 3, 3, 3, 3, 4, 4, 5, 5]"
ONE,56,OK,OK,,"[1, 1, 2, 2, 3, 3, 3, 3, 3, 4, 4, 5, 5]"
ONE,57,OK,OK,,"[1, 1, 2, 2, 3, 4, 4, 5, 5]"
ONE,58,OK,OK,,"[1, 1, 2, 2, 3, 4, 4, 5, 5]"
ONE,59,OK,OK,,"[1, 1, 2, 2, 3, 4, 4, 5, 5]"
ONE,60,OK,OK,,"[1, 1, 2, 2, 3, 4, 4, 5, 5]"
ONE,61,OK,OK,,"[1, 1, 2, 2, 3, 4, 4, 5, 5]"
ONE,62,OK,OK,,"[1, 1, 2, 2, 3, 4, 4, 5, 5]"
ONE,63,OK,OK,,"[1, 1, 2, 2, 3, 4, 4, 5, 5]"
ONE,64,OK,OK,,"[1, 1, 2, 2, 3, 4, 4, 5, 5]"
ONE,65,OK,OK,,"[1, 1, 2, 2, 3, 4, 4, 5, 5]"
ONE,66,OK,OK,,"[1, 1, 2, 2, 3, 4, 4, 5, 5]"
ONE,67,OK,OK,,"[1, 1, 2, 2, 3, 4, 4, 5, 5]"
ONE,68,OK,OK,,"[1, 1, 2, 2, 3, 4, 4, 5, 5]"
ONE,69,OK,OK,,"[1, 1, 2, 2, 3, 4, 4, 5, 5]"
ONE,70,OK,OK,,"[1, 1, 2, 2, 3, 4, 4, 5, 5]"
ONE,71,OK,OK,,"[1, 1, 2, 2, 3, 4, 4, 5, 5]"
ONE,72,OK,OK,,"[1, 1, 2, 2, 3, 4, 4, 5, 5]"
ONE,73,OK,OK,,"[1, 1, 2, 2, 3, 3, 3, 3, 3, 4, 4, 5, 5]"
ONE,74,OK,OK,,"[1, 1, 2, 2, 3, 4, 4, 5, 5]"
ONE,75,OK,OK,,"[1, 1, 2, 2, 3, 4, 4, 5, 5]"
ONE,76,OK,OK,,"[1, 1, 2, 2, 3, 4, 4, 5, 5]"
ONE,77,OK,OK,,"[1, 1, 2, 2, 3, 4, 4, 5, 5]"
ONE,78,OK,OK,,"[1, 1, 2, 2, 3, 4, 4, 5, 5]"
ONE,79,OK,OK,,"[1, 1, 2, 2, 3, 4, 4, 5, 5]"
ONE,80,OK,OK,,"[1, 1, 2, 2, 3, 4, 4, 5, 5]"
ONE,81,OK,OK,,"[1, 1, 2, 2, 3, 4, 4, 5, 5]"
ONE,82,OK,OK,,"[1, 1, 2, 2, 3, 3, 3, 3, 3, 3, 3, 4, 4, 3, 3, 3, 3, 3, 3]"
ONE,83,OK,OK,,"[1, 1, 2, 2, 3, 4, 4, 5, 5]"
ONE,84,OK,OK,,"[1, 1, 2, 2, 3, 3, 3, 3, 3, 3, 3, 3, 3, 4, 4, 5, 5]"
ONE,85,OK,OK,,"[1, 1, 2, 2, 3, 3, 3, 3, 3, 3, 3, 3, 3, 4, 4, 5, 5]"
ONE,86,OK,OK,,"[1, 1, 2, 2, 3, 4, 4, 5, 5]"
ONE,87,OK,OK,,"[1, 1, 2, 2, 3, 4, 4, 5, 5]"
ONE,88,OK,OK,,"[1, 1, 2, 2, 3, 4, 4, 5, 5]"
ONE,89,OK,OK,,"[1, 1, 2, 2, 3, 4, 4, 5, 5]"
ONE,90,OK,OK,,"[1, 1, 2, 2, 3, 4, 4, 5, 5]"
ONE,91,OK,OK,,"[1, 1, 2, 2, 3, 4, 4, 5, 5]"
ONE,92,OK,OK,,"[1, 1, 2, 2, 3, 4, 4, 5, 5]"
ONE,93,OK,OK,,"[1, 1, 2, 2, 3, 4, 4, 5, 5]"
ONE,94,OK,OK,,"[1, 1, 2, 2, 3, 4, 4, 5, 5]"
ONE,95,OK,OK,,"[1, 1, 2, 3, 3, 3, 3, 3, 3, 3, 3, 3, 3, 4, 4, 3, 3, 3, 3, 3, 3]"
ONE,96,OK,OK,,"[1, 1, 2, 2, 3, 4, 4, 5, 5]"
ONE,97,OK,OK,,"[1, 1, 2, 2, 3, 4, 4, 5, 5]"
ONE,98,OK,OK,,"[1, 1, 2, 3, 3, 3, 3, 3, 3, 3, 3, 3, 3, 3, 3, 4, 4, 5, 5]"
ONE,99,OK,OK,,"[1, 1, 2, 3, 3, 3, 3, 3, 3, 3, 3, 3, 3, 3, 3, 4, 4, 5, 5]"
ONE,100,OK,OK,,"[1, 1, 2, 2, 3, 4, 4, 5, 5]"
ONE,101,OK,OK,,"[1, 1, 2, 2, 3, 3, 3, 3, 3, 3, 3, 4, 4, 5, 5]"
ONE,102,OK,OK,,"[1, 1, 2, 2, 3, 3, 3, 3, 3, 4, 4, 5, 5]"
ONE,103,OK,OK,,"[1, 1, 2, 2, 3, 3, 3, 3, 3, 3, 3, 3, 3, 3, 3, 4, 4, 5, 5]"
ONE,104,OK,OK,,"[1, 1, 2, 2, 3, 4, 4, 5, 5, 5, 5, 5, 5]"
ONE,105,OK,OK,,"[1, 1, 2, 2, 3, 4, 4, 5, 5, 5, 5, 5, 5]"
ONE,106,OK,OK,,"[1, 1, 2, 2, 3, 3, 3, 3, 3, 4, 4, 5, 5]"
ONE,107,OK,OK,,"[1, 1, 2, 2, 3, 3, 3, 3, 3, 4, 4, 5, 5]"
ONE,108,OK,OK,,"[1, 1, 2, 2, 3, 4, 4, 5, 5]"
ONE,109,OK,OK,,"[1, 1, 2, 2, 3, 4, 4, 5, 5]"
ONE,110,OK,OK,,"[1, 1, 2, 2, 3, 4, 4, 5, 5]"
ONE,111,OK,OK,,"[1, 1, 2, 2, 3, 4, 4, 5, 5]"
ONE,112,OK,OK,,"[1, 1, 2, 2, 3, 4, 4, 5, 5, 5, 5, 5, 5]"
ONE,113,OK,OK,,"[1, 1, 2, 3, 3, 4, 4, 5, 5]"
ONE,114,OK,OK,,"[1, 1, 2, 2, 3, 4, 4, 5, 5]"
ONE,115,OK,OK,,"[1, 1, 2, 2, 3, 4, 4, 5, 5, 5, 5, 5, 5]"
ONE,116,OK,OK,,"[1, 1, 2, 2, 3, 4, 4, 5, 5, 5, 5, 5, 5]"
ONE,117,OK,OK,,"[1, 1, 2, 2, 3, 4, 4, 5, 5]"
ONE,118,OK,OK,,"[1, 1, 2, 3, 3, 3, 3, 3, 3, 4, 4, 5, 5, 5, 5, 5, 5]"
ONE,119,BAD_SEQUENCE,REVERSE,Уменьшение: 5 -> 4,"[1, 1, 2, 3, 3, 3, 3, 3, 3, 4, 5, 5, 4]"
ONE,120,OK,OK,,"[1, 1, 2, 2, 3, 4, 4, 5, 5]"
ONE,121,OK,OK,,"[1, 1, 2, 2, 3, 3, 3, 3, 3, 4, 4, 5, 5, 5, 5]"
ONE,122,OK,OK,,"[1, 1, 2, 2, 3, 4, 4, 5, 5]"
ONE,123,OK,OK,,"[1, 1, 2, 2, 3, 4, 4, 5, 5]"
ONE,124,OK,OK,,"[1, 1, 2, 2, 3, 4, 4, 5, 5]"
ONE,125,OK,OK,,"[1, 1, 2, 2, 3, 4, 4, 5, 5]"
ONE,126,OK,OK,,"[1, 1, 2, 2, 3, 4, 4, 5, 5]"
ONE,127,OK,OK,,"[1, 1, 2, 2, 3, 4, 4, 5, 5]"
ONE,128,OK,OK,,"[1, 1, 2, 3, 3, 3, 3, 3, 3, 4, 4, 5, 5]"
ONE,129,OK,OK,,"[1, 1, 2, 2, 3, 3, 3, 3, 3, 4, 4, 5, 5]"
ONE,130,OK,OK,,"[1, 1, 2, 3, 3, 3, 3, 3, 3, 4, 4, 5, 5]"
ONE,131,OK,OK,,"[1, 1, 2, 3, 3, 3, 3, 3, 3, 4, 4, 5, 5]"
ONE,132,OK,OK,,"[1, 1, 2, 3, 3, 3, 3, 3, 3, 4, 4, 5, 5]"
ONE,133,OK,OK,,"[1, 1, 2, 3, 3, 3, 3, 3, 3, 4, 4, 5, 5]"
ONE,134,OK,OK,,"[1, 1, 2, 2, 3, 3, 3, 3, 3, 4, 4, 5, 5]"
ONE,135,BAD_SEQUENCE,REVERSE,Уменьшение: 5 -> 4,"[1, 1, 2, 2, 2, 2, 2, 2, 3, 4, 5, 5, 4]"
ONE,136,OK,OK,,"[1, 1, 2, 2, 3, 3, 3, 3, 3, 3, 3, 3, 3, 3, 3, 3, 3, 3, 3, 3, 3, 4, 4, 5, 5]"
ONE,137,OK,OK,,"[1, 1, 2, 2, 3, 3, 3, 3, 3, 4, 4, 5, 5, 5, 5, 5, 5]"
ONE,138,OK,OK,,"[1, 1, 2, 2, 3, 3, 3, 3, 3, 3, 3, 4, 4, 5, 5]"
ONE,139,OK,OK,,"[1, 1, 2, 2, 3, 3, 3, 3, 3, 4, 4, 5, 5]"
ONE,140,OK,OK,,"[1, 1, 2, 2, 3, 4, 4, 5, 5]"
ONE,141,OK,OK,,"[1, 1, 2, 2, 3, 4, 4, 5, 5, 5, 5, 5, 5, 5]"
ONE,142,OK,OK,,"[1, 1, 2, 2, 3, 4, 4, 5, 5]"
ONE,143,OK,OK,,"[1, 1, 1, 2, 3, 3, 3, 3, 3, 3, 4, 4, 5, 5]"
ONE,144,OK,OK,,"[1, 1, 2, 2, 3, 3, 3, 3, 3, 4, 4, 3, 3, 3, 3, 3, 3]"
ONE,145,OK,OK,,"[1, 1, 2, 2, 3, 3, 3, 3, 3, 4, 4, 5, 5]"
ONE,146,OK,OK,,"[1, 1, 2, 2, 3, 4, 4, 5, 5]"
ONE,147,OK,OK,,"[1, 1, 2, 2, 3, 3, 3, 3, 3, 4, 4, 5, 5]"
ONE,148,OK,OK,,"[1, 1, 2, 2, 3, 4, 4, 5, 5, 5]"
ONE,149,OK,OK,,"[1, 1, 1, 2, 2, 2, 2, 2, 2, 2, 2, 3, 3, 3, 3, 3, 4, 4, 5, 5]"
ONE,150,OK,OK,,"[1, 1, 2, 2, 3, 4, 4, 5, 5]"
ONE,151,OK,OK,,"[1, 1, 2, 2, 3, 4, 4, 5, 5]"
ONE,152,OK,OK,,"[1, 1, 2, 2, 3, 3, 3, 3, 3, 4, 4, 5, 5, 5]"
ONE,153,OK,OK,,"[1, 1, 2, 2, 3, 4, 4, 5, 5]"
ONE,154,OK,OK,,"[1, 1, 2, 2, 3, 4, 4, 5, 5]"
ONE,155,OK,OK,,"[1, 1, 2, 2, 3, 4, 4, 5, 5]"
ONE,156,OK,OK,,"[1, 1, 2, 2, 3, 4, 4, 5, 5]"
ONE,157,OK,OK,,"[1, 1, 2, 2, 3, 3, 3, 3, 3, 4, 4, 5, 5]"
ONE,158,OK,OK,,"[1, 1, 2, 2, 3, 3, 3, 3, 3, 4, 4, 5, 5, 5]"
ONE,159,OK,OK,,"[1, 1, 2, 2, 3, 3, 3, 3, 3, 4, 4, 5, 5, 5]"
ONE,160,OK,OK,,"[1, 1, 2, 2, 3, 3, 3, 3, 3, 3, 3, 3, 3, 4, 4, 5, 5]"
ONE,161,OK,OK,,"[1, 1, 2, 2, 3, 3, 3, 3, 3, 4, 4, 5, 5]"
ONE,162,OK,OK,,"[1, 1, 2, 2, 3, 3, 3, 3, 3, 4, 4, 5, 5]"
ONE,163,OK,OK,,"[1, 1, 2, 2, 2, 2, 2, 2, 3, 3, 3, 3, 3, 4, 4, 5, 5]"
ONE,164,OK,OK,,"[1, 1, 2, 2, 3, 4, 4, 5, 5]"
ONE,165,OK,OK,,"[1, 1, 2, 2, 3, 3, 3, 3, 3, 4, 4, 5, 5]"
ONE,166,OK,OK,,"[1, 1, 2, 2, 3, 4, 4, 5, 5]"
ONE,167,OK,OK,,"[1, 1, 2, 2, 3, 3, 3, 3, 3, 4, 4, 5, 5]"
ONE,168,OK,OK,,"[1, 1, 2, 2, 3, 3, 3, 3, 3, 4, 4, 5, 5]"
ONE,169,OK,OK,,"[1, 1, 2, 2, 3, 4, 4, 5, 5]"
ONE,170,OK,OK,,"[1, 1, 2, 2, 3, 3, 3, 3, 3, 4, 4, 5, 5]"
ONE,171,OK,OK,,"[1, 1, 2, 3, 3, 4, 4, 5, 5]"
ONE,172,OK,OK,,"[1, 1, 2, 2, 3, 3, 3, 3, 3, 4, 4, 5, 5, 5, 5]"
ONE,173,OK,OK,,"[1, 1, 2, 2, 3, 3, 3, 3, 3, 4, 4, 5, 5]"
ONE,174,OK,OK,,"[1, 1, 2, 2, 3, 4, 4, 5, 5]"
ONE,175,OK,OK,,"[1, 1, 2, 2, 2, 2, 2, 2, 3, 3, 3, 3, 3, 4, 4, 5, 5]"
ONE,176,OK,OK,,"[1, 1, 2, 2, 3, 4, 4, 5, 5]"
ONE,177,OK,OK,,"[1, 1, 2, 2, 3, 3, 3, 3, 3, 4, 4, 5, 5]"
ONE,178,OK,OK,,"[1, 1, 2, 2, 3, 4, 4, 5, 5]"
ONE,179,OK,OK,,"[1, 1, 2, 2, 3, 4, 4, 5, 5]"
ONE,180,OK,OK,,"[1, 1, 2, 2, 3, 3, 3, 3, 3, 4, 4, 5, 5]"
ONE,181,OK,OK,,"[1, 1, 2, 2, 3, 3, 3, 3, 3, 4, 4, 5, 5]"
ONE,182,OK,OK,,"[1, 1, 2, 2, 3, 4, 4, 5, 5]"
ONE,183,OK,OK,,"[1, 1, 2, 2, 3, 4, 4, 5, 5, 5, 5, 5, 5, 5]"
ONE,184,OK,OK,,"[1, 1, 2, 2, 3, 4, 4, 5, 5]"
ONE,185,OK,OK,,"[1, 1, 2, 3, 3, 3, 3, 3, 3, 3, 3, 3, 3, 3, 3, 3, 3, 4, 4, 5, 5]"
ONE,186,OK,OK,,"[1, 1, 2, 2, 3, 4, 4, 5, 5]"
ONE,187,OK,OK,,"[1, 1, 2, 2, 3, 4, 4, 5, 5]"
ONE,188,OK,OK,,"[1, 1, 2, 2, 2, 2, 2, 2, 3, 4, 4, 5, 5]"
ONE,189,OK,OK,,"[1, 1, 2, 2, 3, 4, 4, 5, 5, 5, 5, 5, 5, 5]"
ONE,190,OK,OK,,"[1, 1, 2, 2, 3, 4, 4, 5, 5]"
ONE,191,OK,OK,,"[1, 1, 2, 2, 3, 4, 4, 5, 5]"
ONE,192,OK,OK,,"[1, 1, 2, 2, 3, 4, 4, 3, 3, 3, 3, 3, 3, 3]"
ONE,193,OK,OK,,"[1, 1, 2, 2, 3, 4, 4, 5, 5]"
ONE,194,OK,OK,,"[1, 1, 2, 2, 3, 4, 4, 5, 5]"
ONE,195,OK,OK,,"[1, 1, 2, 2, 3, 4, 4, 5, 5]"
ONE,196,OK,OK,,"[1, 1, 2, 2, 3, 4, 4, 5, 5]"
ONE,197,OK,OK,,"[1, 1, 2, 2, 3, 4, 4, 5, 5]"
ONE,198,OK,OK,,"[1, 1, 2, 2, 2, 2, 3, 3, 3, 3, 3, 4, 4, 5, 5]"
ONE,199,OK,OK,,"[1, 1, 2, 2, 3, 4, 4, 5, 5]"
ONE,200,OK,OK,,"[1, 1, 2, 2, 3, 4, 4, 5, 5]"
ONE,201,OK,OK,,"[1, 1, 2, 3, 3, 3, 3, 3, 3, 4, 4, 5, 5]"
ONE,202,OK,OK,,"[1, 1, 2, 3, 3, 3, 3, 3, 3, 4, 4, 5, 5]"
ONE,203,OK,OK,,"[1, 1, 2, 3, 3, 3, 3, 3, 3, 4, 4, 5, 5]"
ONE,204,OK,OK,,"[1, 1, 2, 3, 3, 3, 3, 3, 3, 4, 4, 5, 5]"
ONE,205,OK,OK,,"[1, 1, 2, 3, 3, 3, 3, 3, 3, 4, 4, 5, 5]"
ONE,206,OK,OK,,"[1, 1, 2, 3, 3, 3, 3, 3, 3, 4, 4, 5, 5]"
ONE,207,OK,OK,,"[1, 1, 2, 3, 3, 3, 3, 3, 3, 4, 4, 5, 5]"
ONE,208,OK,OK,,"[1, 1, 2, 3, 3, 3, 3, 3, 3, 4, 4, 5, 5]"
ONE,209,OK,OK,,"[1, 1, 2, 3, 3, 3, 3, 3, 3, 4, 4, 5, 5]"
ONE,210,OK,OK,,"[1, 1, 2, 2, 3, 4, 4, 5, 5]"
ONE,211,OK,OK,,"[1, 1, 2, 3, 3, 3, 3, 3, 3, 4, 4, 5, 5]"
ONE,212,OK,OK,,"[1, 1, 2, 3, 3, 3, 3, 3, 3, 3, 3, 3, 3, 4, 4, 5, 5]"
ONE,213,OK,OK,,"[1, 1, 2, 2, 3, 4, 4, 5, 5]"
ONE,214,OK,OK,,"[1, 1, 2, 3, 3, 3, 3, 3, 3, 4, 4, 5, 5]"
ONE,215,OK,OK,,"[1, 1, 2, 3, 3, 3, 3, 3, 3, 4, 4, 5, 5]"
ONE,216,OK,OK,,"[1, 1, 2, 3, 3, 3, 3, 3, 3, 4, 4, 5, 5]"
ONE,217,OK,OK,,"[1, 1, 2, 3, 3, 3, 3, 3, 3, 4, 4, 5, 5]"
ONE,218,OK,OK,,"[1, 1, 2, 2, 3, 4, 4, 5, 5]"
ONE,219,OK,OK,,"[1, 1, 2, 3, 3, 3, 3, 3, 3, 3, 3, 3, 3, 4, 4, 5, 5]"
ONE,220,OK,OK,,"[1, 1, 2, 3, 3, 3, 3, 3, 3, 4, 4, 5, 5]"
ONE,221,OK,OK,,"[1, 1, 2, 3, 3, 3, 3, 3, 3, 4, 4, 5, 5]"
ONE,222,OK,OK,,"[1, 1, 2, 2, 3, 4, 4, 5, 5]"
ONE,223,OK,OK,,"[1, 1, 2, 2, 3, 3, 3, 3, 3, 3, 3, 4, 4, 5, 5]"
ONE,224,OK,OK,,"[1, 1, 2, 2, 3, 3, 3, 3, 3, 4, 4, 5, 5]"
ONE,225,OK,OK,,"[1, 1, 2, 3, 3, 3, 3, 3, 3, 4, 4, 5, 5]"
ONE,226,OK,OK,,"[1, 1, 2, 3, 3, 3, 3, 3, 3, 4, 4, 5, 5]"
ONE,227,OK,OK,,"[1, 1, 2, 2, 3, 4, 4, 5, 5]"
ONE,228,OK,OK,,"[1, 1, 2, 2, 3, 4, 4, 5, 5]"
ONE,229,OK,OK,,"[1, 1, 2, 2, 3, 3, 3, 3, 3, 4, 4, 5, 5, 5, 5, 5, 5]"
ONE,230,OK,OK,,"[1, 1, 2, 2, 3, 3, 3, 3, 3, 4, 4, 5, 5]"
ONE,231,OK,OK,,"[1, 1, 2, 2, 3, 4, 4, 5, 5]"
ONE,232,OK,OK,,"[1, 1, 2, 2, 3, 4, 4, 5, 5, 5]"
ONE,233,OK,OK,,"[1, 1, 2, 2, 3, 4, 4, 5, 5]"
ONE,234,OK,OK,,"[1, 1, 2, 2, 3, 4, 4, 5, 5]"
ONE,235,OK,OK,,"[1, 1, 2, 2, 3, 4, 4, 5, 5]"
ONE,236,OK,OK,,"[1, 1, 2, 2, 3, 4, 4, 5, 5]"
ONE,237,OK,OK,,"[1, 1, 2, 2, 3, 4, 4, 5, 5]"
ONE,238,OK,OK,,"[1, 1, 2, 2, 3, 4, 4, 5, 5]"
ONE,239,OK,OK,,"[1, 1, 2, 2, 3, 4, 4, 5, 5]"
ONE,240,OK,OK,,"[1, 1, 2, 2, 3, 4, 4, 5, 5]"
ONE,241,OK,OK,,"[1, 1, 2, 2, 3, 4, 4, 5, 5]"
ONE,242,OK,OK,,"[1, 1, 2, 2, 3, 3, 3, 3, 3, 3, 3, 4, 4, 5, 5]"
ONE,243,OK,OK,,"[1, 1, 2, 2, 3, 4, 4, 5, 5]"
ONE,244,OK,OK,,"[1, 1, 2, 2, 3, 4, 4, 5, 5]"
ONE,245,OK,OK,,"[1, 1, 2, 2, 3, 4, 4, 5, 5]"
ONE,246,OK,OK,,"[1, 1, 2, 2, 3, 4, 4, 5, 5]"
ONE,247,OK,OK,,"[1, 1, 2, 2, 3, 4, 4, 5, 5]"
ONE,248,OK,OK,,"[1, 1, 2, 2, 3, 4, 4, 5, 5, 5]"
ONE,249,OK,OK,,"[1, 1, 2, 2, 3, 4, 4, 5, 5, 5]"
ONE,250,OK,OK,,"[1, 1, 2, 2, 3, 4, 4, 5, 5, 5, 5, 5, 5, 5, 5, 5, 5, 5, 5]"
ONE,251,OK,OK,,"[1, 1, 2, 2, 3, 4, 4, 5, 5]"
ONE,252,OK,OK,,"[1, 1, 2, 2, 3, 3, 3, 3, 3, 4, 4, 5, 5]"
ONE,253,OK,OK,,"[1, 1, 2, 2, 3, 3, 3, 3, 3, 4, 4, 5, 5]"
ONE,254,OK,OK,,"[1, 1, 2, 3, 3, 4, 4, 5, 5, 5]"
ONE,255,OK,OK,,"[1, 1, 2, 3, 3, 4, 4, 5, 5, 5]"
ONE,256,OK,OK,,"[1, 1, 2, 2, 3, 3, 3, 3, 3, 3, 3, 3, 3, 4, 4, 5, 5]"
ONE,257,OK,OK,,"[1, 1, 2, 2, 3, 4, 4, 5, 5, 5]"
ONE,258,OK,OK,,"[1, 1, 2, 2, 3, 4, 4, 5, 5]"
ONE,259,OK,OK,,"[1, 1, 2, 2, 3, 4, 4, 5, 5]"
ONE,260,OK,OK,,"[1, 1, 2, 2, 3, 4, 4, 5, 5]"
ONE,261,OK,OK,,"[1, 1, 2, 2, 2, 2, 2, 2, 3, 3, 3, 3, 3, 4, 4, 5, 5]"
ONE,262,OK,OK,,"[1, 1, 2, 2, 2, 2, 3, 4, 4, 5, 5]"
ONE,263,OK,OK,,"[1, 1, 2, 2, 3, 4, 4, 5, 5]"
ONE,264,OK,OK,,"[1, 1, 2, 2, 3, 4, 4, 5, 5]"
ONE,265,OK,OK,,"[1, 1, 2, 2, 3, 3, 3, 3, 3, 4, 4, 5, 5]"
ONE,266,OK,OK,,"[1, 1, 2, 2, 2, 2, 2, 2, 3, 3, 3, 3, 3, 3, 3, 3, 3, 3, 3, 3, 3, 3, 3, 4, 4, 5, 5]"
ONE,267,OK,OK,,"[1, 1, 2, 2, 3, 3, 3, 3, 3, 4, 4, 5, 5]"
ONE,268,OK,OK,,"[1, 1, 2, 2, 3, 3, 3, 3, 3, 4, 4, 5, 5]"
ONE,269,OK,OK,,"[1, 1, 2, 2, 2, 2, 2, 2, 3, 4, 4, 5, 5, 5, 5, 5, 5, 5]"
ONE,270,OK,OK,,"[1, 1, 2, 2, 3, 3, 3, 3, 3, 4, 4, 5, 5]"
ONE,271,OK,OK,,"[1, 1, 2, 2, 3, 4, 4, 5, 5]"
ONE,272,OK,OK,,"[1, 1, 2, 2, 3, 3, 3, 3, 3, 4, 4, 5, 5]"
ONE,273,OK,OK,,"[1, 1, 2, 2, 3, 3, 3, 3, 3, 4, 4, 5, 5]"
ONE,274,OK,OK,,"[1, 1, 2, 2, 3, 3, 3, 3, 3, 4, 4, 5, 5]"
ONE,275,OK,OK,,"[1, 1, 2, 2, 3, 4, 4, 5, 5, 5, 5, 5, 5]"
ONE,276,OK,OK,,"[1, 1, 2, 2, 3, 4, 4, 5, 5]"
ONE,277,OK,OK,,"[1, 1, 2, 2, 3, 4, 4, 5, 5, 5, 5, 5, 5]"
ONE,278,OK,OK,,"[1, 1, 2, 2, 3, 3, 3, 3, 3, 4, 4, 5, 5]"
ONE,279,OK,OK,,"[1, 1, 2, 2, 3, 4, 4, 5, 5]"
ONE,280,OK,OK,,"[1, 1, 2, 2, 3, 4, 4, 5, 5]"
ONE,281,OK,OK,,"[1, 1, 2, 2, 3, 4, 4, 5, 5]"
ONE,282,OK,OK,,"[1, 1, 2, 2, 3, 3, 3, 3, 3, 4, 4, 5, 5]"
ONE,283,OK,OK,,"[1, 1, 2, 2, 3, 4, 4, 5, 5]"
ONE,284,OK,OK,,"[1, 1, 2, 2, 3, 4, 4, 5, 5]"
ONE,285,OK,OK,,"[1, 1, 2, 2, 3, 4, 4, 5, 5]"
ONE,286,OK,OK,,"[1, 1, 2, 2, 3, 4, 4, 5, 5]"
ONE,287,OK,OK,,"[1, 1, 2, 2, 3, 3, 3, 3, 3, 4, 4, 5, 5]"
ONE,288,OK,OK,,"[1, 1, 2, 2, 3, 3, 3, 3, 3, 4, 4, 5, 5]"
ONE,289,OK,OK,,"[1, 1, 2, 2, 3, 4, 4, 5, 5]"
ONE,290,OK,OK,,"[1, 1, 2, 2, 3, 4, 4, 5, 5, 5, 5, 5, 5, 5, 5, 5, 5, 5, 5]"
ONE,291,OK,OK,,"[1, 1, 2, 2, 2, 2, 3, 3, 3, 3, 3, 4, 4, 5, 5]"
ONE,292,OK,OK,,"[1, 1, 2, 2, 3, 3, 3, 3, 3, 4, 4, 5, 5]"
ONE,293,OK,OK,,"[1, 1, 2, 2, 3, 4, 4, 5, 5]"
ONE,294,OK,OK,,"[1, 1, 2, 2, 2, 2, 2, 2, 3, 4, 4, 5, 5]"
ONE,295,OK,OK,,"[1, 1, 2, 2, 3, 4, 4, 5, 5]"
ONE,296,OK,OK,,"[1, 1, 2, 2, 2, 2, 2, 2, 3, 3, 3, 3, 3, 4, 4, 5, 5]"
ONE,297,OK,OK,,"[1, 1, 2, 2, 3, 4, 4, 5, 5, 5]"
ONE,298,OK,OK,,"[1, 1, 2, 2, 3, 4, 4, 5, 5]"
ONE,299,OK,OK,,"[1, 1, 2, 2, 3, 3, 3, 3, 3, 4, 4, 5, 5]"
ONE,300,OK,OK,,"[1, 1, 2, 2, 3, 3, 3, 3, 3, 4, 4, 5, 5]"
ONE,301,OK,OK,,"[1, 1, 2, 2, 3, 4, 4, 5, 5]"
ONE,302,OK,OK,,"[1, 1, 2, 2, 3, 4, 4, 5, 5]"
ONE,303,OK,OK,,"[1, 1, 2, 2, 3, 4, 4, 5, 5]"
ONE,304,OK,OK,,"[1, 1, 2, 2, 3, 4, 4, 5, 5, 5, 5, 5, 5, 5]"
ONE,305,OK,OK,,"[1, 1, 2, 2, 3, 4, 4, 5, 5]"
ONE,306,OK,OK,,"[1, 1, 2, 2, 3, 4, 4, 5, 5]"
ONE,307,OK,OK,,"[1, 1, 2, 2, 3, 4, 4, 5, 5]"
ONE,308,OK,OK,,"[1, 1, 2, 2, 3, 4, 4, 5, 5]"
ONE,309,OK,OK,,"[1, 1, 2, 2, 3, 3, 3, 3, 3, 3, 3, 4, 4, 5, 5]"
ONE,310,OK,OK,,"[1, 1, 2, 2, 3, 4, 4, 5, 5, 5, 5, 5, 5]"
ONE,311,OK,OK,,"[1, 1, 2, 2, 3, 4, 4, 5, 5]"
ONE,312,OK,OK,,"[1, 1, 2, 2, 3, 3, 3, 3, 3, 3, 3, 4, 4, 5, 5]"
ONE,313,OK,OK,,"[1, 1, 2, 2, 3, 4, 4, 5, 5]"
ONE,314,OK,OK,,"[1, 1, 2, 2, 3, 4, 4, 5, 5]"
ONE,315,OK,OK,,"[1, 1, 2, 3, 3, 3, 3, 3, 3, 4, 4, 5, 5]"
ONE,316,OK,OK,,"[1, 1, 2, 2, 3, 4, 4, 5, 5]"
ONE,317,OK,OK,,"[1, 1, 2, 2, 3, 3, 3, 3, 3, 3, 3, 4, 4, 5, 5]"
ONE,318,OK,OK,,"[1, 1, 2, 3, 3, 3, 3, 3, 3, 4, 4, 5, 5, 5, 5, 5, 5]"
ONE,319,OK,OK,,"[1, 1, 2, 2, 3, 3, 3, 3, 3, 4, 4, 5, 5]"
ONE,320,OK,OK,,"[1, 1, 2, 2, 3, 4, 4, 5, 5, 5, 5, 5, 5, 5, 5, 5, 5]"
ONE,321,OK,OK,,"[1, 1, 2, 2, 3, 3, 3, 3, 3, 4, 4, 5, 5, 5, 5, 5, 5]"
ONE,322,OK,OK,,"[1, 1, 2, 2, 3, 3, 3, 3, 3, 4, 4, 5, 5]"
ONE,323,OK,OK,,"[1, 1, 2, 2, 3, 3, 3, 3, 3, 3, 3, 3, 3, 3, 3, 4, 4, 5, 5]"
ONE,324,OK,OK,,"[1, 1, 2, 2, 3, 3, 3, 3, 3, 4, 4, 5, 5]"
ONE,325,OK,OK,,"[1, 1, 2, 2, 3, 3, 3, 3, 3, 4, 4, 5, 5]"
ONE,326,OK,OK,,"[1, 1, 2, 2, 3, 4, 4, 5, 5]"
ONE,327,OK,OK,,"[1, 1, 2, 3, 3, 4, 4, 5, 5]"
ONE,328,OK,OK,,"[1, 1, 2, 2, 2, 2, 2, 2, 3, 3, 3, 3, 3, 4, 4, 5, 5]"
ONE,329,OK,OK,,"[1, 1, 2, 2, 3, 4, 4, 5, 5]"
ONE,330,OK,OK,,"[1, 1, 2, 2, 3, 3, 3, 3, 3, 4, 4, 5, 5, 5, 5]"
ONE,331,OK,OK,,"[1, 1, 2, 2, 3, 4, 4, 5, 5]"
ONE,332,OK,OK,,"[1, 1, 2, 2, 3, 4, 4, 5, 5]"
ONE,333,OK,OK,,"[1, 1, 2, 2, 3, 3, 3, 3, 3, 4, 4, 5, 5]"
ONE,334,OK,OK,,"[1, 1, 2, 2, 3, 3, 3, 3, 3, 4, 4, 5, 5]"
ONE,335,OK,OK,,"[1, 1, 2, 2, 3, 3, 3, 3, 3, 4, 4, 5, 5]"
ONE,336,OK,OK,,"[1, 1, 2, 2, 2, 2, 2, 2, 3, 3, 3, 3, 3, 4, 4, 5, 5]"
ONE,337,OK,OK,,"[1, 1, 2, 2, 3, 3, 3, 3, 3, 4, 4, 5, 5]"
ONE,338,OK,OK,,"[1, 1, 2, 2, 3, 3, 3, 3, 3, 4, 4, 5, 5]"
ONE,339,OK,OK,,"[1, 1, 2, 2, 3, 4, 4, 5, 5, 5, 5, 5, 5]"
ONE,340,OK,OK,,"[1, 1, 2, 2, 3, 4, 4, 5, 5]"
ONE,341,OK,OK,,"[1, 1, 2, 2, 3, 4, 4, 5, 5]"
ONE,342,OK,OK,,"[1, 1, 2, 2, 3, 4, 4, 5, 5]"
ONE,343,OK,OK,,"[1, 1, 2, 2, 3, 4, 4, 3, 3, 3, 3, 3, 3]"
ONE,344,OK,OK,,"[1, 1, 2, 2, 3, 3, 3, 3, 3, 4, 4, 5, 5]"
ONE,345,OK,OK,,"[1, 1, 1, 2, 2, 3, 4, 4, 5, 5]"
ONE,346,OK,OK,,"[1, 1, 2, 2, 3, 3, 3, 3, 3, 3, 3, 3, 3, 3, 3, 4, 4, 5, 5]"
ONE,347,BAD_SEQUENCE,REVERSE,Уменьшение: 5 -> 4,"[1, 1, 2, 2, 3, 3, 3, 3, 3, 4, 5, 5, 4]"
ONE,348,OK,OK,,"[1, 1, 2, 2, 3, 4, 4, 5, 5, 5, 5, 5, 5]"
ONE,349,OK,OK,,"[1, 1, 2, 2, 2, 2, 2, 2, 3, 4, 4, 5, 5]"
ONE,350,OK,OK,,"[1, 1, 2, 2, 3, 4, 4, 5, 5]"
ONE,351,OK,OK,,"[1, 1, 2, 2, 3, 3, 3, 3, 3, 4, 4, 5, 5]"
ONE,352,OK,OK,,"[1, 1, 2, 3, 3, 3, 3, 3, 3, 3, 3, 3, 3, 4, 4, 5, 5]"
ONE,353,OK,OK,,"[1, 1, 2, 2, 3, 4, 4, 5, 5]"
ONE,354,OK,OK,,"[1, 1, 2, 2, 3, 4, 4, 5, 5, 5, 5, 5, 5]"
ONE,355,OK,OK,,"[1, 1, 2, 2, 3, 4, 4, 5, 5]"
ONE,356,OK,OK,,"[1, 1, 1, 2, 2, 3, 3, 3, 3, 3, 4, 4, 5, 5, 5, 5, 5, 5]"
ONE,357,OK,OK,,"[1, 1, 2, 2, 3, 4, 4, 5, 5, 5, 5, 5, 5]"
ONE,358,OK,OK,,"[1, 1, 2, 2, 3, 4, 4, 5, 5]"
ONE,359,OK,OK,,"[1, 1, 2, 2, 3, 4, 4, 5, 5, 5]"
ONE,360,OK,OK,,"[1, 1, 2, 2, 3, 4, 4, 5, 5, 5]"
ONE,361,OK,OK,,"[1, 1, 2, 2, 3, 4, 4, 5, 5, 5]"
ONE,362,OK,OK,,"[1, 1, 2, 2, 3, 4, 4, 5, 5, 5]"
ONE,363,OK,OK,,"[1, 1, 2, 2, 2, 2, 2, 2, 2, 2, 3, 4, 4, 5, 5, 5]"
ONE,364,OK,OK,,"[1, 1, 2, 2, 2, 2, 2, 2, 2, 2, 3, 4, 4, 5, 5, 5]"
ONE,365,OK,OK,,"[1, 1, 2, 2, 3, 3, 3, 3, 3, 4, 4, 5, 5]"
ONE,366,OK,OK,,"[1, 1, 2, 2, 3, 3, 3, 3, 3, 3, 3, 4, 4, 5, 5, 5]"
ONE,367,OK,OK,,"[1, 1, 2, 2, 3, 4, 4, 5, 5, 5]"
ONE,368,OK,OK,,"[1, 1, 2, 2, 3, 4, 4, 5, 5, 5]"
ONE,369,OK,OK,,"[1, 1, 2, 2, 3, 4, 4, 5, 5, 5]"
ONE,370,OK,OK,,"[1, 1, 2, 2, 3, 4, 4, 5, 5, 5]"
ONE,371,OK,OK,,"[1, 1, 2, 2, 3, 4, 4, 5, 5, 5]"
ONE,372,OK,OK,,"[1, 1, 2, 2, 3, 4, 4, 5, 5, 5]"
ONE,373,OK,OK,,"[1, 1, 1, 2, 2, 3, 4, 4, 5, 5, 5]"
ONE,374,OK,OK,,"[1, 1, 1, 2, 2, 3, 4, 4, 5, 5, 5]"
ONE,375,OK,OK,,"[1, 1, 2, 2, 2, 2, 2, 2, 2, 2, 3, 4, 4, 5, 5, 5]"
ONE,376,OK,OK,,"[1, 1, 1, 2, 2, 3, 4, 4, 5, 5, 5]"
ONE,377,OK,OK,,"[1, 1, 2, 2, 2, 3, 4, 4, 5, 5, 5]"
ONE,378,OK,OK,,"[1, 1, 2, 2, 2, 2, 2, 2, 2, 2, 3, 4, 4, 5, 5, 5]"
ONE,379,OK,OK,,"[1, 1, 2, 2, 2, 2, 2, 2, 2, 2, 3, 4, 4, 5, 5, 5]"
ONE,380,OK,OK,,"[1, 1, 2, 2, 3, 4, 4, 5, 5, 5]"
ONE,381,OK,OK,,"[1, 1, 2, 2, 3, 4, 4, 5, 5, 5]"
ONE,382,OK,OK,,"[1, 1, 2, 2, 3, 3, 3, 3, 3, 3, 3, 4, 4, 5, 5, 5]"
ONE,383,OK,OK,,"[1, 1, 2, 2, 3, 3, 3, 3, 3, 4, 4, 5, 5]"
ONE,384,OK,OK,,"[1, 1, 2, 2, 3, 4, 4, 5, 5]"
ONE,385,OK,OK,,"[1, 1, 2, 2, 3, 4, 4, 5, 5]"
ONE,386,OK,OK,,"[1, 1, 2, 2, 3, 4, 4, 5, 5, 5, 5, 5, 5]"
ONE,387,OK,OK,,"[1, 1, 2, 2, 3, 3, 3, 3, 3, 4, 4, 5, 5]"
ONE,388,OK,OK,,"[1, 1, 2, 2, 3, 4, 4, 5, 5, 5]"
ONE,389,OK,OK,,"[1, 1, 2, 2, 3, 4, 4, 5, 5, 5]"
ONE,390,OK,OK,,"[1, 1, 2, 2, 3, 4, 4, 5, 5, 5]"
ONE,391,OK,OK,,"[1, 1, 2, 2, 2, 2, 2, 2, 2, 2, 3, 4, 4, 5, 5, 5]"
ONE,392,OK,OK,,"[1, 1, 2, 2, 3, 4, 4, 5, 5, 5]"
ONE,393,OK,OK,,"[1, 1, 2, 2, 3, 4, 4, 5, 5, 5]"
ONE,394,OK,OK,,"[1, 1, 2, 2, 3, 3, 3, 3, 3, 3, 3, 4, 4, 5, 5, 5]"
ONE,395,OK,OK,,"[1, 1, 2, 2, 3, 4, 4, 5, 5, 5]"
ONE,396,OK,OK,,"[1, 1, 1, 2, 2, 3, 4, 4, 5, 5, 5]"
ONE,397,OK,OK,,"[1, 1, 2, 2, 2, 3, 4, 4, 5, 5, 5]"
ONE,398,OK,OK,,"[1, 1, 2, 2, 2, 2, 2, 2, 2, 2, 3, 4, 4, 5, 5, 5]"
ONE,399,OK,OK,,"[1, 1, 2, 2, 3, 4, 4, 5, 5, 5]"
ONE,400,OK,OK,,"[1, 1, 2, 2, 3, 4, 4, 5, 5]"
ONE,401,OK,OK,,"[1, 1, 2, 2, 3, 3, 3, 3, 3, 4, 4, 5, 5]"
ONE,402,OK,OK,,"[1, 1, 2, 2, 3, 3, 3, 3, 3, 4, 4, 5, 5]"
ONE,403,OK,OK,,"[1, 1, 2, 2, 3, 4, 4, 5, 5]"
ONE,404,OK,OK,,"[1, 1, 2, 2, 3, 3, 3, 3, 3, 4, 4, 5, 5]"
ONE,405,OK,OK,,"[1, 1, 2, 2, 3, 4, 4, 5, 5]"
ONE,406,OK,OK,,"[1, 1, 2, 2, 3, 4, 4, 5, 5]"
ONE,407,OK,OK,,"[1, 1, 2, 2, 3, 4, 4, 5, 5]"
ONE,408,OK,OK,,"[1, 1, 2, 2, 3, 4, 4, 5, 5]"
ONE,409,OK,OK,,"[1, 1, 2, 2, 3, 4, 4, 5, 5]"
ONE,410,OK,OK,,"[1, 1, 2, 2, 3, 3, 3, 3, 3, 4, 4, 5, 5]"
ONE,411,OK,OK,,"[1, 1, 2, 2, 3, 4, 4, 5, 5]"
ONE,412,OK,OK,,"[1, 1, 2, 2, 3, 3, 3, 3, 3, 4, 4, 5, 5]"
ONE,413,OK,OK,,"[1, 1, 2, 2, 3, 3, 3, 3, 3, 4, 4, 5, 5]"
ONE,414,OK,OK,,"[1, 1, 2, 2, 3, 3, 3, 3, 3, 3, 3, 3, 3, 3, 3, 4, 4, 5, 5]"
ONE,415,OK,OK,,"[1, 1, 2, 2, 3, 3, 3, 3, 3, 4, 4, 5, 5]"
ONE,416,OK,OK,,"[1, 1, 2, 2, 3, 3, 3, 3, 3, 4, 4, 5, 5]"
ONE,417,OK,OK,,"[1, 1, 2, 3, 3, 3, 3, 3, 3, 4, 4, 5, 5]"
ONE,418,OK,OK,,"[1, 1, 2, 2, 3, 4, 4, 5, 5]"
ONE,419,OK,OK,,"[1, 1, 2, 2, 3, 4, 4, 5, 5]"
ONE,420,OK,OK,,"[1, 1, 2, 2, 3, 4, 4, 5, 5]"
ONE,421,OK,OK,,"[1, 1, 2, 2, 3, 4, 4, 5, 5]"
ONE,422,OK,OK,,"[1, 1, 2, 2, 3, 4, 4, 5, 5]"
ONE,423,OK,OK,,"[1, 1, 2, 2, 3, 4, 4, 5, 5]"
ONE,424,OK,OK,,"[1, 1, 2, 2, 3, 4, 4, 5, 5]"
ONE,425,OK,OK,,"[1, 1, 2, 2, 3, 4, 4, 5, 5]"
ONE,426,OK,OK,,"[1, 1, 2, 2, 3, 4, 4, 5, 5]"
ONE,427,OK,OK,,"[1, 1, 2, 2, 3, 4, 4, 5, 5]"
ONE,428,OK,OK,,"[1, 1, 2, 2, 3, 4, 4, 5, 5]"
ONE,429,OK,OK,,"[1, 1, 2, 2, 3, 4, 4, 5, 5]"
ONE,430,OK,OK,,"[1, 1, 2, 3, 3, 3, 3, 3, 3, 3, 3, 3, 3, 4, 4, 5, 5]"
ONE,431,OK,OK,,"[1, 1, 2, 2, 3, 4, 4, 5, 5]"
ONE,432,OK,OK,,"[1, 1, 2, 2, 3, 4, 4, 5, 5]"
ONE,433,OK,OK,,"[1, 1, 2, 2, 3, 4, 4, 5, 5]"
ONE,434,OK,OK,,"[1, 1, 2, 2, 3, 4, 4, 5, 5]"
ONE,435,OK,OK,,"[1, 1, 2, 2, 3, 4, 4, 5, 5]"
ONE,436,OK,OK,,"[1, 1, 2, 2, 3, 3, 3, 3, 3, 4, 4, 5, 5]"
ONE,437,OK,OK,,"[1, 1, 2, 2, 3, 3, 3, 3, 3, 4, 4, 5, 5]"
ONE,438,OK,OK,,"[1, 1, 2, 2, 3, 3, 3, 3, 3, 4, 4, 5, 5]"
ONE,439,OK,OK,,"[1, 1, 2, 2, 3, 4, 4, 5, 5]"
ONE,440,OK,OK,,"[1, 1, 2, 2, 3, 4, 4, 5, 5]"
ONE,441,OK,OK,,"[1, 1, 2, 2, 3, 4, 4, 5, 5]"
ONE,442,OK,OK,,"[1, 1, 2, 2, 3, 3, 3, 3, 3, 4, 4, 5, 5]"
ONE,443,OK,OK,,"[1, 1, 2, 2, 3, 3, 3, 3, 3, 4, 4, 5, 5]"
ONE,444,OK,OK,,"[1, 1, 2, 2, 3, 3, 3, 3, 3, 4, 4, 5, 5]"
ONE,445,OK,OK,,"[1, 1, 2, 3, 3, 3, 3, 3, 3, 4, 4, 5, 5]"
ONE,446,OK,OK,,"[1, 1, 2, 2, 3, 4, 4, 5, 5]"
ONE,447,OK,OK,,"[1, 1, 2, 2, 3, 4, 4, 5, 5]"
ONE,448,OK,OK,,"[1, 1, 2, 2, 3, 3, 3, 3, 3, 3, 3, 3, 3, 4, 4, 5, 5]"
ONE,449,OK,OK,,"[1, 1, 2, 2, 3, 4, 4, 5, 5]"
ONE,450,OK,OK,,"[1, 1, 2, 2, 3, 3, 3, 3, 3, 4, 4, 5, 5]"
ONE,451,OK,OK,,"[1, 1, 2, 2, 3, 4, 4, 5, 5]"
ONE,452,OK,OK,,"[1, 1, 2, 2, 3, 4, 4, 5, 5]"
ONE,453,OK,OK,,"[1, 1, 2, 2, 3, 4, 4, 5, 5]"
ONE,454,OK,OK,,"[1, 1, 2, 2, 3, 4, 4, 5, 5]"
ONE,455,OK,OK,,"[1, 1, 2, 2, 3, 3, 3, 3, 3, 4, 4, 5, 5]"
ONE,456,OK,OK,,"[1, 1, 2, 2, 3, 3, 3, 3, 3, 3, 3, 4, 4, 5, 5]"
ONE,457,OK,OK,,"[1, 1, 2, 2, 3, 4, 4, 5, 5]"
ONE,458,OK,OK,,"[1, 1, 2, 2, 3, 4, 4, 5, 5]"
ONE,459,OK,OK,,"[1, 1, 2, 2, 3, 3, 3, 3, 3, 4, 4, 5, 5]"
ONE,460,OK,OK,,"[1, 1, 2, 2, 3, 4, 4, 5, 5]"
ONE,461,OK,OK,,"[1, 1, 2, 2, 3, 3, 3, 3, 3, 3, 3, 3, 3, 4, 4, 5, 5]"
ONE,462,OK,OK,,"[1, 1, 2, 2, 3, 4, 4, 5, 5]"
ONE,463,OK,OK,,"[1, 1, 2, 2, 3, 3, 3, 3, 3, 3, 3, 4, 4, 5, 5, 5, 5, 5, 5]"
ONE,464,OK,OK,,"[1, 1, 2, 3, 3, 3, 3, 3, 3, 3, 3, 3, 3, 4, 4, 5, 5]"
ONE,465,OK,OK,,"[1, 1, 2, 2, 3, 4, 4, 5, 5]"
ONE,466,OK,OK,,"[1, 1, 2, 2, 3, 4, 4, 5, 5]"
ONE,467,OK,OK,,"[1, 1, 2, 2, 3, 3, 3, 3, 3, 4, 4, 5, 5]"
ONE,468,OK,OK,,"[1, 1, 2, 2, 3, 3, 3, 3, 3, 4, 4, 5, 5]"
ONE,469,OK,OK,,"[1, 1, 2, 2, 2, 2, 2, 2, 3, 4, 4, 5, 5]"
ONE,470,OK,OK,,"[1, 1, 2, 2, 3, 3, 3, 3, 3, 3, 3, 4, 4, 5, 5]"
ONE,471,OK,OK,,"[1, 1, 2, 2, 3, 3, 3, 3, 3, 4, 4, 5, 5]"
ONE,472,OK,OK,,"[1, 1, 2, 2, 2, 2, 3, 4, 4, 5, 5]"
ONE,473,OK,OK,,"[1, 1, 2, 3, 3, 4, 4, 5, 5]"
ONE,474,OK,OK,,"[1, 1, 2, 2, 3, 3, 4, 4, 5, 5]"
ONE,475,OK,OK,,"[1, 1, 2, 2, 3, 4, 4, 5, 5, 5, 5, 5, 5]"
ONE,476,OK,OK,,"[1, 1, 2, 2, 3, 4, 4, 5, 5, 5]"
ONE,477,OK,OK,,"[1, 1, 2, 2, 3, 4, 4, 5, 5, 5]"
ONE,478,OK,OK,,"[1, 1, 2, 2, 3, 3, 3, 3, 3, 4, 4, 5, 5]"
ONE,479,OK,OK,,"[1, 1, 2, 2, 3, 4, 4, 5, 5]"
ONE,480,OK,OK,,"[1, 1, 2, 2, 3, 3, 3, 3, 3, 4, 4, 5, 5]"
ONE,481,OK,OK,,"[1, 1, 2, 3, 3, 3, 3, 3, 3, 4, 4, 5, 5, 5, 5, 5, 5, 5, 5]"
ONE,482,OK,OK,,"[1, 1, 2, 2, 3, 3, 3, 3, 3, 4, 4, 3, 3, 3, 3, 3, 3]"
ONE,483,OK,OK,,"[1, 1, 2, 2, 3, 3, 3, 3, 3, 4, 4, 5, 5]"
ONE,484,OK,OK,,"[1, 1, 2, 2, 3, 4, 4, 5, 5]"
ONE,485,OK,OK,,"[1, 1, 2, 2, 3, 4, 4, 5, 5]"
ONE,486,OK,OK,,"[1, 1, 2, 2, 3, 4, 4, 5, 5, 5, 5, 5, 5, 5, 5]"
ONE,487,OK,OK,,"[1, 1, 2, 2, 3, 4, 4, 5, 5, 5, 5, 5, 5, 5, 5]"
ONE,488,OK,OK,,"[1, 1, 2, 2, 3, 3, 3, 3, 3, 4, 4, 5, 5]"
ONE,489,OK,OK,,"[1, 1, 2, 2, 3, 4, 4, 5, 5]"
ONE,490,OK,OK,,"[1, 1, 2, 2, 3, 3, 3, 3, 3, 4, 4, 5, 5]"
ONE,491,OK,OK,,"[1, 1, 2, 2, 3, 4, 4, 5, 5]"
ONE,492,OK,OK,,"[1, 1, 2, 2, 2, 2, 2, 2, 3, 3, 3, 3, 3, 4, 4, 5, 5]"
ONE,493,OK,OK,,"[1, 1, 2, 2, 3, 4, 4, 5, 5]"
ONE,494,OK,OK,,"[1, 1, 2, 2, 3, 4, 4, 5, 5, 5, 5, 5, 5]"
ONE,495,OK,OK,,"[1, 1, 2, 2, 3, 4, 4, 5, 5, 5]"
ONE,496,OK,OK,,"[1, 1, 2, 2, 3, 3, 3, 3, 3, 3, 3, 4, 4, 5, 5]"
ONE,497,OK,OK,,"[1, 1, 2, 2, 2, 2, 2, 2, 3, 4, 4, 5, 5]"
ONE,498,OK,OK,,"[1, 1, 2, 2, 3, 4, 4, 5, 5]"
ONE,499,OK,OK,,"[1, 1, 2, 2, 3, 3, 3, 3, 3, 4, 4, 5, 5]"
ONE,500,OK,OK,,"[1, 1, 2, 2, 3, 4, 4, 5, 5, 5, 5, 5, 5]"
ONE,501,OK,OK,,"[1, 1, 2, 3, 3, 4, 4, 5, 5]"
ONE,502,OK,OK,,"[1, 1, 2, 2, 2, 2, 2, 2, 3, 3, 3, 3, 3, 4, 4, 5, 5]"
ONE,503,OK,OK,,"[1, 1, 2, 2, 3, 3, 3, 3, 3, 4, 4, 5, 5]"
ONE,504,OK,OK,,"[1, 1, 2, 2, 3, 3, 3, 3, 3, 4, 4, 5, 5]"
ONE,505,OK,OK,,"[1, 1, 2, 2, 3, 3, 3, 3, 3, 4, 4, 5, 5, 5, 5]"
ONE,506,OK,OK,,"[1, 1, 2, 2, 3, 4, 4, 5, 5]"
ONE,507,OK,OK,,"[1, 1, 2, 2, 3, 3, 3, 3, 3, 4, 4, 5, 5]"
ONE,508,OK,OK,,"[1, 1, 2, 2, 3, 3, 3, 3, 3, 4, 4, 5, 5]"
ONE,509,OK,OK,,"[1, 1, 2, 2, 3, 3, 3, 3, 3, 4, 4, 5, 5]"
ONE,510,OK,OK,,"[1, 1, 2, 2, 3, 3, 3, 3, 3, 4, 4, 5, 5]"
ONE,511,OK,OK,,"[1, 1, 2, 2, 3, 4, 4, 5, 5]"
ONE,512,OK,OK,,"[1, 1, 2, 2, 3, 3, 3, 3, 3, 4, 4, 5, 5]"
ONE,513,OK,OK,,"[1, 1, 2, 2, 3, 3, 3, 3, 3, 4, 4, 5, 5]"
ONE,514,OK,OK,,"[1, 1, 2, 2, 2, 2, 2, 2, 3, 3, 3, 3, 3, 4, 4, 5, 5]"
ONE,515,OK,OK,,"[1, 1, 2, 2, 3, 4, 4, 5, 5]"
ONE,516,OK,OK,,"[1, 1, 2, 2, 3, 4, 4, 5, 5]"
ONE,517,OK,OK,,"[1, 1, 2, 3, 3, 3, 3, 3, 3, 3, 3, 3, 3, 4, 4, 5, 5]"
ONE,518,OK,OK,,"[1, 1, 2, 3, 3, 3, 3, 3, 3, 3, 3, 3, 3, 4, 4, 5, 5]"
ONE,519,OK,OK,,"[1, 1, 2, 2, 3, 3, 3, 3, 3, 3, 3, 3, 3, 4, 4, 5, 5]"
ONE,520,OK,OK,,"[1, 1, 2, 2, 3, 4, 4, 5, 5]"
ONE,521,OK,OK,,"[1, 1, 2, 2, 3, 4, 4, 5, 5]"
ONE,522,OK,OK,,"[1, 1, 2, 2, 3, 3, 3, 3, 3, 4, 4, 5, 5]"
ONE,523,OK,OK,,"[1, 1, 2, 3, 3, 3, 3, 3, 3, 4, 4, 5, 5, 5, 5, 5, 5]"
ONE,524,OK,OK,,"[1, 1, 2, 2, 3, 3, 3, 3, 3, 3, 3, 3, 3, 3, 3, 4, 4, 5, 5]"
ONE,525,OK,OK,,"[1, 1, 2, 2, 3, 3, 3, 3, 3, 4, 4, 5, 5]"
ONE,526,OK,OK,,"[1, 1, 2, 2, 3, 4, 4, 5, 5, 5, 5, 5, 5]"
ONE,527,OK,OK,,"[1, 1, 2, 2, 3, 4, 4, 5, 5]"
ONE,528,OK,OK,,"[1, 1, 2, 3, 3, 3, 3, 3, 3, 4, 4, 5, 5, 5, 5, 5, 5]"
ONE,529,OK,OK,,"[1, 1, 2, 2, 3, 4, 4, 5, 5, 5, 5, 5, 5]"
ONE,530,OK,OK,,"[1, 1, 2, 2, 3, 4, 4, 5, 5, 5, 5, 5, 5]"
ONE,531,OK,OK,,"[1, 1, 2, 2, 3, 4, 4, 5, 5]"
ONE,532,OK,OK,,"[1, 1, 2, 2, 3, 4, 4, 5, 5, 5, 5, 5, 5]"
ONE,533,OK,OK,,"[1, 1, 2, 2, 3, 4, 4, 5, 5, 5, 5, 5, 5]"
ONE,534,OK,OK,,"[1, 1, 2, 2, 3, 4, 4, 5, 5]"
ONE,535,OK,OK,,"[1, 1, 2, 2, 3, 4, 4, 5, 5, 5, 5, 5, 5]"
ONE,536,OK,OK,,"[1, 1, 2, 2, 3, 3, 3, 3, 3, 4, 4, 5, 5]"
ONE,537,OK,OK,,"[1, 1, 2, 2, 3, 3, 3, 3, 3, 4, 4, 5, 5]"
ONE,538,OK,OK,,"[1, 1, 2, 2, 3, 3, 3, 3, 3, 4, 4, 5, 5]"
ONE,539,OK,OK,,"[1, 1, 2, 2, 3, 4, 4, 5, 5, 5]"
ONE,540,OK,OK,,"[1, 1, 2, 2, 3, 3, 3, 3, 3, 4, 4, 5, 5]"
ONE,541,OK,OK,,"[1, 1, 2, 2, 3, 3, 3, 3, 3, 4, 4, 5, 5]"
ONE,542,OK,OK,,"[1, 1, 2, 2, 3, 3, 3, 3, 3, 3, 3, 3, 3, 3, 3, 4, 4, 5, 5]"
ONE,543,OK,OK,,"[1, 1, 2, 2, 3, 4, 4, 5, 5, 5, 5, 5, 5]"
ONE,544,OK,OK,,"[1, 1, 2, 2, 3, 4, 4, 5, 5]"
ONE,545,OK,OK,,"[1, 1, 2, 2, 3, 3, 3, 3, 3, 4, 4, 5, 5]"
ONE,546,OK,OK,,"[1, 1, 1, 2, 2, 3, 4, 4, 5, 5]"
ONE,547,OK,OK,,"[1, 1, 2, 2, 3, 4, 4, 5, 5, 5, 5, 5, 5]"
ONE,548,OK,OK,,"[1, 1, 2, 2, 3, 3, 3, 3, 3, 4, 4, 5, 5]"
ONE,549,OK,OK,,"[1, 1, 2, 2, 3, 4, 4, 5, 5, 5, 5, 5, 5]"
ONE,550,OK,OK,,"[1, 1, 2, 2, 3, 4, 4, 5, 5, 5, 5, 5, 5]"
ONE,551,OK,OK,,"[1, 1, 2, 2, 3, 4, 4, 5, 5, 5, 5, 5, 5]"
ONE,552,OK,OK,,"[1, 1, 2, 2, 3, 4, 4, 5, 5, 5, 5, 5, 5]"
ONE,553,OK,OK,,"[1, 1, 2, 2, 3, 4, 4, 5, 5, 5, 5, 5, 5]"
ONE,554,OK,OK,,"[1, 1, 2, 2, 3, 4, 4, 5, 5, 5, 5, 5, 5]"
ONE,555,OK,OK,,"[1, 1, 2, 2, 3, 4, 4, 5, 5, 5, 5, 5, 5]"
ONE,556,OK,OK,,"[1, 1, 2, 2, 3, 4, 4, 5, 5, 5, 5, 5, 5]"
ONE,557,OK,OK,,"[1, 1, 2, 2, 3, 4, 4, 5, 5, 5, 5, 5, 5]"
ONE,558,OK,OK,,"[1, 1, 2, 2, 3, 4, 4, 5, 5, 5, 5, 5, 5]"
ONE,559,OK,OK,,"[1, 1, 2, 2, 3, 4, 4, 5, 5, 5, 5, 5, 5]"
ONE,560,OK,OK,,"[1, 1, 2, 2, 3, 4, 4, 5, 5, 5, 5, 5, 5]"
ONE,561,OK,OK,,"[1, 1, 2, 2, 3, 4, 4, 5, 5, 5, 5, 5, 5]"
ONE,562,OK,OK,,"[1, 1, 2, 2, 3, 3, 3, 3, 3, 4, 4, 5, 5]"
ONE,563,OK,OK,,"[1, 1, 2, 2, 3, 4, 4, 5, 5, 5, 5, 5, 5]"
ONE,564,OK,OK,,"[1, 1, 2, 2, 3, 4, 4, 5, 5, 5, 5, 5, 5]"
ONE,565,OK,OK,,"[1, 1, 2, 2, 3, 4, 4, 5, 5, 5, 5, 5, 5]"
ONE,566,OK,OK,,"[1, 1, 2, 2, 3, 3, 3, 3, 3, 3, 3, 3, 3, 3, 3, 4, 4, 3, 3, 3, 3, 3, 3]"
ONE,567,OK,OK,,"[1, 1, 2, 2, 3, 3, 3, 3, 3, 3, 3, 3, 3, 4, 4, 5, 5]"
ONE,568,OK,OK,,"[1, 1, 2, 2, 3, 4, 4, 5, 5, 5, 5, 5, 5]"
ONE,569,OK,OK,,"[1, 1, 2, 2, 3, 4, 4, 5, 5, 5, 5, 5, 5]"
ONE,570,OK,OK,,"[1, 1, 2, 2, 3, 4, 4, 5, 5, 5, 5, 5, 5]"
ONE,571,OK,OK,,"[1, 1, 2, 2, 3, 3, 3, 3, 3, 4, 4, 3, 3, 3, 3, 3, 3]"
ONE,572,OK,OK,,"[1, 1, 2, 2, 3, 4, 4, 5, 5, 5, 5, 5, 5]"
ONE,573,OK,OK,,"[1, 1, 2, 2, 3, 3, 3, 3, 3, 3, 3, 3, 3, 4, 4, 5, 5]"
ONE,574,OK,OK,,"[1, 1, 2, 2, 3, 4, 4, 5, 5, 5, 5, 5, 5]"
ONE,575,OK,OK,,"[1, 1, 2, 2, 3, 4, 4, 5, 5, 5, 5, 5, 5]"
ONE,576,OK,OK,,"[1, 1, 2, 2, 3, 4, 4, 5, 5]"
ONE,577,OK,OK,,"[1, 1, 2, 2, 3, 4, 4, 5, 5, 5, 5, 5, 5]"
ONE,578,OK,OK,,"[1, 1, 2, 2, 3, 4, 4, 5, 5, 5, 5, 5, 5]"
ONE,579,OK,OK,,"[1, 1, 2, 2, 3, 4, 4, 5, 5, 5, 5, 5, 5]"
ONE,580,OK,OK,,"[1, 1, 2, 2, 3, 3, 3, 3, 3, 3, 3, 3, 3, 4, 4, 5, 5]"
ONE,581,OK,OK,,"[1, 1, 2, 2, 3, 4, 4, 5, 5, 5, 5, 5, 5]"
ONE,582,OK,OK,,"[1, 1, 2, 2, 3, 4, 4, 5, 5, 5, 5, 5, 5]"
ONE,583,OK,OK,,"[1, 1, 2, 2, 3, 4, 4, 5, 5, 5, 5, 5, 5]"
ONE,584,OK,OK,,"[1, 1, 2, 2, 3, 4, 4, 5, 5]"
ONE,585,OK,OK,,"[1, 1, 2, 2, 3, 4, 4, 5, 5, 5, 5, 5, 5]"
ONE,586,OK,OK,,"[1, 1, 2, 2, 3, 4, 4, 5, 5, 5, 5, 5, 5]"
ONE,587,OK,OK,,"[1, 1, 2, 2, 3, 4, 4, 5, 5, 5, 5, 5, 5]"
ONE,588,OK,OK,,"[1, 1, 2, 2, 3, 4, 4, 5, 5, 5, 5, 5, 5]"
ONE,589,OK,OK,,"[1, 1, 2, 2, 3, 4, 4, 5, 5, 5, 5, 5, 5]"
ONE,590,OK,OK,,"[1, 1, 2, 2, 3, 4, 4, 5, 5, 5, 5, 5, 5]"
ONE,591,OK,OK,,"[1, 1, 2, 2, 3, 4, 4, 5, 5, 5, 5, 5, 5]"
ONE,592,OK,OK,,"[1, 1, 2, 2, 3, 4, 4, 5, 5, 5, 5, 5, 5]"
ONE,593,OK,OK,,"[1, 1, 2, 2, 3, 4, 4, 5, 5, 5, 5, 5, 5]"
ONE,594,OK,OK,,"[1, 1, 2, 2, 3, 4, 4, 5, 5, 5, 5, 5, 5]"
ONE,595,OK,OK,,"[1, 1, 2, 2, 3, 4, 4, 5, 5, 5, 5, 5, 5]"
ONE,596,OK,OK,,"[1, 1, 2, 2, 3, 4, 4, 5, 5, 5, 5, 5, 5]"
ONE,597,OK,OK,,"[1, 1, 2, 2, 3, 4, 4, 5, 5, 5, 5, 5, 5]"
ONE,598,OK,OK,,"[1, 1, 2, 2, 3, 3, 3, 3, 3, 4, 4, 5, 5]"
ONE,599,OK,OK,,"[1, 1, 2, 2, 3, 4, 4, 5, 5, 5, 5, 5, 5]"
ONE,600,OK,OK,,"[1, 1, 2, 2, 3, 4, 4, 5, 5]"
ONE,601,OK,OK,,"[1, 1, 2, 2, 3, 4, 4, 5, 5, 5, 5, 5, 5]"
ONE,602,OK,OK,,"[1, 1, 2, 2, 3, 4, 4, 5, 5, 5, 5, 5, 5]"
ONE,603,OK,OK,,"[1, 1, 2, 2, 3, 3, 3, 3, 3, 4, 4, 5, 5]"
ONE,604,OK,OK,,"[1, 1, 2, 2, 3, 4, 4, 5, 5, 5, 5, 5, 5]"
ONE,605,OK,OK,,"[1, 1, 2, 2, 3, 4, 4, 5, 5, 5, 5, 5, 5]"
ONE,606,OK,OK,,"[1, 1, 2, 2, 3, 3, 3, 3, 3, 3, 3, 3, 3, 4, 4, 5, 5]"
ONE,607,OK,OK,,"[1, 1, 2, 2, 3, 4, 4, 5, 5, 5, 5, 5, 5]"
ONE,608,OK,OK,,"[1, 1, 2, 2, 3, 4, 4, 5, 5, 5, 5, 5, 5]"
ONE,609,OK,OK,,"[1, 1, 2, 2, 3, 4, 4, 5, 5, 5, 5, 5, 5]"
ONE,610,OK,OK,,"[1, 1, 2, 2, 3, 4, 4, 5, 5, 5, 5, 5, 5]"
ONE,611,OK,OK,,"[1, 1, 2, 2, 3, 4, 4, 5, 5, 5, 5, 5, 5]"
ONE,612,OK,OK,,"[1, 1, 2, 2, 3, 4, 4, 5, 5, 5, 5, 5, 5]"
ONE,613,OK,OK,,"[1, 1, 2, 2, 3, 4, 4, 5, 5, 5, 5, 5, 5]"
ONE,614,OK,OK,,"[1, 1, 2, 2, 3, 4, 4, 5, 5, 5, 5, 5, 5]"
ONE,615,OK,OK,,"[1, 1, 2, 2, 3, 4, 4, 5, 5, 5, 5, 5, 5]"
ONE,616,OK,OK,,"[1, 1, 2, 2, 3, 4, 4, 5, 5, 5, 5, 5, 5]"
ONE,617,OK,OK,,"[1, 1, 2, 2, 3, 4, 4, 5, 5, 5, 5, 5, 5]"
ONE,618,OK,OK,,"[1, 1, 2, 2, 3, 4, 4, 5, 5, 5, 5, 5, 5]"
ONE,619,OK,OK,,"[1, 1, 2, 2, 3, 4, 4, 5, 5, 5, 5, 5, 5]"
ONE,620,OK,OK,,"[1, 1, 2, 2, 3, 4, 4, 5, 5, 5, 5, 5, 5, 5, 5]"
ONE,621,OK,OK,,"[1, 1, 2, 2, 3, 4, 4, 5, 5, 5, 5, 5, 5]"
ONE,622,OK,OK,,"[1, 1, 2, 2, 3, 4, 4, 5, 5, 5, 5, 5, 5]"
ONE,623,OK,OK,,"[1, 1, 2, 2, 3, 4, 4, 5, 5, 5, 5, 5, 5]"
ONE,624,OK,OK,,"[1, 1, 2, 2, 3, 3, 3, 3, 3, 4, 4, 5, 5]"
ONE,625,OK,OK,,"[1, 1, 2, 2, 3, 4, 4, 5, 5, 5, 5, 5, 5]"
ONE,626,OK,OK,,"[1, 1, 2, 2, 3, 4, 4, 5, 5, 5, 5, 5, 5]"
ONE,627,OK,OK,,"[1, 1, 2, 2, 3, 4, 4, 5, 5, 5, 5, 5, 5]"
ONE,628,OK,OK,,"[1, 1, 2, 2, 3, 4, 4, 5, 5, 5, 5, 5, 5]"
ONE,629,OK,OK,,"[1, 1, 2, 2, 3, 4, 4, 5, 5, 5, 5, 5, 5]"
ONE,630,OK,OK,,"[1, 1, 2, 2, 3, 4, 4, 5, 5, 5, 5, 5, 5]"
ONE,631,OK,OK,,"[1, 1, 2, 2, 3, 4, 4, 5, 5, 5, 5, 5, 5]"
ONE,632,OK,OK,,"[1, 1, 2, 2, 3, 4, 4, 5, 5, 5, 5, 5, 5]"
ONE,633,OK,OK,,"[1, 1, 2, 2, 3, 4, 4, 5, 5, 5, 5, 5, 5]"
ONE,634,OK,OK,,"[1, 1, 2, 2, 3, 4, 4, 5, 5, 5, 5, 5, 5]"
ONE,635,OK,OK,,"[1, 1, 2, 2, 3, 4, 4, 5, 5, 5, 5, 5, 5]"
ONE,636,OK,OK,,"[1, 1, 2, 2, 3, 4, 4, 5, 5, 5, 5, 5, 5]"
ONE,637,OK,OK,,"[1, 1, 2, 2, 3, 4, 4, 5, 5, 5, 5, 5, 5]"
ONE,638,OK,OK,,"[1, 1, 2, 2, 3, 4, 4, 5, 5, 5, 5, 5, 5]"
ONE,639,OK,OK,,"[1, 1, 2, 2, 3, 4, 4, 5, 5, 5, 5, 5, 5]"
ONE,640,OK,OK,,"[1, 1, 2, 2, 3, 4, 4, 5, 5, 5, 5, 5, 5]"
ONE,641,OK,OK,,"[1, 1, 2, 2, 3, 4, 4, 5, 5, 5, 5, 5, 5]"
ONE,642,OK,OK,,"[1, 1, 2, 2, 3, 4, 4, 5, 5, 5, 5, 5, 5]"
ONE,643,OK,OK,,"[1, 1, 2, 2, 3, 4, 4, 5, 5, 5, 5, 5, 5]"
ONE,644,OK,OK,,"[1, 1, 2, 2, 3, 4, 4, 5, 5, 5, 5, 5, 5]"
ONE,645,OK,OK,,"[1, 1, 2, 2, 3, 4, 4, 5, 5, 5, 5, 5, 5]"
ONE,646,OK,OK,,"[1, 1, 2, 2, 3, 4, 4, 5, 5, 5, 5, 5, 5]"
ONE,647,OK,OK,,"[1, 1, 2, 2, 3, 4, 4, 5, 5, 5, 5, 5, 5]"
ONE,648,OK,OK,,"[1, 1, 2, 2, 3, 4, 4, 5, 5, 5, 5, 5, 5]"
ONE,649,OK,OK,,"[1, 1, 2, 2, 3, 4, 4, 5, 5, 5, 5, 5, 5]"
ONE,650,OK,OK,,"[1, 1, 2, 2, 3, 4, 4, 5, 5, 5, 5, 5, 5]"
ONE,651,OK,OK,,"[1, 1, 2, 2, 3, 4, 4, 5, 5, 5, 5, 5, 5]"
ONE,652,OK,OK,,"[1, 1, 2, 2, 3, 3, 3, 3, 3, 3, 3, 4, 4, 5, 5]"
ONE,653,OK,OK,,"[1, 1, 2, 2, 3, 4, 4, 5, 5, 5, 5, 5, 5]"
ONE,654,OK,OK,,"[1, 1, 2, 2, 3, 4, 4, 5, 5, 5, 5, 5, 5]"
ONE,655,OK,OK,,"[1, 1, 2, 2, 3, 4, 4, 5, 5, 5, 5, 5, 5]"
ONE,656,OK,OK,,"[1, 1, 2, 2, 3, 4, 4, 5, 5, 5, 5, 5, 5]"
ONE,657,OK,OK,,"[1, 1, 2, 2, 3, 4, 4, 5, 5, 5, 5, 5, 5]"
ONE,658,OK,OK,,"[1, 1, 2, 2, 3, 4, 4, 5, 5, 5, 5, 5, 5]"
ONE,659,OK,OK,,"[1, 1, 2, 2, 3, 4, 4, 5, 5, 5, 5, 5, 5]"
ONE,660,OK,OK,,"[1, 1, 2, 2, 3, 4, 4, 5, 5]"
ONE,661,OK,OK,,"[1, 1, 2, 2, 3, 4, 4, 5, 5, 5, 5, 5, 5]"
ONE,662,OK,OK,,"[1, 1, 2, 2, 3, 4, 4, 5, 5]"
ONE,663,OK,OK,,"[1, 1, 2, 2, 3, 4, 4, 5, 5, 5, 5, 5, 5]"
ONE,664,OK,OK,,"[1, 1, 2, 2, 3, 4, 4, 5, 5, 5, 5, 5, 5]"
ONE,665,OK,OK,,"[1, 1, 2, 2, 3, 4, 4, 5, 5, 5, 5, 5, 5]"
ONE,666,OK,OK,,"[1, 1, 2, 2, 3, 4, 4, 5, 5, 5, 5, 5, 5]"
ONE,667,OK,OK,,"[1, 1, 2, 2, 3, 4, 4, 5, 5, 5, 5, 5, 5]"
ONE,668,OK,OK,,"[1, 1, 2, 2, 3, 4, 4, 5, 5, 5, 5, 5, 5]"
ONE,669,OK,OK,,"[1, 1, 2, 2, 3, 4, 4, 5, 5, 5, 5, 5, 5]"
ONE,670,OK,OK,,"[1, 1, 2, 2, 3, 3, 3, 3, 3, 3, 3, 4, 4, 5, 5]"
ONE,671,OK,OK,,"[1, 1, 2, 2, 3, 4, 4, 5, 5, 5, 5, 5, 5]"
ONE,672,OK,OK,,"[1, 1, 2, 2, 3, 3, 3, 3, 3, 4, 4, 3, 3, 3, 3, 3, 3]"
ONE,673,OK,OK,,"[1, 1, 2, 2, 3, 4, 4, 5, 5, 5, 5, 5, 5]"
ONE,674,OK,OK,,"[1, 1, 2, 2, 3, 3, 3, 3, 3, 4, 4, 3, 3, 3, 3, 3, 3]"
ONE,675,OK,OK,,"[1, 1, 2, 2, 3, 4, 4, 5, 5, 5, 5, 5, 5]"
ONE,676,OK,OK,,"[1, 1, 2, 2, 2, 2, 2, 2, 3, 4, 4, 5, 5]"
ONE,677,OK,OK,,"[1, 1, 2, 2, 3, 3, 3, 3, 3, 4, 4, 5, 5]"
ONE,678,OK,OK,,"[1, 1, 2, 2, 3, 4, 4, 5, 5, 5, 5]"
ONE,679,OK,OK,,"[1, 1, 2, 2, 3, 4, 4, 5, 5, 5, 5, 5, 5]"
ONE,680,OK,OK,,"[1, 1, 2, 2, 3, 4, 4, 5, 5, 5, 5, 5, 5]"
ONE,681,OK,OK,,"[1, 1, 2, 2, 3, 3, 3, 3, 3, 4, 4, 3, 3, 3, 3, 3, 3]"
ONE,682,OK,OK,,"[1, 1, 2, 2, 3, 4, 4, 5, 5, 5, 5, 5, 5]"
ONE,683,OK,OK,,"[1, 1, 2, 2, 3, 3, 3, 3, 3, 4, 4, 5, 5]"
ONE,684,OK,OK,,"[1, 1, 2, 2, 3, 4, 4, 5, 5, 5, 5, 5, 5]"
ONE,685,OK,OK,,"[1, 1, 2, 2, 3, 3, 3, 3, 3, 4, 4, 5, 5]"
ONE,686,OK,OK,,"[1, 1, 2, 2, 3, 4, 4, 5, 5, 5, 5, 5, 5]"
ONE,687,OK,OK,,"[1, 1, 2, 2, 3, 4, 4, 5, 5, 5, 5, 5, 5]"
ONE,688,OK,OK,,"[1, 1, 2, 2, 3, 4, 4, 5, 5, 5, 5, 5, 5]"
ONE,689,OK,OK,,"[1, 1, 2, 2, 3, 4, 4, 5, 5, 5, 5, 5, 5]"
ONE,690,OK,OK,,"[1, 1, 2, 2, 3, 4, 4, 5, 5, 5, 5, 5, 5]"
ONE,691,OK,OK,,"[1, 1, 2, 2, 3, 4, 4, 5, 5, 5, 5, 5, 5]"
ONE,692,OK,OK,,"[1, 1, 2, 2, 3, 4, 4, 5, 5, 5, 5, 5, 5]"
ONE,693,OK,OK,,"[1, 1, 2, 2, 3, 4, 4, 5, 5, 5, 5, 5, 5]"
ONE,694,OK,OK,,"[1, 1, 2, 2, 3, 4, 4, 5, 5, 5, 5, 5, 5]"
ONE,695,OK,OK,,"[1, 1, 2, 2, 3, 4, 4, 5, 5, 5, 5, 5, 5]"
ONE,696,OK,OK,,"[1, 1, 2, 2, 2, 2, 2, 2, 3, 4, 4, 3, 3, 3, 3, 3, 3]"
ONE,697,OK,OK,,"[1, 1, 2, 2, 3, 4, 4, 5, 5, 5, 5, 5, 5]"
ONE,698,OK,OK,,"[1, 1, 2, 2, 3, 4, 4, 5, 5, 5, 5, 5, 5]"
ONE,699,OK,OK,,"[1, 1, 2, 2, 3, 4, 4, 5, 5, 5, 5, 5, 5]"
ONE,700,OK,OK,,"[1, 1, 2, 2, 3, 4, 4, 5, 5, 5, 5, 5, 5]"
ONE,701,OK,OK,,"[1, 1, 2, 2, 3, 4, 4, 5, 5, 5, 5, 5, 5]"
ONE,702,OK,OK,,"[1, 1, 2, 2, 3, 3, 3, 3, 3, 3, 3, 4, 4, 5, 5]"
ONE,703,OK,OK,,"[1, 1, 2, 2, 3, 4, 4, 5, 5, 5, 5, 5, 5]"
ONE,704,OK,OK,,"[1, 1, 2, 2, 3, 4, 4, 5, 5, 5, 5, 5, 5]"
ONE,705,OK,OK,,"[1, 1, 2, 2, 2, 2, 2, 2, 3, 4, 4, 3, 3, 3, 3, 3, 3]"
ONE,706,OK,OK,,"[1, 1, 2, 2, 3, 4, 4, 5, 5, 5, 5, 5, 5]"
ONE,707,OK,OK,,"[1, 1, 2, 2, 3, 3, 3, 3, 3, 4, 4, 5, 5]"
ONE,708,OK,OK,,"[1, 1, 2, 2, 3, 4, 4, 5, 5, 5, 5, 5, 5]"
ONE,709,OK,OK,,"[1, 1, 2, 2, 3, 4, 4, 5, 5, 5, 5, 5, 5]"
ONE,710,OK,OK,,"[1, 1, 2, 2, 3, 4, 4, 5, 5, 5, 5, 5, 5]"
ONE,711,OK,OK,,"[1, 1, 2, 2, 3, 3, 3, 3, 3, 4, 4, 3, 3, 3, 3, 3, 3]"
ONE,712,OK,OK,,"[1, 1, 2, 2, 3, 4, 4, 5, 5, 5, 5, 5, 5]"
ONE,713,OK,OK,,"[1, 1, 2, 2, 3, 4, 4, 5, 5, 5, 5, 5, 5]"
ONE,714,OK,OK,,"[1, 1, 2, 2, 3, 4, 4, 5, 5, 5, 5, 5, 5]"
ONE,715,OK,OK,,"[1, 1, 2, 2, 3, 4, 4, 5, 5, 5, 5, 5, 5]"
ONE,716,OK,OK,,"[1, 1, 2, 2, 3, 4, 4, 5, 5, 5, 5, 5, 5, 5, 5]"
ONE,717,OK,OK,,"[1, 1, 2, 2, 3, 4, 4, 5, 5, 5, 5, 5, 5]"
ONE,718,OK,OK,,"[1, 1, 2, 2, 3, 4, 4, 5, 5, 5, 5, 5, 5]"
ONE,719,OK,OK,,"[1, 1, 2, 2, 3, 3, 3, 3, 3, 3, 3, 4, 4, 5, 5]"
ONE,720,OK,OK,,"[1, 1, 2, 2, 3, 4, 4, 5, 5, 5, 5, 5, 5]"
ONE,721,OK,OK,,"[1, 1, 2, 2, 3, 4, 4, 5, 5, 5, 5, 5, 5]"
ONE,722,OK,OK,,"[1, 1, 2, 2, 3, 3, 3, 3, 3, 3, 3, 3, 3, 3, 3, 4, 4, 5, 5]"
ONE,723,OK,OK,,"[1, 1, 2, 2, 3, 4, 4, 5, 5]"
ONE,724,OK,OK,,"[1, 1, 2, 2, 3, 4, 4, 5, 5, 5, 5, 5, 5]"
ONE,725,OK,OK,,"[1, 1, 2, 2, 3, 4, 4, 5, 5, 5, 5, 5, 5]"
ONE,726,OK,OK,,"[1, 1, 2, 2, 3, 4, 4, 5, 5, 5, 5, 5, 5]"
ONE,727,OK,OK,,"[1, 1, 2, 2, 3, 4, 4, 5, 5]"
ONE,728,OK,OK,,"[1, 1, 2, 2, 3, 4, 4, 5, 5, 5, 5, 5, 5]"
ONE,729,OK,OK,,"[1, 1, 2, 2, 3, 4, 4, 5, 5, 5, 5, 5, 5]"
ONE,730,OK,OK,,"[1, 1, 2, 2, 3, 4, 4, 5, 5, 5, 5, 5, 5]"
ONE,731,OK,OK,,"[1, 1, 2, 2, 3, 4, 4, 5, 5, 5, 5, 5, 5]"
ONE,732,OK,OK,,"[1, 1, 2, 2, 3, 4, 4, 5, 5, 5, 5, 5, 5]"
ONE,733,OK,OK,,"[1, 1, 2, 2, 3, 4, 4, 5, 5, 5, 5, 5, 5]"
ONE,734,OK,OK,,"[1, 1, 2, 2, 3, 4, 4, 5, 5, 5, 5, 5, 5]"
ONE,735,OK,OK,,"[1, 1, 2, 2, 3, 4, 4, 5, 5, 5, 5, 5, 5]"
ONE,736,OK,OK,,"[1, 1, 2, 2, 3, 4, 4, 3, 3, 3, 3, 3, 3]"
ONE,737,OK,OK,,"[1, 1, 2, 2, 3, 4, 4, 5, 5]"
ONE,738,OK,OK,,"[1, 1, 2, 2, 3, 4, 4, 5, 5, 5, 5, 5, 5]"
ONE,739,OK,OK,,"[1, 1, 2, 2, 3, 4, 4, 5, 5, 5, 5, 5, 5]"
ONE,740,OK,OK,,"[1, 1, 2, 2, 3, 4, 4, 5, 5, 5, 5, 5, 5]"
ONE,741,OK,OK,,"[1, 1, 2, 2, 3, 3, 3, 3, 3, 3, 3, 4, 4, 5, 5]"
ONE,742,OK,OK,,"[1, 1, 2, 2, 3, 4, 4, 5, 5, 5, 5, 5, 5]"
ONE,743,OK,OK,,"[1, 1, 2, 2, 3, 4, 4, 5, 5, 5, 5, 5, 5]"
ONE,744,OK,OK,,"[1, 1, 2, 2, 3, 4, 4, 5, 5, 5, 5, 5, 5]"
ONE,745,OK,OK,,"[1, 1, 2, 2, 3, 4, 4, 5, 5, 5, 5, 5, 5]"
ONE,746,OK,OK,,"[1, 1, 2, 2, 3, 4, 4, 5, 5, 5, 5, 5, 5]"
ONE,747,OK,OK,,"[1, 1, 2, 2, 3, 4, 4, 5, 5, 5, 5, 5, 5]"
ONE,748,OK,OK,,"[1, 1, 2, 2, 3, 3, 3, 3, 3, 3, 3, 4, 4, 5, 5]"
ONE,749,OK,OK,,"[1, 1, 2, 2, 3, 4, 4, 5, 5, 5, 5, 5, 5]"
ONE,750,OK,OK,,"[1, 1, 2, 2, 3, 4, 4, 5, 5, 5, 5, 5, 5]"
ONE,751,OK,OK,,"[1, 1, 2, 2, 3, 3, 3, 3, 3, 4, 4, 5, 5]"
ONE,752,OK,OK,,"[1, 1, 2, 2, 3, 4, 4, 5, 5, 5, 5, 5, 5, 5, 5]"
ONE,753,OK,OK,,"[1, 1, 2, 2, 3, 4, 4, 5, 5, 5, 5, 5, 5, 5, 5]"
ONE,754,OK,OK,,"[1, 1, 2, 2, 3, 4, 4, 5, 5, 5, 5, 5, 5, 5, 5]"
ONE,755,OK,OK,,"[1, 1, 2, 2, 3, 4, 4, 5, 5, 5, 5, 5, 5, 5, 5]"
ONE,756,OK,OK,,"[1, 1, 2, 2, 3, 3, 3, 3, 3, 4, 4, 5, 5]"
ONE,757,OK,OK,,"[1, 1, 2, 2, 3, 3, 3, 3, 3, 4, 4, 5, 5]"
ONE,758,OK,OK,,"[1, 1, 2, 2, 3, 4, 4, 5, 5, 5, 5, 5, 5, 5, 5]"
ONE,759,OK,OK,,"[1, 1, 2, 2, 3, 4, 4, 5, 5, 5, 5, 5, 5, 5, 5]"
ONE,760,OK,OK,,"[1, 1, 2, 2, 3, 4, 4, 5, 5, 5, 5, 5, 5, 5, 5]"
ONE,761,OK,OK,,"[1, 1, 2, 2, 3, 4, 4, 5, 5, 5, 5, 5, 5, 5, 5]"
ONE,762,OK,OK,,"[1, 1, 2, 2, 3, 4, 4, 3, 3, 3, 3, 3, 3]"
ONE,763,OK,OK,,"[1, 1, 2, 2, 3, 4, 4, 5, 5, 5, 5, 5, 5, 5, 5]"
ONE,764,OK,OK,,"[1, 1, 2, 2, 3, 4, 4, 5, 5]"
ONE,765,OK,OK,,"[1, 1, 2, 2, 3, 3, 3, 3, 3, 4, 4, 5, 5]"
ONE,766,OK,OK,,"[1, 1, 2, 2, 2, 2, 2, 2, 3, 4, 4, 5, 5]"
ONE,767,OK,OK,,"[1, 1, 2, 2, 3, 4, 4, 5, 5, 5, 5, 5, 5]"
ONE,768,OK,OK,,"[1, 1, 2, 2, 3, 4, 4, 5, 5]"
ONE,769,OK,OK,,"[1, 1, 2, 2, 2, 2, 2, 2, 3, 4, 4, 5, 5]"
ONE,770,OK,OK,,"[1, 1, 2, 2, 3, 3, 3, 3, 3, 4, 4, 5, 5]"
ONE,771,OK,OK,,"[1, 1, 2, 2, 3, 3, 3, 3, 3, 4, 4, 5, 5]"
ONE,772,OK,OK,,"[1, 1, 2, 2, 2, 2, 2, 2, 3, 3, 3, 3, 3, 3, 3, 4, 4, 5, 5]"
ONE,773,OK,OK,,"[1, 1, 2, 2, 3, 4, 4, 5, 5]"
ONE,774,OK,OK,,"[1, 1, 2, 2, 3, 3, 3, 3, 3, 4, 4, 5, 5]"
ONE,775,OK,OK,,"[1, 1, 2, 2, 3, 4, 4, 5, 5]"
ONE,776,OK,OK,,"[1, 1, 2, 2, 3, 4, 4, 5, 5]"
ONE,777,OK,OK,,"[1, 1, 2, 3, 3, 3, 3, 3, 3, 4, 4, 5, 5]"
ONE,778,OK,OK,,"[1, 1, 2, 2, 2, 2, 2, 2, 3, 3, 3, 3, 3, 4, 4, 5, 5]"
ONE,779,OK,OK,,"[1, 1, 2, 2, 2, 2, 2, 2, 3, 3, 3, 3, 3, 4, 4, 5, 5]"
ONE,780,OK,OK,,"[1, 1, 2, 2, 2, 2, 2, 2, 3, 3, 3, 3, 3, 4, 4, 5, 5]"
ONE,781,OK,OK,,"[1, 1, 2, 2, 2, 2, 2, 2, 3, 3, 3, 3, 3, 4, 4, 5, 5]"
ONE,782,OK,OK,,"[1, 1, 2, 2, 2, 2, 2, 2, 3, 3, 3, 3, 3, 4, 4, 5, 5]"
ONE,783,OK,OK,,"[1, 1, 2, 2, 3, 3, 3, 3, 3, 3, 3, 3, 3, 3, 3, 3, 3, 4, 4, 5, 5]"
ONE,784,OK,OK,,"[1, 1, 2, 2, 3, 4, 4, 5, 5]"
ONE,785,OK,OK,,"[1, 1, 2, 2, 3, 3, 3, 3, 3, 4, 4, 5, 5]"
ONE,786,OK,OK,,"[1, 1, 2, 2, 3, 4, 4, 5, 5]"
ONE,787,OK,OK,,"[1, 1, 2, 2, 2, 2, 2, 2, 3, 3, 3, 3, 3, 4, 4, 5, 5]"
ONE,788,OK,OK,,"[1, 1, 2, 2, 2, 2, 2, 2, 3, 3, 3, 3, 3, 4, 4, 5, 5]"
ONE,789,OK,OK,,"[1, 1, 2, 2, 2, 2, 2, 2, 3, 3, 3, 3, 3, 4, 4, 5, 5]"
ONE,790,OK,OK,,"[1, 1, 2, 2, 2, 2, 2, 2, 3, 3, 3, 3, 3, 4, 4, 5, 5]"
ONE,791,OK,OK,,"[1, 1, 2, 2, 3, 4, 4, 5, 5]"
ONE,792,OK,OK,,"[1, 1, 2, 2, 3, 4, 4, 5, 5]"
ONE,793,OK,OK,,"[1, 1, 2, 2, 3, 4, 4, 5, 5]"
ONE,794,OK,OK,,"[1, 1, 2, 2, 3, 4, 4, 5, 5]"
ONE,795,OK,OK,,"[1, 1, 2, 2, 3, 4, 4, 5, 5]"
ONE,796,OK,OK,,"[1, 1, 2, 2, 3, 4, 4, 5, 5]"
ONE,797,OK,OK,,"[1, 1, 2, 2, 3, 4, 4, 5, 5]"
ONE,798,OK,OK,,"[1, 1, 2, 2, 3, 4, 4, 5, 5]"
ONE,799,OK,OK,,"[1, 1, 2, 2, 3, 4, 4, 5, 5]"
ONE,800,OK,OK,,"[1, 1, 2, 2, 3, 4, 4, 5, 5]"
ONE,801,OK,OK,,"[1, 1, 2, 2, 3, 4, 4, 5, 5]"
ONE,802,OK,OK,,"[1, 1, 2, 2, 3, 4, 4, 5, 5]"
ONE,803,OK,OK,,"[1, 1, 2, 2, 3, 4, 4, 5, 5]"
ONE,804,OK,OK,,"[1, 1, 2, 2, 3, 4, 4, 5, 5]"
ONE,805,BAD_SEQUENCE,REVERSE,Уменьшение: 5 -> 4,"[1, 1, 2, 2, 3, 3, 3, 3, 3, 4, 5, 4, 5]"
ONE,806,OK,OK,,"[1, 1, 2, 2, 3, 3, 3, 3, 3, 3, 3, 3, 3, 4, 4, 5, 5]"
ONE,807,OK,OK,,"[1, 1, 2, 2, 3, 3, 3, 3, 3, 3, 3, 3, 3, 4, 4, 5, 5]"
ONE,808,OK,OK,,"[1, 1, 2, 2, 3, 3, 3, 3, 3, 3, 3, 3, 3, 4, 4, 5, 5]"
ONE,809,OK,OK,,"[1, 1, 2, 2, 3, 3, 3, 3, 3, 3, 3, 3, 3, 4, 4, 5, 5]"
ONE,810,OK,OK,,"[1, 1, 2, 2, 3, 3, 3, 3, 3, 3, 3, 3, 3, 4, 4, 5, 5]"
ONE,811,OK,OK,,"[1, 1, 2, 2, 3, 3, 3, 3, 3, 3, 3, 3, 3, 4, 4, 5, 5]"
ONE,812,OK,OK,,"[1, 1, 2, 2, 3, 3, 3, 3, 3, 3, 3, 3, 3, 4, 4, 5, 5]"
ONE,813,OK,OK,,"[1, 1, 2, 2, 3, 3, 3, 3, 3, 3, 3, 3, 3, 4, 4, 5, 5]"
ONE,814,OK,OK,,"[1, 1, 2, 2, 3, 3, 3, 3, 3, 3, 3, 3, 3, 4, 4, 5, 5]"
ONE,815,OK,OK,,"[1, 1, 2, 2, 3, 3, 3, 3, 3, 3, 3, 3, 3, 4, 4, 5, 5]"
ONE,816,OK,OK,,"[1, 1, 2, 2, 3, 3, 3, 3, 3, 3, 3, 3, 3, 4, 4, 5, 5]"
ONE,817,OK,OK,,"[1, 1, 2, 2, 3, 3, 3, 3, 3, 3, 3, 3, 3, 4, 4, 5, 5]"
ONE,818,OK,OK,,"[1, 1, 2, 2, 3, 3, 3, 3, 3, 3, 3, 3, 3, 4, 4, 5, 5]"
ONE,819,OK,OK,,"[1, 1, 2, 2, 3, 3, 3, 3, 3, 3, 3, 3, 3, 4, 4, 5, 5]"
ONE,820,OK,OK,,"[1, 1, 2, 2, 3, 3, 3, 3, 3, 3, 3, 3, 3, 4, 4, 5, 5]"
ONE,821,OK,OK,,"[1, 1, 2, 2, 3, 3, 3, 3, 3, 3, 3, 3, 3, 4, 4, 5, 5]"
ONE,822,OK,OK,,"[1, 1, 2, 2, 3, 3, 3, 3, 3, 3, 3, 3, 3, 4, 4, 5, 5]"
ONE,823,OK,OK,,"[1, 1, 2, 2, 3, 3, 3, 3, 3, 3, 3, 3, 3, 4, 4, 5, 5]"
ONE,824,OK,OK,,"[1, 1, 2, 2, 3, 3, 3, 3, 3, 3, 3, 3, 3, 4, 4, 5, 5]"
ONE,825,OK,OK,,"[1, 1, 2, 2, 3, 3, 3, 3, 3, 3, 3, 3, 3, 4, 4, 5, 5]"
ONE,826,OK,OK,,"[1, 1, 2, 2, 3, 3, 3, 3, 3, 3, 3, 3, 3, 4, 4, 5, 5]"
ONE,827,OK,OK,,"[1, 1, 2, 2, 3, 3, 3, 3, 3, 3, 3, 3, 3, 4, 4, 5, 5]"
ONE,828,OK,OK,,"[1, 1, 2, 2, 3, 3, 3, 3, 3, 3, 3, 3, 3, 4, 4, 5, 5]"
ONE,829,OK,OK,,"[1, 1, 2, 2, 3, 3, 3, 3, 3, 3, 3, 3, 3, 4, 4, 5, 5]"
ONE,830,OK,OK,,"[1, 1, 2, 2, 3, 3, 3, 3, 3, 3, 3, 3, 3, 4, 4, 5, 5]"
ONE,831,OK,OK,,"[1, 1, 2, 2, 3, 3, 3, 3, 3, 3, 3, 3, 3, 4, 4, 5, 5]"
ONE,832,OK,OK,,"[1, 1, 2, 2, 3, 3, 3, 3, 3, 3, 3, 3, 3, 4, 4, 5, 5]"
ONE,833,OK,OK,,"[1, 1, 2, 2, 3, 3, 3, 3, 3, 3, 3, 3, 3, 4, 4, 5, 5]"
ONE,834,OK,OK,,"[1, 1, 2, 2, 3, 3, 3, 3, 3, 3, 3, 3, 3, 4, 4, 5, 5]"
ONE,835,OK,OK,,"[1, 1, 2, 2, 3, 3, 3, 3, 3, 3, 3, 3, 3, 4, 4, 5, 5]"
ONE,836,OK,OK,,"[1, 1, 2, 2, 3, 3, 3, 3, 3, 3, 3, 3, 3, 4, 4, 5, 5]"
ONE,837,OK,OK,,"[1, 1, 2, 2, 3, 3, 3, 3, 3, 3, 3, 3, 3, 4, 4, 5, 5]"
ONE,838,OK,OK,,"[1, 1, 2, 2, 3, 3, 3, 3, 3, 3, 3, 3, 3, 4, 4, 5, 5]"
ONE,839,OK,OK,,"[1, 1, 2, 2, 3, 3, 3, 3, 3, 3, 3, 3, 3, 4, 4, 5, 5]"
ONE,840,OK,OK,,"[1, 1, 2, 2, 3, 3, 3, 3, 3, 3, 3, 3, 3, 4, 4, 5, 5]"
ONE,841,OK,OK,,"[1, 1, 2, 2, 3, 3, 3, 3, 3, 3, 3, 3, 3, 4, 4, 5, 5]"
ONE,842,OK,OK,,"[1, 1, 2, 2, 3, 3, 3, 3, 3, 3, 3, 3, 3, 4, 4, 5, 5]"
ONE,843,OK,OK,,"[1, 1, 2, 2, 3, 3, 3, 3, 3, 3, 3, 3, 3, 4, 4, 5, 5]"
ONE,844,OK,OK,,"[1, 1, 2, 2, 3, 3, 3, 3, 3, 3, 3, 3, 3, 4, 4, 5, 5]"
ONE,845,OK,OK,,"[1, 1, 2, 2, 3, 3, 3, 3, 3, 3, 3, 3, 3, 4, 4, 5, 5]"
ONE,846,OK,OK,,"[1, 1, 2, 2, 3, 3, 3, 3, 3, 3, 3, 3, 3, 4, 4, 5, 5]"
ONE,847,OK,OK,,"[1, 1, 2, 2, 3, 3, 3, 3, 3, 3, 3, 3, 3, 4, 4, 5, 5]"
ONE,848,OK,OK,,"[1, 1, 2, 2, 3, 3, 3, 3, 3, 3, 3, 3, 3, 4, 4, 5, 5]"
ONE,849,OK,OK,,"[1, 1, 2, 2, 3, 3, 3, 3, 3, 3, 3, 3, 3, 4, 4, 5, 5]"
ONE,850,OK,OK,,"[1, 1, 2, 2, 3, 3, 3, 3, 3, 3, 3, 3, 3, 4, 4, 5, 5]"
ONE,851,OK,OK,,"[1, 1, 2, 2, 3, 3, 3, 3, 3, 3, 3, 3, 3, 4, 4, 5, 5]"
ONE,852,OK,OK,,"[1, 1, 2, 2, 3, 3, 3, 3, 3, 3, 3, 3, 3, 4, 4, 5, 5]"
ONE,853,OK,OK,,"[1, 1, 2, 2, 3, 3, 3, 3, 3, 3, 3, 3, 3, 4, 4, 5, 5]"
ONE,854,OK,OK,,"[1, 1, 2, 2, 3, 3, 3, 3, 3, 3, 3, 3, 3, 4, 4, 5, 5]"
ONE,855,OK,OK,,"[1, 1, 2, 3, 3, 3, 3, 3, 3, 3, 3, 3, 3, 4, 4, 5, 5]"
ONE,856,OK,OK,,"[1, 1, 2, 2, 3, 3, 3, 3, 3, 3, 3, 3, 3, 4, 4, 5, 5]"
ONE,857,OK,OK,,"[1, 1, 2, 2, 3, 3, 3, 3, 3, 3, 3, 3, 3, 4, 4, 5, 5]"
ONE,858,OK,OK,,"[1, 1, 2, 2, 3, 3, 3, 3, 3, 3, 3, 3, 3, 4, 4, 5, 5]"
ONE,859,OK,OK,,"[1, 1, 2, 2, 3, 3, 3, 3, 3, 3, 3, 3, 3, 4, 4, 5, 5]"
ONE,860,OK,OK,,"[1, 1, 2, 2, 3, 3, 3, 3, 3, 3, 3, 3, 3, 4, 4, 5, 5]"
ONE,861,OK,OK,,"[1, 1, 2, 2, 3, 3, 3, 3, 3, 3, 3, 3, 3, 4, 4, 5, 5]"
ONE,862,OK,OK,,"[1, 1, 2, 2, 3, 3, 3, 3, 3, 3, 3, 3, 3, 4, 4, 5, 5]"
ONE,863,OK,OK,,"[1, 1, 2, 2, 3, 3, 3, 3, 3, 3, 3, 3, 3, 4, 4, 5, 5]"
ONE,864,OK,OK,,"[1, 1, 2, 2, 3, 3, 3, 3, 3, 3, 3, 3, 3, 4, 4, 5, 5]"
ONE,865,OK,OK,,"[1, 1, 2, 2, 3, 3, 3, 3, 3, 3, 3, 3, 3, 4, 4, 5, 5]"
ONE,866,OK,OK,,"[1, 1, 2, 2, 3, 3, 3, 3, 3, 3, 3, 3, 3, 4, 4, 5, 5]"
ONE,867,OK,OK,,"[1, 1, 2, 2, 3, 3, 3, 3, 3, 3, 3, 3, 3, 4, 4, 5, 5]"
ONE,868,OK,OK,,"[1, 1, 2, 2, 3, 3, 3, 3, 3, 3, 3, 3, 3, 4, 4, 5, 5]"
ONE,869,OK,OK,,"[1, 1, 2, 2, 3, 3, 3, 3, 3, 3, 3, 3, 3, 4, 4, 5, 5]"
ONE,870,OK,OK,,"[1, 1, 2, 2, 3, 3, 3, 3, 3, 3, 3, 3, 3, 4, 4, 5, 5]"
ONE,871,OK,OK,,"[1, 1, 2, 2, 3, 3, 3, 3, 3, 3, 3, 3, 3, 4, 4, 5, 5]"
ONE,872,OK,OK,,"[1, 1, 2, 2, 3, 3, 3, 3, 3, 3, 3, 3, 3, 4, 4, 5, 5]"
ONE,873,OK,OK,,"[1, 1, 2, 2, 3, 3, 3, 3, 3, 3, 3, 3, 3, 4, 4, 5, 5]"
ONE,874,OK,OK,,"[1, 1, 2, 2, 3, 3, 3, 3, 3, 3, 3, 3, 3, 4, 4, 5, 5]"
ONE,875,OK,OK,,"[1, 1, 2, 2, 3, 3, 3, 3, 3, 3, 3, 3, 3, 4, 4, 5, 5]"
ONE,876,OK,OK,,"[1, 1, 2, 2, 3, 3, 3, 3, 3, 3, 3, 3, 3, 4, 4, 5, 5]"
ONE,877,OK,OK,,"[1, 1, 2, 2, 3, 3, 3, 3, 3, 3, 3, 3, 3, 4, 4, 5, 5]"
ONE,878,OK,OK,,"[1, 1, 2, 2, 3, 3, 3, 3, 3, 3, 3, 3, 3, 4, 4, 5, 5]"
ONE,879,OK,OK,,"[1, 1, 2, 2, 3, 3, 3, 3, 3, 3, 3, 3, 3, 4, 4, 5, 5]"
ONE,880,OK,OK,,"[1, 1, 2, 2, 3, 3, 3, 3, 3, 3, 3, 3, 3, 4, 4, 5, 5]"
ONE,881,OK,OK,,"[1, 1, 2, 2, 3, 3, 3, 3, 3, 3, 3, 3, 3, 4, 4, 5, 5]"
ONE,882,OK,OK,,"[1, 1, 2, 2, 3, 3, 3, 3, 3, 3, 3, 3, 3, 4, 4, 5, 5]"
ONE,883,OK,OK,,"[1, 1, 2, 2, 3, 3, 3, 3, 3, 3, 3, 3, 3, 4, 4, 5, 5]"
ONE,884,OK,OK,,"[1, 1, 2, 2, 3, 3, 3, 3, 3, 3, 3, 3, 3, 4, 4, 5, 5]"
ONE,885,OK,OK,,"[1, 1, 2, 2, 3, 3, 3, 3, 3, 3, 3, 3, 3, 4, 4, 5, 5]"
ONE,886,OK,OK,,"[1, 1, 2, 2, 3, 3, 3, 3, 3, 3, 3, 3, 3, 4, 4, 5, 5]"
ONE,887,OK,OK,,"[1, 1, 2, 2, 3, 3, 3, 3, 3, 3, 3, 3, 3, 4, 4, 5, 5]"
ONE,888,OK,OK,,"[1, 1, 2, 2, 3, 3, 3, 3, 3, 3, 3, 3, 3, 4, 4, 5, 5]"
ONE,889,OK,OK,,"[1, 1, 2, 2, 3, 3, 3, 3, 3, 3, 3, 3, 3, 4, 4, 5, 5]"
ONE,890,OK,OK,,"[1, 1, 2, 2, 3, 3, 3, 3, 3, 3, 3, 3, 3, 4, 4, 5, 5]"
ONE,891,OK,OK,,"[1, 1, 2, 2, 3, 3, 3, 3, 3, 3, 3, 3, 3, 4, 4, 5, 5]"
ONE,892,OK,OK,,"[1, 1, 2, 2, 3, 3, 3, 3, 3, 3, 3, 3, 3, 4, 4, 5, 5]"
ONE,893,OK,OK,,"[1, 1, 2, 2, 3, 3, 3, 3, 3, 3, 3, 3, 3, 4, 4, 5, 5]"
ONE,894,OK,OK,,"[1, 1, 2, 2, 3, 3, 3, 3, 3, 3, 3, 3, 3, 4, 4, 5, 5]"
ONE,895,OK,OK,,"[1, 1, 2, 2, 3, 3, 3, 3, 3, 3, 3, 3, 3, 4, 4, 5, 5]"
ONE,896,OK,OK,,"[1, 1, 2, 2, 3, 3, 3, 3, 3, 3, 3, 3, 3, 4, 4, 5, 5]"
ONE,897,OK,OK,,"[1, 1, 2, 2, 3, 3, 3, 3, 3, 3, 3, 3, 3, 4, 4, 5, 5]"
ONE,898,OK,OK,,"[1, 1, 2, 2, 3, 3, 3, 3, 3, 3, 3, 3, 3, 4, 4, 5, 5]"
ONE,899,OK,OK,,"[1, 1, 2, 2, 3, 3, 3, 3, 3, 3, 3, 3, 3, 4, 4, 5, 5]"
ONE,900,OK,OK,,"[1, 1, 2, 2, 3, 3, 3, 3, 3, 3, 3, 3, 3, 4, 4, 5, 5]"
ONE,901,OK,OK,,"[1, 1, 2, 2, 3, 3, 3, 3, 3, 3, 3, 3, 3, 4, 4, 5, 5]"
ONE,902,OK,OK,,"[1, 1, 2, 2, 3, 3, 3, 3, 3, 3, 3, 3, 3, 4, 4, 5, 5]"
ONE,903,OK,OK,,"[1, 1, 2, 2, 3, 3, 3, 3, 3, 3, 3, 3, 3, 4, 4, 5, 5]"
ONE,904,OK,OK,,"[1, 1, 2, 2, 3, 3, 3, 3, 3, 3, 3, 3, 3, 4, 4, 5, 5]"
ONE,905,OK,OK,,"[1, 1, 2, 2, 3, 3, 3, 3, 3, 3, 3, 4, 4, 5, 5]"
ONE,906,OK,OK,,"[1, 1, 2, 2, 3, 3, 3, 3, 3, 4, 4, 5, 5]"
ONE,907,OK,OK,,"[1, 1, 2, 2, 3, 4, 4, 5, 5]"
ONE,908,OK,OK,,"[1, 1, 2, 2, 3, 4, 4, 5, 5]"
ONE,909,OK,OK,,"[1, 1, 2, 2, 3, 4, 4, 5, 5]"
ONE,910,OK,OK,,"[1, 1, 2, 3, 3, 3, 3, 3, 3, 4, 4, 5, 5]"
ONE,911,OK,OK,,"[1, 1, 2, 2, 3, 4, 4, 5, 5]"
ONE,912,OK,OK,,"[1, 1, 2, 2, 3, 4, 4, 5, 5]"
ONE,913,OK,OK,,"[1, 1, 2, 2, 3, 4, 4, 5, 5, 5, 5, 5, 5]"
ONE,914,OK,OK,,"[1, 1, 2, 2, 3, 4, 4, 5, 5, 5, 5, 5, 5]"
ONE,915,OK,OK,,"[1, 1, 2, 3, 3, 3, 3, 3, 3, 4, 4, 5, 5, 5, 5, 5, 5]"
ONE,916,OK,OK,,"[1, 1, 2, 2, 3, 4, 4, 5, 5, 5, 5, 5, 5]"
ONE,917,OK,OK,,"[1, 1, 2, 2, 3, 3, 3, 3, 3, 3, 3, 4, 4, 5, 5]"
ONE,918,OK,OK,,"[1, 1, 2, 2, 3, 4, 4, 5, 5]"
ONE,919,OK,OK,,"[1, 1, 2, 2, 3, 4, 4, 5, 5]"
ONE,920,BAD_SEQUENCE,REVERSE,Уменьшение: 5 -> 4,"[1, 1, 2, 3, 3, 3, 3, 3, 3, 4, 5, 5, 4]"
ONE,921,OK,OK,,"[1, 1, 2, 2, 3, 4, 4, 5, 5]"
ONE,922,OK,OK,,"[1, 1, 2, 2, 3, 4, 4, 5, 5]"
ONE,923,OK,OK,,"[1, 1, 2, 2, 3, 3, 3, 3, 3, 4, 4, 5, 5]"
ONE,924,OK,OK,,"[1, 1, 2, 2, 3, 4, 4, 5, 5, 5, 5, 5, 5]"
ONE,925,OK,OK,,"[1, 1, 2, 2, 3, 4, 4, 5, 5]"
ONE,926,OK,OK,,"[1, 1, 2, 2, 3, 3, 3, 3, 3, 4, 4, 5, 5]"
ONE,927,OK,OK,,"[1, 1, 2, 2, 3, 4, 4, 5, 5]"
ONE,928,OK,OK,,"[1, 1, 2, 2, 3, 4, 4, 5, 5]"
ONE,929,OK,OK,,"[1, 1, 2, 3, 3, 4, 4, 5, 5]"
ONE,930,OK,OK,,"[1, 1, 2, 2, 3, 4, 4, 5, 5, 5, 5, 5, 5]"
ONE,931,OK,OK,,"[1, 1, 2, 2, 3, 3, 3, 3, 3, 3, 3, 3, 3, 3, 3, 4, 4, 5, 5]"
ONE,932,OK,OK,,"[1, 1, 2, 2, 3, 3, 3, 3, 3, 4, 4, 5, 5]"
ONE,933,OK,OK,,"[1, 1, 2, 2, 3, 3, 3, 3, 3, 4, 4, 5, 5, 5, 5]"
ONE,934,OK,OK,,"[1, 1, 2, 2, 3, 4, 4, 5, 5]"
ONE,935,OK,OK,,"[1, 1, 2, 2, 3, 3, 3, 3, 3, 4, 4, 5, 5, 5, 5, 5, 5]"
ONE,936,OK,OK,,"[1, 1, 2, 2, 3, 4, 4, 5, 5]"
ONE,937,OK,OK,,"[1, 1, 2, 2, 3, 4, 4, 5, 5]"
ONE,938,OK,OK,,"[1, 1, 2, 2, 3, 4, 4, 5, 5]"
ONE,939,OK,OK,,"[1, 1, 2, 2, 3, 4, 4, 5, 5]"
ONE,940,OK,OK,,"[1, 1, 2, 2, 3, 3, 3, 3, 3, 4, 4, 5, 5]"
ONE,941,OK,OK,,"[1, 1, 2, 2, 3, 4, 4, 5, 5]"
ONE,942,OK,OK,,"[1, 1, 2, 2, 3, 4, 4, 5, 5]"
ONE,943,OK,OK,,"[1, 1, 2, 2, 3, 4, 4, 5, 5, 5, 5, 5, 5]"
ONE,944,OK,OK,,"[1, 1, 2, 2, 3, 4, 4, 5, 5, 5, 5, 5, 5]"
ONE,945,OK,OK,,"[1, 1, 2, 2, 3, 4, 4, 5, 5, 5, 5, 5, 5]"
ONE,946,OK,OK,,"[1, 1, 2, 2, 3, 4, 4, 5, 5]"
ONE,947,OK,OK,,"[1, 1, 2, 2, 3, 4, 4, 5, 5, 5, 5, 5, 5]"
ONE,948,OK,OK,,"[1, 1, 2, 2, 3, 4, 4, 5, 5, 5, 5, 5, 5]"
ONE,949,OK,OK,,"[1, 1, 2, 2, 3, 4, 4, 5, 5]"
ONE,950,OK,OK,,"[1, 1, 2, 2, 3, 4, 4, 5, 5]"
ONE,951,OK,OK,,"[1, 1, 2, 2, 3, 3, 3, 3, 3, 3, 3, 3, 3, 4, 4, 5, 5, 5, 5, 5, 5]"
ONE,952,OK,OK,,"[1, 1, 2, 2, 3, 4, 4, 5, 5]"
ONE,953,OK,OK,,"[1, 1, 2, 2, 3, 4, 4, 5, 5]"
ONE,954,OK,OK,,"[1, 1, 2, 2, 3, 3, 3, 3, 3, 3, 3, 4, 4, 5, 5, 5, 5, 5, 5, 5]"
ONE,955,OK,OK,,"[1, 1, 2, 2, 3, 4, 4, 5, 5]"
ONE,956,OK,OK,,"[1, 1, 2, 2, 2, 2, 2, 2, 3, 3, 3, 3, 3, 4, 4, 5, 5]"
ONE,957,OK,OK,,"[1, 1, 2, 2, 3, 4, 4, 5, 5, 5, 5, 5, 5]"
ONE,958,OK,OK,,"[1, 1, 2, 2, 3, 4, 4, 5, 5]"
ONE,959,OK,OK,,"[1, 1, 2, 2, 3, 4, 4, 5, 5]"
ONE,960,OK,OK,,"[1, 1, 2, 2, 3, 3, 3, 3, 3, 4, 4, 5, 5]"
ONE,961,OK,OK,,"[1, 1, 2, 2, 3, 3, 3, 3, 3, 3, 3, 3, 3, 3, 3, 4, 4, 5, 5]"
ONE,962,OK,OK,,"[1, 1, 2, 2, 2, 2, 2, 2, 2, 3, 4, 4, 5, 5]"
ONE,963,OK,OK,,"[1, 1, 2, 2, 3, 3, 3, 3, 3, 4, 4, 5, 5]"
ONE,964,OK,OK,,"[1, 1, 2, 2, 2, 2, 2, 2, 2, 3, 4, 4, 5, 5]"
ONE,965,OK,OK,,"[1, 1, 2, 3, 3, 3, 3, 3, 3, 3, 3, 3, 3, 4, 4, 5, 5]"
ONE,966,OK,OK,,"[1, 1, 2, 2, 3, 4, 4, 5, 5]"
ONE,967,OK,OK,,"[1, 1, 2, 2, 3, 3, 3, 3, 3, 4, 4, 5, 5]"
ONE,968,OK,OK,,"[1, 1, 2, 2, 3, 3, 3, 3, 3, 4, 4, 5, 5]"
ONE,969,OK,OK,,"[1, 1, 2, 2, 3, 4, 4, 5, 5]"
ONE,970,OK,OK,,"[1, 1, 2, 2, 3, 4, 4, 5, 5]"
ONE,971,OK,OK,,"[1, 1, 2, 2, 3, 4, 4, 5, 5]"
ONE,972,OK,OK,,"[1, 1, 1, 2, 2, 2, 2, 2, 2, 3, 3, 3, 3, 3, 3, 3, 4, 4, 5, 5]"
ONE,973,OK,OK,,"[1, 1, 1, 2, 3, 3, 3, 3, 3, 3, 4, 4, 5, 5]"
ONE,974,OK,OK,,"[1, 1, 2, 2, 3, 4, 4, 5, 5]"
ONE,975,OK,OK,,"[1, 1, 1, 2, 2, 2, 2, 2, 2, 3, 4, 4, 5, 5]"
ONE,976,OK,OK,,"[1, 1, 2, 2, 3, 3, 3, 3, 3, 4, 4, 5, 5]"
ONE,977,OK,OK,,"[1, 1, 2, 2, 3, 3, 3, 3, 3, 4, 4, 5, 5]"
ONE,978,OK,OK,,"[1, 1, 2, 2, 3, 4, 4, 5, 5]"
ONE,979,OK,OK,,"[1, 1, 2, 2, 3, 3, 3, 3, 3, 4, 4, 5, 5]"
ONE,980,OK,OK,,"[1, 1, 2, 2, 3, 3, 3, 3, 3, 4, 4, 5, 5]"
ONE,981,OK,OK,,"[1, 1, 1, 2, 2, 2, 2, 2, 2, 3, 4, 4, 5, 5]"
ONE,982,OK,OK,,"[1, 1, 2, 2, 3, 4, 4, 5, 5]"
ONE,983,OK,OK,,"[1, 1, 1, 2, 2, 2, 2, 2, 2, 3, 4, 4, 5, 5]"
ONE,984,OK,OK,,"[1, 1, 1, 2, 2, 2, 2, 2, 2, 3, 3, 3, 3, 3, 4, 4, 5, 5]"
ONE,985,OK,OK,,"[1, 1, 2, 2, 2, 2, 2, 2, 3, 4, 4, 5, 5]"
ONE,986,OK,OK,,"[1, 1, 2, 2, 3, 4, 4, 5, 5]"
ONE,987,OK,OK,,"[1, 1, 2, 2, 2, 2, 2, 2, 3, 4, 4, 5, 5]"
ONE,988,OK,OK,,"[1, 1, 2, 2, 2, 2, 2, 2, 3, 4, 4, 5, 5]"
ONE,989,OK,OK,,"[1, 1, 2, 2, 3, 3, 3, 3, 3, 4, 4, 5, 5]"
ONE,990,OK,OK,,"[1, 1, 1, 2, 2, 2, 2, 2, 2, 3, 3, 3, 3, 3, 3, 3, 4, 4, 5, 5]"
ONE,991,OK,OK,,"[1, 1, 2, 2, 3, 3, 3, 3, 3, 4, 4, 5, 5]"
ONE,992,OK,OK,,"[1, 1, 2, 2, 3, 4, 4, 5, 5]"
ONE,993,OK,OK,,"[1, 1, 2, 2, 2, 2, 2, 2, 3, 4, 4, 5, 5]"
ONE,994,OK,OK,,"[1, 1, 1, 2, 2, 2, 2, 2, 2, 3, 3, 3, 3, 3, 4, 4, 5, 5]"
ONE,995,OK,OK,,"[1, 1, 2, 2, 3, 3, 3, 3, 3, 4, 4, 5, 5]"
ONE,996,OK,OK,,"[1, 1, 2, 2, 3, 3, 3, 3, 3, 4, 4, 5, 5]"
ONE,997,OK,OK,,"[1, 1, 1, 2, 2, 2, 2, 2, 2, 3, 3, 3, 3, 3, 4, 4, 5, 5]"
ONE,998,OK,OK,,"[1, 1, 2, 2, 3, 4, 4, 5, 5]"
ONE,999,OK,OK,,"[1, 1, 2, 2, 3, 4, 4, 5, 5]"
OOCL,0,OK,OK,,"[1, 1]"
OOCL,1,OK,OK,,"[1, 3]"
OOCL,2,OK,OK,,"[1, 1]"
OOCL,3,OK,OK,,"[1, 1]"
OOCL,4,OK,OK,,"[1, 1]"
OOCL,5,OK,OK,,"[1, 1]"
OOCL,6,OK,OK,,"[1, 3]"
OOCL,7,OK,OK,,"[1, 3]"
OOCL,8,OK,OK,,"[1, 3]"
OOCL,9,OK,OK,,"[1, 3]"
OOCL,10,OK,OK,,"[1, 3]"
OOCL,11,OK,OK,,"[1, 3]"
OOCL,12,OK,OK,,"[1, 3]"
OOCL,13,OK,OK,,"[1, 3]"
OOCL,14,OK,OK,,"[1, 3]"
OOCL,15,OK,OK,,"[1, 3]"
OOCL,16,OK,OK,,"[1, 3]"
OOCL,17,OK,OK,,"[1, 3]"
OOCL,18,OK,OK,,"[1, 3]"
OOCL,19,OK,OK,,"[1, 1]"
OOCL,20,OK,OK,,"[1, 1]"
OOCL,21,OK,OK,,"[1, 1]"
OOCL,22,OK,OK,,"[1, 1]"
OOCL,23,OK,OK,,"[1, 3]"
OOCL,24,OK,OK,,"[1, 1]"
OOCL,25,OK,OK,,"[1, 1]"
OOCL,26,OK,OK,,"[1, 3]"
OOCL,27,OK,OK,,"[1, 1]"
OOCL,28,OK,OK,,"[1, 3]"
OOCL,29,OK,OK,,"[1, 3]"
OOCL,30,OK,OK,,[1]
OOCL,31,OK,OK,,"[1, 1]"
OOCL,32,OK,OK,,"[1, 1]"
OOCL,33,OK,OK,,"[1, 3]"
OOCL,34,OK,OK,,"[1, 3]"
OOCL,35,OK,OK,,"[1, 3]"
OOCL,36,OK,OK,,"[1, 3]"
OOCL,37,OK,OK,,"[1, 3]"
OOCL,38,OK,OK,,"[1, 3]"
OOCL,39,OK,OK,,"[1, 3]"
OOCL,40,OK,OK,,"[1, 1]"
OOCL,41,OK,OK,,"[1, 1]"
OOCL,42,OK,OK,,"[1, 1]"
OOCL,43,OK,OK,,"[1, 3]"
OOCL,44,OK,OK,,"[1, 3]"
OOCL,45,OK,OK,,"[1, 3]"
OOCL,46,OK,OK,,"[1, 3]"
OOCL,47,OK,OK,,"[1, 1]"
OOCL,48,OK,OK,,"[1, 1]"
OOCL,49,OK,OK,,"[1, 1]"
OOCL,50,OK,OK,,"[1, 3]"
OOCL,51,OK,OK,,"[1, 3]"
OOCL,52,OK,OK,,"[1, 3]"
OOCL,53,OK,OK,,"[1, 3]"
OOCL,54,OK,OK,,"[1, 1]"
OOCL,55,OK,OK,,"[1, 3]"
OOCL,56,OK,OK,,"[1, 3]"
OOCL,57,OK,OK,,"[1, 3]"
OOCL,58,OK,OK,,"[1, 1]"
OOCL,59,OK,OK,,"[1, 1]"
OOCL,60,OK,OK,,"[1, 3]"
OOCL,61,OK,OK,,"[1, 1]"
OOCL,62,OK,OK,,"[1, 1]"
OOCL,63,OK,OK,,"[1, 1]"
OOCL,64,OK,OK,,"[1, 1]"
OOCL,65,OK,OK,,"[1, 3]"
OOCL,66,OK,OK,,"[1, 3]"
OOCL,67,OK,OK,,"[1, 3]"
OOCL,68,OK,OK,,"[1, 1]"
OOCL,69,OK,OK,,"[1, 1]"
OOCL,70,OK,OK,,"[1, 1]"
OOCL,71,OK,OK,,"[1, 3]"
OOCL,72,OK,OK,,"[1, 3]"
OOCL,73,OK,OK,,"[1, 3]"
OOCL,74,OK,OK,,"[1, 1]"
OOCL,75,OK,OK,,"[1, 3]"
OOCL,76,OK,OK,,"[1, 3]"
OOCL,77,OK,OK,,"[1, 3]"
OOCL,78,OK,OK,,"[1, 3]"
OOCL,79,OK,OK,,"[1, 3]"
OOCL,80,OK,OK,,"[1, 1]"
OOCL,81,OK,OK,,"[1, 1]"
OOCL,82,OK,OK,,"[1, 3]"
OOCL,83,OK,OK,,"[1, 3]"
OOCL,84,OK,OK,,"[1, 3]"
OOCL,85,OK,OK,,"[1, 3]"
OOCL,86,OK,OK,,"[1, 1]"
OOCL,87,OK,OK,,"[1, 1]"
OOCL,88,OK,OK,,"[1, 3]"
OOCL,89,OK,OK,,"[1, 1]"
OOCL,90,OK,OK,,"[1, 3]"
OOCL,91,OK,OK,,"[1, 1]"
OOCL,92,OK,OK,,"[1, 3]"
OOCL,93,OK,OK,,"[1, 3]"
OOCL,94,OK,OK,,"[1, 1]"
OOCL,95,OK,OK,,"[1, 3]"
OOCL,96,OK,OK,,"[1, 1]"
OOCL,97,OK,OK,,"[1, 1]"
OOCL,98,OK,OK,,"[1, 3]"
OOCL,99,OK,OK,,"[1, 3]"
OOCL,100,OK,OK,,"[1, 1]"
OOCL,101,OK,OK,,"[1, 3]"
OOCL,102,OK,OK,,"[1, 1]"
OOCL,103,OK,OK,,"[1, 1]"
OOCL,104,OK,OK,,"[1, 1]"
OOCL,105,OK,OK,,"[1, 1]"
OOCL,106,OK,OK,,"[1, 1]"
OOCL,107,OK,OK,,"[1, 1]"
OOCL,108,OK,OK,,"[1, 1]"
OOCL,109,OK,OK,,"[1, 1]"
OOCL,110,OK,OK,,"[1, 1]"
OOCL,111,OK,OK,,"[1, 1]"
OOCL,112,OK,OK,,"[1, 3]"
OOCL,113,OK,OK,,"[1, 1]"
OOCL,114,OK,OK,,"[1, 1]"
OOCL,115,OK,OK,,"[1, 3]"
OOCL,116,OK,OK,,"[1, 1]"
OOCL,117,OK,OK,,"[1, 3]"
OOCL,118,OK,OK,,"[1, 1]"
OOCL,119,OK,OK,,"[1, 3]"
OOCL,120,OK,OK,,"[1, 1]"
OOCL,121,OK,OK,,"[1, 3]"
OOCL,122,OK,OK,,"[1, 3]"
OOCL,123,OK,OK,,"[1, 3]"
OOCL,124,OK,OK,,"[1, 3]"
OOCL,125,OK,OK,,"[1, 3]"
OOCL,126,OK,OK,,"[1, 1]"
OOCL,127,OK,OK,,"[1, 1]"
OOCL,128,OK,OK,,"[1, 3]"
OOCL,129,OK,OK,,"[1, 3]"
OOCL,130,OK,OK,,"[1, 3]"
OOCL,131,OK,OK,,"[1, 3]"
OOCL,132,OK,OK,,"[1, 3]"
OOCL,133,OK,OK,,"[1, 3]"
OOCL,134,OK,OK,,"[1, 3]"
OOCL,135,OK,OK,,"[1, 1]"
OOCL,136,OK,OK,,[1]
OOCL,137,OK,OK,,"[1, 1]"
OOCL,138,OK,OK,,"[1, 1]"
OOCL,139,OK,OK,,"[1, 3]"
OOCL,140,OK,OK,,"[1, 3]"
OOCL,141,OK,OK,,"[1, 1]"
OOCL,142,OK,OK,,"[1, 1]"
OOCL,143,OK,OK,,"[1, 3]"
OOCL,144,OK,OK,,"[1, 1]"
OOCL,145,OK,OK,,"[1, 1]"
OOCL,146,OK,OK,,"[1, 1]"
OOCL,147,OK,OK,,"[1, 1]"
OOCL,148,OK,OK,,"[1, 1]"
OOCL,149,OK,OK,,"[1, 3]"
OOCL,150,OK,OK,,"[1, 3]"
OOCL,151,OK,OK,,"[1, 3]"
OOCL,152,OK,OK,,"[1, 1]"
OOCL,153,OK,OK,,[1]
OOCL,154,OK,OK,,"[1, 3]"
OOCL,155,OK,OK,,"[1, 1]"
OOCL,156,OK,OK,,"[1, 1]"
OOCL,157,OK,OK,,[1]
OOCL,158,OK,OK,,[1]
OOCL,159,OK,OK,,"[1, 1]"
OOCL,160,OK,OK,,"[1, 3]"
OOCL,161,OK,OK,,"[1, 3]"
OOCL,162,OK,OK,,"[1, 3]"
OOCL,163,OK,OK,,"[1, 3]"
OOCL,164,OK,OK,,"[1, 1]"
OOCL,165,OK,OK,,"[1, 3]"
OOCL,166,OK,OK,,"[1, 1]"
OOCL,167,OK,OK,,"[1, 3]"
OOCL,168,OK,OK,,"[1, 3]"
OOCL,169,OK,OK,,"[1, 3]"
OOCL,170,OK,OK,,"[1, 1]"
OOCL,171,OK,OK,,"[1, 1]"
OOCL,172,OK,OK,,"[1, 1]"
OOCL,173,OK,OK,,"[1, 1]"
OOCL,174,OK,OK,,[1]
OOCL,175,OK,OK,,"[1, 1]"
OOCL,176,OK,OK,,"[1, 3]"
OOCL,177,OK,OK,,"[1, 3]"
OOCL,178,OK,OK,,"[1, 3]"
OOCL,179,OK,OK,,[1]
OOCL,180,OK,OK,,"[1, 3]"
OOCL,181,OK,OK,,"[1, 1]"
OOCL,182,OK,OK,,"[1, 1]"
OOCL,183,OK,OK,,"[1, 3]"
OOCL,184,OK,OK,,"[1, 1]"
OOCL,185,OK,OK,,"[1, 3]"
OOCL,186,OK,OK,,"[1, 1]"
OOCL,187,OK,OK,,"[1, 1]"
OOCL,188,OK,OK,,"[1, 1]"
OOCL,189,OK,OK,,"[1, 1]"
OOCL,190,OK,OK,,"[1, 3]"
OOCL,191,OK,OK,,"[1, 3]"
OOCL,192,OK,OK,,"[1, 1]"
OOCL,193,OK,OK,,"[1, 1]"
OOCL,194,OK,OK,,"[1, 1]"
OOCL,195,OK,OK,,"[1, 1]"
OOCL,196,OK,OK,,"[1, 3]"
OOCL,197,OK,OK,,"[1, 3]"
OOCL,198,OK,OK,,"[1, 3]"
OOCL,199,OK,OK,,"[1, 1]"
OOCL,200,OK,OK,,"[1, 1]"
OOCL,201,OK,OK,,"[1, 1]"
OOCL,202,OK,OK,,"[1, 1]"
OOCL,203,OK,OK,,"[1, 1]"
OOCL,204,OK,OK,,"[1, 1]"
OOCL,205,OK,OK,,"[1, 3]"
OOCL,206,OK,OK,,"[1, 1]"
OOCL,207,OK,OK,,"[1, 1]"
OOCL,208,OK,OK,,"[1, 1]"
OOCL,209,OK,OK,,"[1, 3]"
OOCL,210,OK,OK,,"[1, 3]"
OOCL,211,OK,OK,,"[1, 3]"
OOCL,212,OK,OK,,"[1, 1]"
OOCL,213,OK,OK,,"[1, 1]"
OOCL,214,OK,OK,,"[1, 1]"
OOCL,215,OK,OK,,"[1, 1]"
OOCL,216,OK,OK,,"[1, 1]"
OOCL,217,OK,OK,,"[1, 3]"
OOCL,218,OK,OK,,"[1, 3]"
OOCL,219,OK,OK,,"[1, 1]"
OOCL,220,OK,OK,,"[1, 3]"
OOCL,221,OK,OK,,"[1, 1]"
OOCL,222,OK,OK,,"[1, 1]"
OOCL,223,OK,OK,,"[1, 1]"
OOCL,224,OK,OK,,"[1, 3]"
OOCL,225,OK,OK,,"[1, 3]"
OOCL,226,OK,OK,,"[1, 3]"
OOCL,227,OK,OK,,"[1, 3]"
OOCL,228,OK,OK,,"[1, 3]"
OOCL,229,OK,OK,,"[1, 1]"
OOCL,230,OK,OK,,"[1, 1]"
OOCL,231,OK,OK,,"[1, 1]"
OOCL,232,OK,OK,,"[1, 1]"
OOCL,233,OK,OK,,"[1, 1]"
OOCL,234,OK,OK,,"[1, 3]"
OOCL,235,OK,OK,,"[1, 3]"
OOCL,236,OK,OK,,"[1, 1]"
OOCL,237,OK,OK,,"[1, 1]"
OOCL,238,OK,OK,,"[1, 1]"
OOCL,239,OK,OK,,"[1, 3]"
OOCL,240,OK,OK,,"[1, 3]"
OOCL,241,OK,OK,,"[1, 3]"
OOCL,242,OK,OK,,"[1, 3]"
OOCL,243,OK,OK,,"[1, 1]"
OOCL,244,OK,OK,,"[1, 3]"
OOCL,245,OK,OK,,"[1, 1]"
OOCL,246,OK,OK,,"[1, 1]"
OOCL,247,OK,OK,,"[1, 1]"
OOCL,248,OK,OK,,"[1, 1]"
OOCL,249,OK,OK,,"[1, 1]"
OOCL,250,OK,OK,,"[1, 1]"
OOCL,251,OK,OK,,"[1, 1]"
OOCL,252,OK,OK,,"[1, 3]"
OOCL,253,OK,OK,,"[1, 3]"
OOCL,254,OK,OK,,"[1, 1]"
OOCL,255,OK,OK,,"[1, 3]"
OOCL,256,OK,OK,,"[1, 3]"
OOCL,257,OK,OK,,"[1, 1]"
OOCL,258,OK,OK,,"[1, 3]"
OOCL,259,OK,OK,,"[1, 3]"
OOCL,260,OK,OK,,"[1, 3]"
OOCL,261,OK,OK,,"[1, 1]"
OOCL,262,OK,OK,,"[1, 3]"
OOCL,263,OK,OK,,"[1, 3]"
OOCL,264,OK,OK,,"[1, 3]"
OOCL,265,OK,OK,,"[1, 3]"
OOCL,266,OK,OK,,"[1, 3]"
OOCL,267,OK,OK,,"[1, 3]"
OOCL,268,OK,OK,,"[1, 3]"
OOCL,269,OK,OK,,"[1, 1]"
OOCL,270,OK,OK,,"[1, 3]"
OOCL,271,OK,OK,,"[1, 1]"
OOCL,272,OK,OK,,"[1, 3]"
OOCL,273,OK,OK,,"[1, 1]"
OOCL,274,OK,OK,,"[1, 3]"
OOCL,275,OK,OK,,"[1, 3]"
OOCL,276,OK,OK,,"[1, 3]"
OOCL,277,OK,OK,,"[1, 3]"
OOCL,278,OK,OK,,"[1, 3]"
OOCL,279,OK,OK,,"[1, 3]"
OOCL,280,OK,OK,,"[1, 3]"
OOCL,281,OK,OK,,"[1, 1]"
OOCL,282,OK,OK,,"[1, 3]"
OOCL,283,OK,OK,,"[1, 3]"
OOCL,284,OK,OK,,"[1, 3]"
OOCL,285,OK,OK,,"[1, 3]"
OOCL,286,OK,OK,,"[1, 3]"
OOCL,287,OK,OK,,"[1, 1]"
OOCL,288,OK,OK,,"[1, 3]"
OOCL,289,OK,OK,,"[1, 1]"
OOCL,290,OK,OK,,"[1, 3]"
OOCL,291,OK,OK,,"[1, 1]"
OOCL,292,OK,OK,,"[1, 1]"
OOCL,293,OK,OK,,"[1, 1]"
OOCL,294,OK,OK,,"[1, 3]"
OOCL,295,OK,OK,,"[1, 1]"
OOCL,296,OK,OK,,"[1, 3]"
OOCL,297,OK,OK,,"[1, 1]"
OOCL,298,OK,OK,,"[1, 1]"
OOCL,299,OK,OK,,[1]
OOCL,300,OK,OK,,"[1, 3]"
OOCL,301,OK,OK,,"[1, 3]"
OOCL,302,OK,OK,,"[1, 1]"
OOCL,303,OK,OK,,"[1, 1]"
OOCL,304,OK,OK,,"[1, 1]"
OOCL,305,OK,OK,,"[1, 1]"
OOCL,306,OK,OK,,"[1, 1]"
OOCL,307,OK,OK,,"[1, 3]"
OOCL,308,OK,OK,,"[1, 1]"
OOCL,309,OK,OK,,"[1, 1]"
OOCL,310,OK,OK,,"[1, 1]"
OOCL,311,OK,OK,,"[1, 3]"
OOCL,312,OK,OK,,"[1, 3]"
OOCL,313,OK,OK,,"[1, 3]"
OOCL,314,OK,OK,,"[1, 1]"
OOCL,315,OK,OK,,"[1, 1]"
OOCL,316,OK,OK,,"[1, 1]"
OOCL,317,OK,OK,,"[1, 1]"
OOCL,318,OK,OK,,"[1, 1]"
OOCL,319,OK,OK,,"[1, 1]"
OOCL,320,OK,OK,,"[1, 1]"
OOCL,321,OK,OK,,"[1, 1]"
OOCL,322,OK,OK,,"[1, 1]"
OOCL,323,OK,OK,,"[1, 1]"
OOCL,324,OK,OK,,"[1, 1]"
OOCL,325,OK,OK,,"[1, 1]"
OOCL,326,OK,OK,,"[1, 1]"
OOCL,327,OK,OK,,"[1, 1]"
OOCL,328,OK,OK,,"[1, 1]"
OOCL,329,OK,OK,,"[1, 1]"
OOCL,330,OK,OK,,"[1, 1]"
OOCL,331,OK,OK,,"[1, 3]"
OOCL,332,OK,OK,,"[1, 1]"
OOCL,333,OK,OK,,"[1, 1]"
OOCL,334,OK,OK,,"[1, 1]"
OOCL,335,OK,OK,,"[1, 1]"
OOCL,336,OK,OK,,"[1, 1]"
OOCL,337,OK,OK,,"[1, 3]"
OOCL,338,OK,OK,,"[1, 1]"
OOCL,339,OK,OK,,"[1, 3]"
OOCL,340,OK,OK,,"[1, 3]"
OOCL,341,OK,OK,,"[1, 3]"
OOCL,342,OK,OK,,"[1, 3]"
OOCL,343,OK,OK,,"[1, 1]"
OOCL,344,OK,OK,,"[1, 3]"
OOCL,345,OK,OK,,"[1, 3]"
OOCL,346,OK,OK,,"[1, 3]"
OOCL,347,OK,OK,,"[1, 3]"
OOCL,348,OK,OK,,"[1, 1]"
OOCL,349,OK,OK,,"[1, 3]"
OOCL,350,OK,OK,,"[1, 3]"
OOCL,351,OK,OK,,"[1, 1]"
OOCL,352,OK,OK,,"[1, 3]"
OOCL,353,OK,OK,,"[1, 1]"
OOCL,354,OK,OK,,"[1, 1]"
OOCL,355,OK,OK,,"[1, 1]"
OOCL,356,OK,OK,,"[1, 3]"
OOCL,357,OK,OK,,"[1, 3]"
OOCL,358,OK,OK,,"[1, 1]"
OOCL,359,OK,OK,,"[1, 3]"
OOCL,360,OK,OK,,"[1, 1]"
OOCL,361,OK,OK,,"[1, 1]"
OOCL,362,OK,OK,,"[1, 1]"
OOCL,363,OK,OK,,"[1, 1]"
OOCL,364,OK,OK,,"[1, 1]"
OOCL,365,OK,OK,,"[1, 1]"
OOCL,366,OK,OK,,"[1, 1]"
OOCL,367,OK,OK,,"[1, 1]"
OOCL,368,OK,OK,,"[1, 3]"
OOCL,369,OK,OK,,"[1, 1]"
OOCL,370,OK,OK,,"[1, 1]"
OOCL,371,OK,OK,,"[1, 3]"
OOCL,372,OK,OK,,"[1, 3]"
OOCL,373,OK,OK,,"[1, 1]"
OOCL,374,OK,OK,,"[1, 1]"
OOCL,375,OK,OK,,"[1, 1]"
OOCL,376,OK,OK,,"[1, 1]"
OOCL,377,OK,OK,,"[1, 1]"
OOCL,378,OK,OK,,"[1, 3]"
OOCL,379,OK,OK,,"[1, 1]"
OOCL,380,OK,OK,,"[1, 3]"
OOCL,381,OK,OK,,"[1, 3]"
OOCL,382,OK,OK,,"[1, 3]"
OOCL,383,OK,OK,,"[1, 1]"
OOCL,384,OK,OK,,"[1, 1]"
OOCL,385,OK,OK,,"[1, 1]"
OOCL,386,OK,OK,,"[1, 1]"
OOCL,387,OK,OK,,"[1, 1]"
OOCL,388,OK,OK,,"[1, 3]"
OOCL,389,OK,OK,,"[1, 1]"
OOCL,390,OK,OK,,"[1, 1]"
OOCL,391,OK,OK,,"[1, 1]"
OOCL,392,OK,OK,,"[1, 1]"
OOCL,393,OK,OK,,"[1, 3]"
OOCL,394,OK,OK,,"[1, 3]"
OOCL,395,OK,OK,,"[1, 3]"
OOCL,396,OK,OK,,"[1, 3]"
OOCL,397,OK,OK,,"[1, 3]"
OOCL,398,OK,OK,,"[1, 1]"
OOCL,399,OK,OK,,"[1, 1]"
OOCL,400,OK,OK,,"[1, 3]"
OOCL,401,OK,OK,,"[1, 3]"
OOCL,402,OK,OK,,"[1, 1]"
OOCL,403,OK,OK,,"[1, 1]"
OOCL,404,OK,OK,,"[1, 1]"
OOCL,405,OK,OK,,"[1, 1]"
OOCL,406,OK,OK,,"[1, 1]"
OOCL,407,OK,OK,,"[1, 3]"
OOCL,408,OK,OK,,"[1, 3]"
OOCL,409,OK,OK,,"[1, 1]"
OOCL,410,OK,OK,,"[1, 1]"
OOCL,411,OK,OK,,"[1, 3]"
OOCL,412,OK,OK,,"[1, 1]"
OOCL,413,OK,OK,,"[1, 3]"
OOCL,414,OK,OK,,"[1, 1]"
OOCL,415,OK,OK,,"[1, 1]"
OOCL,416,OK,OK,,"[1, 1]"
OOCL,417,OK,OK,,"[1, 1]"
OOCL,418,OK,OK,,"[1, 1]"
OOCL,419,OK,OK,,"[1, 1]"
OOCL,420,OK,OK,,"[1, 1]"
OOCL,421,OK,OK,,"[1, 1]"
OOCL,422,OK,OK,,"[1, 1]"
OOCL,423,OK,OK,,"[1, 1]"
OOCL,424,OK,OK,,"[1, 3]"
OOCL,425,OK,OK,,"[1, 3]"
OOCL,426,OK,OK,,"[1, 3]"
OOCL,427,OK,OK,,"[1, 1]"
OOCL,428,OK,OK,,"[1, 1]"
OOCL,429,OK,OK,,"[1, 3]"
OOCL,430,OK,OK,,"[1, 1]"
OOCL,431,OK,OK,,"[1, 1]"
OOCL,432,OK,OK,,"[1, 1]"
OOCL,433,OK,OK,,"[1, 1]"
OOCL,434,OK,OK,,"[1, 1]"
OOCL,435,OK,OK,,"[1, 1]"
OOCL,436,OK,OK,,"[1, 3]"
OOCL,437,OK,OK,,"[1, 3]"
OOCL,438,OK,OK,,"[1, 1]"
OOCL,439,OK,OK,,"[1, 1]"
OOCL,440,OK,OK,,"[1, 1]"
OOCL,441,OK,OK,,"[1, 1]"
OOCL,442,OK,OK,,"[1, 1]"
OOCL,443,OK,OK,,"[1, 1]"
OOCL,444,OK,OK,,"[1, 1]"
OOCL,445,OK,OK,,"[1, 1]"
OOCL,446,OK,OK,,"[1, 3]"
OOCL,447,OK,OK,,"[1, 1]"
OOCL,448,OK,OK,,"[1, 1]"
OOCL,449,OK,OK,,"[1, 1]"
OOCL,450,OK,OK,,"[1, 3]"
OOCL,451,OK,OK,,"[1, 3]"
OOCL,452,OK,OK,,"[1, 3]"
OOCL,453,OK,OK,,"[1, 3]"
OOCL,454,OK,OK,,"[1, 3]"
OOCL,455,OK,OK,,"[1, 3]"
OOCL,456,OK,OK,,"[1, 3]"
OOCL,457,OK,OK,,"[1, 1]"
OOCL,458,OK,OK,,"[1, 3]"
OOCL,459,OK,OK,,"[1, 3]"
OOCL,460,OK,OK,,"[1, 1]"
OOCL,461,OK,OK,,"[1, 1]"
OOCL,462,OK,OK,,"[1, 1]"
OOCL,463,OK,OK,,"[1, 3]"
OOCL,464,OK,OK,,"[1, 3]"
OOCL,465,OK,OK,,"[1, 3]"
OOCL,466,OK,OK,,"[1, 3]"
OOCL,467,OK,OK,,"[1, 3]"
OOCL,468,OK,OK,,"[1, 3]"
OOCL,469,OK,OK,,"[1, 3]"
OOCL,470,OK,OK,,"[1, 1]"
OOCL,471,OK,OK,,"[1, 3]"
OOCL,472,OK,OK,,"[1, 3]"
OOCL,473,OK,OK,,"[1, 1]"
OOCL,474,OK,OK,,[1]
OOCL,475,OK,OK,,"[1, 3]"
OOCL,476,OK,OK,,"[1, 1]"
OOCL,477,OK,OK,,"[1, 1]"
OOCL,478,OK,OK,,"[1, 1]"
OOCL,479,OK,OK,,"[1, 1]"
OOCL,480,OK,OK,,"[1, 1]"
OOCL,481,OK,OK,,"[1, 1]"
OOCL,482,OK,OK,,"[1, 3]"
OOCL,483,OK,OK,,"[1, 3]"
OOCL,484,OK,OK,,"[1, 3]"
OOCL,485,OK,OK,,"[1, 1]"
OOCL,486,OK,OK,,"[1, 1]"
OOCL,487,OK,OK,,"[1, 3]"
OOCL,488,OK,OK,,"[1, 1]"
OOCL,489,OK,OK,,"[1, 3]"
OOCL,490,OK,OK,,"[1, 3]"
OOCL,491,OK,OK,,"[1, 3]"
OOCL,492,OK,OK,,"[1, 3]"
OOCL,493,OK,OK,,"[1, 1]"
OOCL,494,OK,OK,,"[1, 3]"
OOCL,495,OK,OK,,"[1, 3]"
OOCL,496,OK,OK,,"[1, 1]"
OOCL,497,OK,OK,,"[1, 1]"
OOCL,498,OK,OK,,"[1, 3]"
OOCL,499,OK,OK,,"[1, 3]"
OOCL,500,OK,OK,,"[1, 1]"
OOCL,501,OK,OK,,"[1, 1]"
OOCL,502,OK,OK,,"[1, 1]"
OOCL,503,OK,OK,,"[1, 1]"
OOCL,504,OK,OK,,"[1, 1]"
OOCL,505,OK,OK,,"[1, 1]"
OOCL,506,OK,OK,,"[1, 1]"
OOCL,507,OK,OK,,"[1, 1]"
OOCL,508,OK,OK,,"[1, 1]"
OOCL,509,OK,OK,,"[1, 3]"
OOCL,510,OK,OK,,"[1, 3]"
OOCL,511,OK,OK,,"[1, 3]"
OOCL,512,OK,OK,,"[1, 1]"
OOCL,513,OK,OK,,"[1, 1]"
OOCL,514,OK,OK,,"[1, 1]"
OOCL,515,OK,OK,,"[1, 1]"
OOCL,516,OK,OK,,"[1, 3]"
OOCL,517,OK,OK,,"[1, 1]"
OOCL,518,OK,OK,,"[1, 1]"
OOCL,519,OK,OK,,"[1, 3]"
OOCL,520,OK,OK,,"[1, 1]"
OOCL,521,OK,OK,,"[1, 3]"
OOCL,522,OK,OK,,"[1, 1]"
OOCL,523,OK,OK,,"[1, 3]"
OOCL,524,OK,OK,,"[1, 3]"
OOCL,525,OK,OK,,"[1, 3]"
OOCL,526,OK,OK,,"[1, 1]"
OOCL,527,OK,OK,,"[1, 3]"
OOCL,528,OK,OK,,"[1, 1]"
OOCL,529,OK,OK,,"[1, 3]"
OOCL,530,OK,OK,,"[1, 1]"
OOCL,531,OK,OK,,"[1, 1]"
OOCL,532,OK,OK,,"[1, 1]"
OOCL,533,OK,OK,,"[1, 1]"
OOCL,534,OK,OK,,"[1, 1]"
OOCL,535,OK,OK,,"[1, 3]"
OOCL,536,OK,OK,,"[1, 3]"
OOCL,537,OK,OK,,"[1, 1]"
OOCL,538,OK,OK,,"[1, 1]"
OOCL,539,OK,OK,,"[1, 3]"
OOCL,540,OK,OK,,"[1, 1]"
OOCL,541,OK,OK,,"[1, 1]"
OOCL,542,OK,OK,,"[1, 1]"
OOCL,543,OK,OK,,"[1, 1]"
OOCL,544,OK,OK,,"[1, 1]"
OOCL,545,OK,OK,,"[1, 1]"
OOCL,546,OK,OK,,"[1, 1]"
OOCL,547,OK,OK,,"[1, 1]"
OOCL,548,OK,OK,,"[1, 1]"
OOCL,549,OK,OK,,"[1, 1]"
OOCL,550,OK,OK,,"[1, 1]"
OOCL,551,OK,OK,,"[1, 1]"
OOCL,552,OK,OK,,"[1, 3]"
OOCL,553,OK,OK,,"[1, 3]"
OOCL,554,OK,OK,,"[1, 3]"
OOCL,555,OK,OK,,"[1, 3]"
OOCL,556,OK,OK,,"[1, 3]"
OOCL,557,OK,OK,,"[1, 3]"
OOCL,558,OK,OK,,"[1, 3]"
OOCL,559,OK,OK,,"[1, 1]"
OOCL,560,OK,OK,,"[1, 1]"
OOCL,561,OK,OK,,"[1, 1]"
OOCL,562,OK,OK,,"[1, 3]"
OOCL,563,OK,OK,,"[1, 3]"
OOCL,564,OK,OK,,"[1, 1]"
OOCL,565,OK,OK,,[1]
OOCL,566,OK,OK,,"[1, 1]"
OOCL,567,OK,OK,,"[1, 3]"
OOCL,568,OK,OK,,"[1, 3]"
OOCL,569,OK,OK,,"[1, 1]"
OOCL,570,OK,OK,,"[1, 1]"
OOCL,571,OK,OK,,"[1, 1]"
OOCL,572,OK,OK,,"[1, 3]"
OOCL,573,OK,OK,,"[1, 3]"
OOCL,574,OK,OK,,"[1, 3]"
OOCL,575,OK,OK,,"[1, 3]"
OOCL,576,OK,OK,,"[1, 3]"
OOCL,577,OK,OK,,"[1, 1]"
OOCL,578,OK,OK,,"[1, 3]"
OOCL,579,OK,OK,,"[1, 3]"
OOCL,580,OK,OK,,"[1, 3]"
OOCL,581,OK,OK,,"[1, 3]"
OOCL,582,OK,OK,,"[1, 1]"
OOCL,583,OK,OK,,"[1, 3]"
OOCL,584,OK,OK,,"[1, 3]"
OOCL,585,OK,OK,,"[1, 3]"
OOCL,586,OK,OK,,"[1, 3]"
OOCL,587,OK,OK,,"[1, 3]"
OOCL,588,OK,OK,,"[1, 3]"
OOCL,589,OK,OK,,"[1, 3]"
OOCL,590,OK,OK,,"[1, 1]"
OOCL,591,OK,OK,,"[1, 1]"
OOCL,592,OK,OK,,"[1, 1]"
OOCL,593,OK,OK,,"[1, 1]"
OOCL,594,OK,OK,,"[1, 1]"
OOCL,595,OK,OK,,"[1, 3]"
OOCL,596,OK,OK,,"[1, 3]"
OOCL,597,OK,OK,,"[1, 1]"
OOCL,598,OK,OK,,"[1, 3]"
OOCL,599,OK,OK,,"[1, 1]"
OOCL,600,OK,OK,,"[1, 3]"
OOCL,601,OK,OK,,"[1, 3]"
OOCL,602,OK,OK,,"[1, 1]"
OOCL,603,OK,OK,,"[1, 3]"
OOCL,604,OK,OK,,"[1, 3]"
OOCL,605,OK,OK,,"[1, 1]"
OOCL,606,OK,OK,,"[1, 1]"
OOCL,607,OK,OK,,"[1, 3]"
OOCL,608,OK,OK,,"[1, 1]"
OOCL,609,OK,OK,,"[1, 1]"
OOCL,610,OK,OK,,"[1, 1]"
OOCL,611,OK,OK,,"[1, 1]"
OOCL,612,OK,OK,,"[1, 1]"
OOCL,613,OK,OK,,"[1, 1]"
OOCL,614,OK,OK,,"[1, 3]"
OOCL,615,OK,OK,,"[1, 1]"
OOCL,616,OK,OK,,"[1, 3]"
OOCL,617,OK,OK,,"[1, 3]"
OOCL,618,OK,OK,,"[1, 3]"
OOCL,619,OK,OK,,"[1, 3]"
OOCL,620,OK,OK,,"[1, 1]"
OOCL,621,OK,OK,,"[1, 3]"
OOCL,622,OK,OK,,"[1, 1]"
OOCL,623,OK,OK,,"[1, 1]"
OOCL,624,OK,OK,,"[1, 1]"
OOCL,625,OK,OK,,"[1, 1]"
OOCL,626,OK,OK,,"[1, 3]"
OOCL,627,OK,OK,,"[1, 1]"
OOCL,628,OK,OK,,"[1, 3]"
OOCL,629,OK,OK,,"[1, 1]"
OOCL,630,OK,OK,,"[1, 1]"
OOCL,631,OK,OK,,"[1, 3]"
OOCL,632,OK,OK,,"[1, 3]"
OOCL,633,OK,OK,,"[1, 3]"
OOCL,634,OK,OK,,"[1, 3]"
OOCL,635,OK,OK,,"[1, 1]"
OOCL,636,OK,OK,,"[1, 1]"
OOCL,637,OK,OK,,"[1, 3]"
OOCL,638,OK,OK,,"[1, 1]"
OOCL,639,OK,OK,,"[1, 3]"
OOCL,640,OK,OK,,"[1, 1]"
OOCL,641,OK,OK,,"[1, 1]"
OOCL,642,OK,OK,,"[1, 3]"
OOCL,643,OK,OK,,"[1, 3]"
OOCL,644,OK,OK,,"[1, 3]"
OOCL,645,OK,OK,,"[1, 1]"
OOCL,646,OK,OK,,"[1, 3]"
OOCL,647,OK,OK,,"[1, 3]"
OOCL,648,OK,OK,,"[1, 3]"
OOCL,649,OK,OK,,"[1, 3]"
OOCL,650,OK,OK,,"[1, 1]"
OOCL,651,OK,OK,,"[1, 3]"
OOCL,652,OK,OK,,"[1, 3]"
OOCL,653,OK,OK,,"[1, 1]"
OOCL,654,OK,OK,,"[1, 1]"
OOCL,655,OK,OK,,"[1, 1]"
OOCL,656,OK,OK,,"[1, 1]"
OOCL,657,OK,OK,,"[1, 1]"
OOCL,658,OK,OK,,"[1, 1]"
OOCL,659,OK,OK,,"[1, 1]"
OOCL,660,OK,OK,,"[1, 1]"
OOCL,661,OK,OK,,[1]
OOCL,662,OK,OK,,"[1, 3]"
OOCL,663,OK,OK,,"[1, 1]"
OOCL,664,OK,OK,,"[1, 1]"
OOCL,665,OK,OK,,"[1, 3]"
OOCL,666,OK,OK,,"[1, 3]"
OOCL,667,OK,OK,,"[1, 3]"
OOCL,668,OK,OK,,"[1, 3]"
OOCL,669,OK,OK,,"[1, 3]"
OOCL,670,OK,OK,,"[1, 1]"
OOCL,671,OK,OK,,"[1, 3]"
OOCL,672,OK,OK,,"[1, 3]"
OOCL,673,OK,OK,,"[1, 3]"
OOCL,674,OK,OK,,"[1, 1]"
OOCL,675,OK,OK,,"[1, 3]"
OOCL,676,OK,OK,,"[1, 3]"
OOCL,677,OK,OK,,"[1, 1]"
OOCL,678,OK,OK,,[1]
OOCL,679,OK,OK,,"[1, 1]"
OOCL,680,OK,OK,,"[1, 1]"
OOCL,681,OK,OK,,[1]
OOCL,682,OK,OK,,"[1, 3]"
OOCL,683,OK,OK,,[1]
OOCL,684,OK,OK,,"[1, 3]"
OOCL,685,OK,OK,,"[1, 1]"
OOCL,686,OK,OK,,"[1, 1]"
OOCL,687,OK,OK,,"[1, 1]"
OOCL,688,OK,OK,,[1]
OOCL,689,OK,OK,,"[1, 1]"
OOCL,690,OK,OK,,"[1, 3]"
OOCL,691,OK,OK,,"[1, 1]"
OOCL,692,OK,OK,,"[1, 1]"
OOCL,693,OK,OK,,"[1, 1]"
OOCL,694,OK,OK,,"[1, 1]"
OOCL,695,OK,OK,,"[1, 1]"
OOCL,696,OK,OK,,"[1, 1]"
OOCL,697,OK,OK,,"[1, 1]"
OOCL,698,OK,OK,,"[1, 1]"
OOCL,699,OK,OK,,"[1, 1]"
OOCL,700,OK,OK,,"[1, 1]"
OOCL,701,OK,OK,,"[1, 1]"
OOCL,702,OK,OK,,"[1, 1]"
OOCL,703,OK,OK,,"[1, 1]"
OOCL,704,OK,OK,,"[1, 1]"
OOCL,705,OK,OK,,"[1, 1]"
OOCL,706,OK,OK,,"[1, 1]"
OOCL,707,OK,OK,,"[1, 1]"
OOCL,708,OK,OK,,"[1, 1]"
OOCL,709,OK,OK,,"[1, 1]"
OOCL,710,OK,OK,,"[1, 1]"
OOCL,711,OK,OK,,"[1, 1]"
OOCL,712,OK,OK,,"[1, 1]"
OOCL,713,OK,OK,,"[1, 1]"
OOCL,714,OK,OK,,"[1, 1]"
OOCL,715,OK,OK,,"[1, 1]"
OOCL,716,OK,OK,,"[1, 1]"
OOCL,717,OK,OK,,"[1, 1]"
OOCL,718,OK,OK,,"[1, 1]"
OOCL,719,OK,OK,,"[1, 1]"
OOCL,720,OK,OK,,"[1, 1]"
OOCL,721,OK,OK,,"[1, 1]"
OOCL,722,OK,OK,,"[1, 1]"
OOCL,723,OK,OK,,"[1, 1]"
OOCL,724,OK,OK,,"[1, 1]"
OOCL,725,OK,OK,,"[1, 1]"
OOCL,726,OK,OK,,"[1, 1]"
OOCL,727,OK,OK,,"[1, 3]"
OOCL,728,OK,OK,,"[1, 1]"
OOCL,729,OK,OK,,"[1, 1]"
OOCL,730,OK,OK,,"[1, 1]"
OOCL,731,OK,OK,,"[1, 1]"
OOCL,732,OK,OK,,"[1, 1]"
OOCL,733,OK,OK,,"[1, 1]"
OOCL,734,OK,OK,,"[1, 1]"
OOCL,735,OK,OK,,"[1, 1]"
OOCL,736,OK,OK,,"[1, 1]"
OOCL,737,OK,OK,,"[1, 3]"
OOCL,738,OK,OK,,"[1, 1]"
OOCL,739,OK,OK,,"[1, 1]"
OOCL,740,OK,OK,,"[1, 1]"
OOCL,741,OK,OK,,"[1, 1]"
OOCL,742,OK,OK,,"[1, 1]"
OOCL,743,OK,OK,,"[1, 1]"
OOCL,744,OK,OK,,"[1, 1]"
OOCL,745,OK,OK,,"[1, 1]"
OOCL,746,OK,OK,,"[1, 1]"
OOCL,747,OK,OK,,"[1, 1]"
OOCL,748,OK,OK,,"[1, 1]"
OOCL,749,OK,OK,,"[1, 1]"
OOCL,750,OK,OK,,"[1, 1]"
OOCL,751,OK,OK,,"[1, 1]"
OOCL,752,OK,OK,,"[1, 1]"
OOCL,753,OK,OK,,"[1, 1]"
OOCL,754,OK,OK,,"[1, 1]"
OOCL,755,OK,OK,,"[1, 1]"
OOCL,756,OK,OK,,"[1, 1]"
OOCL,757,OK,OK,,"[1, 1]"
OOCL,758,OK,OK,,"[1, 1]"
OOCL,759,OK,OK,,"[1, 3]"
OOCL,760,OK,OK,,"[1, 1]"
OOCL,761,OK,OK,,"[1, 3]"
OOCL,762,OK,OK,,"[1, 1]"
OOCL,763,OK,OK,,"[1, 1]"
OOCL,764,OK,OK,,"[1, 1]"
OOCL,765,OK,OK,,"[1, 3]"
OOCL,766,OK,OK,,"[1, 1]"
OOCL,767,OK,OK,,"[1, 3]"
OOCL,768,OK,OK,,"[1, 1]"
OOCL,769,OK,OK,,"[1, 1]"
OOCL,770,OK,OK,,"[1, 1]"
OOCL,771,OK,OK,,"[1, 1]"
OOCL,772,OK,OK,,"[1, 1]"
OOCL,773,OK,OK,,"[1, 3]"
OOCL,774,OK,OK,,"[1, 1]"
OOCL,775,OK,OK,,"[1, 1]"
OOCL,776,OK,OK,,"[1, 1]"
OOCL,777,OK,OK,,"[1, 3]"
OOCL,778,OK,OK,,"[1, 1]"
OOCL,779,OK,OK,,"[1, 1]"
OOCL,780,OK,OK,,"[1, 3]"
OOCL,781,OK,OK,,"[1, 3]"
OOCL,782,OK,OK,,"[1, 3]"
OOCL,783,OK,OK,,"[1, 3]"
OOCL,784,OK,OK,,"[1, 1]"
OOCL,785,OK,OK,,"[1, 1]"
OOCL,786,OK,OK,,"[1, 3]"
OOCL,787,OK,OK,,"[1, 1]"
OOCL,788,OK,OK,,"[1, 1]"
OOCL,789,OK,OK,,"[1, 1]"
OOCL,790,OK,OK,,"[1, 3]"
OOCL,791,OK,OK,,"[1, 1]"
OOCL,792,OK,OK,,"[1, 1]"
OOCL,793,OK,OK,,"[1, 1]"
OOCL,794,OK,OK,,"[1, 3]"
OOCL,795,OK,OK,,"[1, 1]"
OOCL,796,OK,OK,,"[1, 1]"
OOCL,797,OK,OK,,"[1, 1]"
OOCL,798,OK,OK,,"[1, 3]"
OOCL,799,OK,OK,,"[1, 1]"
OOCL,800,OK,OK,,"[1, 3]"
OOCL,801,OK,OK,,"[1, 1]"
OOCL,802,OK,OK,,"[1, 1]"
OOCL,803,OK,OK,,"[1, 3]"
OOCL,804,OK,OK,,"[1, 3]"
OOCL,805,OK,OK,,"[1, 3]"
OOCL,806,OK,OK,,"[1, 3]"
OOCL,807,OK,OK,,"[1, 3]"
OOCL,808,OK,OK,,"[1, 3]"
OOCL,809,OK,OK,,"[1, 3]"
OOCL,810,OK,OK,,"[1, 3]"
OOCL,811,OK,OK,,"[1, 1]"
OOCL,812,OK,OK,,"[1, 3]"
OOCL,813,OK,OK,,"[1, 1]"
OOCL,814,OK,OK,,"[1, 3]"
OOCL,815,OK,OK,,"[1, 1]"
OOCL,816,OK,OK,,"[1, 1]"
OOCL,817,OK,OK,,"[1, 1]"
OOCL,818,OK,OK,,"[1, 3]"
OOCL,819,OK,OK,,"[1, 1]"
OOCL,820,OK,OK,,"[1, 3]"
OOCL,821,OK,OK,,"[1, 3]"
OOCL,822,OK,OK,,"[1, 3]"
OOCL,823,OK,OK,,"[1, 3]"
OOCL,824,OK,OK,,"[1, 1]"
OOCL,825,OK,OK,,[1]
OOCL,826,OK,OK,,"[1, 3]"
OOCL,827,OK,OK,,[1]
OOCL,828,OK,OK,,"[1, 1]"
OOCL,829,OK,OK,,[1]
OOCL,830,OK,OK,,[1]
OOCL,831,OK,OK,,[1]
OOCL,832,OK,OK,,"[1, 3]"
OOCL,833,OK,OK,,"[1, 3]"
OOCL,834,OK,OK,,[1]
OOCL,835,OK,OK,,"[1, 3]"
OOCL,836,OK,OK,,"[1, 1]"
OOCL,837,OK,OK,,"[1, 3]"
OOCL,838,OK,OK,,"[1, 3]"
OOCL,839,OK,OK,,"[1, 1]"
OOCL,840,OK,OK,,"[1, 3]"
OOCL,841,OK,OK,,"[1, 1]"
OOCL,842,OK,OK,,"[1, 3]"
OOCL,843,OK,OK,,"[1, 3]"
OOCL,844,OK,OK,,"[1, 3]"
OOCL,845,OK,OK,,"[1, 3]"
OOCL,846,OK,OK,,"[1, 3]"
OOCL,847,OK,OK,,"[1, 3]"
OOCL,848,OK,OK,,"[1, 1]"
OOCL,849,OK,OK,,"[1, 1]"
OOCL,850,OK,OK,,"[1, 3]"
OOCL,851,OK,OK,,"[1, 1]"
OOCL,852,OK,OK,,"[1, 1]"
OOCL,853,OK,OK,,"[1, 1]"
OOCL,854,OK,OK,,[1]
OOCL,855,OK,OK,,"[1, 3]"
OOCL,856,OK,OK,,"[1, 3]"
OOCL,857,OK,OK,,"[1, 3]"
OOCL,858,OK,OK,,"[1, 3]"
OOCL,859,OK,OK,,"[1, 3]"
OOCL,860,OK,OK,,"[1, 3]"
OOCL,861,OK,OK,,"[1, 1]"
OOCL,862,OK,OK,,"[1, 3]"
OOCL,863,OK,OK,,"[1, 1]"
OOCL,864,OK,OK,,"[1, 1]"
OOCL,865,OK,OK,,"[1, 3]"
OOCL,866,OK,OK,,"[1, 3]"
OOCL,867,OK,OK,,"[1, 1]"
OOCL,868,OK,OK,,"[1, 1]"
OOCL,869,OK,OK,,"[1, 1]"
OOCL,870,OK,OK,,"[1, 1]"
OOCL,871,OK,OK,,"[1, 1]"
OOCL,872,OK,OK,,"[1, 1]"
OOCL,873,OK,OK,,"[1, 1]"
OOCL,874,OK,OK,,"[1, 1]"
OOCL,875,OK,OK,,"[1, 3]"
OOCL,876,OK,OK,,"[1, 1]"
OOCL,877,OK,OK,,"[1, 1]"
OOCL,878,OK,OK,,"[1, 1]"
OOCL,879,OK,OK,,"[1, 1]"
OOCL,880,OK,OK,,"[1, 1]"
OOCL,881,OK,OK,,"[1, 3]"
OOCL,882,OK,OK,,"[1, 3]"
OOCL,883,OK,OK,,"[1, 3]"
OOCL,884,OK,OK,,"[1, 1]"
OOCL,885,OK,OK,,"[1, 1]"
OOCL,886,OK,OK,,"[1, 1]"
OOCL,887,OK,OK,,"[1, 1]"
OOCL,888,OK,OK,,"[1, 3]"
OOCL,889,OK,OK,,"[1, 3]"
OOCL,890,OK,OK,,"[1, 1]"
OOCL,891,OK,OK,,"[1, 1]"
OOCL,892,OK,OK,,"[1, 1]"
OOCL,893,OK,OK,,"[1, 3]"
OOCL,894,OK,OK,,"[1, 1]"
OOCL,895,OK,OK,,"[1, 3]"
OOCL,896,OK,OK,,"[1, 3]"
OOCL,897,OK,OK,,"[1, 3]"
OOCL,898,OK,OK,,"[1, 3]"
OOCL,899,OK,OK,,"[1, 1]"
OOCL,900,OK,OK,,"[1, 1]"
OOCL,901,OK,OK,,"[1, 3]"
OOCL,902,OK,OK,,"[1, 1]"
OOCL,903,OK,OK,,"[1, 3]"
OOCL,904,OK,OK,,"[1, 3]"
OOCL,905,OK,OK,,"[1, 3]"
OOCL,906,OK,OK,,"[1, 1]"
OOCL,907,OK,OK,,"[1, 1]"
OOCL,908,OK,OK,,"[1, 1]"
OOCL,909,OK,OK,,"[1, 3]"
OOCL,910,OK,OK,,"[1, 1]"
OOCL,911,OK,OK,,"[1, 1]"
OOCL,912,OK,OK,,"[1, 1]"
OOCL,913,OK,OK,,"[1, 3]"
OOCL,914,OK,OK,,"[1, 3]"
OOCL,915,OK,OK,,"[1, 3]"
OOCL,916,OK,OK,,"[1, 3]"
OOCL,917,OK,OK,,"[1, 1]"
OOCL,918,OK,OK,,"[1, 1]"
OOCL,919,OK,OK,,"[1, 3]"
OOCL,920,OK,OK,,"[1, 1]"
OOCL,921,OK,OK,,"[1, 3]"
OOCL,922,OK,OK,,"[1, 3]"
OOCL,923,OK,OK,,"[1, 1]"
OOCL,924,OK,OK,,"[1, 1]"
OOCL,925,OK,OK,,"[1, 1]"
OOCL,926,OK,OK,,"[1, 1]"
OOCL,927,OK,OK,,"[1, 3]"
OOCL,928,OK,OK,,"[1, 1]"
OOCL,929,OK,OK,,"[1, 3]"
OOCL,930,OK,OK,,"[1, 3]"
OOCL,931,OK,OK,,"[1, 3]"
OOCL,932,OK,OK,,"[1, 1]"
OOCL,933,OK,OK,,"[1, 1]"
OOCL,934,OK,OK,,"[1, 3]"
OOCL,935,OK,OK,,"[1, 3]"
OOCL,936,OK,OK,,"[1, 1]"
OOCL,937,OK,OK,,"[1, 1]"
OOCL,938,OK,OK,,"[1, 1]"
OOCL,939,OK,OK,,"[1, 1]"
OOCL,940,OK,OK,,"[1, 1]"
OOCL,941,OK,OK,,"[1, 1]"
OOCL,942,OK,OK,,"[1, 1]"
OOCL,943,OK,OK,,"[1, 1]"
OOCL,944,OK,OK,,"[1, 1]"
OOCL,945,OK,OK,,"[1, 1]"
OOCL,946,OK,OK,,"[1, 1]"
OOCL,947,OK,OK,,"[1, 1]"
OOCL,948,OK,OK,,"[1, 3]"
OOCL,949,OK,OK,,"[1, 1]"
OOCL,950,OK,OK,,"[1, 3]"
OOCL,951,OK,OK,,"[1, 3]"
OOCL,952,OK,OK,,"[1, 3]"
OOCL,953,OK,OK,,"[1, 1]"
OOCL,954,OK,OK,,"[1, 3]"
OOCL,955,OK,OK,,"[1, 1]"
OOCL,956,OK,OK,,"[1, 3]"
OOCL,957,OK,OK,,"[1, 3]"
OOCL,958,OK,OK,,"[1, 3]"
OOCL,959,OK,OK,,"[1, 1]"
OOCL,960,OK,OK,,"[1, 3]"
OOCL,961,OK,OK,,"[1, 1]"
OOCL,962,OK,OK,,"[1, 1]"
OOCL,963,OK,OK,,"[1, 3]"
OOCL,964,OK,OK,,"[1, 1]"
OOCL,965,OK,OK,,"[1, 3]"
OOCL,966,OK,OK,,"[1, 1]"
OOCL,967,OK,OK,,"[1, 3]"
OOCL,968,OK,OK,,"[1, 3]"
OOCL,969,OK,OK,,"[1, 3]"
OOCL,970,OK,OK,,"[1, 3]"
OOCL,971,OK,OK,,"[1, 1]"
OOCL,972,OK,OK,,"[1, 3]"
OOCL,973,OK,OK,,"[1, 3]"
OOCL,974,OK,OK,,"[1, 3]"
OOCL,975,OK,OK,,"[1, 1]"
OOCL,976,OK,OK,,"[1, 3]"
OOCL,977,OK,OK,,"[1, 1]"
OOCL,978,OK,OK,,"[1, 3]"
OOCL,979,OK,OK,,"[1, 1]"
OOCL,980,OK,OK,,"[1, 3]"
OOCL,981,OK,OK,,"[1, 3]"
OOCL,982,OK,OK,,"[1, 1]"
OOCL,983,OK,OK,,"[1, 1]"
OOCL,984,OK,OK,,"[1, 1]"
OOCL,985,OK,OK,,"[1, 3]"
OOCL,986,OK,OK,,"[1, 1]"
OOCL,987,OK,OK,,"[1, 1]"
OOCL,988,OK,OK,,"[1, 1]"
OOCL,989,OK,OK,,"[1, 1]"
OOCL,990,OK,OK,,"[1, 1]"
OOCL,991,OK,OK,,"[1, 1]"
OOCL,992,OK,OK,,"[1, 1]"
OOCL,993,OK,OK,,"[1, 3]"
OOCL,994,OK,OK,,"[1, 3]"
OOCL,995,OK,OK,,"[1, 1]"
OOCL,996,OK,OK,,"[1, 1]"
OOCL,997,OK,OK,,"[1, 1]"
OOCL,998,OK,OK,,"[1, 1]"
OOCL,999,OK,OK,,"[1, 3]"
HMM,0,OK,OK,,"[1, 1, 2, 2, 3]"
HMM,1,OK,OK,,"[1, 1, 2, 2, 2, 2, 3]"
HMM,2,OK,OK,,"[1, 1, 2, 2, 3, 4, 4, 4, 5, 5]"
HMM,3,OK,OK,,"[1, 1, 2]"
HMM,4,OK,OK,,"[1, 1, 2, 2, 3]"
HMM,5,OK,OK,,"[1, 1, 2, 2, 3]"
HMM,6,OK,OK,,"[1, 1, 2, 2, 3]"
HMM,7,OK,OK,,"[1, 1, 2]"
HMM,8,OK,OK,,"[1, 1, 2, 2, 3]"
HMM,9,OK,OK,,"[1, 1, 2, 2, 3]"
HMM,10,OK,OK,,"[1, 1]"
HMM,11,OK,OK,,"[1, 1, 2, 2, 3]"
HMM,12,OK,OK,,"[1, 1, 2, 2, 3]"
HMM,13,OK,OK,,"[1, 1, 2, 2, 3]"
HMM,14,OK,OK,,"[1, 1, 2, 2, 3]"
HMM,15,OK,OK,,"[1, 1, 2, 2, 3, 4, 4, 4, 5, 5]"
HMM,16,OK,OK,,"[1, 1, 2, 2, 3]"
HMM,17,OK,OK,,"[1, 1, 2, 3, 3, 3, 3, 3, 3, 3]"
HMM,18,OK,OK,,"[1, 1, 2, 2, 3]"
HMM,19,OK,OK,,"[1, 1, 2, 2, 3]"
HMM,20,OK,OK,,"[1, 1, 2, 2, 3]"
HMM,21,OK,OK,,"[1, 1, 2, 2, 3, 4, 4, 4, 5, 5]"
HMM,22,OK,OK,,"[1, 1, 2, 2, 3, 3, 3, 3]"
HMM,23,OK,OK,,"[1, 1, 2, 2, 3]"
HMM,24,OK,OK,,"[1, 1, 2, 2, 3, 4, 4, 4, 5, 5]"
HMM,25,BAD_SEQUENCE,REVERSE,Уменьшение: 5 -> 4,"[1, 1, 2, 2, 3, 4, 4, 5, 4]"
HMM,26,OK,OK,,"[1, 1, 2, 2, 3, 4]"
HMM,27,OK,OK,,"[1, 1, 2, 2, 3, 4, 4, 4, 5, 5]"
HMM,28,OK,OK,,"[1, 1, 2, 2, 3, 4, 4, 4, 5, 5]"
HMM,29,OK,OK,,"[1, 1, 2, 2, 3]"
HMM,30,OK,OK,,"[1, 1, 2, 2, 3]"
HMM,31,BAD_SEQUENCE,SKIP,Скачок: 1 -> 3,"[1, 1, 3]"
HMM,32,OK,OK,,"[1, 1, 2, 2, 3]"
HMM,33,OK,OK,,"[1, 1, 2, 2, 3, 3, 3, 3, 3, 3]"
HMM,34,OK,OK,,"[1, 1, 2, 3, 3, 3, 3]"
HMM,35,OK,OK,,"[1, 1, 2, 2, 3]"
HMM,36,OK,OK,,"[1, 1, 2, 2, 3, 4, 4, 4, 5]"
HMM,37,OK,OK,,"[1, 1, 2, 2, 3, 3, 3, 3, 3, 3]"
HMM,38,BAD_SEQUENCE,SKIP,Скачок: 1 -> 3,"[1, 1, 3, 3, 3, 3, 3, 3, 3, 3, 4, 4, 4, 5]"
HMM,39,BAD_SEQUENCE,SKIP,Скачок: 1 -> 3,"[1, 1, 3, 3, 3, 3, 3, 3, 3, 3, 4, 4, 4, 5]"
HMM,40,OK,OK,,"[1, 1, 2, 2, 3, 3, 3, 3]"
HMM,41,OK,OK,,"[1, 1, 2, 2, 3, 3, 3, 3, 3, 3, 3, 3]"
HMM,42,OK,OK,,"[1, 1, 2, 2, 3, 3, 3, 3, 3, 3, 3, 3]"
HMM,43,OK,OK,,"[1, 1, 2, 2, 3]"
HMM,44,OK,OK,,"[1, 1, 2, 2, 3]"
HMM,45,OK,OK,,"[1, 1, 2, 2, 3]"
HMM,46,OK,OK,,"[1, 1, 2, 2, 3]"
HMM,47,OK,OK,,"[1, 1, 2, 2, 3, 3, 3, 3, 3, 3]"
HMM,48,OK,OK,,"[1, 1, 2, 2, 3]"
HMM,49,OK,OK,,"[1, 1, 2, 2, 3, 3, 3, 3, 3, 3, 3, 3, 3]"
HMM,50,OK,OK,,"[1, 1, 2, 2, 3, 3, 3, 3, 3, 3, 3, 3, 3]"
HMM,51,OK,OK,,"[1, 1, 2, 2, 3, 3, 3, 3, 3, 3, 3, 3, 3, 3, 3]"
HMM,52,OK,OK,,"[1, 1, 2, 2, 3, 3, 3, 3, 3, 3, 3, 3, 3, 3, 3]"
HMM,53,BAD_SEQUENCE,SKIP,Скачок: 1 -> 3,"[1, 1, 3, 3, 3, 3, 3, 3, 3, 3, 4, 4, 4, 5]"
HMM,54,OK,OK,,"[1, 2, 3, 4, 4, 4, 5]"
HMM,55,OK,OK,,"[1, 1, 2, 2, 3]"
HMM,56,OK,OK,,"[1, 1, 2, 2, 3]"
HMM,57,OK,OK,,"[1, 1, 2, 2, 3, 3, 3, 3]"
HMM,58,OK,OK,,"[1, 1, 2, 3, 3, 3, 3, 3, 3, 3]"
HMM,59,OK,OK,,"[1, 1, 2, 2, 3, 4, 4, 4, 5]"
HMM,60,OK,OK,,"[1, 1, 2, 2, 3, 4, 4, 4, 5]"
HMM,61,OK,OK,,"[1, 1, 2, 2, 3, 4, 4, 4, 5]"
HMM,62,OK,OK,,"[1, 1, 2, 2, 3, 3, 3, 3]"
HMM,63,OK,OK,,"[1, 1, 2, 2, 3, 3, 3, 3]"
HMM,64,OK,OK,,"[1, 1, 2, 2, 3]"
HMM,65,OK,OK,,"[1, 1, 2, 2, 3]"
HMM,66,OK,OK,,"[1, 1, 2, 2, 3, 3, 3, 3]"
HMM,67,OK,OK,,"[1, 1, 2, 2, 3, 3, 3, 3, 3, 3, 4, 4, 4, 5]"
HMM,68,OK,OK,,"[1, 1, 2]"
HMM,69,OK,OK,,"[1, 1, 2, 2, 3]"
HMM,70,OK,OK,,"[1, 1, 2, 2, 3, 4, 4, 4, 3, 3]"
HMM,71,OK,OK,,"[1, 1, 2, 2, 3, 3, 3, 3]"
HMM,72,OK,OK,,"[1, 1, 2, 2, 3, 3, 3, 3]"
HMM,73,OK,OK,,"[1, 1, 2, 2, 3, 3, 3, 3]"
HMM,74,OK,OK,,"[1, 1, 2, 3, 3, 3, 3]"
HMM,75,OK,OK,,"[1, 1, 2, 2, 3]"
HMM,76,OK,OK,,"[1, 1, 2, 3, 3, 3, 3]"
HMM,77,OK,OK,,"[1, 1, 2, 2, 3, 3, 3, 3]"
HMM,78,OK,OK,,"[1, 1, 2, 2, 3]"
HMM,79,OK,OK,,"[1, 1, 2, 2, 3, 3, 3, 3]"
HMM,80,OK,OK,,"[1, 1, 2, 2, 3, 3, 3, 3]"
HMM,81,OK,OK,,"[1, 1, 2, 3, 3, 3, 3, 3, 3, 3]"
HMM,82,OK,OK,,"[1, 1, 2, 2, 3, 3, 3, 3, 3]"
HMM,83,OK,OK,,"[1, 1, 2, 2, 3, 3, 3, 3, 3]"
HMM,84,OK,OK,,"[1, 1, 2, 3, 3, 3, 3]"
HMM,85,OK,OK,,"[1, 1, 2, 2, 3]"
HMM,86,OK,OK,,"[1, 1, 2, 2, 3, 4, 4, 4, 5]"
HMM,87,OK,OK,,"[1, 1, 2, 2, 3]"
HMM,88,OK,OK,,"[1, 1, 2, 2, 3]"
HMM,89,OK,OK,,"[1, 1, 2]"
HMM,90,OK,OK,,"[1, 1, 2, 2, 3]"
HMM,91,OK,OK,,"[1, 1, 2, 2, 3]"
HMM,92,OK,OK,,"[1, 1, 2, 2, 3]"
HMM,93,OK,OK,,"[1, 1, 2, 2, 3]"
HMM,94,OK,OK,,"[1, 1, 2, 2, 3]"
HMM,95,OK,OK,,"[1, 1, 2, 3, 3, 3, 3]"
HMM,96,BAD_SEQUENCE,REVERSE,Уменьшение: 5 -> 4,"[1, 1, 2, 2, 3, 4, 4, 5, 4]"
HMM,97,OK,OK,,"[1, 1, 2, 2, 3, 4, 4, 4, 5, 5]"
HMM,98,OK,OK,,"[1, 1, 2, 2, 3]"
HMM,99,BAD_SEQUENCE,SKIP,Скачок: 1 -> 3,"[1, 1, 3, 3, 3, 3, 3, 3, 3, 3, 4, 4, 4, 5]"
HMM,100,BAD_SEQUENCE,SKIP,Скачок: 1 -> 3,"[1, 1, 3, 3, 3, 3, 3, 3, 3, 3, 4, 4, 4, 5]"
HMM,101,OK,OK,,"[1, 1, 2, 2, 3]"
HMM,102,OK,OK,,"[1, 1, 2, 3, 3, 3, 3, 4, 4, 4, 5, 5]"
HMM,103,BAD_SEQUENCE,SKIP,Скачок: 1 -> 3,"[1, 1, 3, 3, 3, 3, 3, 3, 3, 3, 4, 4, 4, 5]"
HMM,104,OK,OK,,"[1, 1, 2]"
HMM,105,OK,OK,,"[1, 1, 2, 3, 3, 3, 3, 3, 3, 3]"
HMM,106,OK,OK,,"[1, 1, 2, 2, 3]"
HMM,107,OK,OK,,"[1, 1, 2]"
HMM,108,OK,OK,,"[1, 1, 2, 2, 3, 3, 3, 3, 3, 3, 4, 4, 4, 5, 5]"
HMM,109,OK,OK,,"[1, 1, 2, 2, 3]"
HMM,110,OK,OK,,"[1, 1, 2, 2, 3]"
HMM,111,OK,OK,,"[1, 2, 2, 3, 4, 4]"
HMM,112,OK,OK,,"[1, 1, 2, 2, 3, 4, 4, 4, 5]"
HMM,113,OK,OK,,"[1, 1, 2, 2, 3]"
HMM,114,OK,OK,,"[1, 1, 2, 2, 3]"
HMM,115,OK,OK,,"[1, 1, 2, 2, 3, 4, 4, 4, 5]"
HMM,116,OK,OK,,"[1, 1]"
HMM,117,OK,OK,,"[1, 1, 2]"
HMM,118,OK,OK,,"[1, 1, 2, 2, 3]"
HMM,119,OK,OK,,"[1, 1, 2, 2, 3]"
HMM,120,OK,OK,,"[1, 1, 2, 2, 3]"
HMM,121,OK,OK,,"[1, 1, 2, 2, 3]"
HMM,122,OK,OK,,"[1, 1, 2, 2, 3]"
HMM,123,OK,OK,,"[1, 1, 2, 2, 3]"
HMM,124,OK,OK,,"[1, 1, 2, 2, 3, 4, 4, 4]"
HMM,125,OK,OK,,"[1, 1, 2, 2, 3]"
HMM,126,OK,OK,,"[1, 1, 2, 2, 3, 4, 4, 4]"
HMM,127,OK,OK,,"[1, 1, 2, 2, 3]"
HMM,128,OK,OK,,"[1, 1, 2, 2, 3]"
HMM,129,OK,OK,,"[1, 1, 2, 2, 3]"
HMM,130,OK,OK,,"[1, 1, 2, 2, 3, 3, 3, 3]"
HMM,131,OK,OK,,"[1, 1, 2, 3, 3, 3, 3, 3, 3, 3, 3, 3]"
HMM,132,OK,OK,,"[1, 1, 2, 3, 3, 3, 3, 3, 3, 3, 3, 3]"
HMM,133,OK,OK,,"[1, 1, 2, 2, 3]"
HMM,134,OK,OK,,"[1, 1, 2, 2, 3, 3, 3, 3]"
HMM,135,OK,OK,,"[1, 1, 2, 2, 3, 3, 3, 3, 3, 3]"
HMM,136,OK,OK,,"[1, 1, 2, 2, 3, 3, 3, 3, 3, 3, 3, 3, 4, 4, 4, 5]"
HMM,137,OK,OK,,"[1, 1, 2, 2, 3]"
HMM,138,OK,OK,,"[1, 1, 2, 2, 3, 4, 4, 4, 5]"
HMM,139,OK,OK,,"[1, 1, 2, 3, 3, 3, 3]"
HMM,140,OK,OK,,"[1, 1, 2, 2, 3, 3, 3, 3, 3, 3, 3, 3, 3]"
HMM,141,OK,OK,,"[1, 1, 2, 2, 3, 3, 3, 3, 3, 3, 3, 3]"
HMM,142,OK,OK,,"[1, 1, 2, 2, 3]"
HMM,143,OK,OK,,"[1, 1, 2, 2, 3]"
HMM,144,OK,OK,,"[1, 1, 2, 2, 3, 3, 3]"
HMM,145,OK,OK,,"[1, 1, 2, 3, 3, 3, 3]"
HMM,146,OK,OK,,"[1, 1]"
HMM,147,OK,OK,,"[1, 1, 2, 2, 3]"
HMM,148,OK,OK,,"[1, 1, 2, 2, 3]"
HMM,149,OK,OK,,"[1, 1, 2, 2, 3, 3, 3, 3, 3, 3, 4, 4, 4, 5, 5]"
HMM,150,OK,OK,,"[1, 1, 2, 2, 3, 3, 3, 3, 3, 3, 3, 3, 4, 4, 4, 5]"
HMM,151,OK,OK,,"[1, 1, 2, 2, 3, 3, 3, 3, 3, 3, 3]"
HMM,152,OK,OK,,"[1, 1, 2, 2, 3]"
HMM,153,OK,OK,,"[1, 1, 2]"
HMM,154,OK,OK,,"[1, 1, 2, 2, 3, 3, 3, 3, 3, 3]"
HMM,155,OK,OK,,"[1, 1, 2, 2, 3, 3, 3, 3, 3, 3]"
HMM,156,OK,OK,,"[1, 1, 2, 2, 3, 3, 3, 3, 3, 3]"
HMM,157,OK,OK,,"[1, 1, 2, 2, 3, 3, 3, 3, 3, 3]"
HMM,158,OK,OK,,"[1, 1, 2, 2, 3]"
HMM,159,OK,OK,,"[1, 1, 2, 2, 3, 3, 3, 3, 3, 3, 3, 3]"
HMM,160,OK,OK,,"[1, 1, 2, 2, 3, 3, 3, 3, 3, 3, 3, 3]"
HMM,161,OK,OK,,"[1, 1, 2, 2, 3]"
HMM,162,OK,OK,,"[1, 1, 2, 2, 3]"
HMM,163,OK,OK,,"[1, 1, 2, 2, 3, 3, 3, 3, 3, 3, 3, 3]"
HMM,164,OK,OK,,"[1, 1, 2, 2, 3]"
HMM,165,OK,OK,,"[1, 1, 2, 2, 3]"
HMM,166,OK,OK,,"[1, 1, 2, 2, 3, 3, 3, 3, 3, 3, 3, 3, 3, 3, 3]"
HMM,167,OK,OK,,"[1, 1, 2, 2, 3]"
HMM,168,OK,OK,,"[1, 1, 2, 2, 3, 3, 3, 3, 3, 3, 3, 3, 3]"
HMM,169,OK,OK,,"[1, 1, 2, 2, 3, 3, 3, 3, 3, 3, 3, 3, 3]"
HMM,170,OK,OK,,"[1, 1, 2, 2, 3, 3, 3, 3, 3, 3, 3, 3, 3, 3, 3]"
HMM,171,OK,OK,,"[1, 1, 2, 2, 3, 3, 3, 3, 3, 3, 3, 3, 3, 3, 3]"
HMM,172,OK,OK,,"[1, 1, 2, 2, 3, 4, 4, 4, 5, 5]"
HMM,173,OK,OK,,"[1, 1, 2, 2, 3, 3, 3, 3, 3, 3]"
HMM,174,OK,OK,,"[1, 1, 2, 2, 3, 3, 3, 3, 3, 3]"
HMM,175,OK,OK,,"[1, 1, 2, 2, 3, 4, 4, 4, 5, 5]"
HMM,176,OK,OK,,"[1, 2, 3, 4, 4, 4, 5]"
HMM,177,OK,OK,,"[1, 1, 2, 3, 3, 3, 3]"
HMM,178,OK,OK,,"[1, 1, 2, 2, 3, 4, 4, 4, 5, 5]"
HMM,179,OK,OK,,"[1, 1, 2, 2, 3, 4, 4, 4, 5, 5]"
HMM,180,OK,OK,,"[1, 1, 2, 2, 3, 3, 3, 3, 3, 3, 3, 3, 4, 4, 4, 5, 5]"
HMM,181,OK,OK,,"[1, 1, 2, 2, 3]"
HMM,182,OK,OK,,"[1, 1, 2, 2, 3]"
HMM,183,OK,OK,,"[1, 1, 2, 2, 3, 3, 3, 3, 3, 3]"
HMM,184,OK,OK,,"[1, 1, 2, 2, 3, 4, 4, 4, 5, 5]"
HMM,185,OK,OK,,"[1, 1, 2, 2, 3, 3, 3, 3]"
HMM,186,OK,OK,,"[1, 1, 2, 2, 3, 3]"
HMM,187,OK,OK,,"[1, 1, 2, 2, 3, 4, 4, 4, 5, 5]"
HMM,188,OK,OK,,"[1, 1, 2, 2, 3, 4, 4, 4, 5]"
HMM,189,OK,OK,,"[1, 1, 2, 2, 3, 4, 4, 4, 5, 5]"
HMM,190,OK,OK,,"[1, 1, 2, 2, 3]"
HMM,191,OK,OK,,"[1, 1, 2, 2, 3]"
HMM,192,OK,OK,,"[1, 1, 2, 3, 3, 3, 3, 3, 3, 3, 3, 3]"
HMM,193,OK,OK,,"[1, 1, 2, 3, 3, 3, 3, 3, 3, 3, 3, 3]"
HMM,194,OK,OK,,"[1, 1, 2, 2, 3]"
HMM,195,OK,OK,,"[1, 1, 2, 2, 3]"
HMM,196,OK,OK,,"[1, 1, 2, 2, 2, 2, 2]"
HMM,197,OK,OK,,"[1, 1, 2, 2, 3, 4, 4, 4, 5, 5]"
HMM,198,OK,OK,,"[1, 1, 2, 2, 3]"
HMM,199,OK,OK,,"[1, 1, 2, 2, 3, 3, 3, 3]"
HMM,200,OK,OK,,"[1, 1, 2, 2, 3]"
HMM,201,OK,OK,,"[1, 1, 2, 2]"
HMM,202,OK,OK,,"[1, 1, 2, 2, 3]"
HMM,203,OK,OK,,"[1, 1, 2, 2, 3]"
HMM,204,OK,OK,,"[1, 1, 2, 2, 3, 4, 4, 4, 5, 5]"
HMM,205,OK,OK,,"[1, 1, 2, 3, 3, 3, 3]"
HMM,206,OK,OK,,"[1, 1, 2]"
HMM,207,OK,OK,,"[1, 1, 2, 2, 3]"
HMM,208,OK,OK,,"[1, 1, 2, 2, 3]"
HMM,209,OK,OK,,"[1, 1, 2, 2, 3, 3, 3, 3, 3, 3, 3, 3]"
HMM,210,OK,OK,,"[1, 1, 2, 2, 3]"
HMM,211,OK,OK,,"[1, 1, 2, 2, 3]"
HMM,212,OK,OK,,"[1, 1, 2, 2, 3, 3, 3, 3]"
HMM,213,OK,OK,,"[1, 1, 2, 2, 3]"
HMM,214,OK,OK,,"[1, 1, 2, 2, 3, 3, 3, 3, 3, 4, 4, 4, 5, 5]"
HMM,215,OK,OK,,"[1, 1, 2, 2, 3]"
HMM,216,OK,OK,,"[1, 1, 2, 2, 3, 3, 3, 3]"
HMM,217,OK,OK,,"[1, 1, 2, 2, 3, 3, 3, 3, 3, 3]"
HMM,218,OK,OK,,"[1, 1, 2, 3, 3, 3, 3]"
HMM,219,OK,OK,,"[1, 1, 2, 2, 3]"
HMM,220,OK,OK,,"[1, 1, 2, 2, 3]"
HMM,221,OK,OK,,"[1, 1, 2, 3, 3, 3, 3]"
HMM,222,OK,OK,,"[1, 1, 2]"
HMM,223,OK,OK,,"[1, 1, 2, 2, 3]"
HMM,224,OK,OK,,"[1, 1, 2, 2, 3]"
HMM,225,OK,OK,,"[1, 1, 2, 2, 3, 3, 3, 3, 3, 3, 4, 4, 4, 5]"
HMM,226,OK,OK,,"[1, 1, 2, 2, 3]"
HMM,227,OK,OK,,"[1, 1, 2, 2, 3]"
HMM,228,OK,OK,,"[1, 1, 2, 2, 3]"
HMM,229,OK,OK,,"[1, 1, 2, 2, 3, 3, 3, 3, 3, 3]"
HMM,230,OK,OK,,"[1, 1, 2, 2, 3]"
HMM,231,OK,OK,,"[1, 1, 2, 3, 3, 3, 3, 3, 3, 3, 3, 3, 3, 3, 4, 4, 4, 5]"
HMM,232,OK,OK,,"[1, 1, 2, 2, 2, 2, 3, 3, 3, 3, 3, 3]"
HMM,233,OK,OK,,"[1, 1, 2, 2, 3, 4, 4, 4, 5, 5]"
HMM,234,OK,OK,,"[1, 1, 2, 2, 3, 4, 4, 4]"
HMM,235,OK,OK,,"[1, 1, 2, 2, 3, 3, 3, 3, 3, 3, 3, 3]"
HMM,236,OK,OK,,"[1, 1, 2, 3, 3, 3, 3]"
HMM,237,OK,OK,,"[1, 1, 2, 3, 3, 3, 3]"
HMM,238,OK,OK,,"[1, 1, 2, 2, 3, 3, 3, 3]"
HMM,239,OK,OK,,"[1, 1, 2, 2, 3, 4, 4, 4, 5]"
HMM,240,OK,OK,,"[1, 1, 2, 2, 3]"
HMM,241,OK,OK,,"[1, 2, 3, 4, 4, 4, 5]"
HMM,242,OK,OK,,"[1, 1, 2, 2, 3, 4, 4, 4, 5, 5]"
HMM,243,OK,OK,,"[1, 1, 2, 2, 3, 3, 3, 3, 3, 3]"
HMM,244,OK,OK,,"[1, 1, 2, 2, 3]"
HMM,245,OK,OK,,"[1, 1, 2, 2, 3, 3, 3, 3, 3, 3]"
HMM,246,OK,OK,,"[1, 1, 2, 2]"
HMM,247,OK,OK,,"[1, 1, 2, 2, 3]"
HMM,248,OK,OK,,"[1, 1, 2, 3, 3, 3, 3, 3, 3, 3]"
HMM,249,OK,OK,,"[1, 1, 2, 2, 3, 3, 3, 3, 3, 3, 4, 4, 4, 3, 3, 3]"
HMM,250,OK,OK,,"[1, 1, 2, 2, 3, 3, 3, 3, 3, 3, 4, 4, 4, 3, 3, 3]"
HMM,251,OK,OK,,"[1, 1, 2, 2, 3, 4, 4, 4, 5]"
HMM,252,OK,OK,,"[1, 1, 2, 2, 3, 4, 4, 4, 5]"
HMM,253,OK,OK,,"[1, 1, 2, 2, 3, 3, 3, 3, 3, 3, 4, 4, 4, 5]"
HMM,254,OK,OK,,"[1, 1, 2, 2, 3, 3, 3, 3, 3, 3, 4, 4, 4, 5]"
HMM,255,OK,OK,,"[1, 1, 2, 2, 3]"
HMM,256,OK,OK,,"[1, 1, 2, 2, 3, 3, 3, 3, 3, 3, 4, 4, 4, 5, 5]"
HMM,257,OK,OK,,"[1, 1, 2, 2, 3, 3, 3, 3, 3, 3, 4, 4, 4, 5, 5]"
HMM,258,OK,OK,,"[1, 1, 2, 3, 3, 3, 3, 4, 4, 4, 5]"
HMM,259,OK,OK,,"[1, 1, 2, 2, 3, 3, 3, 3, 3, 3, 4, 4, 4, 3, 3, 3]"
HMM,260,OK,OK,,"[1, 1, 2, 2, 3, 3, 3, 3, 3, 3, 4, 4, 4, 5, 5]"
HMM,261,OK,OK,,"[1, 1, 2, 2, 3]"
HMM,262,OK,OK,,"[1, 1, 2, 2, 3, 3, 3, 3, 3, 3, 3, 4, 5, 5]"
HMM,263,OK,OK,,"[1, 1, 2, 2, 3, 3, 3, 3, 3, 3, 4, 4, 4, 5, 5, 5, 5, 5, 5]"
HMM,264,OK,OK,,"[1, 1, 2, 3, 3, 3, 3]"
HMM,265,OK,OK,,"[1, 1, 2, 2, 3, 3, 3, 3, 3, 3, 3, 4, 4]"
HMM,266,OK,OK,,"[1, 1]"
HMM,267,OK,OK,,"[1, 1, 2, 2, 3, 4, 4, 4, 5, 5]"
HMM,268,OK,OK,,"[1, 1, 2, 2, 3, 4, 4, 4, 5, 5]"
HMM,269,OK,OK,,"[1, 1, 2, 2, 3, 4, 4, 4, 5, 5]"
HMM,270,OK,OK,,"[1, 1, 2, 2, 3, 3, 3, 3, 3, 3, 3, 3]"
HMM,271,OK,OK,,"[1, 1, 2]"
HMM,272,OK,OK,,"[1, 1, 2]"
HMM,273,OK,OK,,"[1, 1, 2]"
HMM,274,OK,OK,,"[1, 1, 2, 2, 2, 2, 3, 3, 3, 3, 3, 3, 4, 4, 4, 5, 5]"
HMM,275,OK,OK,,"[1, 1, 2, 3, 3, 3, 3, 4, 4, 4, 5]"
HMM,276,OK,OK,,"[1, 1, 2, 2, 3, 3, 3, 3, 3, 3]"
HMM,277,OK,OK,,"[1, 1, 2, 2, 3]"
HMM,278,OK,OK,,"[1, 1, 2, 2, 3, 4, 4, 4]"
HMM,279,OK,OK,,"[1, 1, 2, 2, 3]"
HMM,280,OK,OK,,"[1, 1, 2, 2, 3]"
HMM,281,OK,OK,,"[1, 1, 2, 2, 3, 4, 4, 4, 5, 5]"
HMM,282,OK,OK,,"[1, 1, 2, 2, 3, 3, 3, 3, 3, 3, 4, 4, 4]"
HMM,283,OK,OK,,"[1, 1, 2, 3, 3, 4, 4, 4, 5]"
HMM,284,OK,OK,,"[1, 1, 2, 3, 3, 4, 4, 4, 5]"
HMM,285,OK,OK,,"[1, 1, 2, 2, 3, 3, 3, 3]"
HMM,286,OK,OK,,"[1, 1, 2, 2, 3, 4, 4, 4]"
HMM,287,OK,OK,,"[1, 1, 2]"
HMM,288,OK,OK,,"[1, 1, 2, 2, 3, 3, 3, 3, 3, 3]"
HMM,289,OK,OK,,"[1, 1, 2, 2, 3]"
HMM,290,OK,OK,,"[1, 1, 2, 2, 3, 3, 3, 3]"
HMM,291,OK,OK,,"[1, 1, 2, 2, 3, 4, 4, 4, 5, 5]"
HMM,292,OK,OK,,"[1, 1, 2, 2, 3]"
HMM,293,OK,OK,,"[1, 1, 2, 2, 3]"
HMM,294,OK,OK,,"[1, 1, 2, 2]"
HMM,295,BAD_SEQUENCE,REVERSE,Уменьшение: 5 -> 4,"[1, 1, 2, 2, 3, 4, 5, 4, 4]"
HMM,296,OK,OK,,"[1, 1, 2, 2, 3, 4, 4, 4, 5]"
HMM,297,OK,OK,,"[1, 1, 2, 3, 3, 3, 3, 3, 3]"
HMM,298,OK,OK,,"[1, 1]"
HMM,299,OK,OK,,"[1, 1, 2, 2, 3]"
HMM,300,OK,OK,,"[1, 1, 2, 2, 3, 3, 3, 3]"
HMM,301,OK,OK,,"[1, 1]"
HMM,302,OK,OK,,"[1, 1, 2]"
HMM,303,OK,OK,,"[1, 1, 2, 2]"
HMM,304,OK,OK,,"[1, 1, 2, 2, 3]"
HMM,305,OK,OK,,"[1, 1, 2, 2, 3]"
HMM,306,OK,OK,,"[1, 1, 2, 2, 3, 4, 4, 4, 5, 5]"
HMM,307,OK,OK,,"[1, 1, 2, 2, 3, 3, 3, 3]"
HMM,308,OK,OK,,"[1, 1, 2, 2, 3]"
HMM,309,OK,OK,,"[1, 1, 2, 2, 3]"
HMM,310,OK,OK,,"[1, 1, 2, 2, 3]"
HMM,311,OK,OK,,"[1, 1]"
HMM,312,OK,OK,,"[1, 1]"
HMM,313,OK,OK,,"[1, 1, 2, 2, 3, 3, 3, 3, 3, 3]"
HMM,314,OK,OK,,"[1, 1, 2, 2, 3, 3, 3, 3, 3, 3]"
HMM,315,OK,OK,,"[1, 1, 2, 2, 3]"
HMM,316,OK,OK,,"[1, 1, 2, 2, 3, 3, 3, 3, 3, 3, 4, 4, 4, 5, 5]"
HMM,317,OK,OK,,"[1, 1, 2, 2, 3]"
HMM,318,OK,OK,,"[1, 1, 2, 3, 3, 3, 3, 4, 4, 4, 5, 5]"
HMM,319,OK,OK,,"[1, 1, 2, 2, 3]"
HMM,320,OK,OK,,"[1, 1, 2, 2, 3]"
HMM,321,OK,OK,,"[1, 1, 2, 2, 3]"
HMM,322,OK,OK,,"[1, 1, 2, 2, 3]"
HMM,323,OK,OK,,"[1, 1, 2, 2, 3, 3, 3, 3, 3, 3]"
HMM,324,OK,OK,,"[1, 1, 2, 2, 3]"
HMM,325,OK,OK,,"[1, 1, 2, 2, 3, 3, 3, 3, 3, 3, 3, 3, 3]"
HMM,326,OK,OK,,"[1, 1, 2, 2, 3, 3, 3, 3, 3, 3, 3, 3, 3]"
HMM,327,OK,OK,,"[1, 1, 2, 2, 3, 3, 3, 3, 3, 3, 3, 3, 3, 3, 3]"
HMM,328,OK,OK,,"[1, 1, 2, 2, 3, 3, 3, 3, 3, 3, 3, 3, 3, 3, 3]"
HMM,329,OK,OK,,"[1, 1, 2, 2, 3, 3, 3, 3]"
HMM,330,OK,OK,,"[1, 1, 2, 2, 3, 3, 3, 3]"
HMM,331,OK,OK,,"[1, 1, 2, 2, 3, 3, 3, 3]"
HMM,332,OK,OK,,"[1, 1, 2, 2, 3, 3, 3, 3]"
HMM,333,OK,OK,,"[1, 1, 2, 2, 3, 3, 3, 3]"
HMM,334,OK,OK,,"[1, 1, 2, 2, 3]"
HMM,335,OK,OK,,"[1, 1, 2, 2, 3]"
HMM,336,OK,OK,,"[1, 1, 2, 2, 3]"
HMM,337,OK,OK,,"[1, 1, 2, 2, 3]"
HMM,338,OK,OK,,"[1, 1, 2, 2, 3, 4, 4, 4, 5, 5]"
HMM,339,OK,OK,,"[1, 1, 2, 2, 3]"
HMM,340,OK,OK,,"[1, 1, 2]"
HMM,341,OK,OK,,"[1, 1, 2, 2, 3]"
HMM,342,OK,OK,,"[1, 1, 2, 2, 3]"
HMM,343,OK,OK,,"[1, 1, 2]"
HMM,344,OK,OK,,"[1, 1, 2, 2, 3]"
HMM,345,OK,OK,,"[1, 1, 2, 2, 3, 4, 4, 4, 5]"
HMM,346,OK,OK,,"[1, 1, 2, 2, 3, 4, 4, 4, 5, 5]"
HMM,347,OK,OK,,"[1, 1, 2, 2, 3, 4, 4, 4, 5, 5]"
HMM,348,OK,OK,,"[1, 1, 2, 2, 3, 4, 4, 4]"
HMM,349,OK,OK,,"[1, 1, 2, 2, 3]"
HMM,350,OK,OK,,"[1, 1, 2, 2, 3, 3, 3, 3, 3, 3]"
HMM,351,OK,OK,,"[1, 1, 2]"
HMM,352,OK,OK,,"[1, 1, 2, 2, 3]"
HMM,353,OK,OK,,"[1, 1, 2, 2, 3, 3, 3, 3, 3, 3]"
HMM,354,OK,OK,,"[1, 1, 2]"
HMM,355,OK,OK,,"[1, 1, 2, 2, 3, 4, 4, 4, 5, 5]"
HMM,356,OK,OK,,"[1, 1, 2, 2, 3, 4, 4, 4, 5, 5]"
HMM,357,OK,OK,,"[1, 1, 2, 2, 3, 4, 4, 4, 5, 5, 5]"
HMM,358,OK,OK,,"[1, 1, 2, 2, 3, 4, 4, 4, 5, 5]"
HMM,359,OK,OK,,"[1, 1, 2, 2, 3]"
HMM,360,OK,OK,,"[1, 1, 2, 2, 3, 3, 3, 3, 3, 3]"
HMM,361,OK,OK,,"[1, 1, 2, 2, 3]"
HMM,362,OK,OK,,"[1, 1, 2, 2, 3, 3, 3, 3, 3, 3]"
HMM,363,OK,OK,,"[1, 1, 2, 2, 3, 3, 3, 3, 3, 3]"
HMM,364,OK,OK,,"[1, 1, 2, 2, 3, 3, 3, 3, 3, 3, 3, 3]"
HMM,365,OK,OK,,"[1, 1, 2, 2, 3, 3, 3, 3, 3, 3, 3, 3]"
HMM,366,OK,OK,,"[1, 1, 2, 2, 3, 3, 3, 3]"
HMM,367,OK,OK,,"[1, 1, 2, 2, 3, 3, 3, 3]"
HMM,368,OK,OK,,"[1, 1, 2, 2, 3, 3, 3, 3]"
HMM,369,OK,OK,,"[1, 1, 2, 2, 3, 3, 3, 3]"
HMM,370,OK,OK,,"[1, 1, 2, 2, 3, 3, 3, 3]"
HMM,371,OK,OK,,"[1, 1, 2, 2, 3, 3, 3, 3]"
HMM,372,OK,OK,,"[1, 1, 2, 2, 3, 3, 3, 3]"
HMM,373,OK,OK,,"[1, 1, 2, 2, 3, 3, 3, 3]"
HMM,374,OK,OK,,"[1, 1, 2, 2, 3, 3, 3, 3]"
HMM,375,OK,OK,,"[1, 1, 2, 2, 3, 3, 3, 3, 3, 3, 3, 3, 3, 3, 3]"
HMM,376,OK,OK,,"[1, 1, 2, 2, 3, 3, 3, 3, 3, 3, 3, 3, 3, 3, 3]"
HMM,377,OK,OK,,"[1, 1, 2, 2, 3, 3, 3, 3, 3, 3, 3, 3, 3, 3, 3]"
HMM,378,OK,OK,,"[1, 1, 2, 2, 3, 3, 3, 3, 3, 3, 3, 3, 3, 3, 3]"
HMM,379,OK,OK,,"[1, 1, 2, 3, 3, 3, 3, 3, 3, 3]"
HMM,380,OK,OK,,"[1, 1, 2, 2, 3, 3, 3, 3, 3]"
HMM,381,OK,OK,,"[1, 1, 2, 2, 2, 2, 2, 2]"
HMM,382,OK,OK,,"[1, 1, 2, 2, 3, 3, 3, 3]"
HMM,383,OK,OK,,"[1, 1, 2, 3, 3, 3, 3, 3, 3, 3, 3]"
HMM,384,OK,OK,,"[1, 1, 2, 3, 3, 3, 3]"
HMM,385,OK,OK,,"[1, 1, 2, 2, 3]"
HMM,386,OK,OK,,"[1, 1, 2]"
HMM,387,OK,OK,,"[1, 1, 2, 2, 3, 4, 4]"
HMM,388,OK,OK,,"[1, 1, 2]"
HMM,389,OK,OK,,"[1, 1, 2, 2, 3]"
HMM,390,OK,OK,,"[1, 1, 2, 3, 3, 3, 3, 3, 3, 3, 3]"
HMM,391,OK,OK,,"[1, 1, 2, 2, 3, 3, 3, 3]"
HMM,392,OK,OK,,"[1, 1, 2, 3, 3, 3, 3]"
HMM,393,OK,OK,,"[1, 1, 2, 2, 3, 3, 3, 3, 3]"
HMM,394,OK,OK,,"[1, 1, 2, 2, 3]"
HMM,395,OK,OK,,"[1, 1, 2, 2, 3]"
HMM,396,OK,OK,,"[1, 1, 2, 2, 3]"
HMM,397,OK,OK,,"[1, 1, 2, 2, 3, 4, 4, 4, 5, 5]"
HMM,398,OK,OK,,"[1, 1, 2, 2, 3, 4, 4, 4, 5, 5]"
HMM,399,OK,OK,,"[1, 1, 2, 2, 3, 4, 4, 4, 5, 5]"
HMM,400,BAD_SEQUENCE,REVERSE,Уменьшение: 5 -> 4,"[1, 2, 3, 4, 4, 5, 4]"
HMM,401,OK,OK,,"[1, 1, 2, 2, 3]"
HMM,402,OK,OK,,"[1, 1, 2, 2, 3]"
HMM,403,OK,OK,,"[1, 1, 2, 3, 3, 3, 3]"
HMM,404,OK,OK,,"[1, 1, 2, 2, 3, 4, 4, 4, 5, 5]"
HMM,405,OK,OK,,"[1, 1, 2, 2, 3]"
HMM,406,OK,OK,,"[1, 1, 2, 2, 3, 4, 4, 4, 5, 5]"
HMM,407,OK,OK,,"[1, 1, 2, 2, 3, 4, 4, 4, 5, 5]"
HMM,408,BAD_SEQUENCE,REVERSE,Уменьшение: 5 -> 4,"[1, 1, 2, 2, 3, 3, 3, 3, 3, 3, 4, 5, 5, 4, 4]"
HMM,409,OK,OK,,"[1, 1, 2, 2, 3]"
HMM,410,OK,OK,,"[1, 1, 2, 2, 3, 4, 4, 4, 5, 5]"
HMM,411,OK,OK,,"[1, 1, 2, 3, 3, 3, 3, 4, 4, 4, 5, 5]"
HMM,412,OK,OK,,"[1, 1, 2, 2, 3, 3, 3, 3, 4, 4, 4, 5, 5]"
HMM,413,OK,OK,,"[1, 1, 2, 2, 3, 4, 4, 4, 5, 5]"
HMM,414,OK,OK,,"[1, 1, 2, 2, 3, 4, 4, 4, 5, 5]"
HMM,415,OK,OK,,"[1, 1, 2, 2, 3, 4, 4, 4, 5, 5]"
HMM,416,OK,OK,,"[1, 1, 2, 2, 3, 4, 4, 4, 5, 5]"
HMM,417,OK,OK,,"[1, 1, 2, 2, 3, 4, 4, 4, 5, 5]"
HMM,418,OK,OK,,"[1, 1, 2, 2, 3, 4, 4, 4, 5]"
HMM,419,OK,OK,,"[1, 1, 2]"
HMM,420,OK,OK,,"[1, 1, 2, 2, 3, 4, 4, 4, 5, 5]"
HMM,421,OK,OK,,"[1, 1, 2, 2, 3, 4, 4, 4, 5, 5]"
HMM,422,OK,OK,,"[1, 1, 2, 2, 3, 4, 4, 4, 5, 5]"
HMM,423,OK,OK,,"[1, 1, 2, 2, 3]"
HMM,424,OK,OK,,"[1, 1, 2]"
HMM,425,OK,OK,,"[1, 1, 2, 2, 3, 4, 4, 4, 5, 5]"
HMM,426,OK,OK,,"[1, 1, 2, 2, 3]"
HMM,427,OK,OK,,"[1, 1, 2]"
HMM,428,OK,OK,,"[1, 1, 2, 2, 3]"
HMM,429,OK,OK,,"[1, 1, 2, 2, 3]"
HMM,430,OK,OK,,"[1, 1, 2, 2, 3]"
HMM,431,OK,OK,,"[1, 1, 2, 2, 3, 3, 3]"
HMM,432,OK,OK,,"[1, 1, 2, 2, 3]"
HMM,433,OK,OK,,"[1, 1, 2, 2, 3]"
HMM,434,OK,OK,,"[1, 1, 2, 2, 3]"
HMM,435,OK,OK,,"[1, 1, 2, 2, 3]"
HMM,436,OK,OK,,"[1, 1, 2, 2, 3]"
HMM,437,OK,OK,,"[1, 1, 2, 2, 3]"
HMM,438,OK,OK,,"[1, 1, 2, 2, 3]"
HMM,439,OK,OK,,"[1, 1, 2, 2, 3]"
HMM,440,OK,OK,,"[1, 1, 2, 2, 3]"
HMM,441,OK,OK,,"[1, 1, 2, 2, 3]"
HMM,442,OK,OK,,"[1, 1, 2, 2, 3]"
HMM,443,OK,OK,,"[1, 1, 2, 2, 3]"
HMM,444,OK,OK,,"[1, 1, 2, 2, 3]"
HMM,445,OK,OK,,"[1, 1, 2, 3, 3, 3, 3]"
HMM,446,OK,OK,,"[1, 1, 2, 3, 3, 3, 3]"
HMM,447,OK,OK,,"[1, 1, 2, 2, 3]"
HMM,448,OK,OK,,"[1, 1, 2, 2, 3]"
HMM,449,OK,OK,,"[1, 1, 2]"
HMM,450,OK,OK,,"[1, 1, 2, 3, 3, 3, 3]"
HMM,451,OK,OK,,"[1, 1, 2, 2, 3]"
HMM,452,OK,OK,,"[1, 1, 2, 2, 3]"
HMM,453,OK,OK,,"[1, 1, 2, 2, 3, 3]"
HMM,454,OK,OK,,"[1, 1, 2, 2, 3]"
HMM,455,OK,OK,,"[1, 1, 2, 3, 3, 3, 3]"
HMM,456,OK,OK,,"[1, 1, 2, 2, 3]"
HMM,457,OK,OK,,"[1, 1, 2, 2, 3]"
HMM,458,OK,OK,,"[1, 1]"
HMM,459,OK,OK,,"[1, 1, 2, 2, 3]"
HMM,460,OK,OK,,"[1, 1, 2, 2, 3]"
HMM,461,OK,OK,,"[1, 1, 2, 2, 3]"
HMM,462,OK,OK,,"[1, 1, 2]"
HMM,463,OK,OK,,"[1, 1, 2, 2, 3]"
HMM,464,OK,OK,,"[1, 1, 2]"
HMM,465,OK,OK,,"[1, 1, 2, 2, 3, 4, 4, 4]"
HMM,466,OK,OK,,"[1, 1, 2, 2, 3]"
HMM,467,OK,OK,,"[1, 1, 2, 2, 3]"
HMM,468,OK,OK,,"[1, 1, 2, 2, 3]"
HMM,469,OK,OK,,"[1, 1, 2, 2, 3]"
HMM,470,OK,OK,,"[1, 1, 2, 2, 3]"
HMM,471,OK,OK,,"[1, 1, 2, 2, 3]"
HMM,472,OK,OK,,"[1, 1, 2, 2, 3, 3, 3, 3]"
HMM,473,OK,OK,,"[1, 1, 2, 2, 3]"
HMM,474,OK,OK,,"[1, 1, 2]"
HMM,475,OK,OK,,"[1, 1, 2, 2, 3]"
HMM,476,OK,OK,,"[1, 1, 2, 2, 3]"
HMM,477,OK,OK,,"[1, 1, 2, 2, 3]"
HMM,478,OK,OK,,"[1, 1, 2, 2, 3]"
HMM,479,OK,OK,,"[1, 1, 2, 2, 3, 4, 4, 4]"
HMM,480,OK,OK,,"[1, 1, 2]"
HMM,481,OK,OK,,"[1, 1, 2, 2, 3, 4, 4, 4]"
HMM,482,OK,OK,,"[1, 1, 2, 2, 3]"
HMM,483,OK,OK,,"[1, 1, 2, 2, 3]"
HMM,484,OK,OK,,"[1, 1, 2, 2, 3]"
HMM,485,OK,OK,,"[1, 1, 2, 2, 3]"
HMM,486,OK,OK,,"[1, 1]"
HMM,487,OK,OK,,"[1, 1, 2, 2, 3]"
HMM,488,OK,OK,,"[1, 1, 2, 2, 3]"
HMM,489,OK,OK,,"[1, 1, 2, 2, 3]"
HMM,490,OK,OK,,"[1, 1, 2, 2, 3]"
HMM,491,OK,OK,,"[1, 1, 2]"
HMM,492,OK,OK,,"[1, 1, 2, 2, 3]"
HMM,493,OK,OK,,"[1, 1, 2]"
HMM,494,OK,OK,,"[1, 1, 2, 2, 3]"
HMM,495,OK,OK,,"[1, 1, 2, 2, 3]"
HMM,496,OK,OK,,"[1, 1, 2, 2, 3]"
HMM,497,OK,OK,,"[1, 1, 2, 2, 2, 2, 2, 2, 3]"
HMM,498,OK,OK,,"[1, 1, 2, 2, 3]"
HMM,499,OK,OK,,"[1, 1, 2, 2, 3]"
HMM,500,OK,OK,,"[1, 1, 2, 2, 3]"
HMM,501,OK,OK,,"[1, 1, 2]"
HMM,502,OK,OK,,"[1, 1, 2, 2, 3]"
HMM,503,OK,OK,,"[1, 1, 2, 2, 3]"
HMM,504,OK,OK,,"[1, 1, 2, 2, 3]"
HMM,505,OK,OK,,"[1, 1, 2, 2, 2, 2, 2, 2, 3]"
HMM,506,OK,OK,,"[1, 1, 2, 2, 3]"
HMM,507,OK,OK,,"[1, 1, 2, 2, 3]"
HMM,508,OK,OK,,"[1, 1, 2, 2, 3]"
HMM,509,OK,OK,,"[1, 1, 2, 2, 3]"
HMM,510,OK,OK,,"[1, 1, 2, 2, 3, 4, 4, 4]"
HMM,511,OK,OK,,"[1, 1, 2, 2, 3]"
HMM,512,OK,OK,,"[1, 1, 2]"
HMM,513,OK,OK,,"[1, 1, 2, 2, 3]"
HMM,514,OK,OK,,"[1, 1, 2, 2, 3]"
HMM,515,OK,OK,,"[1, 1, 2, 2, 3]"
HMM,516,OK,OK,,"[1, 1, 2, 2, 3]"
HMM,517,OK,OK,,"[1, 1, 2, 2, 3]"
HMM,518,OK,OK,,"[1, 1, 2, 2, 3]"
HMM,519,OK,OK,,"[1, 1, 2, 2, 2, 2, 2, 2, 3]"
HMM,520,OK,OK,,"[1, 1, 2, 2, 3]"
HMM,521,OK,OK,,"[1, 1, 2]"
HMM,522,OK,OK,,"[1, 1, 2, 2, 2, 2, 2, 2, 3]"
HMM,523,OK,OK,,"[1, 1, 2, 2, 3, 3, 3, 3, 3, 3]"
HMM,524,OK,OK,,"[1, 1, 2, 3]"
HMM,525,OK,OK,,"[1, 1, 2, 2, 3, 3, 3, 3, 3, 3, 4, 4, 5, 5]"
HMM,526,OK,OK,,"[1, 1]"
HMM,527,OK,OK,,"[1, 1, 2, 2, 3]"
HMM,528,OK,OK,,"[1, 1, 2, 2, 3, 4, 4, 4, 5, 5, 5, 5]"
HMM,529,OK,OK,,"[1, 1, 2, 2, 3, 4, 4, 4, 5, 5]"
HMM,530,BAD_SEQUENCE,SKIP,Скачок: 1 -> 3,"[1, 1, 3, 3, 3, 3, 3, 3, 3, 3, 4, 4, 4, 5]"
HMM,531,BAD_SEQUENCE,SKIP,Скачок: 1 -> 3,"[1, 1, 3, 3, 3, 3, 3, 3, 3, 3, 4, 4, 4, 5]"
HMM,532,OK,OK,,"[1, 1, 2, 2, 3, 4, 4, 4, 5, 5]"
HMM,533,OK,OK,,"[1, 1, 2, 2, 3, 3, 3, 3, 3, 3, 3, 3]"
HMM,534,OK,OK,,"[1, 1, 2, 2, 3, 3, 3, 3, 3, 3, 3, 3]"
HMM,535,OK,OK,,"[1, 1, 2, 2, 3]"
HMM,536,OK,OK,,"[1, 1, 2, 3, 3, 3, 3]"
HMM,537,OK,OK,,"[1, 2, 3, 4, 4, 4, 5]"
HMM,538,OK,OK,,"[1, 1, 2, 2, 3, 3, 3, 3]"
HMM,539,OK,OK,,"[1, 1]"
HMM,540,OK,OK,,"[1, 1, 2, 2, 3]"
HMM,541,OK,OK,,"[1, 1, 2]"
HMM,542,OK,OK,,"[1, 1, 2, 2, 3, 3, 3, 3, 3, 3, 3, 3]"
HMM,543,OK,OK,,"[1, 1, 2, 2, 3]"
HMM,544,OK,OK,,"[1, 1, 2, 2, 3]"
HMM,545,OK,OK,,"[1, 1, 2, 2, 3, 4, 4, 4]"
HMM,546,OK,OK,,"[1, 1, 2, 3, 3, 3, 3]"
HMM,547,OK,OK,,"[1, 1, 2, 2, 3]"
HMM,548,OK,OK,,"[1, 1, 2, 3, 3, 3, 3]"
HMM,549,OK,OK,,"[1, 1, 2]"
HMM,550,OK,OK,,"[1, 1, 2, 2, 3]"
HMM,551,OK,OK,,"[1, 1, 2, 3, 3, 3, 3, 3, 3, 3]"
HMM,552,OK,OK,,"[1, 1, 2, 2, 3]"
HMM,553,OK,OK,,"[1, 1, 2]"
HMM,554,OK,OK,,"[1, 1, 2, 2, 3, 3]"
HMM,555,OK,OK,,"[1, 1, 2, 2, 3]"
HMM,556,OK,OK,,"[1, 1, 2, 2, 3, 3]"
HMM,557,OK,OK,,"[1, 1, 2, 2, 3]"
HMM,558,OK,OK,,"[1, 1, 2]"
HMM,559,OK,OK,,"[1, 1, 2, 2, 3]"
HMM,560,OK,OK,,"[1, 1, 2, 2, 3]"
HMM,561,OK,OK,,"[1, 1, 2, 2, 3]"
HMM,562,OK,OK,,"[1, 1, 2]"
HMM,563,OK,OK,,"[1, 1, 2, 2, 3]"
HMM,564,OK,OK,,"[1, 1, 2, 2, 3]"
HMM,565,OK,OK,,"[1, 1, 2, 2, 3]"
HMM,566,OK,OK,,"[1, 1, 2, 2, 3]"
HMM,567,OK,OK,,"[1, 1, 2, 2, 3]"
HMM,568,OK,OK,,"[1, 1, 2, 2, 3]"
HMM,569,OK,OK,,"[1, 1, 2, 2, 3]"
HMM,570,OK,OK,,"[1, 1, 2, 2, 3]"
HMM,571,OK,OK,,"[1, 1, 2, 2, 3]"
HMM,572,OK,OK,,"[1, 1, 2, 2, 3]"
HMM,573,OK,OK,,"[1, 1, 2, 2, 3]"
HMM,574,OK,OK,,"[1, 1, 2, 2, 3]"
HMM,575,OK,OK,,"[1, 1, 2, 2, 3]"
HMM,576,OK,OK,,"[1, 1, 2, 2, 3]"
HMM,577,OK,OK,,"[1, 1, 2, 2, 3]"
HMM,578,OK,OK,,"[1, 1, 2, 2, 3]"
HMM,579,OK,OK,,"[1, 1, 2, 2, 3]"
HMM,580,OK,OK,,"[1, 1, 2, 2, 3]"
HMM,581,OK,OK,,"[1, 1, 2, 2, 3]"
HMM,582,OK,OK,,"[1, 1, 2, 2, 3, 4, 4, 4]"
HMM,583,OK,OK,,"[1, 1, 2, 2, 3, 3, 3, 3, 3, 3]"
HMM,584,OK,OK,,"[1, 1, 2, 2, 3]"
HMM,585,OK,OK,,"[1, 1, 2, 2, 3, 3, 3, 3, 3, 3]"
HMM,586,OK,OK,,"[1, 1, 2, 2, 3]"
HMM,587,OK,OK,,"[1, 1, 2, 2, 3, 3, 3, 3, 3, 3, 3, 3, 3]"
HMM,588,OK,OK,,"[1, 1, 2, 2, 3]"
HMM,589,OK,OK,,"[1, 1, 2, 2, 3]"
HMM,590,OK,OK,,"[1, 1, 2, 2, 3]"
HMM,591,OK,OK,,"[1, 1, 2, 2, 3]"
HMM,592,OK,OK,,"[1, 1, 2, 2, 3]"
HMM,593,OK,OK,,"[1, 1, 2, 2, 3]"
HMM,594,OK,OK,,"[1, 1, 2, 2, 3]"
HMM,595,OK,OK,,"[1, 1, 2, 2, 3]"
HMM,596,OK,OK,,"[1, 1, 2, 2, 3]"
HMM,597,OK,OK,,"[1, 1, 2, 2, 3]"
HMM,598,OK,OK,,"[1, 1, 2, 2, 3]"
HMM,599,OK,OK,,"[1, 1, 2, 2, 3]"
HMM,600,OK,OK,,"[1, 1, 2, 2, 3]"
HMM,601,OK,OK,,"[1, 1, 2, 2, 3]"
HMM,602,OK,OK,,"[1, 1, 2, 2, 3]"
HMM,603,OK,OK,,"[1, 1, 2, 2, 3]"
HMM,604,OK,OK,,"[1, 1, 2, 2, 3]"
HMM,605,OK,OK,,"[1, 1, 2, 2, 3]"
HMM,606,OK,OK,,"[1, 1, 2, 2, 3]"
HMM,607,OK,OK,,"[1, 1, 2, 2, 3, 3, 3, 3, 3, 3]"
HMM,608,OK,OK,,"[1, 1, 2, 2, 3, 3, 3, 3, 3, 3, 3, 3, 4, 4, 4, 5]"
HMM,609,OK,OK,,"[1, 1, 2, 2, 3]"
HMM,610,OK,OK,,"[1, 1, 2, 2, 3]"
HMM,611,OK,OK,,"[1, 1, 2, 2, 3]"
HMM,612,OK,OK,,"[1, 1, 2, 2, 3]"
HMM,613,OK,OK,,"[1, 1, 2, 3, 3, 3, 3]"
HMM,614,OK,OK,,"[1, 1, 2, 2, 3]"
HMM,615,OK,OK,,"[1, 1, 2]"
HMM,616,OK,OK,,"[1, 1, 2, 2, 3, 3, 3, 3]"
HMM,617,OK,OK,,"[1, 1, 2, 2, 3, 3, 3, 3]"
HMM,618,OK,OK,,"[1, 1, 2, 2, 3, 3, 3, 3]"
HMM,619,OK,OK,,"[1, 1, 2]"
HMM,620,OK,OK,,"[1, 1, 2, 2, 3, 3, 3, 3]"
HMM,621,OK,OK,,"[1, 1, 2, 2, 3]"
HMM,622,OK,OK,,"[1, 1, 2, 2, 3, 3, 3, 3, 3, 3]"
HMM,623,OK,OK,,"[1, 1, 2, 2, 3, 3, 3, 3, 3, 4, 4, 4]"
HMM,624,OK,OK,,"[1, 1, 2]"
HMM,625,OK,OK,,"[1, 1, 2, 2, 3, 3, 3, 3, 3, 3, 3, 3, 3, 3, 3]"
HMM,626,OK,OK,,"[1, 1, 2, 2, 3, 3, 3, 3]"
HMM,627,OK,OK,,"[1, 1, 2]"
HMM,628,OK,OK,,"[1, 1, 2, 2, 3]"
HMM,629,OK,OK,,"[1, 1, 2, 2, 3, 3, 3, 3, 3, 3, 3, 3, 3, 3, 3, 3]"
HMM,630,OK,OK,,"[1, 1, 2, 2, 3, 3, 3, 3]"
HMM,631,OK,OK,,"[1, 1, 2, 2, 3, 4, 4, 4, 5, 5]"
HMM,632,OK,OK,,"[1, 1, 2, 2, 3]"
HMM,633,OK,OK,,"[1, 1, 2, 3, 3, 3, 3]"
HMM,634,OK,OK,,"[1, 1, 2, 3]"
HMM,635,OK,OK,,"[1, 1, 2, 2, 3]"
HMM,636,OK,OK,,"[1, 1, 2, 3, 3, 3, 3]"
HMM,637,OK,OK,,"[1, 1, 2, 2, 3]"
HMM,638,OK,OK,,"[1, 1, 2, 2, 3]"
HMM,639,OK,OK,,"[1, 1, 2, 2, 3, 3, 3, 3]"
HMM,640,OK,OK,,"[1, 1, 2, 2, 3]"
HMM,641,OK,OK,,"[1, 1, 2, 2, 3]"
HMM,642,OK,OK,,"[1, 1, 2, 2, 3, 3, 3, 3, 3, 3]"
HMM,643,OK,OK,,"[1, 1, 2, 2, 3]"
HMM,644,OK,OK,,"[1, 1, 2, 2, 3, 3, 3, 3, 3, 3]"
HMM,645,OK,OK,,"[1, 1, 2, 2, 3]"
HMM,646,OK,OK,,"[1, 1, 2, 2, 3]"
HMM,647,OK,OK,,"[1, 1, 2, 2, 3, 3, 3, 3, 3, 3]"
HMM,648,OK,OK,,"[1, 1, 2, 2, 3]"
HMM,649,OK,OK,,"[1, 1, 2, 2, 3, 3, 3, 3, 3]"
HMM,650,OK,OK,,"[1, 1, 2, 2, 3, 3, 3, 3]"
HMM,651,OK,OK,,"[1, 1, 2, 2, 3]"
HMM,652,OK,OK,,"[1, 1, 2, 2, 3, 4, 4, 4, 5, 5]"
HMM,653,OK,OK,,"[1, 1, 2, 2, 3]"
HMM,654,OK,OK,,"[1, 1, 2]"
HMM,655,OK,OK,,"[1, 1, 2]"
HMM,656,OK,OK,,"[1, 1, 2, 2]"
HMM,657,OK,OK,,"[1, 1, 2, 2]"
HMM,658,OK,OK,,"[1, 1, 2, 2]"
HMM,659,OK,OK,,"[1, 1, 2]"
HMM,660,OK,OK,,"[1, 1, 2]"
HMM,661,OK,OK,,"[1, 1, 2]"
HMM,662,OK,OK,,"[1, 1, 2]"
HMM,663,OK,OK,,"[1, 1, 2, 2]"
HMM,664,OK,OK,,"[1, 1, 2, 2]"
HMM,665,OK,OK,,"[1, 1, 2]"
HMM,666,OK,OK,,"[1, 1, 2, 2, 3, 3, 3, 3, 3, 4, 5, 5]"
HMM,667,OK,OK,,"[1, 1, 2, 2, 3, 3, 3, 3]"
HMM,668,OK,OK,,"[1, 1, 2, 2, 3, 3, 3, 3]"
HMM,669,OK,OK,,"[1, 1, 2, 2, 3]"
HMM,670,OK,OK,,"[1, 1, 2, 2, 3]"
HMM,671,OK,OK,,"[1, 1, 2, 2, 3, 3, 3, 3]"
HMM,672,OK,OK,,"[1, 1, 2, 2, 3]"
HMM,673,OK,OK,,"[1, 1, 2, 3, 3, 3, 3, 3, 3, 3]"
HMM,674,OK,OK,,"[1, 1, 2, 2, 3, 4, 4, 4, 5]"
HMM,675,OK,OK,,"[1, 1, 2, 2, 3, 4, 4, 4, 5]"
HMM,676,OK,OK,,"[1, 1, 2, 2, 3, 3, 3, 3, 3, 3, 4, 4, 4, 5, 5]"
HMM,677,OK,OK,,"[1, 1, 2, 2, 3]"
HMM,678,OK,OK,,"[1, 1, 2, 2, 3, 3, 3, 3, 3, 3, 4, 4, 4, 5]"
HMM,679,OK,OK,,"[1, 1, 2]"
HMM,680,OK,OK,,"[1, 1, 2, 2, 3]"
HMM,681,OK,OK,,"[1, 1, 2, 2, 3]"
HMM,682,OK,OK,,"[1, 1, 2, 2, 3, 3, 3, 3]"
HMM,683,OK,OK,,"[1, 1, 2, 2, 3, 3, 3, 3, 3, 3, 3, 3, 4, 4, 4, 5, 5]"
HMM,684,OK,OK,,"[1, 1, 2, 2, 3]"
HMM,685,OK,OK,,"[1, 1, 2, 2, 3]"
HMM,686,OK,OK,,"[1, 1, 2, 2, 3, 4, 4, 4, 5, 5]"
HMM,687,OK,OK,,"[1, 1, 2, 2, 3]"
HMM,688,OK,OK,,"[1, 1, 2, 2, 3]"
HMM,689,OK,OK,,"[1, 1, 2, 2, 3]"
HMM,690,OK,OK,,"[1, 1, 2, 2, 3]"
HMM,691,OK,OK,,"[1, 1, 2, 2, 3]"
HMM,692,OK,OK,,"[1, 1, 2, 2, 2, 2, 2, 2, 3]"
HMM,693,OK,OK,,"[1, 1, 2, 2, 2, 2, 2, 2, 3]"
HMM,694,OK,OK,,"[1, 1, 2, 2, 2, 2, 2, 2, 3]"
HMM,695,OK,OK,,"[1, 1, 2, 2, 3]"
HMM,696,OK,OK,,"[1, 1, 2, 2, 3]"
HMM,697,OK,OK,,"[1, 1, 2, 2, 3]"
HMM,698,OK,OK,,"[1, 1, 2, 2, 3]"
HMM,699,OK,OK,,"[1, 1, 2, 2, 3]"
HMM,700,OK,OK,,"[1, 1, 2, 2, 3]"
HMM,701,OK,OK,,"[1, 1, 2, 2]"
HMM,702,OK,OK,,"[1, 1, 2, 2]"
HMM,703,OK,OK,,"[1, 1, 2, 2]"
HMM,704,OK,OK,,"[1, 1, 2, 2, 2, 2, 2, 2, 3]"
HMM,705,OK,OK,,"[1, 1, 2, 2, 2, 2, 2, 2, 3]"
HMM,706,OK,OK,,"[1, 1, 2, 2, 3]"
HMM,707,OK,OK,,"[1, 1, 2, 2, 3]"
HMM,708,OK,OK,,"[1, 1, 2, 2, 3, 4, 4, 4]"
HMM,709,OK,OK,,"[1, 1, 2, 2, 3, 4, 4, 4]"
HMM,710,OK,OK,,"[1, 1, 2, 2, 3, 4, 4, 4]"
HMM,711,OK,OK,,"[1, 1, 2, 2, 3]"
HMM,712,OK,OK,,"[1, 1, 2, 2, 3]"
HMM,713,OK,OK,,"[1, 1, 2, 2, 2, 2, 2, 2, 3]"
HMM,714,OK,OK,,"[1, 1, 2, 2, 3]"
HMM,715,OK,OK,,"[1, 1, 2, 2, 3]"
HMM,716,OK,OK,,"[1, 1, 2, 2, 3]"
HMM,717,OK,OK,,"[1, 1, 2, 2, 3]"
HMM,718,OK,OK,,"[1, 1, 2, 2, 3, 3, 3, 3, 3, 3, 3, 4, 4]"
HMM,719,OK,OK,,"[1, 1, 2, 2, 3, 3, 3, 3, 3, 3, 3, 4, 4]"
HMM,720,OK,OK,,"[1, 1, 2, 2, 3]"
HMM,721,OK,OK,,"[1, 1, 2, 2, 3]"
HMM,722,OK,OK,,"[1, 1, 2, 2, 3]"
HMM,723,OK,OK,,"[1, 1, 2, 2, 3]"
HMM,724,OK,OK,,"[1, 1, 2, 2, 3]"
HMM,725,OK,OK,,"[1, 1, 2, 2, 3, 3, 3, 3]"
HMM,726,OK,OK,,"[1, 1]"
HMM,727,OK,OK,,"[1, 1, 2, 2, 3, 4, 4, 4]"
HMM,728,OK,OK,,"[1, 1, 2, 2, 3, 4, 4, 4]"
HMM,729,OK,OK,,"[1, 1, 2, 2, 3, 4, 4, 4]"
HMM,730,OK,OK,,"[1, 1, 2, 2, 3]"
HMM,731,OK,OK,,"[1, 1, 2, 2, 3, 4, 4, 4]"
HMM,732,OK,OK,,"[1, 1, 2, 2, 3, 4, 4, 4]"
HMM,733,OK,OK,,"[1, 1, 2, 2, 3]"
HMM,734,OK,OK,,"[1, 1, 2, 2, 3]"
HMM,735,OK,OK,,"[1, 1, 2, 2, 3]"
HMM,736,OK,OK,,"[1, 1, 2, 2, 3]"
HMM,737,OK,OK,,"[1, 1, 2, 2, 3]"
HMM,738,OK,OK,,"[1, 1, 2, 2]"
HMM,739,OK,OK,,"[1, 1, 2, 2]"
HMM,740,OK,OK,,"[1, 1, 2, 2]"
HMM,741,OK,OK,,"[1, 1, 2, 2, 3]"
HMM,742,OK,OK,,"[1, 1, 2, 2, 3]"
HMM,743,OK,OK,,"[1, 1, 2, 2, 3]"
HMM,744,OK,OK,,"[1, 1, 2, 2, 3]"
HMM,745,OK,OK,,"[1, 1, 2, 2, 3]"
HMM,746,OK,OK,,"[1, 1, 2, 2, 3, 4, 4, 4]"
HMM,747,OK,OK,,"[1, 1, 2, 2, 3, 4, 4, 4]"
HMM,748,OK,OK,,"[1, 1, 2, 2, 3]"
HMM,749,OK,OK,,"[1, 1, 2, 2, 3]"
HMM,750,OK,OK,,"[1, 1, 2, 2, 3]"
HMM,751,OK,OK,,"[1, 1, 2, 2, 3, 4, 4, 4]"
HMM,752,OK,OK,,"[1, 1, 2, 2, 3, 4, 4, 4]"
HMM,753,OK,OK,,"[1, 1, 2, 2, 3, 4, 4, 4]"
HMM,754,OK,OK,,"[1, 1, 2, 2, 3, 4, 4, 4]"
HMM,755,OK,OK,,"[1, 1, 2, 2, 3]"
HMM,756,OK,OK,,"[1, 1, 2]"
HMM,757,OK,OK,,"[1, 1, 2, 2, 3, 4, 4, 4, 5, 5]"
HMM,758,OK,OK,,"[1, 1, 2, 2, 3]"
HMM,759,OK,OK,,"[1, 1, 2, 2, 3, 4, 4, 4, 5, 5]"
HMM,760,OK,OK,,"[1, 1, 2, 2, 3]"
HMM,761,OK,OK,,"[1, 1, 2, 2, 3]"
HMM,762,OK,OK,,"[1, 1, 2, 2, 3]"
HMM,763,OK,OK,,"[1, 1, 2, 2, 3, 4, 4, 4]"
HMM,764,OK,OK,,"[1, 1, 2, 2, 3, 4, 4, 4, 5]"
HMM,765,OK,OK,,"[1, 1, 2, 2, 3, 4, 4, 4]"
HMM,766,OK,OK,,"[1, 1, 2, 2, 3, 4, 4, 4]"
HMM,767,OK,OK,,"[1, 1, 2, 2, 3, 4, 4, 4]"
HMM,768,OK,OK,,"[1, 1, 2, 2, 3]"
HMM,769,OK,OK,,"[1, 1, 2, 2, 3]"
HMM,770,OK,OK,,"[1, 1, 2, 2, 3]"
HMM,771,OK,OK,,"[1, 1, 2, 2, 3]"
HMM,772,OK,OK,,"[1, 1, 2, 2, 3]"
HMM,773,OK,OK,,"[1, 1, 2, 2, 3]"
HMM,774,OK,OK,,"[1, 1, 2, 2, 3]"
HMM,775,OK,OK,,"[1, 1, 2, 2, 3]"
HMM,776,OK,OK,,"[1, 1, 2, 2]"
HMM,777,OK,OK,,"[1, 1, 2, 2, 3]"
HMM,778,OK,OK,,"[1, 1, 2, 2, 3]"
HMM,779,OK,OK,,"[1, 1, 2, 2, 3]"
HMM,780,OK,OK,,"[1, 1, 2, 2, 3]"
HMM,781,OK,OK,,"[1, 1, 2, 2, 3]"
HMM,782,OK,OK,,"[1, 1, 2, 2, 3]"
HMM,783,OK,OK,,"[1, 1, 2, 2, 2, 2, 2, 2, 3]"
HMM,784,OK,OK,,"[1, 1, 2, 2, 3]"
HMM,785,OK,OK,,"[1, 1, 2, 2]"
HMM,786,OK,OK,,"[1, 1, 2, 2]"
HMM,787,OK,OK,,"[1, 1, 2, 2]"
HMM,788,OK,OK,,"[1, 1, 2, 2, 3]"
HMM,789,OK,OK,,"[1, 1, 2, 2, 3]"
HMM,790,OK,OK,,"[1, 1, 2, 2, 3, 4, 4, 4]"
HMM,791,OK,OK,,"[1, 1, 2, 2, 3, 4, 4, 4]"
HMM,792,OK,OK,,"[1, 1, 2, 2, 3, 4, 4, 4]"
HMM,793,OK,OK,,"[1, 1, 2, 2, 3]"
HMM,794,OK,OK,,"[1, 1, 2, 2, 3]"
HMM,795,OK,OK,,"[1, 1, 2, 2, 3, 3, 3, 3, 3, 3]"
HMM,796,OK,OK,,"[1, 1, 2, 2, 3]"
HMM,797,OK,OK,,"[1, 1, 2, 2, 3, 3, 3, 3, 3, 3, 3, 3, 3]"
HMM,798,OK,OK,,"[1, 1, 2, 2, 3, 3, 3, 3, 3, 3, 3, 3, 3]"
HMM,799,OK,OK,,"[1, 1, 2, 2, 3, 3, 3, 3, 3, 3, 3, 3, 3, 3, 3]"
HMM,800,OK,OK,,"[1, 1, 2, 2, 3, 3, 3, 3, 3, 3, 3, 3, 3, 3, 3]"
HMM,801,OK,OK,,"[1, 1, 2, 2, 3, 3, 3, 3]"
HMM,802,OK,OK,,"[1, 1, 2, 2, 3, 3, 3, 3]"
HMM,803,OK,OK,,"[1, 1, 2, 2, 3, 3, 3, 3]"
HMM,804,OK,OK,,"[1, 1, 2, 2, 3, 3, 3, 3]"
HMM,805,OK,OK,,"[1, 1, 2, 2, 3, 3, 3, 3]"
HMM,806,OK,OK,,"[1, 1, 2, 3, 3, 3, 3, 3, 3, 3, 3]"
HMM,807,OK,OK,,"[1, 1, 2, 2, 3, 4, 4, 4, 5, 5]"
HMM,808,OK,OK,,"[1, 1, 2]"
HMM,809,OK,OK,,"[1, 1, 2, 2, 3]"
HMM,810,OK,OK,,"[1, 1, 2, 2, 3]"
HMM,811,OK,OK,,"[1, 1, 2, 2, 3]"
HMM,812,OK,OK,,"[1, 1, 2, 2, 3]"
HMM,813,OK,OK,,"[1, 1, 2, 2]"
HMM,814,OK,OK,,"[1, 1, 2, 2, 3]"
HMM,815,OK,OK,,"[1, 1, 2, 2, 3]"
HMM,816,OK,OK,,"[1, 1, 2, 2, 3, 4, 4, 4, 5, 5]"
HMM,817,OK,OK,,"[1, 1, 2, 3, 3, 3, 3]"
HMM,818,OK,OK,,"[1, 1, 2, 2, 3]"
HMM,819,OK,OK,,"[1, 1, 2, 2, 3, 4, 4, 4, 5, 5]"
HMM,820,OK,OK,,"[1, 1, 2, 2, 3, 3, 3, 3]"
HMM,821,OK,OK,,"[1, 1, 2, 2, 3]"
HMM,822,OK,OK,,"[1, 1, 2, 2, 3, 4, 4, 4, 5, 5]"
HMM,823,OK,OK,,"[1, 1, 2, 2, 3, 3, 3, 3, 3, 3]"
HMM,824,OK,OK,,"[1, 1, 2]"
HMM,825,OK,OK,,"[1, 1, 2, 2, 3]"
HMM,826,BAD_SEQUENCE,SKIP,Скачок: 1 -> 3,"[1, 1, 3, 3, 3, 3, 3, 3, 3, 3, 4, 4, 4, 5]"
HMM,827,OK,OK,,"[1, 1, 2, 2, 3]"
HMM,828,OK,OK,,"[1, 1, 2, 2, 3]"
HMM,829,OK,OK,,"[1, 1, 2, 2, 3, 4, 4, 4, 5, 5, 5, 5, 5]"
HMM,830,OK,OK,,"[1, 1, 2, 2, 3]"
HMM,831,OK,OK,,"[1, 1, 2, 2, 3, 3, 3, 3]"
HMM,832,OK,OK,,"[1, 1, 2, 2, 3, 3, 3, 3, 3, 3, 4, 4, 4, 5, 5]"
HMM,833,OK,OK,,"[1, 1, 2, 2, 3, 4, 4, 4, 5]"
HMM,834,OK,OK,,"[1, 1, 2, 2, 3]"
HMM,835,OK,OK,,"[1, 1, 2, 2, 3, 3, 3, 3, 3, 3]"
HMM,836,OK,OK,,"[1, 1, 2, 2, 3]"
HMM,837,OK,OK,,"[1, 1, 2, 2, 3]"
HMM,838,OK,OK,,"[1, 1, 2, 2, 3]"
HMM,839,OK,OK,,"[1, 1, 2, 2, 3]"
HMM,840,OK,OK,,"[1, 1, 2, 2, 3, 4, 4, 4, 5, 5, 5, 5]"
HMM,841,OK,OK,,"[1, 1, 2, 2, 3, 3, 3, 3, 3, 3, 3, 3, 4, 4, 4, 5, 5]"
HMM,842,OK,OK,,"[1, 1, 2, 2, 3, 4, 4, 4, 5]"
HMM,843,OK,OK,,"[1, 1, 2, 2, 3]"
HMM,844,OK,OK,,"[1, 1, 2, 2, 3, 4, 4, 4, 5, 5]"
HMM,845,OK,OK,,"[1, 1, 2, 2, 3, 3, 3, 3]"
HMM,846,OK,OK,,"[1, 1, 2, 2, 3, 3, 3, 3, 3, 4, 4, 4]"
HMM,847,OK,OK,,"[1, 1, 2, 2, 3, 3, 3, 3, 3, 3]"
HMM,848,OK,OK,,"[1, 1, 2]"
HMM,849,OK,OK,,"[1, 1, 2, 2, 3, 3, 3, 3, 3, 3, 3, 3, 3, 3, 3, 3]"
HMM,850,OK,OK,,"[1, 1, 2, 2, 3, 3, 3, 3]"
HMM,851,OK,OK,,"[1, 1, 2, 2, 3, 4, 4, 4, 5]"
HMM,852,OK,OK,,"[1, 1, 2, 2, 3, 4, 4]"
HMM,853,OK,OK,,"[1, 1, 2]"
HMM,854,OK,OK,,"[1, 1, 2, 2, 3, 4, 4, 4, 5, 5]"
HMM,855,OK,OK,,"[1, 1, 2, 2, 2]"
HMM,856,OK,OK,,"[1, 1, 2, 2, 3]"
HMM,857,OK,OK,,"[1, 1, 2, 2, 3, 3, 3, 3]"
HMM,858,OK,OK,,"[1, 1, 2, 2, 3, 3, 3, 3, 3, 3]"
HMM,859,BAD_SEQUENCE,SKIP,Скачок: 1 -> 3,"[1, 1, 3, 3, 3]"
HMM,860,OK,OK,,"[1, 1, 2]"
HMM,861,OK,OK,,"[1, 1, 2, 2, 3, 3, 3, 3, 3, 3]"
HMM,862,OK,OK,,"[1, 1, 2, 2, 3, 3, 3, 3, 3, 3]"
HMM,863,OK,OK,,"[1, 1, 2, 2, 3, 3, 3, 3, 3, 3]"
HMM,864,OK,OK,,"[1, 1, 2, 2, 3, 3, 3, 3, 3, 3]"
HMM,865,OK,OK,,"[1, 1, 2, 2, 3]"
HMM,866,OK,OK,,"[1, 1, 2, 2, 3, 3, 3, 3, 3, 3, 3, 3]"
HMM,867,OK,OK,,"[1, 1, 2, 2, 3, 3, 3, 3, 3, 3, 3, 3]"
HMM,868,OK,OK,,"[1, 1, 2, 2, 3]"
HMM,869,OK,OK,,"[1, 1, 2, 2, 3]"
HMM,870,OK,OK,,"[1, 1, 2, 2, 3, 3, 3, 3, 3, 3, 3, 3]"
HMM,871,OK,OK,,"[1, 1, 2, 2, 3]"
HMM,872,OK,OK,,"[1, 1, 2, 2, 3]"
HMM,873,OK,OK,,"[1, 1, 2, 2, 3, 3, 3, 3, 3, 3, 3, 3, 3, 3, 3]"
HMM,874,OK,OK,,"[1, 1, 2, 2, 3]"
HMM,875,OK,OK,,"[1, 1, 2, 2, 3, 3, 3, 3, 3, 3, 3, 3, 3, 3, 3]"
HMM,876,OK,OK,,"[1, 1, 2, 2, 3, 3, 3, 3, 3, 3, 3, 3, 3, 3, 3]"
HMM,877,OK,OK,,"[1, 1, 2, 2, 3, 3, 3, 3, 3, 3]"
HMM,878,OK,OK,,"[1, 1, 2, 2, 3]"
HMM,879,OK,OK,,"[1, 1, 2, 2, 3]"
HMM,880,OK,OK,,"[1, 1, 2, 2, 3]"
HMM,881,OK,OK,,"[1, 1, 2, 2, 3, 4, 4, 4, 5, 5]"
HMM,882,OK,OK,,"[1, 1, 2, 2, 3, 3, 3, 3, 3, 3, 3, 3, 4, 4, 4, 5]"
HMM,883,OK,OK,,"[1, 1, 2, 2, 3]"
HMM,884,OK,OK,,"[1, 1, 2, 2, 3, 3, 3, 3, 3, 3, 3, 3, 3, 3]"
HMM,885,BAD_SEQUENCE,SKIP,Скачок: 1 -> 3,"[1, 1, 3, 3, 3, 4, 4]"
HMM,886,OK,OK,,"[1, 1, 2, 2, 3]"
HMM,887,OK,OK,,"[1, 1, 2, 2, 3]"
HMM,888,OK,OK,,"[1, 1, 2, 3, 3, 3, 3]"
HMM,889,OK,OK,,"[1, 1, 2, 3, 3, 3, 3]"
HMM,890,OK,OK,,"[1, 1, 2, 2, 3, 3, 3, 3, 3]"
HMM,891,OK,OK,,"[1, 1, 2, 2, 3, 3, 3, 3, 3, 3, 3, 3, 3, 3]"
HMM,892,OK,OK,,"[1, 1, 2, 2, 3]"
HMM,893,OK,OK,,"[1, 1, 2, 2, 3]"
HMM,894,OK,OK,,"[1, 1, 2, 2, 3, 3, 3, 3]"
HMM,895,OK,OK,,"[1, 1, 2, 2, 3]"
HMM,896,OK,OK,,"[1, 1, 2, 2, 3, 4, 4, 4, 5, 5]"
HMM,897,OK,OK,,"[1, 1, 2, 2, 3]"
HMM,898,OK,OK,,"[1, 1, 2, 2, 3]"
HMM,899,OK,OK,,"[1, 1, 2, 2, 3]"
HMM,900,OK,OK,,"[1, 1, 2, 2, 3]"
HMM,901,OK,OK,,"[1, 1, 2, 2, 3]"
HMM,902,OK,OK,,"[1, 1, 2, 2, 3, 4, 4, 4, 5, 5]"
HMM,903,OK,OK,,"[1, 1, 2, 3, 3, 3, 3, 3, 3, 3, 4, 4, 4, 5]"
HMM,904,OK,OK,,"[1, 1, 2, 3, 3, 3, 3, 3, 3, 3, 3, 3, 3, 3, 3]"
HMM,905,OK,OK,,"[1, 1, 2, 2, 3]"
HMM,906,OK,OK,,"[1, 1, 2, 2, 3, 4, 4, 4]"
HMM,907,OK,OK,,"[1, 1, 2, 2, 3]"
HMM,908,OK,OK,,"[1, 1, 2, 2, 3]"
HMM,909,OK,OK,,"[1, 1, 2, 2, 3]"
HMM,910,OK,OK,,"[1, 1, 2, 2, 3]"
HMM,911,OK,OK,,"[1, 1, 2, 2, 3]"
HMM,912,OK,OK,,"[1, 1, 2, 2, 3, 4, 4, 4, 5, 5]"
HMM,913,OK,OK,,"[1, 1, 2, 2, 3, 3, 3, 3, 3, 3, 4, 4, 4]"
HMM,914,OK,OK,,"[1, 1, 2, 2, 3, 4, 4, 4]"
HMM,915,OK,OK,,"[1, 1, 2, 2, 3, 3, 3, 3, 3, 3, 3, 3, 3, 3]"
HMM,916,OK,OK,,"[1, 1, 2, 2, 3, 4, 4, 4, 5]"
HMM,917,OK,OK,,"[1, 1, 2, 2, 3, 3, 3, 3, 3]"
HMM,918,OK,OK,,"[1, 1, 2, 2, 3]"
HMM,919,OK,OK,,"[1, 1, 2, 2, 3]"
HMM,920,OK,OK,,"[1, 1, 2, 2, 3, 4, 4, 4]"
HMM,921,OK,OK,,"[1, 1, 2, 2, 3]"
HMM,922,OK,OK,,"[1, 1, 2, 2, 3]"
HMM,923,OK,OK,,"[1, 1, 2, 2, 3]"
HMM,924,OK,OK,,"[1, 1, 2, 2, 3, 3, 3, 3, 3, 3, 3, 3, 3, 3]"
HMM,925,OK,OK,,"[1, 1, 2, 2, 3, 4, 4, 4, 5, 5]"
HMM,926,OK,OK,,"[1, 1, 2, 2, 3, 4, 4, 4, 5]"
HMM,927,OK,OK,,"[1, 1, 2, 2, 3]"
HMM,928,OK,OK,,"[1, 1, 2]"
HMM,929,OK,OK,,"[1, 1, 2, 2, 3]"
HMM,930,OK,OK,,"[1, 1, 2, 2, 3]"
HMM,931,OK,OK,,"[1, 1, 2, 2, 3, 3, 3, 3]"
HMM,932,OK,OK,,"[1, 1, 2, 2, 3, 3, 3, 3, 3, 3]"
HMM,933,OK,OK,,"[1, 1, 2, 2, 3, 3, 3, 3, 3, 3, 3, 3, 3, 3, 3, 3]"
HMM,934,OK,OK,,"[1, 1, 2, 2, 3]"
HMM,935,OK,OK,,"[1, 1, 2, 2, 3]"
HMM,936,OK,OK,,"[1, 1, 2, 2, 3]"
HMM,937,OK,OK,,"[1, 1, 2, 2, 3]"
HMM,938,OK,OK,,"[1, 1, 2, 2, 3]"
HMM,939,OK,OK,,"[1, 1, 2, 2, 3]"
HMM,940,OK,OK,,"[1, 1, 2, 2, 3]"
HMM,941,OK,OK,,"[1, 1, 2, 2, 3]"
HMM,942,OK,OK,,"[1, 1, 2, 2, 3]"
HMM,943,OK,OK,,"[1, 1, 2, 2, 3, 3, 3, 3, 3, 3, 3, 3, 3, 3]"
HMM,944,OK,OK,,"[1, 1, 2, 2, 3, 3, 3, 3, 3, 3]"
HMM,945,OK,OK,,"[1, 1, 2, 3, 3, 3, 3]"
HMM,946,OK,OK,,"[1, 1, 2, 2, 3, 3, 3, 3, 3]"
HMM,947,OK,OK,,"[1, 1, 2, 2, 3]"
HMM,948,OK,OK,,"[1, 1, 2, 2, 3, 4, 4, 4]"
HMM,949,OK,OK,,"[1, 1, 2, 2, 3]"
HMM,950,OK,OK,,"[1, 1, 2, 2, 3]"
HMM,951,OK,OK,,"[1, 1, 2, 2, 3]"
HMM,952,OK,OK,,"[1, 1, 2, 2, 3, 3, 3, 3]"
HMM,953,OK,OK,,"[1, 1, 2, 2, 3, 3, 3, 3, 3, 3, 3, 3, 3, 3]"
HMM,954,OK,OK,,"[1, 1, 2, 2, 3]"
HMM,955,OK,OK,,"[1, 1, 2, 2, 3]"
HMM,956,OK,OK,,"[1, 1, 2, 2, 3]"
HMM,957,OK,OK,,"[1, 1, 2, 2, 3]"
HMM,958,OK,OK,,"[1, 1, 2, 2, 3, 3, 3, 3, 3]"
HMM,959,OK,OK,,"[1, 1, 2, 2, 3]"
HMM,960,OK,OK,,"[1, 1, 2, 2, 3]"
HMM,961,OK,OK,,"[1, 1, 2, 2, 3]"
HMM,962,OK,OK,,"[1, 1, 2, 3, 3, 3, 3, 3, 3, 3]"
HMM,963,OK,OK,,"[1, 1, 2, 2, 3, 3, 3, 3]"
HMM,964,OK,OK,,"[1, 1, 2, 2, 3, 3, 3, 3]"
HMM,965,OK,OK,,"[1, 1, 2, 3, 3, 3, 3]"
HMM,966,OK,OK,,"[1, 1, 2, 2, 3]"
HMM,967,OK,OK,,"[1, 1, 2, 2, 3]"
HMM,968,OK,OK,,"[1, 1, 2, 2, 3]"
HMM,969,OK,OK,,"[1, 1, 2, 2, 3, 3, 3, 3, 3, 3, 4, 4, 4]"
HMM,970,OK,OK,,"[1, 1, 2, 2, 3]"
HMM,971,OK,OK,,"[1, 1, 2, 3, 3, 3, 3, 4, 4, 4, 5, 5]"
HMM,972,OK,OK,,"[1, 1, 2, 2, 2, 2, 2, 2, 3]"
HMM,973,OK,OK,,"[1, 1, 2, 2, 3]"
HMM,974,OK,OK,,"[1, 1, 2, 2, 3]"
HMM,975,OK,OK,,"[1, 1, 2, 2, 3, 4, 4, 4]"
HMM,976,OK,OK,,"[1, 1, 2]"
HMM,977,OK,OK,,"[1, 1, 2, 2, 3, 3, 3, 3, 3, 3]"
HMM,978,OK,OK,,"[1, 1, 2, 2, 3, 4, 4, 4, 5]"
HMM,979,OK,OK,,"[1, 1, 2, 2, 3, 3, 3, 3, 3, 3, 3, 4, 5, 5]"
HMM,980,OK,OK,,"[1, 1, 2, 2, 3, 3, 3, 3, 3]"
HMM,981,OK,OK,,"[1, 1, 2, 2, 3]"
HMM,982,OK,OK,,"[1, 1, 2, 2, 3, 4, 4, 4, 5, 5]"
HMM,983,OK,OK,,"[1, 1, 2, 2, 3, 4, 4, 4, 5, 5]"
HMM,984,OK,OK,,"[1, 1, 2, 2, 3, 4, 4, 4, 5, 5]"
HMM,985,OK,OK,,"[1, 1, 2, 3, 3, 3, 3, 3, 3, 3, 3]"
HMM,986,OK,OK,,"[1, 1, 2, 2, 3, 4, 4, 4, 5, 5]"
HMM,987,OK,OK,,"[1, 1, 2, 3, 3, 3, 3]"
HMM,988,OK,OK,,"[1, 1, 2, 2, 3]"
HMM,989,OK,OK,,"[1, 1, 2, 2, 3]"
HMM,990,OK,OK,,"[1, 1, 2, 2, 3, 3, 3, 3]"
HMM,991,OK,OK,,"[1, 1, 2, 2, 3, 3, 3, 3, 3]"
HMM,992,OK,OK,,"[1, 1, 2, 2, 3, 3, 3, 3, 3, 3, 3, 3]"
HMM,993,OK,OK,,"[1, 1, 2, 3, 3, 3, 3]"
HMM,994,OK,OK,,"[1, 1, 2]"
HMM,995,OK,OK,,"[1, 1, 2]"
HMM,996,OK,OK,,"[1, 1, 2, 2, 3]"
HMM,997,OK,OK,,"[1, 1, 2, 2, 3, 4, 4, 4]"
HMM,998,OK,OK,,"[1, 1, 2]"
HMM,999,OK,OK,,"[1, 1, 2]"
Kuehne Nagel,0,OK,OK,,"[1, 2, 3, 4, 5]"
Kuehne Nagel,1,BAD_SEQUENCE,REVERSE,Уменьшение: 5 -> 4,"[1, 1, 2, 2, 3, 3, 3, 3, 3, 3, 3, 3, 4, 4, 4, 5, 4, 5, 5]"
Kuehne Nagel,2,OK,OK,,"[1, 1, 2, 2, 2, 3, 3, 3, 3, 3, 3, 3, 3, 3, 4, 4, 5, 5, 5]"
Kuehne Nagel,3,OK,OK,,"[1, 3, 4, 5, 5]"
Kuehne Nagel,4,BAD_SEQUENCE,SKIP,Скачок: 1 -> 3,"[1, 1, 1, 3, 3, 4, 4, 3, 3, 3, 3, 3, 4, 4, 5]"
Kuehne Nagel,5,OK,OK,,"[1, 1, 1, 2, 2, 3, 4, 4, 5, 5, 5]"
Kuehne Nagel,6,BAD_SEQUENCE,REVERSE,Уменьшение: 5 -> 3,"[1, 1, 1, 2, 2, 3, 3, 3, 3, 3, 4, 4, 4, 5, 5, 3, 3]"
Kuehne Nagel,7,OK,OK,,"[1, 1, 1, 2, 2, 3, 4]"
Kuehne Nagel,8,OK,OK,,"[1, 3, 4]"
Kuehne Nagel,9,OK,OK,,"[1, 1, 2, 2, 3, 3, 4, 4, 3, 4]"
Kuehne Nagel,10,OK,OK,,"[1, 1, 1, 2, 2, 2, 3, 4, 4, 5, 5, 5]"
Kuehne Nagel,11,BAD_SEQUENCE,REVERSE,Уменьшение: 5 -> 4,"[1, 1, 1, 2, 2, 3, 3, 3, 3, 3, 4, 4, 5, 5, 4, 5, 5]"
Kuehne Nagel,12,OK,OK,,"[1, 3, 4, 5]"
Kuehne Nagel,13,OK,OK,,"[1, 1, 1, 2, 2, 3, 3, 3, 3, 3, 4, 4, 5, 5]"
Kuehne Nagel,14,OK,OK,,"[1, 1, 2, 2, 2, 3, 4, 5]"
Kuehne Nagel,15,OK,OK,,"[1, 1, 1, 2, 2, 2, 3, 4, 5]"
Kuehne Nagel,16,OK,OK,,"[1, 1, 2, 2, 2, 3, 4, 5]"
Kuehne Nagel,17,OK,OK,,"[1, 1, 1, 2, 2, 2, 3, 4, 5]"
Kuehne Nagel,18,OK,OK,,"[1, 1, 1, 2, 2, 2, 3, 4, 5]"
Kuehne Nagel,19,OK,OK,,"[1, 3, 4]"
Kuehne Nagel,20,OK,OK,,"[1, 1, 2, 2, 3, 4, 4, 4, 5, 5]"
Kuehne Nagel,21,BAD_SEQUENCE,REVERSE,Уменьшение: 5 -> 3,"[1, 1, 2, 2, 2, 2, 3, 4, 4, 5, 3, 3, 4, 5, 5, 3, 3]"
Kuehne Nagel,22,BAD_SEQUENCE,REVERSE,Уменьшение: 5 -> 3,"[1, 1, 1, 2, 2, 2, 3, 4, 4, 4, 5, 5, 3, 3]"
Kuehne Nagel,23,OK,OK,,"[1, 1, 2, 2, 2, 3, 4, 4, 4, 5, 5, 5]"
Kuehne Nagel,24,OK,OK,,"[1, 3, 4]"
Kuehne Nagel,25,OK,OK,,"[1, 1, 1, 2, 2, 3, 3, 3, 3, 3, 3, 3, 4]"
Kuehne Nagel,26,OK,OK,,"[1, 1, 1, 2, 2, 3, 4, 4, 5, 5]"
Kuehne Nagel,27,OK,OK,,"[1, 2, 3, 4, 4, 4, 5, 5]"
Kuehne Nagel,28,OK,OK,,"[1, 1, 2, 2, 3, 3, 3, 3, 3, 3, 4, 4, 5, 5]"
Kuehne Nagel,29,BAD_SEQUENCE,REVERSE,Уменьшение: 5 -> 3,"[1, 1, 2, 2, 2, 3, 4, 4, 4, 5, 5, 3, 3]"
Kuehne Nagel,30,OK,OK,,"[1, 3, 4, 5]"
Kuehne Nagel,31,BAD_SEQUENCE,REVERSE,Уменьшение: 5 -> 3,"[1, 2, 2, 3, 3, 3, 3, 4, 4, 4, 5, 5, 3, 3]"
Kuehne Nagel,32,BAD_SEQUENCE,REVERSE,Уменьшение: 5 -> 3,"[1, 1, 1, 2, 2, 2, 3, 4, 4, 4, 5, 5, 3, 3]"
Kuehne Nagel,33,OK,OK,,"[1, 1, 2, 2, 2, 2, 3, 4]"
Kuehne Nagel,34,OK,OK,,"[1, 1, 1, 2, 2, 2, 3, 4, 4, 5, 5, 5]"
Kuehne Nagel,35,OK,OK,,"[1, 1, 1, 2, 2, 3, 4, 4, 4, 5, 5]"
Kuehne Nagel,36,OK,OK,,"[1, 1, 1, 2, 2, 3, 3, 3, 3, 3, 4, 4, 5, 5]"
Kuehne Nagel,37,OK,OK,,"[1, 3, 4]"
Kuehne Nagel,38,OK,OK,,"[1, 1, 1, 2, 2, 3, 4, 4, 5, 5]"
Kuehne Nagel,39,BAD_SEQUENCE,REVERSE,Уменьшение: 5 -> 3,"[1, 1, 2, 2, 2, 3, 4, 4, 4, 5, 5, 3, 3]"
Kuehne Nagel,40,OK,OK,,"[1, 3, 4]"
Kuehne Nagel,41,OK,OK,,"[1, 1, 1, 2, 2, 3, 3, 3, 3, 3, 3, 3, 3, 3, 4, 4, 4, 5, 5]"
Kuehne Nagel,42,OK,OK,,"[1, 1, 2, 3, 3, 3, 3, 4]"
Kuehne Nagel,43,BAD_SEQUENCE,REVERSE,Уменьшение: 5 -> 3,"[1, 1, 2, 2, 2, 2, 3, 4, 4, 5, 3, 3, 4, 5, 5, 3, 3]"
Kuehne Nagel,44,OK,OK,,"[1, 1, 2, 2, 3, 4, 4, 4, 5, 5]"
Kuehne Nagel,45,OK,OK,,"[1, 1, 2, 2, 2, 3, 4, 4, 4, 5, 5, 5]"
Kuehne Nagel,46,OK,OK,,"[1, 3, 4]"
Kuehne Nagel,47,OK,OK,,"[1, 2, 2, 2, 3, 3, 3, 3, 4]"
Kuehne Nagel,48,OK,OK,,"[1, 1, 2, 3, 3, 3, 3, 4]"
Kuehne Nagel,49,OK,OK,,"[1, 1, 1, 2, 2, 3, 4, 4, 5, 5]"
Kuehne Nagel,50,OK,OK,,"[1, 1, 1, 2, 2, 3, 3, 3, 3, 3, 3, 3, 4]"
Kuehne Nagel,51,BAD_SEQUENCE,REVERSE,Уменьшение: 5 -> 3,"[1, 1, 2, 2, 2, 3, 4, 4, 4, 5, 5, 3, 3]"
Kuehne Nagel,52,OK,OK,,"[1, 3, 3, 3, 4]"
Kuehne Nagel,53,OK,OK,,"[1, 1, 2, 3, 3, 3, 3, 4]"
Kuehne Nagel,54,OK,OK,,"[1, 1, 1, 2, 2, 3, 4, 4, 4, 5, 5]"
Kuehne Nagel,55,OK,OK,,"[1, 1, 1, 2, 3, 3, 3, 3, 3, 4, 4, 5]"
Kuehne Nagel,56,OK,OK,,"[1, 2, 2, 2, 3, 3, 3, 3, 4]"
Kuehne Nagel,57,OK,OK,,"[1, 1, 1, 2, 2, 3, 3, 3, 3, 3, 4]"
Kuehne Nagel,58,OK,OK,,"[1, 1, 2, 3, 3, 3, 3, 4]"
Kuehne Nagel,59,OK,OK,,"[1, 2, 2, 2, 3, 3, 3, 3, 4]"
Kuehne Nagel,60,OK,OK,,"[1, 1, 1, 2, 2, 3, 3, 3, 3, 3, 4, 4, 5, 5, 5]"
Kuehne Nagel,61,OK,OK,,"[1, 1, 1, 2, 2, 3, 4, 4, 5, 5]"
Kuehne Nagel,62,OK,OK,,"[1, 1, 2, 2, 2, 3, 4, 5]"
Kuehne Nagel,63,OK,OK,,"[1, 1, 2, 2, 2, 2, 3, 4, 4, 5]"
Kuehne Nagel,64,OK,OK,,"[1, 1, 2, 2, 2, 2, 3, 4, 4, 5]"
Kuehne Nagel,65,OK,OK,,"[1, 1, 2, 2, 2, 3, 4, 5]"
Kuehne Nagel,66,BAD_SEQUENCE,REVERSE,Уменьшение: 5 -> 4,"[1, 1, 1, 1, 2, 2, 3, 4, 5, 4, 5]"
Kuehne Nagel,67,OK,OK,,"[1, 3, 4]"
Kuehne Nagel,68,BAD_SEQUENCE,REVERSE,Уменьшение: 5 -> 4,"[1, 1, 1, 2, 2, 2, 3, 4, 4, 4, 5, 4, 5]"
Kuehne Nagel,69,OK,OK,,"[1, 2, 2, 3, 4, 5]"
Kuehne Nagel,70,OK,OK,,"[1, 1, 1, 2, 2, 3, 3, 3, 3, 3, 3, 3, 3, 3, 4, 4, 5, 5]"
Kuehne Nagel,71,OK,OK,,"[1, 1, 1, 2, 2, 3, 4, 4, 4, 5, 5]"
Kuehne Nagel,72,BAD_SEQUENCE,SKIP,Скачок: 1 -> 3,"[1, 1, 1, 3, 3, 3, 3, 3, 3, 3, 3, 3, 3, 3, 3, 4]"
Kuehne Nagel,73,OK,OK,,"[1, 2, 3, 3, 3, 3, 3, 4, 4, 5, 5]"
Kuehne Nagel,74,OK,OK,,"[1, 1, 2, 3, 3, 3, 3, 3, 3, 4]"
Kuehne Nagel,75,BAD_SEQUENCE,REVERSE,Уменьшение: 5 -> 3,"[1, 1, 1, 2, 2, 3, 4, 4, 4, 5, 5, 5, 3]"
Kuehne Nagel,76,OK,OK,,"[1, 1, 2, 2, 2, 3, 4, 4, 4, 5, 5]"
Kuehne Nagel,77,OK,OK,,"[1, 3, 4]"
Kuehne Nagel,78,BAD_SEQUENCE,REVERSE,Уменьшение: 5 -> 3,"[1, 1, 2, 2, 2, 2, 3, 4, 4, 5, 3, 3, 4, 5, 5, 3, 3]"
Kuehne Nagel,79,OK,OK,,"[1, 1, 2, 2, 3, 4, 4, 4, 5, 5]"
Kuehne Nagel,80,OK,OK,,"[1, 1, 2, 2, 2, 3, 4, 4, 4, 5, 5, 5]"
Kuehne Nagel,81,OK,OK,,"[1, 3, 4]"
Kuehne Nagel,82,OK,OK,,"[1, 1, 2, 2, 2, 3, 4, 4, 4, 5, 5]"
Kuehne Nagel,83,OK,OK,,"[1, 1, 1, 2, 2, 3, 3, 3, 3, 3, 3, 3, 4]"
Kuehne Nagel,84,OK,OK,,"[1, 1, 1, 2, 2, 3, 4, 4, 5, 5]"
Kuehne Nagel,85,OK,OK,,"[1, 2, 3, 4, 4, 4, 5, 5]"
Kuehne Nagel,86,BAD_SEQUENCE,REVERSE,Уменьшение: 5 -> 3,"[1, 1, 2, 2, 2, 3, 4, 4, 4, 5, 5, 3, 3]"
Kuehne Nagel,87,BAD_SEQUENCE,SKIP,Скачок: 1 -> 3,"[1, 1, 3, 3, 3, 4]"
Kuehne Nagel,88,OK,OK,,"[1, 1, 2, 2, 2, 3, 4, 4, 4, 5, 5]"
Kuehne Nagel,89,OK,OK,,"[1, 3, 4]"
Kuehne Nagel,90,OK,OK,,"[1, 1, 1, 2, 2, 3, 4, 4, 5, 5]"
Kuehne Nagel,91,BAD_SEQUENCE,SKIP,Скачок: 1 -> 3,"[1, 1, 3, 3, 3, 4]"
Kuehne Nagel,92,OK,OK,,"[1, 1, 2, 2, 2, 2, 3, 4, 4, 5, 5]"
Kuehne Nagel,93,OK,OK,,"[1, 1, 2, 2, 2, 3, 4, 4, 5]"
Kuehne Nagel,94,OK,OK,,"[1, 1, 2, 2, 2, 3, 4, 4, 5]"
Kuehne Nagel,95,OK,OK,,"[1, 1, 2, 2, 2, 2, 3, 4, 4, 5, 5]"
Kuehne Nagel,96,OK,OK,,"[1, 3, 4]"
Kuehne Nagel,97,OK,OK,,"[1, 1, 1, 2, 2, 3, 4, 4, 4, 5, 5, 5]"
Kuehne Nagel,98,OK,OK,,"[1, 1, 1, 2, 2, 3, 3, 3, 3, 4, 4, 5, 5, 5]"
Kuehne Nagel,99,BAD_SEQUENCE,SKIP,Скачок: 1 -> 3,"[1, 1, 1, 1, 3, 3, 3, 3, 3, 4]"
Kuehne Nagel,100,OK,OK,,"[1, 1, 1, 2, 2, 2, 3, 3, 3, 3, 3, 4, 4, 5, 5, 5]"
Kuehne Nagel,101,OK,OK,,"[1, 1, 2, 2, 2, 3, 3, 3, 4]"
Kuehne Nagel,102,BAD_SEQUENCE,SKIP,Скачок: 1 -> 3,"[1, 1, 1, 1, 3, 4]"
Kuehne Nagel,103,OK,OK,,"[1, 1, 1, 1, 2, 2, 3, 4]"
Kuehne Nagel,104,OK,OK,,"[1, 2, 2, 2, 2, 2, 3, 4]"
Kuehne Nagel,105,OK,OK,,"[1, 1, 1, 2, 2, 3, 4, 4, 5]"
Kuehne Nagel,106,OK,OK,,"[1, 3, 4]"
Kuehne Nagel,107,BAD_SEQUENCE,REVERSE,Уменьшение: 5 -> 4,"[1, 1, 2, 2, 3, 3, 3, 3, 3, 3, 3, 3, 4, 4, 4, 5, 4, 5, 5]"
Kuehne Nagel,108,OK,OK,,"[1, 3, 4]"
Kuehne Nagel,109,OK,OK,,"[1, 3, 4]"
Kuehne Nagel,110,OK,OK,,"[1, 1, 1, 2, 2, 3, 4, 4, 5, 5]"
Kuehne Nagel,111,OK,OK,,"[1, 1, 1, 2, 2, 3, 4, 4, 4, 5, 5]"
Kuehne Nagel,112,OK,OK,,"[1, 1, 1, 2, 2, 3, 4, 4, 5]"
Kuehne Nagel,113,OK,OK,,"[1, 1, 1, 2, 3, 4]"
Kuehne Nagel,114,OK,OK,,"[1, 1, 2, 3, 4]"
Kuehne Nagel,115,OK,OK,,"[1, 1, 2, 3, 4]"
Kuehne Nagel,116,OK,OK,,"[1, 1, 2, 3, 4]"
Kuehne Nagel,117,OK,OK,,"[1, 1, 1, 2, 2, 3, 3, 4, 4, 5, 5]"
Kuehne Nagel,118,OK,OK,,"[1, 1, 1, 2, 3, 4]"
Kuehne Nagel,119,BAD_SEQUENCE,REVERSE,Уменьшение: 5 -> 3,"[1, 1, 1, 2, 2, 2, 3, 3, 3, 3, 3, 4, 4, 5, 5, 3, 4, 5, 5, 5, 5]"
Kuehne Nagel,120,OK,OK,,"[1, 1, 1, 2, 2, 3, 3, 3, 3, 3, 4, 4, 5, 5]"
Kuehne Nagel,121,BAD_SEQUENCE,REVERSE,Уменьшение: 5 -> 3,"[1, 1, 1, 2, 2, 3, 3, 3, 3, 3, 4, 4, 4, 5, 5, 3, 3]"
Kuehne Nagel,122,OK,OK,,"[1, 1, 2, 2, 2, 3, 4, 5]"
Kuehne Nagel,123,OK,OK,,"[1, 1, 2, 2, 2, 3, 4, 5]"
Kuehne Nagel,124,OK,OK,,"[1, 1, 1, 2, 2, 3, 4, 5]"
Kuehne Nagel,125,OK,OK,,"[1, 1, 1, 2, 2, 3, 4, 5]"
Kuehne Nagel,126,OK,OK,,"[1, 1, 1, 2, 2, 2, 3, 4, 5]"
Kuehne Nagel,127,OK,OK,,"[1, 1, 2, 3, 4]"
Kuehne Nagel,128,OK,OK,,"[1, 1, 2, 2, 2, 3, 4, 4, 4, 5, 5]"
Kuehne Nagel,129,OK,OK,,"[1, 1, 2, 2, 2, 3, 4, 4, 5, 5, 5]"
Kuehne Nagel,130,OK,OK,,"[1, 3, 4]"
Kuehne Nagel,131,OK,OK,,"[1, 1, 2, 2, 3, 4, 4, 4, 5, 5]"
Kuehne Nagel,132,BAD_SEQUENCE,REVERSE,Уменьшение: 5 -> 3,"[1, 1, 2, 2, 2, 2, 3, 4, 4, 5, 3, 3, 4, 5, 5, 3, 3]"
Kuehne Nagel,133,OK,OK,,"[1, 3, 4]"
Kuehne Nagel,134,BAD_SEQUENCE,REVERSE,Уменьшение: 5 -> 3,"[1, 1, 1, 2, 2, 2, 3, 4, 4, 4, 5, 5, 3, 3]"
Kuehne Nagel,135,OK,OK,,"[1, 1, 2, 2, 2, 3, 4, 4, 4, 5, 5, 5]"
Kuehne Nagel,136,OK,OK,,"[1, 3, 4]"
Kuehne Nagel,137,OK,OK,,"[1, 1, 1, 2, 2, 3, 3, 3, 3, 3, 3, 3, 3, 3, 3, 3, 3, 4, 4, 5, 5]"
Kuehne Nagel,138,OK,OK,,"[1, 1, 2, 2, 3, 3, 3, 3, 3, 3, 4, 4, 5, 5]"
Kuehne Nagel,139,OK,OK,,"[1, 1, 1, 2, 2, 3, 3, 3, 3, 3, 3, 3, 4]"
Kuehne Nagel,140,OK,OK,,"[1, 1, 1, 2, 2, 3, 4, 4, 5, 5]"
Kuehne Nagel,141,OK,OK,,"[1, 2, 3, 4, 4, 4, 5, 5]"
Kuehne Nagel,142,OK,OK,,"[1, 1, 1, 2, 2, 3, 4, 4, 5, 5]"
Kuehne Nagel,143,OK,OK,,"[1, 1, 1, 2, 2, 3, 4, 4, 5, 5]"
Kuehne Nagel,144,BAD_SEQUENCE,REVERSE,Уменьшение: 5 -> 3,"[1, 1, 2, 2, 2, 3, 4, 4, 4, 5, 5, 3, 3]"
Kuehne Nagel,145,BAD_SEQUENCE,REVERSE,Уменьшение: 5 -> 4,"[1, 1, 2, 2, 3, 3, 3, 3, 3, 3, 3, 3, 4, 4, 4, 5, 4, 5, 5]"
Kuehne Nagel,146,OK,OK,,"[1, 1, 2, 2, 2, 3, 3, 3, 3, 3, 3, 3, 3, 3, 4, 4, 5, 5, 5]"
Kuehne Nagel,147,OK,OK,,"[1, 1, 1, 2, 2, 3, 4, 4, 5, 5]"
Kuehne Nagel,148,OK,OK,,"[1, 3, 4]"
Kuehne Nagel,149,OK,OK,,"[1, 1, 1, 2, 2, 2, 3, 3, 3, 3, 3, 4, 4, 4, 5, 5]"
Kuehne Nagel,150,OK,OK,,"[1, 1, 2, 2, 3, 4, 4, 5, 5]"
Kuehne Nagel,151,OK,OK,,"[1, 1, 1, 2, 2, 3, 3, 3, 3, 3, 3, 3, 3, 3, 4, 4, 5, 5, 5]"
Kuehne Nagel,152,OK,OK,,"[1, 1, 2, 3, 4]"
Kuehne Nagel,153,OK,OK,,"[1, 1, 1, 2, 2, 3, 4, 4, 4, 5, 5]"
Kuehne Nagel,154,OK,OK,,"[1, 1, 1, 2, 2, 3, 4, 4, 5, 5]"
Kuehne Nagel,155,OK,OK,,"[1, 2, 3, 3, 3, 3, 4, 4, 4, 5, 5]"
Kuehne Nagel,156,OK,OK,,"[1, 2, 3, 3, 3, 3, 4, 4, 4, 5, 5]"
Kuehne Nagel,157,OK,OK,,"[1, 1, 1, 2, 2, 3, 4, 4, 4, 5, 5]"
Kuehne Nagel,158,OK,OK,,"[1, 1, 1, 2, 2, 3, 4, 4, 5, 5]"
Kuehne Nagel,159,BAD_SEQUENCE,REVERSE,Уменьшение: 5 -> 3,"[1, 1, 1, 2, 2, 2, 3, 4, 4, 4, 5, 5, 3, 3]"
Kuehne Nagel,160,OK,OK,,"[1, 1, 2, 3, 3, 3, 3, 3, 4, 4, 5, 5]"
Kuehne Nagel,161,OK,OK,,"[1, 1, 2, 3, 3, 3, 3, 3, 4]"
Kuehne Nagel,162,OK,OK,,"[1, 2, 2, 2, 3, 3, 3, 3, 3, 4, 4, 5, 5]"
Kuehne Nagel,163,OK,OK,,"[1, 1, 1, 2, 2, 3, 3, 3, 3, 3, 4, 4, 5, 5]"
Kuehne Nagel,164,OK,OK,,"[1, 1, 1, 2, 2, 3, 3, 3, 3, 3, 4, 4, 5, 5]"
Kuehne Nagel,165,OK,OK,,"[1, 1, 1, 2, 2, 3, 3, 3, 3, 3, 4, 4, 5, 5]"
Kuehne Nagel,166,OK,OK,,"[1, 1, 1, 2, 2, 3, 4, 4, 5, 5, 5]"
Kuehne Nagel,167,OK,OK,,"[1, 1, 1, 2, 2, 2, 3, 4, 5]"
Kuehne Nagel,168,OK,OK,,"[1, 1, 1, 2, 2, 2, 3, 4, 5]"
Kuehne Nagel,169,OK,OK,,"[1, 1, 2, 2, 2, 3, 4, 5]"
Kuehne Nagel,170,OK,OK,,"[1, 1, 1, 2, 2, 2, 3, 4, 5]"
Kuehne Nagel,171,OK,OK,,"[1, 1, 2, 2, 2, 3, 4, 5]"
Kuehne Nagel,172,OK,OK,,"[1, 1, 1, 2, 2, 2, 3, 4, 4, 4, 5, 5]"
Kuehne Nagel,173,OK,OK,,"[1, 3, 4]"
Kuehne Nagel,174,OK,OK,,"[1, 3, 4]"
Kuehne Nagel,175,OK,OK,,"[1, 1, 2, 2, 2, 2, 3, 4, 4, 5]"
Kuehne Nagel,176,OK,OK,,"[1, 1, 2, 2, 2, 2, 3, 4, 4, 5]"
Kuehne Nagel,177,BAD_SEQUENCE,REVERSE,Уменьшение: 5 -> 3,"[1, 1, 1, 2, 2, 3, 4, 4, 4, 5, 5, 3, 3]"
Kuehne Nagel,178,OK,OK,,"[1, 3, 4]"
Kuehne Nagel,179,OK,OK,,"[1, 1, 1, 2, 2, 3, 3, 3, 3, 3, 4, 4, 5, 5, 5]"
Kuehne Nagel,180,OK,OK,,"[1, 1, 2, 3, 3, 3, 3, 3, 4]"
Kuehne Nagel,181,OK,OK,,"[1, 1, 2, 3, 4]"
Kuehne Nagel,182,OK,OK,,"[1, 3, 4, 5, 5]"
Kuehne Nagel,183,OK,OK,,"[1, 1, 1, 2, 3, 3, 3, 3, 4, 4, 4, 5]"
Kuehne Nagel,184,OK,OK,,"[1, 3, 3, 3, 3, 3, 3, 4, 5]"
Kuehne Nagel,185,BAD_SEQUENCE,REVERSE,Уменьшение: 5 -> 3,"[1, 1, 2, 2, 2, 3, 4, 4, 5, 5, 3, 4, 5, 5, 5, 5, 3, 3]"
Kuehne Nagel,186,OK,OK,,"[1, 1, 2, 2, 2, 3, 4, 4, 4, 5, 5]"
Kuehne Nagel,187,OK,OK,,"[1, 1, 1, 2, 2, 3, 3, 3, 4]"
Kuehne Nagel,188,BAD_SEQUENCE,REVERSE,Уменьшение: 5 -> 3,"[1, 1, 1, 2, 2, 2, 2, 3, 4, 4, 5, 5, 5, 3, 4, 4, 5, 5, 5, 5, 3, 3]"
Kuehne Nagel,189,BAD_SEQUENCE,REVERSE,Уменьшение: 5 -> 3,"[1, 1, 1, 2, 2, 2, 3, 3, 3, 3, 3, 4, 4, 4, 5, 5, 3, 3]"
Kuehne Nagel,190,OK,OK,,"[1, 3, 3, 3, 4, 5, 5]"
Kuehne Nagel,191,OK,OK,,"[1, 2, 3, 4, 4, 5, 5, 5]"
Kuehne Nagel,192,OK,OK,,"[1, 1, 1, 2, 2, 3, 4, 4, 4, 5, 5, 5]"
Kuehne Nagel,193,OK,OK,,"[1, 1, 2, 2, 2, 3, 3, 3, 3, 3, 4, 4, 5, 5, 5]"
Kuehne Nagel,194,OK,OK,,"[1, 1, 2, 2, 2, 2, 3, 4, 5]"
Kuehne Nagel,195,OK,OK,,"[1, 1, 2, 2, 2, 3, 4, 5]"
Kuehne Nagel,196,OK,OK,,"[1, 1, 2, 2, 2, 3, 4, 5]"
Kuehne Nagel,197,OK,OK,,"[1, 1, 2, 2, 2, 2, 3, 4, 5]"
Kuehne Nagel,198,OK,OK,,"[1, 1, 1, 2, 2, 3, 4, 4, 4, 5, 5]"
Kuehne Nagel,199,OK,OK,,"[1, 1, 2, 2, 3, 3, 3, 3, 3, 3, 4, 4, 5, 5]"
Kuehne Nagel,200,OK,OK,,"[1, 1, 2, 2, 2, 2, 3, 4, 4, 5]"
Kuehne Nagel,201,OK,OK,,"[1, 1, 1, 1, 2, 2, 3, 4, 5]"
Kuehne Nagel,202,BAD_SEQUENCE,REVERSE,Уменьшение: 5 -> 3,"[1, 1, 2, 2, 2, 2, 2, 3, 4, 4, 4, 5, 5, 3, 3]"
Kuehne Nagel,203,BAD_SEQUENCE,REVERSE,Уменьшение: 5 -> 3,"[1, 1, 2, 2, 2, 2, 2, 3, 4, 4, 4, 5, 5, 3, 3]"
Kuehne Nagel,204,BAD_SEQUENCE,REVERSE,Уменьшение: 5 -> 3,"[1, 1, 2, 2, 2, 2, 2, 3, 4, 4, 4, 5, 5, 3, 3]"
Kuehne Nagel,205,OK,OK,,"[1, 1, 1, 2, 2, 3, 4, 4, 5, 5]"
Kuehne Nagel,206,OK,OK,,"[1, 3, 4]"
Kuehne Nagel,207,OK,OK,,"[1, 2, 2, 3, 3, 4, 4, 4, 5, 5, 5]"
Kuehne Nagel,208,OK,OK,,"[1, 1, 2, 2, 2, 3, 4, 4, 4, 5, 5]"
Kuehne Nagel,209,OK,OK,,"[1, 1, 1, 2, 2, 3, 4, 5]"
Kuehne Nagel,210,OK,OK,,"[1, 1, 1, 2, 2, 3, 4, 5]"
Kuehne Nagel,211,OK,OK,,"[1, 2, 2, 3, 3, 4, 4, 4, 5, 5, 5]"
Kuehne Nagel,212,BAD_SEQUENCE,REVERSE,Уменьшение: 5 -> 3,"[1, 1, 2, 2, 2, 3, 4, 4, 4, 5, 5, 3, 3]"
Kuehne Nagel,213,OK,OK,,"[1, 1, 1, 2, 3, 4, 4, 5, 5]"
Kuehne Nagel,214,OK,OK,,"[1, 1, 1, 2, 2, 2, 3, 4, 5]"
Kuehne Nagel,215,OK,OK,,"[1, 1, 1, 2, 2, 3, 3, 3, 3, 3, 4, 4, 5, 5]"
Kuehne Nagel,216,OK,OK,,"[1, 1, 1, 2, 2, 2, 3, 4, 4, 5, 5]"
Kuehne Nagel,217,OK,OK,,"[1, 1, 1, 2, 2, 3, 3, 3, 3, 3, 3, 3, 3, 3, 4, 4, 5, 5]"
Kuehne Nagel,218,OK,OK,,"[1, 1, 2, 2, 2, 3, 4, 5]"
Kuehne Nagel,219,OK,OK,,"[1, 1, 1, 2, 2, 3, 3, 4]"
Kuehne Nagel,220,BAD_SEQUENCE,REVERSE,Уменьшение: 5 -> 4,"[1, 1, 2, 2, 2, 3, 4, 5, 4]"
Kuehne Nagel,221,OK,OK,,"[1, 1, 1, 2, 2, 3, 4, 5]"
Kuehne Nagel,222,OK,OK,,"[1, 1, 2, 2, 3, 3, 4]"
Kuehne Nagel,223,OK,OK,,"[1, 1, 1, 2, 2, 2, 3, 4, 5]"
Kuehne Nagel,224,OK,OK,,"[1, 3, 3, 4]"
Kuehne Nagel,225,OK,OK,,"[1, 1, 1, 2, 2, 2, 3, 4, 5]"
Kuehne Nagel,226,OK,OK,,"[1, 1, 2, 3, 3, 3, 4, 5]"
Kuehne Nagel,227,BAD_SEQUENCE,REVERSE,Уменьшение: 5 -> 4,"[1, 1, 2, 2, 2, 3, 4, 5, 4]"
Kuehne Nagel,228,OK,OK,,"[1, 1, 1, 2, 2, 3, 3, 4]"
Kuehne Nagel,229,OK,OK,,"[1, 1, 2, 2, 3, 3, 4]"
Kuehne Nagel,230,OK,OK,,"[1, 1, 1, 2, 2, 2, 3, 4, 5]"
Kuehne Nagel,231,OK,OK,,"[1, 1, 2, 2, 3, 4, 5]"
Kuehne Nagel,232,OK,OK,,"[1, 1, 1, 2, 2, 2, 3, 4, 4, 5, 5]"
Kuehne Nagel,233,OK,OK,,"[1, 1, 1, 2, 2, 2, 3, 3, 3, 3, 3, 4, 4, 5, 5]"
Kuehne Nagel,234,OK,OK,,"[1, 2, 2, 2, 2, 3, 3, 3, 3, 3, 3, 3, 3, 3, 4, 4]"
Kuehne Nagel,235,OK,OK,,"[1, 3, 3, 3, 4]"
Kuehne Nagel,236,OK,OK,,"[1, 1, 1, 2, 2, 3, 3, 3, 3, 3, 4, 4, 4, 5, 5]"
Kuehne Nagel,237,OK,OK,,"[1, 1, 1, 2, 2, 2, 3, 4, 4, 4, 5, 5]"
Kuehne Nagel,238,OK,OK,,"[1, 3, 4]"
Kuehne Nagel,239,BAD_SEQUENCE,REVERSE,Уменьшение: 5 -> 3,"[1, 1, 2, 2, 2, 2, 3, 4, 4, 5, 3, 3, 4, 5, 5, 3, 3]"
Kuehne Nagel,240,BAD_SEQUENCE,REVERSE,Уменьшение: 5 -> 3,"[1, 1, 1, 2, 2, 3, 4, 4, 4, 4, 5, 5, 3, 3]"
Kuehne Nagel,241,OK,OK,,"[1, 1, 2, 2, 2, 3, 4, 4, 5, 5]"
Kuehne Nagel,242,OK,OK,,"[1, 1, 2, 3, 4]"
Kuehne Nagel,243,OK,OK,,"[1, 1, 1, 2, 2, 3, 3, 3, 3, 3, 4, 4, 4, 5, 5, 5]"
Kuehne Nagel,244,OK,OK,,"[1, 1, 1, 2, 2, 3, 4, 4, 5]"
Kuehne Nagel,245,BAD_SEQUENCE,SKIP,Скачок: 1 -> 3,"[1, 1, 3, 4, 5, 5]"
Kuehne Nagel,246,OK,OK,,"[1, 1, 2, 3, 4]"
Kuehne Nagel,247,OK,OK,,"[1, 1, 1, 2, 2, 3, 3, 3, 4, 5]"
Kuehne Nagel,248,OK,OK,,"[1, 1, 1, 2, 2, 3, 4, 4, 5]"
Kuehne Nagel,249,OK,OK,,"[1, 1, 1, 2, 2, 3, 3, 3, 4, 5]"
Kuehne Nagel,250,OK,OK,,"[1, 1, 1, 2, 2, 2, 3, 3, 3, 3, 3, 3, 3, 3, 3, 4]"
Kuehne Nagel,251,OK,OK,,"[1, 1, 1, 2, 2, 3, 3, 3, 4, 5]"
Kuehne Nagel,252,OK,OK,,"[1, 1, 1, 2, 2, 3, 3, 3, 4, 5]"
Kuehne Nagel,253,OK,OK,,"[1, 1, 1, 2, 2, 3, 3, 3, 3, 3, 4]"
Kuehne Nagel,254,BAD_SEQUENCE,SKIP,Скачок: 1 -> 3,"[1, 1, 3, 3, 3, 4, 5]"
Kuehne Nagel,255,OK,OK,,"[1, 1, 1, 2, 2, 3, 3, 3, 3, 3, 4, 4, 4, 5, 5, 5]"
Kuehne Nagel,256,OK,OK,,"[1, 1, 2, 2, 2, 2, 3, 3, 3, 4, 5]"
Kuehne Nagel,257,OK,OK,,"[1, 1, 2, 2, 2, 3, 4, 5, 5]"
Kuehne Nagel,258,OK,OK,,"[1, 1, 2, 2, 2, 3, 4, 4, 5, 5, 5]"
Kuehne Nagel,259,OK,OK,,"[1, 3, 4]"
Kuehne Nagel,260,OK,OK,,"[1, 1, 2, 2, 3, 3, 3, 4]"
Kuehne Nagel,261,OK,OK,,"[1, 1, 2, 2, 2, 3, 4, 4, 5]"
Kuehne Nagel,262,OK,OK,,"[1, 3, 3, 4]"
Kuehne Nagel,263,OK,OK,,"[1, 1, 2, 2, 2, 3, 4, 5]"
Kuehne Nagel,264,OK,OK,,"[1, 1, 1, 2, 2, 2, 3, 4, 5]"
Kuehne Nagel,265,OK,OK,,"[1, 1, 2, 3, 3, 3, 4, 5]"
Kuehne Nagel,266,OK,OK,,"[1, 1, 1, 2, 2, 2, 3, 4, 5]"
Kuehne Nagel,267,OK,OK,,"[1, 1, 2, 2, 2, 3, 4, 4, 5]"
Kuehne Nagel,268,OK,OK,,"[1, 1, 1, 2, 2, 3, 4, 5]"
Kuehne Nagel,269,OK,OK,,"[1, 1, 2, 2, 3, 3, 4]"
Kuehne Nagel,270,OK,OK,,"[1, 1, 2, 2, 3, 4, 5]"
Kuehne Nagel,271,OK,OK,,"[1, 1, 2, 2, 3, 3, 4]"
Kuehne Nagel,272,OK,OK,,"[1, 1, 1, 2, 2, 2, 3, 4, 5]"
Kuehne Nagel,273,OK,OK,,"[1, 1, 1, 2, 2, 3, 4, 5]"
Kuehne Nagel,274,OK,OK,,"[1, 1, 1, 2, 2, 2, 3, 4, 4, 4, 5, 5, 5]"
Kuehne Nagel,275,BAD_SEQUENCE,REVERSE,Уменьшение: 5 -> 4,"[1, 1, 1, 1, 2, 2, 3, 4, 5, 4, 5]"
Kuehne Nagel,276,OK,OK,,"[1, 3, 4, 4, 5, 5]"
Kuehne Nagel,277,BAD_SEQUENCE,REVERSE,Уменьшение: 5 -> 4,"[1, 1, 1, 2, 2, 2, 3, 4, 4, 4, 5, 5, 5, 4, 5, 5, 5, 5]"
Kuehne Nagel,278,BAD_SEQUENCE,REVERSE,Уменьшение: 5 -> 3,"[1, 1, 1, 2, 2, 3, 4, 4, 4, 5, 5, 3, 4, 4, 5, 5, 5, 5]"
Kuehne Nagel,279,OK,OK,,"[1, 1, 1, 2, 2, 3, 4, 4, 4, 5, 5]"
Kuehne Nagel,280,OK,OK,,"[1, 1, 1, 2, 3, 3, 3, 3, 4, 4, 5, 5]"
Kuehne Nagel,281,OK,OK,,"[1, 1, 1, 2, 2, 3, 3, 3, 3, 3, 3, 3, 3, 4, 5]"
Kuehne Nagel,282,OK,OK,,"[1, 1, 1, 1, 2, 2, 3, 4, 4, 5, 5]"
Kuehne Nagel,283,OK,OK,,"[1, 1, 1, 2, 2, 3, 4, 4, 5, 5, 5]"
Kuehne Nagel,284,OK,OK,,"[1, 2, 2, 2, 3, 4]"
Kuehne Nagel,285,OK,OK,,"[1, 2, 2, 2, 2, 3, 3, 3, 4]"
Kuehne Nagel,286,OK,OK,,"[1, 1, 1, 2, 2, 3, 3, 3, 3, 3, 3, 3, 3, 4, 4, 5, 5, 5]"
Kuehne Nagel,287,OK,OK,,"[1, 2, 2, 2, 3, 4]"
Kuehne Nagel,288,OK,OK,,"[1, 2, 2, 2, 3, 4]"
Kuehne Nagel,289,OK,OK,,"[1, 1, 2, 2, 3, 3, 3, 3, 3, 3, 4]"
Kuehne Nagel,290,OK,OK,,"[1, 1, 1, 2, 2, 3, 3, 3, 3, 3, 3, 3, 3, 4, 4, 5, 5, 5]"
Kuehne Nagel,291,OK,OK,,"[1, 2, 2, 2, 3, 4]"
Kuehne Nagel,292,BAD_SEQUENCE,REVERSE,Уменьшение: 5 -> 3,"[1, 1, 2, 2, 2, 2, 2, 3, 4, 4, 4, 5, 5, 3, 3]"
Kuehne Nagel,293,OK,OK,,"[1, 1, 2, 3, 4, 4, 4, 5]"
Kuehne Nagel,294,OK,OK,,"[1, 2, 2, 2, 3, 4, 4, 4, 5, 5, 5]"
Kuehne Nagel,295,OK,OK,,"[1, 2, 3, 3, 3, 4]"
Kuehne Nagel,296,OK,OK,,"[1, 1, 1, 2, 2, 3, 3, 3, 3, 3, 4, 4, 5, 5, 5]"
Kuehne Nagel,297,OK,OK,,"[1, 1, 2, 2, 3, 3, 3, 3, 3, 3, 3, 3, 3, 3, 3, 3, 3, 4, 4, 5, 5]"
Kuehne Nagel,298,OK,OK,,"[1, 1, 1, 2, 2, 3, 3, 3, 3, 3, 4, 4, 5, 5, 5]"
Kuehne Nagel,299,OK,OK,,"[1, 1, 1, 2, 2, 3, 3, 3, 3, 3, 4, 4, 5, 5, 5]"
Kuehne Nagel,300,OK,OK,,"[1, 1, 1, 2, 2, 2, 3, 3, 3, 3, 3, 4, 4, 5, 5, 5]"
Kuehne Nagel,301,OK,OK,,"[1, 1, 1, 1, 2, 2, 3, 4, 4, 5]"
Kuehne Nagel,302,OK,OK,,"[1, 1, 1, 2, 2, 3, 3, 3, 3, 3, 3, 3, 3, 3, 4, 4, 5, 5]"
Kuehne Nagel,303,OK,OK,,"[1, 1, 2, 3, 4]"
Kuehne Nagel,304,OK,OK,,"[1, 1, 2, 3, 4]"
Kuehne Nagel,305,OK,OK,,"[1, 1, 2, 2, 3, 4]"
Kuehne Nagel,306,OK,OK,,"[1, 1, 2, 2, 3, 4]"
Kuehne Nagel,307,OK,OK,,"[1, 1, 2, 2, 3, 4]"
Kuehne Nagel,308,OK,OK,,"[1, 1, 2, 2, 3, 4]"
Kuehne Nagel,309,OK,OK,,"[1, 1, 2, 2, 3, 4]"
Kuehne Nagel,310,OK,OK,,"[1, 1, 2, 2, 3, 4]"
Kuehne Nagel,311,OK,OK,,"[1, 1, 2, 2, 3, 4]"
Kuehne Nagel,312,OK,OK,,"[1, 1, 2, 3, 4]"
Kuehne Nagel,313,OK,OK,,"[1, 1, 1, 2, 2, 3, 3, 3, 3, 3, 4]"
Kuehne Nagel,314,OK,OK,,"[1, 1, 1, 2, 2, 3, 4, 4, 5, 5]"
Kuehne Nagel,315,OK,OK,,"[1, 1, 2, 3, 4]"
Kuehne Nagel,316,OK,OK,,"[1, 1, 2, 3, 4]"
Kuehne Nagel,317,OK,OK,,"[1, 1, 1, 2, 2, 3, 3, 3, 3, 3, 3, 3, 3, 3, 4, 4, 5, 5, 5]"
Kuehne Nagel,318,OK,OK,,"[1, 1, 2, 2, 3, 4]"
Kuehne Nagel,319,OK,OK,,"[1, 1, 2, 2, 3, 4]"
Kuehne Nagel,320,OK,OK,,"[1, 1, 1, 2, 3, 3, 3, 4]"
Kuehne Nagel,321,OK,OK,,"[1, 1, 1, 2, 2, 3, 4, 4, 4, 5, 5]"
Kuehne Nagel,322,OK,OK,,"[1, 1, 2, 2, 3, 4, 5]"
Kuehne Nagel,323,OK,OK,,"[1, 1, 2, 2, 3, 4]"
Kuehne Nagel,324,OK,OK,,"[1, 1, 2, 2, 2, 3, 4]"
Kuehne Nagel,325,OK,OK,,"[1, 1, 1, 2, 2, 3, 3, 3, 3, 3, 4]"
Kuehne Nagel,326,OK,OK,,"[1, 2, 2, 3, 3, 3, 3, 4]"
Kuehne Nagel,327,OK,OK,,"[1, 1, 2, 2, 2, 3, 4, 4]"
Kuehne Nagel,328,OK,OK,,"[1, 1, 1, 2, 3, 4]"
Kuehne Nagel,329,OK,OK,,"[1, 1, 1, 2, 3, 4]"
Kuehne Nagel,330,OK,OK,,"[1, 1, 1, 2, 2, 3, 3, 3, 3, 3, 3, 3, 3, 3, 4, 4, 5, 5]"
Kuehne Nagel,331,OK,OK,,"[1, 1, 1, 2, 2, 3, 3, 3, 3, 3, 3, 3, 3, 3, 4, 4, 5, 5]"
Kuehne Nagel,332,OK,OK,,"[1, 1, 1, 2, 3, 3, 3, 3, 3, 4]"
Kuehne Nagel,333,OK,OK,,"[1, 1, 1, 2, 2, 3, 3, 3, 3, 3, 4]"
Kuehne Nagel,334,BAD_SEQUENCE,REVERSE,Уменьшение: 5 -> 3,"[1, 1, 1, 2, 2, 3, 4, 4, 5, 5, 3, 4, 5, 5, 5, 3, 3]"
Kuehne Nagel,335,OK,OK,,"[1, 1, 1, 2, 2, 3, 4, 4, 4, 5, 5]"
Kuehne Nagel,336,OK,OK,,"[1, 1, 2, 2, 3, 4]"
Kuehne Nagel,337,OK,OK,,"[1, 2, 2, 2, 2, 3, 3, 3, 3, 3, 4, 4, 4]"
Kuehne Nagel,338,OK,OK,,"[1, 1, 2, 2, 2, 3, 4, 4]"
Kuehne Nagel,339,OK,OK,,"[1, 1, 2, 2, 2, 3, 4]"
Kuehne Nagel,340,OK,OK,,"[1, 1, 2, 2, 2, 3, 4]"
Kuehne Nagel,341,OK,OK,,"[1, 1, 1, 2, 2, 3, 4]"
Kuehne Nagel,342,OK,OK,,"[1, 1, 2, 3, 3, 3, 3, 3, 4]"
Kuehne Nagel,343,OK,OK,,"[1, 1, 1, 2, 2, 2, 3, 4, 4, 5, 5]"
Kuehne Nagel,344,OK,OK,,"[1, 1, 2, 2, 3, 4]"
Kuehne Nagel,345,OK,OK,,"[1, 1, 2, 2, 3, 3, 3, 3, 3, 4, 4, 5, 5]"
Kuehne Nagel,346,OK,OK,,"[1, 1, 1, 2, 3, 3, 3, 3, 3, 4]"
Kuehne Nagel,347,OK,OK,,"[1, 1, 2, 3, 3, 3, 3, 3, 4]"
Kuehne Nagel,348,BAD_SEQUENCE,REVERSE,Уменьшение: 5 -> 4,"[1, 1, 1, 2, 2, 3, 4, 4, 5, 5, 5, 4, 5, 5, 5, 5, 3, 3]"
Kuehne Nagel,349,BAD_SEQUENCE,REVERSE,Уменьшение: 5 -> 4,"[1, 1, 1, 2, 2, 2, 3, 4, 4, 5, 5, 4, 5, 5, 5, 5, 5]"
Kuehne Nagel,350,OK,OK,,"[1, 3, 4]"
Kuehne Nagel,351,BAD_SEQUENCE,REVERSE,Уменьшение: 5 -> 3,"[1, 1, 1, 2, 2, 2, 3, 4, 4, 4, 5, 5, 3, 3]"
Kuehne Nagel,352,OK,OK,,"[1, 3, 3, 3, 3, 4, 4, 5, 5, 5]"
Kuehne Nagel,353,OK,OK,,"[1, 1, 1, 2, 2, 2, 3, 3, 3, 3, 3, 4, 4, 5, 5]"
Kuehne Nagel,354,OK,OK,,"[1, 1, 1, 2, 2, 3, 3, 3, 3, 3, 4, 4, 4, 4, 5, 5, 5]"
Kuehne Nagel,355,BAD_SEQUENCE,REVERSE,Уменьшение: 5 -> 3,"[1, 1, 1, 2, 2, 3, 4, 4, 5, 5, 3, 4, 5, 5, 5, 3, 3]"
Kuehne Nagel,356,OK,OK,,"[1, 2, 2, 2, 2, 3, 4, 4, 5, 5]"
Kuehne Nagel,357,OK,OK,,"[1, 1, 2, 2, 3, 3, 3, 3, 3, 3, 3, 3, 3, 4]"
Kuehne Nagel,358,OK,OK,,"[1, 2, 2, 2, 2, 3, 4, 4, 5, 5]"
Kuehne Nagel,359,OK,OK,,"[1, 1, 2, 2, 3, 3, 3, 4]"
Kuehne Nagel,360,OK,OK,,"[1, 3, 4]"
Kuehne Nagel,361,OK,OK,,"[1, 1, 2, 2, 3, 3, 3, 3, 3, 4, 4, 4, 5, 5, 5]"
Kuehne Nagel,362,OK,OK,,"[1, 1, 1, 2, 2, 3, 3, 3, 3, 3, 4, 4, 5, 5, 5]"
Kuehne Nagel,363,OK,OK,,"[1, 1, 1, 2, 2, 3, 3, 3, 3, 3, 4, 5]"
Kuehne Nagel,364,OK,OK,,"[1, 3, 4]"
Kuehne Nagel,365,BAD_SEQUENCE,REVERSE,Уменьшение: 5 -> 3,"[1, 1, 1, 2, 2, 3, 4, 4, 4, 5, 5, 3, 3]"
Kuehne Nagel,366,OK,OK,,"[1, 1, 2, 2, 2, 3, 4, 4, 4, 5, 5]"
Kuehne Nagel,367,OK,OK,,"[1, 3, 4, 4]"
Kuehne Nagel,368,OK,OK,,"[1, 3, 4, 4]"
Kuehne Nagel,369,OK,OK,,"[1, 1, 1, 2, 2, 3, 3, 3, 3, 3, 4, 4, 5, 5, 5]"
Kuehne Nagel,370,OK,OK,,"[1, 1, 1, 2, 2, 3, 4]"
Kuehne Nagel,371,OK,OK,,"[1, 1, 1, 2, 2, 3, 4]"
Kuehne Nagel,372,OK,OK,,"[1, 1, 1, 2, 2, 2, 3, 4, 5]"
Kuehne Nagel,373,OK,OK,,"[1, 1, 1, 2, 2, 3, 3, 3, 3, 3, 3, 3, 3, 3, 4, 4, 5, 5]"
Kuehne Nagel,374,OK,OK,,"[1, 1, 2, 2, 2, 3, 4, 5]"
Kuehne Nagel,375,OK,OK,,"[1, 1, 2, 2, 2, 3, 4, 5]"
Kuehne Nagel,376,BAD_SEQUENCE,REVERSE,Уменьшение: 5 -> 3,"[1, 1, 2, 2, 2, 3, 4, 4, 5, 5, 3, 3]"
Kuehne Nagel,377,OK,OK,,"[1, 1, 1, 2, 2, 3, 4, 5]"
Kuehne Nagel,378,OK,OK,,"[1, 1, 2, 2, 2, 3, 4, 4, 5, 5]"
Kuehne Nagel,379,BAD_SEQUENCE,REVERSE,Уменьшение: 5 -> 3,"[1, 1, 2, 2, 2, 2, 3, 4, 4, 5, 5, 3, 3]"
Kuehne Nagel,380,BAD_SEQUENCE,REVERSE,Уменьшение: 5 -> 3,"[1, 1, 2, 2, 2, 2, 3, 4, 4, 5, 5, 3, 3]"
Kuehne Nagel,381,OK,OK,,"[1, 1, 1, 2, 2, 3, 4, 5]"
Kuehne Nagel,382,OK,OK,,"[1, 1, 2, 2, 2, 3, 4, 4, 4, 5, 5]"
Kuehne Nagel,383,OK,OK,,"[1, 1, 1, 2, 2, 3, 4, 4, 4, 5, 5]"
Kuehne Nagel,384,OK,OK,,"[1, 1, 1, 2, 3, 4, 4, 4, 5, 5]"
Kuehne Nagel,385,BAD_SEQUENCE,REVERSE,Уменьшение: 5 -> 4,"[1, 1, 1, 2, 2, 2, 3, 4, 4, 5, 4, 5, 3, 3]"
Kuehne Nagel,386,OK,OK,,"[1, 1, 2, 2, 3, 3, 3, 3, 3, 4]"
Kuehne Nagel,387,OK,OK,,"[1, 1, 2, 2, 2, 2, 3, 3, 3, 3, 3, 4, 4, 4, 5, 5]"
Kuehne Nagel,388,OK,OK,,"[1, 3, 4]"
Kuehne Nagel,389,OK,OK,,"[1, 1, 1, 2, 2, 2, 3, 3, 3, 3, 3, 4, 4, 5, 5, 5]"
Kuehne Nagel,390,OK,OK,,"[1, 2, 2, 2, 3, 4]"
Kuehne Nagel,391,OK,OK,,"[1, 1, 1, 2, 2, 2, 3, 3, 3, 3, 3, 4, 4, 5, 5, 5]"
Kuehne Nagel,392,OK,OK,,"[1, 1, 1, 2, 2, 3, 4, 4, 4, 5, 5]"
Kuehne Nagel,393,OK,OK,,"[1, 3, 4]"
Kuehne Nagel,394,BAD_SEQUENCE,REVERSE,Уменьшение: 5 -> 3,"[1, 1, 2, 2, 2, 2, 3, 4, 4, 5, 3, 3, 4, 5, 5, 3, 3]"
Kuehne Nagel,395,OK,OK,,"[1, 1, 2, 2, 3, 4, 4, 4, 5, 5]"
Kuehne Nagel,396,OK,OK,,"[1, 2, 2, 2, 3, 4]"
Kuehne Nagel,397,BAD_SEQUENCE,REVERSE,Уменьшение: 5 -> 3,"[1, 1, 1, 2, 2, 2, 3, 4, 4, 4, 5, 5, 3, 3]"
Kuehne Nagel,398,OK,OK,,"[1, 1, 2, 2, 2, 3, 4, 4, 4, 5, 5, 5]"
Kuehne Nagel,399,OK,OK,,"[1, 3, 4]"
Kuehne Nagel,400,OK,OK,,"[1, 1, 1, 2, 2, 3, 3, 3, 3, 3, 3, 3, 3, 3, 4, 4, 5, 5, 5]"
Kuehne Nagel,401,OK,OK,,"[1, 1, 1, 2, 2, 3, 4, 4, 4, 5, 5]"
Kuehne Nagel,402,OK,OK,,"[1, 1, 2, 2, 3, 3, 3, 3, 3, 3, 4, 4, 5, 5]"
Kuehne Nagel,403,OK,OK,,"[1, 1, 1, 2, 2, 3, 3, 3, 3, 3, 3, 3, 4]"
Kuehne Nagel,404,OK,OK,,"[1, 1, 1, 2, 2, 3, 4, 4, 5, 5]"
Kuehne Nagel,405,OK,OK,,"[1, 1, 1, 2, 3, 3, 3, 3, 4, 4, 5, 5, 5]"
Kuehne Nagel,406,OK,OK,,"[1, 2, 3, 4, 4, 4, 5, 5]"
Kuehne Nagel,407,OK,OK,,"[1, 1, 1, 2, 2, 2, 3, 4]"
Kuehne Nagel,408,BAD_SEQUENCE,REVERSE,Уменьшение: 5 -> 3,"[1, 1, 2, 2, 2, 3, 4, 4, 4, 5, 5, 3, 3]"
Kuehne Nagel,409,OK,OK,,"[1, 1, 2, 3, 4]"
Kuehne Nagel,410,BAD_SEQUENCE,REVERSE,Уменьшение: 5 -> 4,"[1, 1, 2, 2, 3, 3, 3, 3, 3, 3, 3, 3, 4, 4, 4, 5, 4, 5, 5]"
Kuehne Nagel,411,OK,OK,,"[1, 1, 2, 2, 2, 3, 3, 3, 3, 3, 3, 3, 3, 3, 4, 4, 5, 5, 5]"
Kuehne Nagel,412,OK,OK,,"[1, 1, 1, 2, 3, 3, 3, 3, 4, 4, 4, 5, 5]"
Kuehne Nagel,413,OK,OK,,"[1, 1, 1, 2, 3, 3, 3, 3, 4, 4, 4, 5, 5]"
Kuehne Nagel,414,OK,OK,,"[1, 1, 1, 2, 2, 3, 4, 4, 5]"
Kuehne Nagel,415,OK,OK,,"[1, 3, 4]"
Kuehne Nagel,416,OK,OK,,"[1, 3, 3, 3, 4, 5, 5]"
Kuehne Nagel,417,OK,OK,,"[1, 1, 1, 2, 2, 2, 3, 3, 3, 3, 3, 4, 4, 5, 5, 5]"
Kuehne Nagel,418,OK,OK,,"[1, 1, 2, 2, 2, 3, 4, 4, 5, 5]"
Kuehne Nagel,419,OK,OK,,"[1, 1, 1, 2, 2, 3, 4, 4, 5, 5]"
Kuehne Nagel,420,OK,OK,,"[1, 1, 1, 2, 2, 3, 4, 4, 5, 5]"
Kuehne Nagel,421,OK,OK,,"[1, 1, 1, 2, 2, 3, 3, 3, 3, 3, 4]"
Kuehne Nagel,422,OK,OK,,"[1, 3, 4]"
Kuehne Nagel,423,BAD_SEQUENCE,REVERSE,Уменьшение: 5 -> 4,"[1, 1, 1, 1, 2, 2, 3, 4, 4, 5, 4, 3, 3, 3]"
Kuehne Nagel,424,OK,OK,,"[1, 1, 1, 2, 2, 3, 4, 5]"
Kuehne Nagel,425,OK,OK,,"[1, 1, 2, 2, 3, 3, 3, 3, 3, 3, 4, 4, 5, 5]"
Kuehne Nagel,426,OK,OK,,"[1, 1, 2, 2, 2, 3, 3, 3, 3, 3, 4, 4, 5]"
Kuehne Nagel,427,OK,OK,,"[1, 2, 2, 3, 4, 4, 4, 5, 5]"
Kuehne Nagel,428,BAD_SEQUENCE,REVERSE,Уменьшение: 5 -> 3,"[1, 1, 1, 2, 2, 3, 4, 4, 4, 5, 5, 3, 3]"
Kuehne Nagel,429,OK,OK,,"[1, 1, 2, 2, 2, 2, 3, 4, 4, 5, 5]"
Kuehne Nagel,430,BAD_SEQUENCE,REVERSE,Уменьшение: 5 -> 4,"[1, 1, 2, 2, 3, 3, 3, 3, 3, 3, 3, 3, 4, 4, 4, 5, 4, 5, 5]"
Kuehne Nagel,431,OK,OK,,"[1, 1, 2, 2, 2, 3, 3, 3, 3, 3, 3, 3, 3, 3, 4, 4, 5, 5, 5]"
Kuehne Nagel,432,OK,OK,,"[1, 2, 2, 3, 4, 4, 4, 5, 5]"
Kuehne Nagel,433,OK,OK,,"[1, 1, 1, 2, 2, 3, 3, 3, 3, 3, 3, 3, 3, 4]"
Kuehne Nagel,434,OK,OK,,"[1, 1, 2, 3, 3, 3, 3, 4]"
Kuehne Nagel,435,OK,OK,,"[1, 1, 2, 3, 3, 3, 4, 5]"
Kuehne Nagel,436,OK,OK,,"[1, 1, 1, 2, 2, 3, 3, 3, 3, 3, 3, 3, 4]"
Kuehne Nagel,437,OK,OK,,"[1, 1, 1, 2, 2, 3, 3, 3, 3, 3, 3, 3, 4]"
Kuehne Nagel,438,OK,OK,,"[1, 1, 1, 2, 2, 3, 3, 3, 3, 3, 3, 3, 4]"
Kuehne Nagel,439,OK,OK,,"[1, 1, 1, 2, 2, 3, 3, 3, 3, 3, 3, 3, 4]"
Kuehne Nagel,440,OK,OK,,"[1, 1, 1, 2, 2, 3, 3, 3, 3, 3, 3, 3, 4]"
Kuehne Nagel,441,OK,OK,,"[1, 1, 2, 2, 3, 4, 4, 4, 5, 5]"
Kuehne Nagel,442,OK,OK,,"[1, 2, 2, 2, 2, 3, 3, 3, 3, 3, 3, 3, 4]"
Kuehne Nagel,443,OK,OK,,"[1, 1, 1, 2, 2, 3, 3, 3, 3, 3, 3, 3, 4]"
Kuehne Nagel,444,OK,OK,,"[1, 1, 1, 2, 2, 3, 3, 3, 3, 3, 3, 3, 4]"
Kuehne Nagel,445,BAD_SEQUENCE,REVERSE,Уменьшение: 5 -> 3,"[1, 1, 1, 2, 2, 3, 4, 4, 4, 5, 5, 5, 3]"
Kuehne Nagel,446,OK,OK,,"[1, 3, 4]"
Kuehne Nagel,447,BAD_SEQUENCE,REVERSE,Уменьшение: 5 -> 3,"[1, 1, 1, 2, 2, 2, 3, 3, 3, 3, 3, 4, 4, 4, 5, 5, 3, 3]"
Kuehne Nagel,448,OK,OK,,"[1, 2, 3, 4]"
Kuehne Nagel,449,OK,OK,,"[1, 1, 1, 2, 2, 3, 4, 4, 4, 5, 5]"
Kuehne Nagel,450,BAD_SEQUENCE,SKIP,Скачок: 1 -> 3,"[1, 1, 1, 3, 3, 3, 4, 4, 3, 4, 4, 4, 5, 5]"
Kuehne Nagel,451,OK,OK,,"[1, 1, 1, 2, 2, 3, 4]"
Kuehne Nagel,452,BAD_SEQUENCE,REVERSE,Уменьшение: 5 -> 3,"[1, 1, 2, 2, 2, 3, 4, 4, 5, 5, 3, 4, 5, 5, 5, 5, 3, 3]"
Kuehne Nagel,453,OK,OK,,"[1, 3, 4, 4, 5, 5, 5]"
Kuehne Nagel,454,OK,OK,,"[1, 3, 3, 3, 3, 3, 3, 3, 4]"
Kuehne Nagel,455,OK,OK,,"[1, 1, 1, 2, 2, 3, 3, 3, 3, 3, 4, 4, 5, 5, 5]"
Kuehne Nagel,456,OK,OK,,"[1, 3, 4]"
Kuehne Nagel,457,OK,OK,,"[1, 1, 2, 2, 3, 3, 3, 3, 3, 4, 4, 5, 5]"
Kuehne Nagel,458,OK,OK,,"[1, 3, 4]"
Kuehne Nagel,459,OK,OK,,"[1, 1, 2, 2, 3, 3, 3, 3, 3, 3, 4, 4, 5, 5]"
Kuehne Nagel,460,BAD_SEQUENCE,SKIP,Скачок: 1 -> 3,"[1, 1, 1, 3, 4]"
Kuehne Nagel,461,OK,OK,,"[1, 1, 2, 2, 3, 4, 4, 5, 5]"
Kuehne Nagel,462,OK,OK,,"[1, 1, 2, 2, 3, 3, 3, 3, 3, 3, 3, 3, 4, 4, 5, 5]"
Kuehne Nagel,463,OK,OK,,"[1, 1, 1, 2, 2, 3, 4, 4, 4, 5, 5]"
Kuehne Nagel,464,BAD_SEQUENCE,REVERSE,Уменьшение: 5 -> 3,"[1, 1, 1, 2, 2, 2, 3, 3, 3, 3, 3, 4, 4, 5, 5, 3, 3]"
Kuehne Nagel,465,OK,OK,,"[1, 1, 1, 2, 2, 2, 3, 3, 3, 3, 3, 4, 5]"
Kuehne Nagel,466,OK,OK,,"[1, 1, 2, 2, 3, 3, 3, 3, 4, 4, 5, 5]"
Kuehne Nagel,467,BAD_SEQUENCE,REVERSE,Уменьшение: 5 -> 3,"[1, 1, 1, 2, 2, 3, 4, 4, 4, 5, 5, 3, 4, 5, 5, 5]"
Kuehne Nagel,468,BAD_SEQUENCE,REVERSE,Уменьшение: 5 -> 4,"[1, 1, 1, 2, 2, 3, 4, 5, 4]"
Kuehne Nagel,469,OK,OK,,"[1, 1, 1, 2, 2, 3, 3, 3, 3, 3, 3, 3, 3, 4, 4, 4, 5, 5, 5]"
Kuehne Nagel,470,OK,OK,,"[1, 1, 1, 2, 2, 3, 3, 3, 3, 3, 3, 3, 4, 4, 5, 5]"
Kuehne Nagel,471,OK,OK,,"[1, 3, 3, 3, 4, 5, 5, 5]"
Kuehne Nagel,472,OK,OK,,"[1, 1, 2, 2, 3, 3, 3, 4]"
Kuehne Nagel,473,BAD_SEQUENCE,REVERSE,Уменьшение: 5 -> 4,"[1, 1, 2, 2, 2, 3, 3, 3, 3, 3, 4, 5, 5, 4]"
Kuehne Nagel,474,OK,OK,,"[1, 2, 2, 3, 4, 4, 5, 5]"
Kuehne Nagel,475,OK,OK,,"[1, 1, 1, 2, 3, 4, 5, 5, 5]"
Kuehne Nagel,476,OK,OK,,"[1, 1, 1, 2, 2, 3, 3, 3, 3, 3, 4, 4, 5, 5]"
Kuehne Nagel,477,BAD_SEQUENCE,REVERSE,Уменьшение: 5 -> 4,"[1, 1, 1, 2, 2, 3, 4, 4, 5, 5, 4]"
Kuehne Nagel,478,OK,OK,,"[1, 2, 2, 2, 2, 3, 3, 3, 3, 3, 4]"
Kuehne Nagel,479,OK,OK,,"[1, 1, 1, 2, 2, 3, 3, 3, 3, 3, 4, 4, 5, 5, 5]"
Kuehne Nagel,480,OK,OK,,"[1, 1, 2, 2, 2, 3, 4, 4, 5, 5]"
Kuehne Nagel,481,OK,OK,,"[1, 1, 1, 2, 2, 3, 3, 3, 3, 3, 3, 3, 3, 3, 4, 4, 4, 5]"
Kuehne Nagel,482,OK,OK,,"[1, 1, 1, 2, 2, 3, 3, 3, 3, 4, 4, 4, 5, 5]"
Kuehne Nagel,483,OK,OK,,"[1, 1, 1, 2, 2, 3, 3, 3, 4]"
Kuehne Nagel,484,OK,OK,,"[1, 1, 2, 2, 2, 3, 4, 4, 5, 5]"
Kuehne Nagel,485,OK,OK,,"[1, 1, 1, 2, 2, 2, 3, 3, 3, 3, 4]"
Kuehne Nagel,486,BAD_SEQUENCE,REVERSE,Уменьшение: 5 -> 3,"[1, 1, 1, 2, 2, 3, 4, 4, 4, 5, 5, 3, 3]"
Kuehne Nagel,487,OK,OK,,"[1, 1, 2, 2, 2, 3, 3, 3, 3, 3, 3, 3, 3, 3, 3, 3, 3, 3, 4, 4, 5, 5]"
Kuehne Nagel,488,OK,OK,,"[1, 1, 1, 2, 2, 3, 3, 3, 3, 3, 3, 3, 3, 3, 4, 4, 4, 5, 5]"
Kuehne Nagel,489,OK,OK,,"[1, 3, 4]"
Kuehne Nagel,490,OK,OK,,"[1, 3, 3, 3, 3, 4, 5]"
Kuehne Nagel,491,OK,OK,,"[1, 1, 1, 2, 2, 3, 3, 3, 3, 3, 3, 3, 3, 3, 4, 4, 4, 5, 5, 5]"
Kuehne Nagel,492,OK,OK,,"[1, 3, 4]"
Kuehne Nagel,493,OK,OK,,"[1, 1, 1, 2, 2, 3, 3, 3, 3, 3, 3, 3, 3, 3, 4, 4, 4, 5, 5]"
Kuehne Nagel,494,OK,OK,,"[1, 1, 1, 2, 2, 3, 3, 3, 4]"
Kuehne Nagel,495,OK,OK,,"[1, 3, 4]"
Kuehne Nagel,496,OK,OK,,"[1, 1, 2, 2, 3, 3, 3, 3, 3, 4, 4, 4, 5, 5]"
Kuehne Nagel,497,BAD_SEQUENCE,SKIP,Скачок: 1 -> 3,"[1, 1, 1, 3, 3, 3, 4]"
Kuehne Nagel,498,OK,OK,,"[1, 1, 2, 2, 2, 3, 4]"
Kuehne Nagel,499,OK,OK,,"[1, 1, 1, 2, 2, 3, 4, 4, 4, 5, 5]"
Kuehne Nagel,500,OK,OK,,"[1, 1, 1, 2, 2, 3, 4]"
Kuehne Nagel,501,OK,OK,,"[1, 1, 2, 3, 3, 3, 4, 5]"
Kuehne Nagel,502,OK,OK,,"[1, 1, 1, 2, 2, 3, 4, 4, 5, 5]"
Kuehne Nagel,503,OK,OK,,"[1, 1, 1, 2, 2, 2, 3, 3, 3, 3, 3, 3, 3, 3, 3, 4, 4, 5, 5]"
Kuehne Nagel,504,OK,OK,,"[1, 1, 2, 3, 4, 4, 4, 5, 5, 5]"
Kuehne Nagel,505,BAD_SEQUENCE,REVERSE,Уменьшение: 5 -> 3,"[1, 1, 1, 2, 2, 3, 4, 4, 4, 5, 5, 3, 3]"
Kuehne Nagel,506,BAD_SEQUENCE,REVERSE,Уменьшение: 5 -> 4,"[1, 1, 1, 1, 2, 2, 3, 4, 4, 5, 4, 5]"
Kuehne Nagel,507,OK,OK,,"[1, 1, 2, 2, 3, 3, 3, 3, 3, 4, 4, 5, 5, 5]"
Kuehne Nagel,508,OK,OK,,"[1, 1, 1, 2, 2, 3, 4, 4, 4, 5, 5]"
Kuehne Nagel,509,OK,OK,,"[1, 1, 1, 2, 2, 2, 3, 3, 3, 3, 3, 3, 3, 3, 3, 3, 3, 3, 3, 4, 4, 5, 5, 5]"
Kuehne Nagel,510,OK,OK,,"[1, 1, 1, 2, 2, 2, 3, 4, 4, 4, 5, 5, 5]"
Kuehne Nagel,511,OK,OK,,"[1, 1, 2, 3, 3, 3, 4, 5, 5, 5]"
Kuehne Nagel,512,BAD_SEQUENCE,REVERSE,Уменьшение: 5 -> 3,"[1, 1, 1, 2, 2, 3, 4, 4, 4, 5, 5, 3, 4, 5, 5, 5]"
Kuehne Nagel,513,OK,OK,,"[1, 1, 1, 2, 2, 3, 4, 4, 4, 5, 5]"
Kuehne Nagel,514,BAD_SEQUENCE,SKIP,Скачок: 1 -> 3,"[1, 1, 1, 1, 3, 3, 4, 3, 4]"
Kuehne Nagel,515,OK,OK,,"[1, 1, 2, 2, 2, 3, 4, 4, 3, 3, 3, 3, 3, 3, 3, 4]"
Kuehne Nagel,516,OK,OK,,"[1, 1, 1, 2, 2, 2, 3, 3, 3, 3, 3, 4]"
Kuehne Nagel,517,OK,OK,,"[1, 1, 1, 2, 2, 3, 4, 4, 5, 5]"
Kuehne Nagel,518,OK,OK,,"[1, 1, 1, 2, 3, 4, 5]"
Kuehne Nagel,519,BAD_SEQUENCE,REVERSE,Уменьшение: 5 -> 3,"[1, 1, 1, 2, 2, 2, 3, 4, 4, 4, 5, 5, 3, 3]"
Kuehne Nagel,520,OK,OK,,"[1, 3, 4]"
Kuehne Nagel,521,BAD_SEQUENCE,REVERSE,Уменьшение: 5 -> 3,"[1, 2, 2, 2, 3, 3, 3, 3, 3, 4, 4, 5, 5, 5, 3, 4, 5, 5, 5, 5, 3, 3]"
Kuehne Nagel,522,OK,OK,,"[1, 1, 1, 2, 2, 3, 3, 3, 4]"
Kuehne Nagel,523,OK,OK,,"[1, 1, 1, 2, 2, 3, 4, 4, 4, 5, 5, 5]"
Kuehne Nagel,524,OK,OK,,"[1, 1, 1, 2, 2, 2, 3, 4, 4, 4, 5, 5]"
Kuehne Nagel,525,OK,OK,,"[1, 3, 3, 3, 4, 5, 5, 5]"
Kuehne Nagel,526,OK,OK,,"[1, 1, 1, 2, 2, 3, 4]"
Kuehne Nagel,527,OK,OK,,"[1, 1, 1, 2, 3, 3, 3, 3, 3, 3, 3, 3, 4, 4, 4, 5, 5, 5]"
Kuehne Nagel,528,BAD_SEQUENCE,REVERSE,Уменьшение: 5 -> 4,"[1, 1, 1, 2, 2, 3, 3, 3, 3, 3, 3, 3, 3, 3, 4, 5, 4, 4, 5, 5]"
Kuehne Nagel,529,BAD_SEQUENCE,SKIP,Скачок: 1 -> 3,"[1, 1, 3, 3, 3, 3, 3, 4, 4, 5, 5, 5, 3, 4, 5, 5, 5, 5, 3, 3]"
Kuehne Nagel,530,BAD_SEQUENCE,REVERSE,Уменьшение: 5 -> 4,"[1, 1, 1, 2, 2, 3, 3, 3, 3, 3, 4, 5, 5, 4]"
Kuehne Nagel,531,OK,OK,,"[1, 1, 1, 2, 2, 2, 3, 4, 4, 4, 5, 5]"
Kuehne Nagel,532,OK,OK,,"[1, 1, 1, 1, 2, 2, 3, 3, 3, 3, 3, 4]"
Kuehne Nagel,533,OK,OK,,"[1, 1, 2, 2, 2, 3, 4, 4, 4, 5]"
Kuehne Nagel,534,OK,OK,,"[1, 1, 1, 2, 2, 3, 3, 3, 3, 3, 3, 3, 3, 3, 4, 4, 4, 5, 5, 5]"
Kuehne Nagel,535,OK,OK,,"[1, 1, 1, 2, 2, 3, 3, 3, 3, 3, 4, 4, 5, 5]"
Kuehne Nagel,536,BAD_SEQUENCE,SKIP,Скачок: 1 -> 3,"[1, 1, 3, 4, 4, 3, 4, 4, 4, 5, 5]"
Kuehne Nagel,537,OK,OK,,"[1, 1, 1, 2, 2, 2, 3, 4, 4, 4, 5, 5]"
Kuehne Nagel,538,OK,OK,,[1]
Kuehne Nagel,539,OK,OK,,"[1, 1, 2, 2, 2, 3, 4]"
Kuehne Nagel,540,OK,OK,,"[1, 1, 1, 2, 2, 3, 3, 3, 3, 3, 4, 4, 4, 5, 5, 5]"
Kuehne Nagel,541,OK,OK,,"[1, 1, 1, 2, 2, 3, 3, 3, 4, 4, 4, 5, 5]"
Kuehne Nagel,542,BAD_SEQUENCE,REVERSE,Уменьшение: 5 -> 3,"[1, 1, 1, 2, 2, 3, 3, 3, 3, 3, 4, 4, 5, 5, 5, 3, 4, 5, 5, 5]"
Kuehne Nagel,543,OK,OK,,"[1, 1, 2, 2, 2, 2, 3, 4, 4, 5, 5]"
Kuehne Nagel,544,OK,OK,,"[1, 1, 2, 2, 2, 2, 3, 4, 4, 5, 5]"
Kuehne Nagel,545,OK,OK,,"[1, 1, 1, 2, 2, 2, 3, 3, 3, 3, 3, 4, 4, 5, 5]"
Kuehne Nagel,546,BAD_SEQUENCE,REVERSE,Уменьшение: 5 -> 3,"[1, 1, 1, 2, 2, 3, 4, 4, 4, 5, 5, 3, 4, 5, 5, 5]"
Kuehne Nagel,547,OK,OK,,"[1, 1, 1, 2, 3, 3, 3, 3, 3, 3, 3, 3, 4, 4]"
Kuehne Nagel,548,OK,OK,,"[1, 1, 1, 2, 3, 4, 4, 5, 5, 5]"
Kuehne Nagel,549,OK,OK,,"[1, 1, 1, 2, 2, 3, 4, 4, 4, 5, 5, 5]"
Kuehne Nagel,550,OK,OK,,"[1, 1, 2, 3, 3, 3, 4, 4]"
Kuehne Nagel,551,OK,OK,,"[1, 1, 2, 2, 2, 2, 3, 4, 4, 5, 5]"
Kuehne Nagel,552,OK,OK,,"[1, 1, 2, 2, 3, 3, 3, 3, 4, 5, 5, 5]"
Kuehne Nagel,553,OK,OK,,"[1, 1, 1, 2, 3, 3, 3, 3, 4]"
Kuehne Nagel,554,OK,OK,,"[1, 1, 2, 3, 3, 3, 3, 4]"
Kuehne Nagel,555,OK,OK,,"[1, 1, 1, 1, 2, 2, 3, 4, 4, 5, 5]"
Kuehne Nagel,556,OK,OK,,"[1, 1, 1, 2, 2, 3, 4, 4, 5, 5, 5]"
Kuehne Nagel,557,OK,OK,,"[1, 1, 1, 2, 2, 3, 3, 3, 4, 4, 4, 5, 5, 5]"
Kuehne Nagel,558,OK,OK,,"[1, 1, 2, 2, 3, 3, 4]"
Kuehne Nagel,559,BAD_SEQUENCE,REVERSE,Уменьшение: 5 -> 4,"[1, 1, 2, 2, 2, 3, 4, 4, 5, 4, 5]"
Kuehne Nagel,560,OK,OK,,"[1, 3, 3, 3, 4]"
Kuehne Nagel,561,OK,OK,,"[1, 1, 1, 2, 3, 3, 3, 3, 3, 4, 4, 5, 5, 5]"
Kuehne Nagel,562,OK,OK,,"[1, 1, 1, 2, 2, 3, 3, 3, 3, 3, 4, 4, 4, 5, 5, 5]"
Kuehne Nagel,563,OK,OK,,"[1, 3, 4]"
Kuehne Nagel,564,OK,OK,,"[1, 1, 1, 2, 3, 4, 4, 5, 5]"
Kuehne Nagel,565,OK,OK,,"[1, 1, 1, 2, 2, 3, 3, 3, 4]"
Kuehne Nagel,566,OK,OK,,"[1, 1, 1, 2, 2, 3, 3, 3, 3, 3, 4, 4, 4]"
Kuehne Nagel,567,OK,OK,,"[1, 2, 2, 3, 4, 5]"
Kuehne Nagel,568,OK,OK,,"[1, 1, 2, 2, 3, 3, 3, 3, 3, 3, 3, 3, 3, 4, 4, 5, 5, 5]"
Kuehne Nagel,569,OK,OK,,"[1, 1, 1, 2, 2, 2, 3, 4, 4, 5]"
Kuehne Nagel,570,OK,OK,,"[1, 1, 1, 2, 2, 3, 4, 4, 5]"
Kuehne Nagel,571,OK,OK,,"[1, 2, 2, 3, 4, 5]"
Kuehne Nagel,572,OK,OK,,"[1, 1, 2, 2, 2, 3, 4]"
Kuehne Nagel,573,OK,OK,,[1]
Kuehne Nagel,574,OK,OK,,"[1, 1, 1, 2, 2, 3, 4, 4, 5, 5, 5]"
Kuehne Nagel,575,BAD_SEQUENCE,REVERSE,Уменьшение: 5 -> 3,"[1, 1, 2, 2, 2, 3, 4, 4, 4, 5, 5, 3, 3]"
Kuehne Nagel,576,OK,OK,,"[1, 1, 1, 2, 2, 2, 3, 3, 3, 3, 3, 4, 5]"
Kuehne Nagel,577,OK,OK,,"[1, 2, 2, 3, 4, 4, 5]"
Kuehne Nagel,578,OK,OK,,"[1, 1, 2, 2, 2, 3, 3, 4, 4, 5]"
Kuehne Nagel,579,OK,OK,,"[1, 1, 1, 1, 2, 2, 3, 3, 3, 3, 3, 3, 3, 3, 3, 4, 4, 5, 5]"
Kuehne Nagel,580,OK,OK,,"[1, 1, 1, 2, 2, 2, 3, 3, 3, 3, 3, 4, 4, 5, 5]"
Kuehne Nagel,581,OK,OK,,"[1, 3, 4]"
Kuehne Nagel,582,OK,OK,,"[1, 1, 2, 2, 3, 4, 4, 5, 5, 5]"
Kuehne Nagel,583,BAD_SEQUENCE,REVERSE,Уменьшение: 5 -> 3,"[1, 1, 1, 2, 2, 2, 3, 4, 4, 4, 5, 5, 3, 3]"
Kuehne Nagel,584,BAD_SEQUENCE,REVERSE,Уменьшение: 5 -> 3,"[1, 1, 1, 2, 2, 2, 3, 4, 4, 4, 5, 5, 3, 3]"
Kuehne Nagel,585,OK,OK,,"[1, 1, 2, 2, 2, 3, 4]"
Kuehne Nagel,586,BAD_SEQUENCE,REVERSE,Уменьшение: 5 -> 4,"[1, 1, 2, 2, 2, 3, 3, 3, 3, 3, 4, 4, 5, 4, 5]"
Kuehne Nagel,587,OK,OK,,"[1, 2, 3, 4, 4, 5, 5]"
Kuehne Nagel,588,BAD_SEQUENCE,REVERSE,Уменьшение: 5 -> 3,"[1, 1, 1, 2, 2, 3, 3, 3, 3, 3, 4, 4, 5, 5, 3, 4, 5, 5, 5]"
Kuehne Nagel,589,BAD_SEQUENCE,SKIP,Скачок: 1 -> 3,"[1, 1, 3, 3, 4, 4, 3, 3, 4, 3]"
Kuehne Nagel,590,OK,OK,,"[1, 1, 1, 2, 2, 2, 2, 3, 4, 5]"
Kuehne Nagel,591,OK,OK,,"[1, 2, 3, 3, 4, 3, 3]"
Kuehne Nagel,592,OK,OK,,"[1, 2, 3, 3, 4, 3, 3]"
Kuehne Nagel,593,OK,OK,,"[1, 2, 3, 3, 4, 3, 3]"
Kuehne Nagel,594,OK,OK,,"[1, 1, 1, 2, 2, 3, 3, 3, 3, 3, 4, 4, 4, 5]"
Kuehne Nagel,595,OK,OK,,"[1, 1, 2, 2, 2, 3, 4]"
Kuehne Nagel,596,OK,OK,,"[1, 1, 1, 2, 2, 3, 3, 3, 3, 3, 4, 4, 4, 5, 5, 5]"
Kuehne Nagel,597,OK,OK,,"[1, 2, 3, 3, 4, 3, 3]"
Kuehne Nagel,598,OK,OK,,"[1, 2, 3, 3, 4, 3, 3]"
Kuehne Nagel,599,OK,OK,,"[1, 2, 3, 3, 4, 3, 3]"
Kuehne Nagel,600,OK,OK,,"[1, 2, 3, 3, 4, 3, 3]"
Kuehne Nagel,601,OK,OK,,"[1, 2, 3, 3, 4, 3, 3]"
Kuehne Nagel,602,BAD_SEQUENCE,SKIP,Скачок: 1 -> 3,"[1, 1, 1, 3, 3, 3, 3, 3, 3, 3, 3, 3, 4, 4, 5, 5]"
Kuehne Nagel,603,OK,OK,,"[1, 1, 2, 2, 3, 3, 3, 4]"
Kuehne Nagel,604,OK,OK,,"[1, 1, 1, 2, 2, 3, 3, 3, 3, 3, 3, 3, 3, 3, 3, 3, 3, 3, 4]"
Kuehne Nagel,605,OK,OK,,"[1, 1, 1, 2, 2, 3, 3, 3, 3, 3, 3, 3, 3, 3, 3, 3, 3, 3, 4]"
Kuehne Nagel,606,OK,OK,,"[1, 1, 1, 2, 2, 2, 3, 3, 3, 3, 3, 4, 4, 5, 5]"
Kuehne Nagel,607,BAD_SEQUENCE,REVERSE,Уменьшение: 5 -> 3,"[1, 1, 1, 2, 2, 3, 4, 4, 4, 5, 5, 3, 3]"
Kuehne Nagel,608,BAD_SEQUENCE,REVERSE,Уменьшение: 5 -> 4,"[1, 1, 2, 2, 3, 3, 3, 3, 3, 4, 4, 5, 5, 5, 4, 5, 5, 5, 5]"
Kuehne Nagel,609,OK,OK,,"[1, 1, 1, 2, 2, 3, 4, 4, 4, 5, 5]"
Kuehne Nagel,610,OK,OK,,"[1, 1, 2, 2, 3, 3, 3, 3, 3, 4, 4, 5, 5, 5]"
Kuehne Nagel,611,OK,OK,,"[1, 2, 3, 3, 4, 3, 3]"
Kuehne Nagel,612,OK,OK,,"[1, 2, 3, 3, 4, 3, 3]"
Kuehne Nagel,613,OK,OK,,"[1, 1, 2, 2, 3, 3, 3, 3, 3, 4, 4, 4, 5, 5]"
Kuehne Nagel,614,OK,OK,,"[1, 2, 3, 3, 4, 3, 3]"
Kuehne Nagel,615,OK,OK,,"[1, 2, 2, 2, 3, 3, 3, 3, 4, 4, 5]"
Kuehne Nagel,616,OK,OK,,"[1, 1, 1, 2, 2, 3, 3, 3, 3, 4]"
Kuehne Nagel,617,OK,OK,,"[1, 1, 1, 2, 2, 3, 4]"
Kuehne Nagel,618,OK,OK,,"[1, 1, 1, 2, 2, 3, 4]"
Kuehne Nagel,619,OK,OK,,"[1, 1, 1, 2, 2, 3, 4]"
Kuehne Nagel,620,OK,OK,,"[1, 1, 1, 2, 2, 3, 4]"
Kuehne Nagel,621,OK,OK,,"[1, 1, 1, 1, 2, 2, 3, 3, 3, 3, 4, 5]"
Kuehne Nagel,622,OK,OK,,"[1, 1, 1, 2, 2, 3, 4]"
Kuehne Nagel,623,OK,OK,,"[1, 2, 3, 3, 4, 3, 3]"
Kuehne Nagel,624,OK,OK,,"[1, 1, 2, 2, 2, 3, 4, 4, 4, 5, 5]"
Kuehne Nagel,625,OK,OK,,"[1, 2, 3, 3, 4, 3, 3]"
Kuehne Nagel,626,OK,OK,,"[1, 3, 4, 4, 5, 5]"
Kuehne Nagel,627,OK,OK,,"[1, 3, 3, 3, 4, 5, 5]"
Kuehne Nagel,628,OK,OK,,"[1, 1, 2, 2, 3, 3, 3, 3, 3, 4, 4, 5, 5, 5]"
Kuehne Nagel,629,OK,OK,,"[1, 2, 2, 3, 3, 3, 3, 3, 4, 4, 5, 5]"
Kuehne Nagel,630,OK,OK,,"[1, 1, 1, 2, 2, 2, 3, 4, 4, 4, 5, 5]"
Kuehne Nagel,631,OK,OK,,"[1, 1, 1, 2, 2, 3, 4, 4, 4, 5, 5, 5]"
Kuehne Nagel,632,OK,OK,,"[1, 2, 3, 3, 4, 3, 3]"
Kuehne Nagel,633,OK,OK,,"[1, 1, 1, 2, 2, 3, 4, 4, 5, 5]"
Kuehne Nagel,634,OK,OK,,"[1, 1, 2, 2, 3, 4, 4, 5, 5]"
Kuehne Nagel,635,OK,OK,,"[1, 1, 2, 2, 3, 4, 4, 5, 5]"
Kuehne Nagel,636,OK,OK,,"[1, 1, 1, 2, 2, 3, 4, 4, 5]"
Kuehne Nagel,637,OK,OK,,"[1, 1, 1, 2, 2, 2, 2, 2, 3, 3, 3, 3, 3, 4, 5]"
Kuehne Nagel,638,OK,OK,,"[1, 1, 2, 3, 3, 3, 4, 5]"
Kuehne Nagel,639,OK,OK,,"[1, 1, 2, 3, 3, 3, 4, 5]"
Kuehne Nagel,640,BAD_SEQUENCE,REVERSE,Уменьшение: 5 -> 3,"[1, 1, 1, 2, 2, 3, 3, 3, 3, 3, 4, 4, 4, 5, 5, 3, 3]"
Kuehne Nagel,641,BAD_SEQUENCE,REVERSE,Уменьшение: 5 -> 4,"[1, 1, 1, 2, 2, 2, 3, 3, 3, 3, 3, 4, 4, 5, 5, 4, 5, 5, 5, 5, 3, 3]"
Kuehne Nagel,642,BAD_SEQUENCE,SKIP,Скачок: 1 -> 3,"[1, 1, 1, 3, 3, 3, 3, 4, 4, 5, 5, 5]"
Kuehne Nagel,643,OK,OK,,"[1, 3, 3, 4]"
Kuehne Nagel,644,OK,OK,,"[1, 3, 3, 4]"
Kuehne Nagel,645,OK,OK,,"[1, 1, 1, 2, 2, 3, 4, 4, 5, 5]"
Kuehne Nagel,646,OK,OK,,"[1, 1, 1, 2, 2, 2, 3, 4, 4, 4, 5, 5]"
Kuehne Nagel,647,OK,OK,,"[1, 3, 4]"
Kuehne Nagel,648,OK,OK,,"[1, 1, 2, 2, 2, 3, 3, 3, 3, 3, 3, 3, 3, 3, 4, 4, 5, 5, 5]"
Kuehne Nagel,649,OK,OK,,"[1, 1, 2, 3, 4, 4, 4, 5, 5, 5]"
Kuehne Nagel,650,BAD_SEQUENCE,REVERSE,Уменьшение: 5 -> 3,"[1, 1, 1, 2, 2, 3, 4, 4, 4, 5, 5, 3, 3]"
Kuehne Nagel,651,BAD_SEQUENCE,REVERSE,Уменьшение: 5 -> 4,"[1, 1, 1, 1, 2, 2, 3, 4, 4, 5, 4, 5]"
Kuehne Nagel,652,OK,OK,,"[1, 1, 2, 2, 2, 3, 4, 4, 4, 5, 5]"
Kuehne Nagel,653,OK,OK,,"[1, 1, 1, 2, 2, 2, 3, 4, 5]"
Kuehne Nagel,654,OK,OK,,"[1, 1, 1, 2, 2, 2, 3, 4, 5]"
Kuehne Nagel,655,OK,OK,,"[1, 1, 1, 2, 2, 2, 3, 4, 5]"
Kuehne Nagel,656,OK,OK,,"[1, 1, 2, 2, 2, 3, 4, 5]"
Kuehne Nagel,657,OK,OK,,"[1, 1, 2, 2, 2, 3, 4, 5]"
Kuehne Nagel,658,OK,OK,,"[1, 2, 3, 3, 4, 3, 3]"
Kuehne Nagel,659,OK,OK,,"[1, 2, 3, 3, 4, 3, 3]"
Kuehne Nagel,660,OK,OK,,"[1, 1, 1, 2, 2, 3, 4, 4, 5, 5]"
Kuehne Nagel,661,BAD_SEQUENCE,REVERSE,Уменьшение: 5 -> 3,"[1, 1, 1, 2, 3, 4, 4, 4, 5, 3, 3]"
Kuehne Nagel,662,OK,OK,,"[1, 1, 1, 2, 2, 3, 3, 3, 3, 3, 3, 3, 3, 3, 3, 3, 3, 3, 4, 4, 5, 5]"
Kuehne Nagel,663,BAD_SEQUENCE,REVERSE,Уменьшение: 5 -> 3,"[1, 1, 2, 2, 2, 3, 4, 4, 4, 5, 5, 3, 3]"
Kuehne Nagel,664,OK,OK,,"[1, 1, 1, 2, 3, 4, 4, 5, 5]"
Kuehne Nagel,665,OK,OK,,[1]
Kuehne Nagel,666,OK,OK,,"[1, 1, 2, 2, 2, 3, 3, 3, 3, 3, 4, 4, 4, 5, 5]"
Kuehne Nagel,667,OK,OK,,"[1, 3, 4]"
Kuehne Nagel,668,OK,OK,,"[1, 1, 1, 2, 2, 3, 3, 3, 3, 3, 3, 3, 3, 3, 4]"
Kuehne Nagel,669,OK,OK,,"[1, 1, 1, 2, 2, 3, 4, 4, 4, 5, 5, 5]"
Kuehne Nagel,670,OK,OK,,"[1, 1, 1, 2, 2, 3, 4, 4, 5, 5]"
Kuehne Nagel,671,OK,OK,,"[1, 1, 2, 2, 3, 4, 4, 4, 5, 5, 5, 5]"
Kuehne Nagel,672,OK,OK,,"[1, 1, 1, 2, 2, 3, 3, 3, 3, 3, 4, 4, 5, 5]"
Kuehne Nagel,673,OK,OK,,"[1, 1, 1, 2, 2, 3, 4, 4, 5, 5, 5]"
Kuehne Nagel,674,OK,OK,,"[1, 3, 4]"
Kuehne Nagel,675,OK,OK,,"[1, 3, 4]"
Kuehne Nagel,676,BAD_SEQUENCE,REVERSE,Уменьшение: 5 -> 3,"[1, 1, 1, 2, 2, 3, 4, 4, 5, 3, 3, 4, 5, 5, 5, 5]"
Kuehne Nagel,677,OK,OK,,"[1, 1, 1, 2, 2, 2, 3, 4, 5]"
Kuehne Nagel,678,OK,OK,,"[1, 1, 2, 2, 2, 3, 4, 5]"
Kuehne Nagel,679,OK,OK,,"[1, 1, 1, 2, 2, 2, 3, 4, 5]"
Kuehne Nagel,680,OK,OK,,"[1, 1, 2, 2, 2, 3, 4, 5]"
Kuehne Nagel,681,OK,OK,,"[1, 1, 1, 2, 2, 2, 3, 4, 5]"
Kuehne Nagel,682,OK,OK,,"[1, 3, 4, 5]"
Kuehne Nagel,683,OK,OK,,"[1, 1, 1, 2, 2, 3, 3, 3, 3, 3, 4, 4, 5, 5, 5]"
Kuehne Nagel,684,OK,OK,,"[1, 1, 2, 2, 3, 3, 3, 3, 3, 3, 3, 3, 3, 3, 3, 3, 3, 4, 4, 5, 5]"
Kuehne Nagel,685,OK,OK,,"[1, 1, 1, 2, 2, 3, 3, 3, 3, 3, 4, 4, 5, 5, 5]"
Kuehne Nagel,686,OK,OK,,"[1, 1, 1, 2, 2, 3, 3, 3, 3, 3, 4, 4, 5, 5, 5]"
Kuehne Nagel,687,OK,OK,,"[1, 1, 1, 2, 2, 2, 3, 3, 3, 3, 3, 4, 4, 5, 5, 5]"
Kuehne Nagel,688,OK,OK,,"[1, 1, 1, 2, 2, 3, 3, 3, 3, 3, 3, 3, 3, 3, 4, 4, 5, 5]"
Kuehne Nagel,689,OK,OK,,"[1, 3, 4, 5]"
Kuehne Nagel,690,OK,OK,,"[1, 3, 4]"
Kuehne Nagel,691,OK,OK,,"[1, 1, 2, 2, 3, 4, 4, 4, 5, 5]"
Kuehne Nagel,692,BAD_SEQUENCE,REVERSE,Уменьшение: 5 -> 3,"[1, 1, 2, 2, 2, 2, 3, 4, 4, 5, 3, 3, 4, 5, 5, 3, 3]"
Kuehne Nagel,693,OK,OK,,"[1, 1, 1, 2, 2, 3, 4, 5]"
Kuehne Nagel,694,BAD_SEQUENCE,REVERSE,Уменьшение: 5 -> 3,"[1, 1, 1, 2, 2, 2, 3, 4, 4, 4, 5, 5, 3, 3]"
Kuehne Nagel,695,OK,OK,,"[1, 1, 2, 2, 2, 3, 4, 4, 4, 5, 5, 5]"
Kuehne Nagel,696,OK,OK,,"[1, 3, 4]"
Kuehne Nagel,697,OK,OK,,"[1, 1, 2, 3, 4]"
Kuehne Nagel,698,OK,OK,,"[1, 1, 1, 2, 2, 3, 3, 3, 3, 3, 3, 3, 4]"
Kuehne Nagel,699,OK,OK,,"[1, 1, 2, 2, 3, 3, 3, 3, 3, 3, 4, 4, 5, 5]"
Kuehne Nagel,700,OK,OK,,"[1, 1, 1, 2, 2, 2, 3, 3, 3, 3, 3, 4, 4, 5, 5, 5]"
Kuehne Nagel,701,OK,OK,,"[1, 1, 1, 2, 2, 3, 4, 4, 5, 5]"
Kuehne Nagel,702,OK,OK,,"[1, 1, 1, 2, 2, 3, 3, 3, 3, 3, 4, 4, 4, 5, 5]"
Kuehne Nagel,703,OK,OK,,"[1, 1, 1, 2, 2, 2, 3, 3, 3, 3, 3, 4, 4, 4, 5, 5]"
Kuehne Nagel,704,OK,OK,,"[1, 1, 2, 2, 2, 3, 3, 3, 3, 3, 3, 3, 3, 4, 4, 5, 5]"
Kuehne Nagel,705,OK,OK,,"[1, 3, 3, 3, 4, 5, 5]"
Kuehne Nagel,706,OK,OK,,"[1, 1, 1, 2, 2, 3, 3, 3, 3, 3, 4, 4, 5, 5, 5]"
Kuehne Nagel,707,BAD_SEQUENCE,REVERSE,Уменьшение: 5 -> 4,"[1, 2, 3, 3, 3, 4, 5, 4, 5]"
Kuehne Nagel,708,OK,OK,,"[1, 1, 1, 2, 2, 2, 3, 4, 4, 4, 5, 5, 5]"
Kuehne Nagel,709,OK,OK,,"[1, 2, 3, 4, 4, 4, 5, 5]"
Kuehne Nagel,710,BAD_SEQUENCE,REVERSE,Уменьшение: 5 -> 3,"[1, 1, 2, 2, 2, 3, 4, 4, 4, 5, 5, 3, 3]"
Kuehne Nagel,711,BAD_SEQUENCE,REVERSE,Уменьшение: 5 -> 4,"[1, 1, 1, 2, 2, 2, 3, 4, 4, 5, 5, 5, 4, 5, 5, 5]"
Kuehne Nagel,712,BAD_SEQUENCE,REVERSE,Уменьшение: 5 -> 3,"[1, 1, 1, 2, 2, 2, 3, 4, 4, 5, 5, 5, 3, 4, 5, 5, 5, 5]"
Kuehne Nagel,713,OK,OK,,"[1, 3, 3, 3, 4, 5]"
Kuehne Nagel,714,BAD_SEQUENCE,REVERSE,Уменьшение: 5 -> 3,"[1, 1, 2, 2, 2, 2, 3, 3, 3, 3, 3, 4, 4, 4, 5, 5, 3, 3]"
Kuehne Nagel,715,OK,OK,,"[1, 3, 4]"
Kuehne Nagel,716,BAD_SEQUENCE,REVERSE,Уменьшение: 5 -> 3,"[1, 1, 2, 2, 2, 2, 3, 3, 3, 3, 3, 4, 4, 5, 5, 3, 3, 4]"
Kuehne Nagel,717,OK,OK,,"[1, 1, 2, 2, 3, 4, 4, 4, 5, 5, 5]"
Kuehne Nagel,718,OK,OK,,"[1, 3, 4]"
Kuehne Nagel,719,BAD_SEQUENCE,REVERSE,Уменьшение: 5 -> 4,"[1, 1, 1, 2, 2, 3, 3, 3, 3, 3, 4, 4, 5, 4, 5]"
Kuehne Nagel,720,BAD_SEQUENCE,REVERSE,Уменьшение: 5 -> 3,"[1, 1, 1, 2, 2, 2, 3, 4, 4, 4, 5, 5, 3, 3]"
Kuehne Nagel,721,OK,OK,,"[1, 1, 1, 2, 2, 3, 4, 4, 4, 5]"
Kuehne Nagel,722,BAD_SEQUENCE,REVERSE,Уменьшение: 5 -> 3,"[1, 1, 2, 2, 2, 3, 4, 4, 4, 5, 5, 3, 3]"
Kuehne Nagel,723,OK,OK,,"[1, 3, 4]"
Kuehne Nagel,724,OK,OK,,"[1, 1, 1, 2, 2, 2, 3, 4, 4, 5]"
Kuehne Nagel,725,OK,OK,,"[1, 1, 2, 2, 2, 2, 3, 3, 3, 3, 4, 4, 5, 5]"
Kuehne Nagel,726,OK,OK,,"[1, 3, 3, 3, 4, 5]"
Kuehne Nagel,727,OK,OK,,"[1, 3, 4]"
Kuehne Nagel,728,BAD_SEQUENCE,SKIP,Скачок: 1 -> 3,"[1, 1, 1, 3, 4, 4, 4, 3, 3, 3, 3, 3, 4, 4, 5, 5, 5]"
Kuehne Nagel,729,OK,OK,,"[1, 1, 1, 2, 2, 3, 3, 3, 3, 3, 4, 4, 5, 5, 5]"
Kuehne Nagel,730,BAD_SEQUENCE,REVERSE,Уменьшение: 5 -> 3,"[1, 1, 1, 2, 2, 3, 3, 3, 3, 3, 4, 4, 4, 5, 5, 3, 3]"
Kuehne Nagel,731,OK,OK,,"[1, 1, 1, 2, 2, 3, 4, 4, 5, 5, 5]"
Kuehne Nagel,732,OK,OK,,"[1, 2, 3, 4, 5]"
Kuehne Nagel,733,OK,OK,,"[1, 1, 1, 2, 2, 3, 3, 4, 4]"
Kuehne Nagel,734,OK,OK,,"[1, 1, 1, 2, 2, 2, 3, 3, 3, 3, 3, 3, 4, 4]"
Kuehne Nagel,735,OK,OK,,"[1, 1, 2, 2, 3, 3, 4, 3, 4]"
Kuehne Nagel,736,OK,OK,,"[1, 1, 2, 2, 3, 4]"
Kuehne Nagel,737,OK,OK,,"[1, 2, 2, 3, 4, 5]"
Kuehne Nagel,738,OK,OK,,"[1, 1, 2, 2, 3, 3, 3, 3, 3, 4, 4, 4, 5, 5]"
Kuehne Nagel,739,OK,OK,,"[1, 2, 2, 2, 2, 3, 4, 4, 5]"
Kuehne Nagel,740,OK,OK,,"[1, 1, 1, 2, 2, 2, 2, 3, 4, 4, 5, 5]"
Kuehne Nagel,741,BAD_SEQUENCE,REVERSE,Уменьшение: 5 -> 3,"[1, 1, 1, 2, 2, 2, 3, 4, 4, 4, 5, 3, 3, 3]"
Kuehne Nagel,742,OK,OK,,"[1, 1, 1, 2, 2, 2, 3, 4]"
Kuehne Nagel,743,OK,OK,,"[1, 1, 1, 2, 2, 3, 3, 3, 3, 3, 4, 4, 5, 5]"
Kuehne Nagel,744,OK,OK,,"[1, 1, 1, 2, 2, 3, 3, 3, 3, 3, 4, 4, 4, 5, 5, 5]"
Kuehne Nagel,745,OK,OK,,"[1, 1, 1, 2, 2, 3, 3, 3, 3, 3, 4, 4, 5, 5, 5]"
Kuehne Nagel,746,OK,OK,,"[1, 1, 2, 2, 3, 3, 3, 3, 3, 3, 3, 3, 3, 3, 3, 3, 3, 4, 4, 5, 5]"
Kuehne Nagel,747,OK,OK,,"[1, 1, 1, 2, 2, 3, 3, 3, 3, 3, 4, 4, 5, 5, 5]"
Kuehne Nagel,748,OK,OK,,"[1, 1, 1, 2, 2, 3, 3, 3, 3, 3, 4, 4, 5, 5, 5]"
Kuehne Nagel,749,OK,OK,,"[1, 1, 1, 2, 2, 2, 3, 3, 3, 3, 3, 4, 4, 5, 5, 5]"
Kuehne Nagel,750,OK,OK,,"[1, 1, 1, 2, 2, 3, 3, 3, 3, 3, 3, 3, 3, 3, 4, 4, 5, 5]"
Kuehne Nagel,751,OK,OK,,"[1, 1, 1, 2, 2, 3, 4, 4, 4, 5, 5]"
Kuehne Nagel,752,OK,OK,,"[1, 1, 1, 2, 3, 3, 3, 3, 4, 4, 4, 5]"
Kuehne Nagel,753,OK,OK,,"[1, 1, 1, 2, 2, 3, 4, 4, 5, 5]"
Kuehne Nagel,754,OK,OK,,"[1, 1, 2, 2, 2, 3, 3, 3, 4]"
Kuehne Nagel,755,OK,OK,,"[1, 1, 1, 2, 2, 2, 3, 4, 4, 5, 5]"
Kuehne Nagel,756,OK,OK,,"[1, 1, 2, 2, 3, 3, 3, 3, 3, 3, 4, 4, 5, 5]"
Kuehne Nagel,757,OK,OK,,"[1, 2, 3, 3, 3, 3, 3, 4, 4, 5, 5, 5]"
Kuehne Nagel,758,BAD_SEQUENCE,REVERSE,Уменьшение: 5 -> 4,"[1, 1, 1, 2, 2, 3, 3, 3, 3, 3, 4, 4, 5, 5, 4, 4, 5, 5, 5, 3, 3, 3]"
Kuehne Nagel,759,OK,OK,,"[1, 1, 2, 2, 2, 3, 4, 5]"
Kuehne Nagel,760,OK,OK,,"[1, 1, 2, 2, 2, 3, 4, 5]"
Kuehne Nagel,761,OK,OK,,"[1, 1, 1, 2, 2, 2, 3, 4, 5]"
Kuehne Nagel,762,OK,OK,,"[1, 1, 1, 2, 2, 2, 3, 4, 5]"
Kuehne Nagel,763,OK,OK,,"[1, 1, 1, 2, 2, 2, 3, 4, 5]"
Kuehne Nagel,764,BAD_SEQUENCE,REVERSE,Уменьшение: 5 -> 3,"[1, 1, 1, 2, 2, 3, 4, 4, 5, 5, 3, 4, 4, 5, 5, 5, 5, 3, 3]"
Kuehne Nagel,765,OK,OK,,"[1, 1, 1, 2, 2, 3, 4, 4, 4, 5, 5, 5]"
Kuehne Nagel,766,OK,OK,,"[1, 1, 1, 2, 2, 3, 3, 4, 5]"
Kuehne Nagel,767,OK,OK,,"[1, 3, 4]"
Kuehne Nagel,768,BAD_SEQUENCE,REVERSE,Уменьшение: 5 -> 3,"[1, 1, 2, 2, 2, 2, 3, 4, 4, 5, 3, 3, 4, 5, 5, 3, 3]"
Kuehne Nagel,769,OK,OK,,"[1, 1, 2, 2, 3, 4, 4, 4, 5, 5]"
Kuehne Nagel,770,OK,OK,,"[1, 3, 4]"
Kuehne Nagel,771,OK,OK,,"[1, 3, 4]"
Kuehne Nagel,772,OK,OK,,"[1, 3, 4]"
Kuehne Nagel,773,OK,OK,,"[1, 1, 2, 2, 2, 2, 3, 4, 4, 5, 5]"
Kuehne Nagel,774,OK,OK,,"[1, 1, 1, 2, 3, 3, 3, 3, 3, 3, 3, 3, 4, 4, 5, 5, 5]"
Kuehne Nagel,775,OK,OK,,"[1, 1, 1, 2, 2, 3, 4, 4, 5, 5]"
Kuehne Nagel,776,OK,OK,,"[1, 1, 2, 2, 3, 3, 3, 3, 4, 4, 5, 5]"
Kuehne Nagel,777,OK,OK,,"[1, 1, 1, 2, 2, 3, 3, 3, 3, 3, 3, 3, 4, 4, 5, 5]"
Kuehne Nagel,778,OK,OK,,"[1, 1, 1, 2, 2, 3, 4, 4, 5, 5, 5]"
Kuehne Nagel,779,OK,OK,,"[1, 1, 1, 2, 2, 3, 3, 3, 3, 3, 4, 4, 5, 5, 5]"
Kuehne Nagel,780,OK,OK,,"[1, 1, 1, 2, 2, 3, 4, 4, 5, 5, 5]"
Kuehne Nagel,781,OK,OK,,"[1, 1, 1, 2, 2, 3, 3, 3, 3, 3, 4, 4, 5, 5, 5]"
Kuehne Nagel,782,OK,OK,,"[1, 1, 2, 2, 2, 2, 3, 3, 3, 3, 3, 4, 4, 4, 5, 5]"
Kuehne Nagel,783,OK,OK,,"[1, 1, 1, 2, 2, 2, 3, 3, 3, 3, 3, 4, 4, 5, 5]"
Kuehne Nagel,784,OK,OK,,"[1, 1, 1, 2, 2, 2, 3, 4, 4, 5, 5]"
Kuehne Nagel,785,OK,OK,,"[1, 1, 1, 2, 2, 2, 3, 4, 4, 4, 5, 5, 5]"
Kuehne Nagel,786,OK,OK,,"[1, 1, 1, 2, 2, 3, 3, 3, 3, 3, 4, 4, 5, 5, 5]"
Kuehne Nagel,787,OK,OK,,"[1, 3, 3, 3, 4, 5]"
Kuehne Nagel,788,OK,OK,,"[1, 1, 1, 2, 2, 3, 4, 4, 4, 5, 5]"
Kuehne Nagel,789,OK,OK,,"[1, 3, 3, 3, 4, 5]"
Kuehne Nagel,790,OK,OK,,"[1, 1, 1, 2, 2, 3, 3, 3, 3, 3, 4, 4, 5]"
Kuehne Nagel,791,OK,OK,,"[1, 1, 1, 2, 2, 3, 3, 3, 3, 3, 4, 4, 5]"
Kuehne Nagel,792,OK,OK,,"[1, 3, 3, 3, 4, 5]"
Kuehne Nagel,793,OK,OK,,"[1, 2]"
Kuehne Nagel,794,OK,OK,,"[1, 3, 3, 3, 4, 5]"
Kuehne Nagel,795,BAD_SEQUENCE,REVERSE,Уменьшение: 5 -> 4,"[1, 1, 1, 2, 2, 2, 2, 3, 3, 3, 3, 3, 4, 4, 5, 4, 5, 5]"
Kuehne Nagel,796,OK,OK,,"[1, 1, 1, 2, 2, 3, 3, 3, 3, 3, 4, 4, 5]"
Kuehne Nagel,797,OK,OK,,"[1, 1, 1, 2, 2, 3, 3, 3, 3, 3, 4, 4, 5]"
Kuehne Nagel,798,OK,OK,,"[1, 1, 1, 2, 2, 3, 4, 4, 4, 5, 5]"
Kuehne Nagel,799,OK,OK,,"[1, 3, 3, 3, 4, 5]"
Kuehne Nagel,800,OK,OK,,"[1, 1, 2, 3, 3, 3, 3, 4, 5]"
Kuehne Nagel,801,OK,OK,,"[1, 1, 1, 2, 2, 3, 4, 4, 5, 5]"
Kuehne Nagel,802,OK,OK,,"[1, 1, 1, 2, 2, 3, 3, 3, 3, 3, 4, 4, 5, 5, 5]"
Kuehne Nagel,803,OK,OK,,"[1, 1, 1, 2, 3, 3, 3, 3, 4, 4, 5, 5, 5]"
Kuehne Nagel,804,OK,OK,,"[1, 1, 1, 2, 2, 3, 3, 3, 3, 3, 4, 4, 4, 5, 5]"
Kuehne Nagel,805,OK,OK,,"[1, 1, 1, 2, 2, 3, 3, 3, 3, 3, 4, 4, 5, 5, 5]"
Kuehne Nagel,806,OK,OK,,"[1, 1, 2, 3, 3, 3, 3, 4, 4, 4, 5, 5, 5]"
Kuehne Nagel,807,BAD_SEQUENCE,REVERSE,Уменьшение: 5 -> 3,"[1, 1, 1, 2, 2, 3, 4, 4, 4, 5, 5, 3, 3]"
Kuehne Nagel,808,OK,OK,,"[1, 3, 4]"
Kuehne Nagel,809,BAD_SEQUENCE,REVERSE,Уменьшение: 5 -> 3,"[1, 1, 1, 2, 2, 2, 3, 4, 4, 5, 5, 5, 3, 4, 5, 5, 5, 5]"
Kuehne Nagel,810,OK,OK,,"[1, 1, 2, 2, 2, 3, 4]"
Kuehne Nagel,811,OK,OK,,"[1, 2, 2, 3, 4]"
Kuehne Nagel,812,OK,OK,,"[1, 3, 3, 3, 4, 5]"
Kuehne Nagel,813,BAD_SEQUENCE,REVERSE,Уменьшение: 5 -> 3,"[1, 1, 2, 2, 2, 2, 3, 3, 3, 3, 3, 4, 4, 4, 5, 5, 3, 3]"
Kuehne Nagel,814,OK,OK,,"[1, 3, 4]"
Kuehne Nagel,815,BAD_SEQUENCE,REVERSE,Уменьшение: 5 -> 4,"[1, 1, 1, 2, 2, 2, 3, 4, 4, 5, 5, 5, 4, 5, 5, 5]"
Kuehne Nagel,816,BAD_SEQUENCE,REVERSE,Уменьшение: 5 -> 4,"[1, 1, 1, 2, 2, 2, 3, 4, 4, 5, 5, 5, 4, 5, 5, 5, 5, 5]"
Kuehne Nagel,817,BAD_SEQUENCE,REVERSE,Уменьшение: 5 -> 3,"[1, 1, 2, 2, 2, 2, 3, 3, 3, 3, 3, 4, 4, 5, 5, 3, 3, 4]"
Kuehne Nagel,818,BAD_SEQUENCE,REVERSE,Уменьшение: 5 -> 3,"[1, 1, 1, 2, 2, 2, 3, 4, 4, 4, 5, 5, 3, 3]"
Kuehne Nagel,819,BAD_SEQUENCE,REVERSE,Уменьшение: 5 -> 3,"[1, 1, 2, 2, 3, 3, 3, 3, 3, 4, 4, 4, 5, 5, 3, 3]"
Kuehne Nagel,820,OK,OK,,"[1, 1, 2, 2, 3, 4, 4, 4, 5, 5, 5]"
Kuehne Nagel,821,OK,OK,,"[1, 3, 4]"
Kuehne Nagel,822,BAD_SEQUENCE,REVERSE,Уменьшение: 5 -> 4,"[1, 1, 1, 2, 2, 3, 3, 3, 3, 3, 4, 4, 5, 4, 5]"
Kuehne Nagel,823,BAD_SEQUENCE,REVERSE,Уменьшение: 5 -> 3,"[1, 1, 1, 2, 2, 2, 3, 4, 4, 4, 5, 5, 3, 3]"
Kuehne Nagel,824,OK,OK,,"[1, 1, 1, 2, 2, 3, 4, 4, 4, 5]"
Kuehne Nagel,825,BAD_SEQUENCE,REVERSE,Уменьшение: 5 -> 3,"[1, 1, 2, 2, 2, 3, 4, 4, 4, 5, 5, 3, 3]"
Kuehne Nagel,826,OK,OK,,"[1, 3, 4]"
Kuehne Nagel,827,OK,OK,,"[1, 1, 2, 2, 2, 2, 3, 3, 3, 3, 4, 4, 5, 5]"
Kuehne Nagel,828,OK,OK,,"[1, 3, 3, 3, 4, 5]"
Kuehne Nagel,829,OK,OK,,"[1, 3, 4]"
Kuehne Nagel,830,BAD_SEQUENCE,SKIP,Скачок: 1 -> 3,"[1, 1, 1, 3, 4, 4, 4, 3, 3, 3, 3, 3, 4, 4, 5, 5, 5]"
Kuehne Nagel,831,OK,OK,,"[1, 1, 1, 2, 2, 3, 4, 4, 5, 5, 5]"
Kuehne Nagel,832,OK,OK,,"[1, 1, 1, 2, 2, 3, 3, 3, 3, 3, 4, 4, 5, 5, 5]"
Kuehne Nagel,833,OK,OK,,"[1, 1, 2, 2, 3, 3, 3, 3, 3, 4]"
Kuehne Nagel,834,OK,OK,,"[1, 1, 2, 2, 2, 3, 4, 4, 4, 5, 5, 5]"
Kuehne Nagel,835,OK,OK,,"[1, 3, 4]"
Kuehne Nagel,836,OK,OK,,"[1, 1, 2, 3, 3, 3, 3, 3, 3, 3, 3, 4, 4, 5, 5]"
Kuehne Nagel,837,OK,OK,,"[1, 1, 1, 2, 2, 3, 3, 3, 3, 3, 3, 3, 3, 3, 3, 3, 3, 4, 4, 5, 5]"
Kuehne Nagel,838,OK,OK,,"[1, 1, 2, 2, 3, 3, 3, 3, 3, 3, 4, 4, 5, 5]"
Kuehne Nagel,839,OK,OK,,"[1, 1, 2, 2, 2, 3, 3, 3, 3, 3, 3, 3, 3, 3, 3, 3, 3, 3, 4]"
Kuehne Nagel,840,OK,OK,,"[1, 1, 2, 2, 3, 3, 3, 3, 4, 4, 4, 5, 5]"
Kuehne Nagel,841,OK,OK,,"[1, 1, 1, 2, 3, 4, 5]"
Kuehne Nagel,842,OK,OK,,"[1, 1, 1, 2, 2, 2, 3, 4, 4, 4, 5, 5]"
Kuehne Nagel,843,OK,OK,,"[1, 1, 2, 3, 4, 4, 5, 5]"
Kuehne Nagel,844,BAD_SEQUENCE,REVERSE,Уменьшение: 5 -> 4,"[1, 1, 2, 2, 2, 3, 4, 5, 4, 5]"
Kuehne Nagel,845,OK,OK,,"[1, 1, 1, 2, 2, 2, 3, 4, 4, 4, 5, 5]"
Kuehne Nagel,846,OK,OK,,"[1, 1, 1, 2, 2, 3, 3, 3, 3, 3, 3, 3, 4]"
Kuehne Nagel,847,OK,OK,,"[1, 1, 1, 2, 2, 3, 4, 4, 5, 5]"
Kuehne Nagel,848,OK,OK,,"[1, 2, 3, 4, 4, 4, 5, 5]"
Kuehne Nagel,849,OK,OK,,"[1, 1, 1, 2, 2, 3, 3, 3, 4]"
Kuehne Nagel,850,OK,OK,,"[1, 1, 1, 2, 2, 3, 3, 3, 4]"
Kuehne Nagel,851,OK,OK,,"[1, 1, 1, 2, 2, 2, 3, 3, 3, 3, 3, 4, 4, 5, 5, 5]"
Kuehne Nagel,852,OK,OK,,"[1, 1, 1, 2, 2, 2, 3, 3, 3, 3, 3, 4, 4, 5, 5, 5]"
Kuehne Nagel,853,OK,OK,,"[1, 1, 1, 2, 2, 2, 3, 4, 4, 4, 5, 5, 5]"
Kuehne Nagel,854,OK,OK,,"[1, 1, 1, 2, 2, 3, 3, 3, 4]"
Kuehne Nagel,855,OK,OK,,"[1, 1, 1, 1, 2, 2, 3, 4]"
Kuehne Nagel,856,OK,OK,,"[1, 1, 1, 2, 2, 3, 4, 5]"
Kuehne Nagel,857,OK,OK,,"[1, 1, 2, 2, 2, 3, 4, 4, 4, 5, 5]"
Kuehne Nagel,858,OK,OK,,"[1, 1, 1, 2, 3, 3, 3, 3, 3, 3, 3, 4]"
Kuehne Nagel,859,OK,OK,,"[1, 1, 1, 2, 2, 3, 3, 3, 3, 3, 3, 3, 4]"
Kuehne Nagel,860,OK,OK,,"[1, 1, 2, 2, 2, 3, 3, 3, 4]"
Kuehne Nagel,861,OK,OK,,"[1, 1, 1, 2, 2, 3, 3, 3, 3, 3, 4, 4, 4, 5, 5]"
Kuehne Nagel,862,OK,OK,,"[1, 3, 4, 5, 5, 5]"
Kuehne Nagel,863,OK,OK,,"[1, 1, 2, 2, 2, 3, 3, 3, 4]"
Kuehne Nagel,864,OK,OK,,"[1, 3, 4]"
Kuehne Nagel,865,OK,OK,,"[1, 1, 1, 1, 2, 2, 3, 4]"
Kuehne Nagel,866,OK,OK,,"[1, 2, 2, 2, 3, 3, 3, 3, 4]"
Kuehne Nagel,867,OK,OK,,"[1, 1, 1, 2, 2, 2, 3, 3, 3, 3, 3, 4]"
Kuehne Nagel,868,OK,OK,,"[1, 1, 1, 2, 2, 2, 3, 3, 3, 3, 3, 4]"
Kuehne Nagel,869,OK,OK,,"[1, 1, 1, 2, 2, 2, 3, 3, 3, 3, 3, 4]"
Kuehne Nagel,870,OK,OK,,"[1, 1, 2, 2, 2, 3, 3, 3, 3, 3, 4]"
Kuehne Nagel,871,OK,OK,,"[1, 1, 2, 2, 3, 3, 3, 3, 4, 4, 4, 5, 5]"
Kuehne Nagel,872,OK,OK,,"[1, 3, 4]"
Kuehne Nagel,873,OK,OK,,"[1, 1, 2, 2, 2, 2, 3, 4, 4, 4, 5, 5]"
Kuehne Nagel,874,OK,OK,,"[1, 1, 1, 2, 2, 3, 4, 4, 4, 5, 5, 5]"
Kuehne Nagel,875,BAD_SEQUENCE,REVERSE,Уменьшение: 5 -> 4,"[1, 1, 2, 2, 3, 3, 3, 3, 3, 3, 3, 3, 4, 4, 4, 5, 4, 5, 5]"
Kuehne Nagel,876,OK,OK,,"[1, 1, 1, 2, 3, 3, 3, 3, 4, 4, 4, 5, 5]"
Kuehne Nagel,877,OK,OK,,"[1, 1, 1, 2, 3, 3, 3, 3, 4, 4, 4, 5, 5]"
Kuehne Nagel,878,OK,OK,,"[1, 3, 4]"
Kuehne Nagel,879,OK,OK,,"[1, 3, 4]"
Kuehne Nagel,880,OK,OK,,"[1, 3, 3, 3, 4, 5, 5]"
Kuehne Nagel,881,OK,OK,,"[1, 1, 1, 2, 2, 3, 3, 3, 3, 3, 4]"
Kuehne Nagel,882,OK,OK,,"[1, 1, 2, 2, 3, 4]"
Kuehne Nagel,883,OK,OK,,"[1, 1, 2, 2, 3, 4, 4, 4, 5, 5]"
Kuehne Nagel,884,OK,OK,,"[1, 1, 1, 2, 2, 3, 4, 4, 4, 5, 5]"
Kuehne Nagel,885,BAD_SEQUENCE,REVERSE,Уменьшение: 5 -> 3,"[1, 1, 1, 2, 2, 3, 3, 3, 3, 3, 4, 4, 5, 5, 3, 4, 5, 5, 5]"
Kuehne Nagel,886,OK,OK,,"[1, 1, 1, 2, 2, 3, 4, 4, 4, 5, 5]"
Kuehne Nagel,887,OK,OK,,"[1, 1, 1, 2, 2, 2, 3, 4, 4, 5, 5, 5]"
Kuehne Nagel,888,OK,OK,,"[1, 1, 1, 2, 2, 2, 3, 4, 4, 5, 5, 5]"
Kuehne Nagel,889,OK,OK,,"[1, 1, 1, 2, 2, 3, 3, 3, 3, 3, 4, 4, 5, 5, 5]"
Kuehne Nagel,890,OK,OK,,"[1, 1, 1, 2, 2, 3, 4]"
Kuehne Nagel,891,OK,OK,,"[1, 1, 2, 2, 2, 3, 4, 4, 4, 5, 5]"
Kuehne Nagel,892,OK,OK,,"[1, 1, 1, 2, 2, 3, 4, 4, 5, 5]"
Kuehne Nagel,893,OK,OK,,"[1, 1, 1, 2, 2, 3, 3, 3, 3, 3, 4, 4, 5, 5, 5]"
Kuehne Nagel,894,OK,OK,,"[1, 1, 2, 3, 3, 3, 3, 3, 3, 3, 4, 4, 5, 5]"
Kuehne Nagel,895,OK,OK,,"[1, 2, 2, 2, 2, 3, 3, 3, 3, 3, 3, 3, 4]"
Kuehne Nagel,896,OK,OK,,"[1, 1, 2, 2, 3, 3, 3, 3, 3, 4, 4, 5, 5, 5]"
Kuehne Nagel,897,OK,OK,,"[1, 1, 1, 2, 2, 2, 3, 4, 4, 4, 5, 5]"
Kuehne Nagel,898,OK,OK,,"[1, 1, 1, 2, 2, 3, 4, 4, 4, 5, 5, 5]"
Kuehne Nagel,899,OK,OK,,"[1, 1, 2, 2, 3, 3, 3, 3, 3, 3, 3, 4, 5, 5, 5]"
Kuehne Nagel,900,OK,OK,,"[1, 1, 1, 2, 2, 3, 3, 3, 3, 3, 3, 3, 3, 4, 4, 5, 5]"
Kuehne Nagel,901,OK,OK,,"[1, 3, 4]"
Kuehne Nagel,902,OK,OK,,"[1, 1, 1, 2, 2, 3, 3, 3, 3, 3, 4]"
Kuehne Nagel,903,OK,OK,,"[1, 1, 2, 2, 2, 3, 4, 4, 4, 5, 5]"
Kuehne Nagel,904,OK,OK,,"[1, 1, 1, 2, 2, 3, 4, 4, 5, 5, 5]"
Kuehne Nagel,905,OK,OK,,"[1, 1, 2, 2, 3, 4]"
Kuehne Nagel,906,OK,OK,,"[1, 1, 2, 2, 3, 4]"
Kuehne Nagel,907,OK,OK,,"[1, 1, 1, 2, 2, 3, 4, 4, 5, 5]"
Kuehne Nagel,908,OK,OK,,"[1, 1, 1, 2, 2, 3, 4, 4, 5, 5]"
Kuehne Nagel,909,OK,OK,,"[1, 1, 2, 2, 2, 2, 3, 4, 4, 4, 5, 5]"
Kuehne Nagel,910,OK,OK,,"[1, 2, 2, 3, 4, 4, 5, 5]"
Kuehne Nagel,911,OK,OK,,"[1, 2, 2, 2, 2, 3, 3, 3, 3, 4, 4, 4, 5, 5]"
Kuehne Nagel,912,OK,OK,,"[1, 3, 4, 5, 5, 5]"
Kuehne Nagel,913,OK,OK,,"[1, 1, 1, 2, 2, 3, 4, 4, 4, 5, 5, 5]"
Kuehne Nagel,914,BAD_SEQUENCE,REVERSE,Уменьшение: 5 -> 3,"[1, 1, 1, 2, 2, 3, 4, 4, 4, 5, 5, 3, 4, 5, 5, 5]"
Kuehne Nagel,915,BAD_SEQUENCE,REVERSE,Уменьшение: 5 -> 4,"[1, 1, 1, 2, 2, 2, 3, 4, 4, 5, 5, 4, 5, 5, 5, 5, 3, 3]"
Kuehne Nagel,916,OK,OK,,"[1, 3, 4]"
Kuehne Nagel,917,OK,OK,,"[1, 1, 1, 2, 2, 2, 3, 4, 4, 4, 5, 5]"
Kuehne Nagel,918,BAD_SEQUENCE,REVERSE,Уменьшение: 5 -> 3,"[1, 1, 1, 2, 2, 3, 3, 3, 3, 3, 4, 4, 4, 5, 5, 3, 3]"
Kuehne Nagel,919,OK,OK,,"[1, 3, 4]"
Kuehne Nagel,920,BAD_SEQUENCE,REVERSE,Уменьшение: 5 -> 3,"[1, 1, 2, 2, 2, 3, 4, 4, 5, 3, 4, 4]"
Kuehne Nagel,921,OK,OK,,"[1, 3, 3, 3, 3, 3, 3, 4, 4, 5]"
Kuehne Nagel,922,OK,OK,,"[1, 1, 2, 2, 2, 2, 3, 4, 4, 4, 5, 5]"
Kuehne Nagel,923,OK,OK,,"[1, 1, 1, 2, 2, 3, 4, 4, 4, 5, 5]"
Kuehne Nagel,924,OK,OK,,"[1, 1, 2, 3, 3, 3, 3, 3, 3, 3, 3, 4, 4, 4, 5, 5, 5]"
Kuehne Nagel,925,OK,OK,,"[1, 1, 1, 2, 3, 3, 3, 3, 4, 4, 4, 5, 5]"
Kuehne Nagel,926,OK,OK,,"[1, 1, 1, 2, 3, 3, 3, 3, 4, 4, 4, 5, 5]"
Kuehne Nagel,927,OK,OK,,"[1, 3, 4, 4, 5, 5]"
Kuehne Nagel,928,OK,OK,,"[1, 1, 2, 2, 3, 3, 3, 3, 3, 4, 4, 5, 5, 5]"
Kuehne Nagel,929,OK,OK,,"[1, 2, 2, 3, 3, 3, 3, 3, 4, 4, 5, 5]"
Kuehne Nagel,930,OK,OK,,"[1, 1, 1, 2, 2, 2, 3, 4, 4, 4, 5, 5]"
Kuehne Nagel,931,OK,OK,,"[1, 1, 1, 2, 2, 3, 4, 4, 4, 5, 5, 5]"
Kuehne Nagel,932,OK,OK,,"[1, 1, 2, 2, 3, 3, 3, 3, 3, 3, 3, 4, 5, 5, 5]"
Kuehne Nagel,933,OK,OK,,"[1, 1, 1, 2, 2, 3, 3, 3, 3, 3, 4, 5, 5, 5]"
Kuehne Nagel,934,OK,OK,,"[1, 1, 1, 2, 2, 2, 3, 4, 4, 5, 5, 5]"
Kuehne Nagel,935,OK,OK,,"[1, 1, 1, 2, 2, 3, 3, 3, 3, 4]"
Kuehne Nagel,936,OK,OK,,"[1, 1, 1, 2, 2, 2, 3, 4, 4, 5, 5, 5]"
Kuehne Nagel,937,OK,OK,,"[1, 3, 4]"
Kuehne Nagel,938,OK,OK,,"[1, 1, 1, 2, 2, 2, 3, 4, 4, 4, 5, 5, 5]"
Kuehne Nagel,939,OK,OK,,"[1, 1, 1, 2, 2, 2, 3, 4, 4, 4, 5, 5, 5]"
Kuehne Nagel,940,BAD_SEQUENCE,SKIP,Скачок: 1 -> 3,"[1, 1, 1, 3, 4]"
Kuehne Nagel,941,BAD_SEQUENCE,SKIP,Скачок: 1 -> 3,"[1, 1, 3, 4]"
Kuehne Nagel,942,OK,OK,,"[1, 1, 2, 3, 3, 3, 3, 3, 4, 4, 4, 5, 5]"
Kuehne Nagel,943,OK,OK,,"[1, 1, 1, 2, 2, 3, 3, 3, 3, 3, 3, 3, 3, 3, 4, 4, 5, 5]"
Kuehne Nagel,944,OK,OK,,"[1, 1, 2, 2, 3, 3, 3, 3, 4, 4, 4, 5, 5]"
Kuehne Nagel,945,OK,OK,,"[1, 1, 1, 2, 2, 3, 3, 3, 3, 3, 4, 4, 5, 5]"
Kuehne Nagel,946,OK,OK,,"[1, 1, 1, 2, 2, 3, 3, 3, 4]"
Kuehne Nagel,947,OK,OK,,"[1, 3, 4]"
Kuehne Nagel,948,OK,OK,,"[1, 3, 4]"
Kuehne Nagel,949,OK,OK,,"[1, 1, 2, 2, 3, 3, 3, 3, 4, 4, 4, 5, 5]"
Kuehne Nagel,950,OK,OK,,"[1, 1, 1, 2, 2, 3, 3, 3, 3, 3, 4, 4, 5, 5]"
Kuehne Nagel,951,OK,OK,,"[1, 3, 4]"
Kuehne Nagel,952,OK,OK,,"[1, 3, 4]"
Kuehne Nagel,953,OK,OK,,"[1, 1, 1, 2, 2, 3, 3, 3, 4]"
Kuehne Nagel,954,OK,OK,,"[1, 1, 2, 2, 3, 4, 4, 5, 5]"
Kuehne Nagel,955,BAD_SEQUENCE,REVERSE,Уменьшение: 5 -> 3,"[1, 1, 1, 2, 2, 2, 3, 4, 4, 4, 5, 5, 3, 3]"
Kuehne Nagel,956,OK,OK,,"[1, 1, 2, 2, 2, 3, 4, 4, 4, 5, 5]"
Kuehne Nagel,957,OK,OK,,"[1, 1, 1, 2, 2, 3, 3, 3, 3, 3, 3, 3, 3, 3, 4, 4, 4, 5, 5]"
Kuehne Nagel,958,OK,OK,,"[1, 1, 2, 2, 3, 4, 4, 3, 4, 4, 4, 5]"
Kuehne Nagel,959,OK,OK,,"[1, 1, 2, 2, 3, 4, 4, 3, 4, 4, 4, 5]"
Kuehne Nagel,960,OK,OK,,"[1, 3, 4]"
Kuehne Nagel,961,OK,OK,,"[1, 1, 1, 1, 2, 3, 3, 3, 3, 3, 4, 4, 5, 5]"
Kuehne Nagel,962,OK,OK,,"[1, 1, 2, 2, 2, 3, 3, 3, 3, 3, 4, 4, 4, 5, 5, 5]"
Kuehne Nagel,963,OK,OK,,"[1, 1, 2, 2, 2, 3, 4, 4, 4, 5, 5]"
Kuehne Nagel,964,OK,OK,,"[1, 1, 2, 2, 3, 4, 4, 4, 5, 5]"
Kuehne Nagel,965,OK,OK,,"[1, 1, 1, 2, 2, 3, 4, 4, 5, 5]"
Kuehne Nagel,966,OK,OK,,"[1, 1, 1, 2, 2, 3, 4, 4, 5, 5]"
Kuehne Nagel,967,OK,OK,,"[1, 1, 1, 2, 2, 2, 3, 4, 5]"
Kuehne Nagel,968,OK,OK,,"[1, 1, 1, 2, 2, 3, 4, 4, 4, 5, 5]"
Kuehne Nagel,969,OK,OK,,"[1, 1, 1, 1, 2, 3, 3, 3, 3, 3, 4, 5]"
Kuehne Nagel,970,OK,OK,,"[1, 1, 1, 2, 2, 2, 3, 3, 3, 3, 3, 4, 4, 4, 5, 5]"
Kuehne Nagel,971,BAD_SEQUENCE,REVERSE,Уменьшение: 5 -> 3,"[1, 1, 1, 2, 3, 4, 4, 4, 5, 3, 3]"
Kuehne Nagel,972,OK,OK,,"[1, 1, 2, 2, 2, 3, 4, 4, 5, 5, 5]"
Kuehne Nagel,973,OK,OK,,"[1, 1, 1, 2, 2, 3, 4, 4, 5, 5]"
Kuehne Nagel,974,OK,OK,,"[1, 1, 2, 2, 2, 3, 4, 4, 4, 5, 5]"
Kuehne Nagel,975,BAD_SEQUENCE,REVERSE,Уменьшение: 5 -> 3,"[1, 1, 2, 2, 2, 3, 3, 3, 3, 4, 4, 5, 3, 3, 3, 3, 4]"
Kuehne Nagel,976,OK,OK,,"[1, 1, 1, 2, 2, 2, 3, 4, 4, 5, 5, 5]"
Kuehne Nagel,977,OK,OK,,"[1, 1, 2, 3, 3, 3, 3, 3, 3, 3, 3, 3, 4, 4, 4, 5, 5]"
Kuehne Nagel,978,OK,OK,,"[1, 1, 2, 2, 3, 4, 4, 5, 5]"
Kuehne Nagel,979,BAD_SEQUENCE,REVERSE,Уменьшение: 5 -> 3,"[1, 1, 1, 2, 3, 4, 4, 3, 4, 4, 4, 5, 5, 3, 3]"
Kuehne Nagel,980,BAD_SEQUENCE,REVERSE,Уменьшение: 5 -> 3,"[1, 1, 1, 2, 2, 2, 3, 3, 3, 3, 3, 4, 4, 4, 5, 5, 3, 3]"
Kuehne Nagel,981,OK,OK,,"[1, 1, 2, 2, 2, 3, 3, 3, 3, 3, 4]"
Kuehne Nagel,982,OK,OK,,"[1, 1, 2, 2, 2, 3, 4, 4, 4, 5, 5]"
Kuehne Nagel,983,OK,OK,,"[1, 3, 4]"
Kuehne Nagel,984,OK,OK,,"[1, 1, 2, 2, 2, 2, 3, 4, 4, 4, 5, 5]"
Kuehne Nagel,985,OK,OK,,"[1, 1, 2, 2, 3, 4]"
Kuehne Nagel,986,OK,OK,,"[1, 1, 1, 2, 2, 3, 3, 3, 3, 3, 4]"
Kuehne Nagel,987,BAD_SEQUENCE,REVERSE,Уменьшение: 5 -> 4,"[1, 1, 1, 2, 2, 2, 3, 4, 4, 5, 4, 5, 3, 3]"
Kuehne Nagel,988,OK,OK,,"[1, 1, 2, 2, 2, 3, 4]"
Kuehne Nagel,989,OK,OK,,"[1, 1, 2, 2, 3, 3, 3, 3, 3, 3, 3, 3, 3, 3, 3, 3, 3, 4, 4, 5, 5, 5]"
Kuehne Nagel,990,OK,OK,,"[1, 1, 1, 2, 2, 3, 4, 4, 4, 5, 5]"
Kuehne Nagel,991,OK,OK,,"[1, 3, 4]"
Kuehne Nagel,992,BAD_SEQUENCE,REVERSE,Уменьшение: 5 -> 3,"[1, 1, 2, 2, 2, 2, 3, 4, 4, 5, 3, 3, 4, 5, 5, 3, 3]"
Kuehne Nagel,993,OK,OK,,"[1, 1, 2, 2, 3, 4, 4, 4, 5, 5]"
Kuehne Nagel,994,BAD_SEQUENCE,REVERSE,Уменьшение: 5 -> 3,"[1, 1, 1, 2, 2, 2, 3, 4, 4, 4, 5, 5, 3, 3]"
Kuehne Nagel,995,OK,OK,,"[1, 1, 2, 2, 2, 3, 4, 4, 4, 5, 5, 5]"
Kuehne Nagel,996,OK,OK,,"[1, 3, 4]"
Kuehne Nagel,997,BAD_SEQUENCE,REVERSE,Уменьшение: 5 -> 3,"[1, 1, 1, 2, 2, 2, 3, 4, 4, 4, 5, 5, 3, 3]"
Kuehne Nagel,998,OK,OK,,"[1, 1, 2, 2, 2, 3, 4, 4, 4, 5, 5, 5]"
Kuehne Nagel,999,OK,OK,,"[1, 3, 4]"
LESCHACO,0,OK,OK,,"[1, 1, 1, 2, 3, 3, 3, 3, 3, 4, 4, 5]"
LESCHACO,1,BAD_SEQUENCE,SKIP,Скачок: 1 -> 3,"[1, 1, 3, 4]"
LESCHACO,2,BAD_SEQUENCE,SKIP,Скачок: 1 -> 3,"[1, 1, 3, 3, 4, 4, 5]"
LESCHACO,3,OK,OK,,"[1, 1, 2, 2, 3, 3, 3, 3, 3]"
LESCHACO,4,BAD_SEQUENCE,SKIP,Скачок: 1 -> 3,"[1, 1, 3, 3, 4, 4, 5]"
LESCHACO,5,BAD_SEQUENCE,SKIP,Скачок: 1 -> 3,"[1, 1, 3, 3, 4, 4, 5]"
LESCHACO,6,BAD_SEQUENCE,SKIP,Скачок: 1 -> 3,"[1, 1, 3, 4]"
LESCHACO,7,BAD_SEQUENCE,SKIP,Скачок: 1 -> 3,"[1, 1, 3, 3]"
LESCHACO,8,OK,OK,,"[1, 3, 4]"
LESCHACO,9,OK,OK,,"[1, 1, 1, 2, 3, 3, 3, 3, 3, 4, 4, 5]"
LESCHACO,10,OK,OK,,"[1, 3, 4]"
LESCHACO,11,OK,OK,,"[1, 1, 2, 2, 3, 3, 3, 3, 3]"
LESCHACO,12,OK,OK,,"[1, 3, 3, 3, 3, 3, 3, 3, 3, 3, 3, 3, 3, 3]"
LESCHACO,13,OK,OK,,"[1, 3, 4]"
LESCHACO,14,OK,OK,,"[1, 3, 4]"
LESCHACO,15,BAD_SEQUENCE,SKIP,Скачок: 1 -> 3,"[1, 1, 1, 1, 3, 3, 3, 3, 3, 3, 3, 4]"
LESCHACO,16,OK,OK,,"[1, 3, 3, 3, 3, 3, 3, 3, 3, 3, 3, 3, 3, 3]"
LESCHACO,17,OK,OK,,"[1, 1, 1, 2, 3, 3, 3, 3, 3, 3, 3, 3, 3, 3, 4, 4, 5, 5]"
LESCHACO,18,OK,OK,,"[1, 3, 4]"
LESCHACO,19,OK,OK,,"[1, 1, 2, 2, 2, 3, 3, 3, 3, 3, 4, 4, 5, 5]"
LESCHACO,20,OK,OK,,"[1, 3, 3, 3, 4, 4, 5, 5, 5]"
LESCHACO,21,OK,OK,,"[1, 1, 1, 2, 2, 2, 3, 3, 3, 3, 3]"
LESCHACO,22,OK,OK,,"[1, 1, 2, 3, 3]"
LESCHACO,23,OK,OK,,"[1, 3, 4, 5, 5, 5]"
LESCHACO,24,OK,OK,,"[1, 1, 2, 3, 3]"
LESCHACO,25,OK,OK,,"[1, 2, 3, 3, 3, 3]"
LESCHACO,26,OK,OK,,"[1, 3, 3]"
LESCHACO,27,BAD_SEQUENCE,SKIP,Скачок: 1 -> 3,"[1, 1, 3, 4, 5, 5, 5]"
LESCHACO,28,OK,OK,,"[1, 3, 4]"
LESCHACO,29,OK,OK,,"[1, 1, 1, 2, 2, 3, 4]"
LESCHACO,30,BAD_SEQUENCE,SKIP,Скачок: 1 -> 3,"[1, 1, 3, 3, 3, 3, 3, 3, 3, 3]"
LESCHACO,31,BAD_SEQUENCE,SKIP,Скачок: 1 -> 3,"[1, 1, 3, 4]"
LESCHACO,32,OK,OK,,"[1, 3, 3, 3, 4, 4, 5, 5, 5]"
LESCHACO,33,OK,OK,,"[1, 3, 3]"
LESCHACO,34,OK,OK,,"[1, 3, 3, 4]"
LESCHACO,35,OK,OK,,"[1, 1, 1, 2, 3, 3, 3, 3]"
LESCHACO,36,BAD_SEQUENCE,SKIP,Скачок: 1 -> 3,"[1, 1, 1, 1, 3, 3, 3, 3, 3, 4]"
LESCHACO,37,BAD_SEQUENCE,SKIP,Скачок: 1 -> 3,"[1, 1, 1, 1, 3, 3, 3, 3, 3, 4]"
LESCHACO,38,BAD_SEQUENCE,SKIP,Скачок: 1 -> 3,"[1, 1, 1, 1, 3, 3, 3, 3, 3, 4]"
LESCHACO,39,BAD_SEQUENCE,SKIP,Скачок: 1 -> 3,"[1, 1, 1, 1, 3, 3, 3, 3, 3, 4]"
LESCHACO,40,BAD_SEQUENCE,SKIP,Скачок: 1 -> 3,"[1, 1, 1, 1, 3, 3, 3, 3, 3, 4]"
LESCHACO,41,BAD_SEQUENCE,SKIP,Скачок: 1 -> 3,"[1, 1, 1, 1, 3, 3, 3, 3, 3, 4]"
LESCHACO,42,OK,OK,,"[1, 3, 4]"
LESCHACO,43,BAD_SEQUENCE,SKIP,Скачок: 1 -> 3,"[1, 1, 3, 3, 3, 4]"
LESCHACO,44,BAD_SEQUENCE,SKIP,Скачок: 1 -> 3,"[1, 1, 1, 3, 3, 4]"
LESCHACO,45,BAD_SEQUENCE,SKIP,Скачок: 1 -> 3,"[1, 1, 3, 4]"
LESCHACO,46,BAD_SEQUENCE,SKIP,Скачок: 1 -> 3,"[1, 1, 3, 4]"
LESCHACO,47,BAD_SEQUENCE,SKIP,Скачок: 1 -> 3,"[1, 1, 1, 1, 3, 4]"
LESCHACO,48,OK,OK,,"[1, 3, 4]"
LESCHACO,49,OK,OK,,"[1, 1, 1, 2, 3, 4, 4, 5]"
LESCHACO,50,OK,OK,,"[1, 3, 4]"
LESCHACO,51,OK,OK,,"[1, 1, 2, 2, 3, 4]"
LESCHACO,52,OK,OK,,"[1, 1, 2, 2, 3, 4]"
LESCHACO,53,OK,OK,,"[1, 1, 2, 2, 3, 4]"
LESCHACO,54,OK,OK,,"[1, 1, 2, 2, 3, 3, 3, 3, 3, 3, 3, 3, 3, 3, 3, 3, 3]"
LESCHACO,55,OK,OK,,"[1, 1, 2, 2, 3, 4, 4, 5, 5]"
LESCHACO,56,OK,OK,,"[1, 1, 2, 3, 3, 3, 3, 3, 4, 4, 5, 5]"
LESCHACO,57,OK,OK,,"[1, 1, 1, 1, 2, 2, 3, 4, 4, 5, 5]"
LESCHACO,58,OK,OK,,"[1, 2, 3, 3, 3, 3, 3, 4, 4]"
LESCHACO,59,OK,OK,,"[1, 3, 4, 5, 5, 5]"
LESCHACO,60,OK,OK,,"[1, 2, 2, 3, 3, 4]"
LESCHACO,61,BAD_SEQUENCE,SKIP,Скачок: 1 -> 3,"[1, 1, 1, 3, 4]"
LESCHACO,62,BAD_SEQUENCE,SKIP,Скачок: 1 -> 3,"[1, 1, 3, 4]"
LESCHACO,63,OK,OK,,"[1, 3, 4, 5, 5, 5]"
LESCHACO,64,OK,OK,,"[1, 3, 4, 5, 5, 5]"
LESCHACO,65,OK,OK,,"[1, 1, 1, 2, 3, 3, 3, 3, 3, 4, 4, 5]"
LESCHACO,66,OK,OK,,"[1, 3, 3, 3, 3, 3, 4]"
LESCHACO,67,OK,OK,,"[1, 2, 3, 3, 3, 3, 3, 3, 4]"
LESCHACO,68,OK,OK,,"[1, 3, 4, 5, 5]"
LESCHACO,69,OK,OK,,"[1, 1, 2, 2, 3, 3, 3, 3, 3]"
LESCHACO,70,OK,OK,,"[1, 1, 2, 2, 3, 3, 3, 3, 3, 3, 3, 3, 3, 3, 3, 3, 3]"
LESCHACO,71,OK,OK,,"[1, 2, 3, 3, 3, 3, 3, 3, 4]"
LESCHACO,72,OK,OK,,"[1, 1, 1, 2, 3, 4, 4]"
LESCHACO,73,BAD_SEQUENCE,SKIP,Скачок: 1 -> 3,"[1, 1, 3, 4]"
LESCHACO,74,OK,OK,,"[1, 1, 1, 2, 3, 3, 3, 3, 3, 4, 4, 5]"
LESCHACO,75,OK,OK,,"[1, 3, 4, 5, 5]"
LESCHACO,76,OK,OK,,"[1, 1, 2, 2, 3, 3, 3, 3, 3]"
LESCHACO,77,OK,OK,,"[1, 1, 1, 2, 3, 3, 3, 3, 3, 4, 4, 5, 5]"
LESCHACO,78,BAD_SEQUENCE,SKIP,Скачок: 1 -> 3,"[1, 1, 3, 3, 3, 3, 3, 3, 4, 4, 5]"
LESCHACO,79,OK,OK,,"[1, 1, 2, 3, 4]"
LESCHACO,80,OK,OK,,"[1, 1, 2, 2, 3, 3, 3, 3, 3, 3, 3, 3, 3, 3, 3, 3, 3]"
LESCHACO,81,OK,OK,,"[1, 1, 1, 2, 3, 4, 4, 5]"
LESCHACO,82,BAD_SEQUENCE,SKIP,Скачок: 1 -> 3,"[1, 1, 3, 4]"
LESCHACO,83,OK,OK,,"[1, 2, 3, 3, 3, 3, 3, 3, 3, 4, 4, 5]"
LESCHACO,84,OK,OK,,"[1, 1, 1, 2, 2, 3, 4, 4, 5, 5]"
LESCHACO,85,OK,OK,,"[1, 1, 2, 3, 3]"
LESCHACO,86,OK,OK,,"[1, 3, 3, 3, 3]"
LESCHACO,87,BAD_SEQUENCE,SKIP,Скачок: 1 -> 3,"[1, 1, 1, 3, 3, 4]"
LESCHACO,88,OK,OK,,"[1, 3, 3]"
LESCHACO,89,OK,OK,,"[1, 1, 2, 3, 3, 3, 3]"
LESCHACO,90,OK,OK,,"[1, 1, 1, 2, 3, 3, 3, 3, 3, 4, 4, 5]"
LESCHACO,91,BAD_SEQUENCE,SKIP,Скачок: 1 -> 3,"[1, 1, 3, 4]"
LESCHACO,92,OK,OK,,"[1, 1, 1, 2, 3, 3, 3, 3, 3, 4, 4, 5]"
LESCHACO,93,OK,OK,,"[1, 1, 2, 2, 3, 3, 3, 3, 3]"
LESCHACO,94,OK,OK,,"[1, 1, 2, 2, 3, 3, 3]"
LESCHACO,95,OK,OK,,"[1, 1, 1, 2, 3, 3, 3, 3, 3, 4, 4, 5, 5]"
LESCHACO,96,OK,OK,,"[1, 1, 2, 3, 3, 4]"
LESCHACO,97,OK,OK,,"[1, 1, 1, 2, 3, 3, 3, 3, 3, 4, 4, 5]"
LESCHACO,98,OK,OK,,"[1, 3, 4, 5, 5]"
LESCHACO,99,OK,OK,,"[1, 2, 3, 3, 3, 3, 3, 3, 3, 3, 3, 3, 4, 4]"
LESCHACO,100,OK,OK,,"[1, 2, 3, 3, 3, 3, 3, 3, 3, 3, 3, 3, 4, 4]"
LESCHACO,101,OK,OK,,"[1, 2, 3, 3, 3, 3, 3, 3, 3, 3, 3, 3, 4, 4]"
LESCHACO,102,OK,OK,,"[1, 1, 1, 2, 2, 3, 4]"
LESCHACO,103,OK,OK,,"[1, 2, 3, 3, 3, 3, 3, 3, 3, 3, 3, 3, 4, 4]"
LESCHACO,104,OK,OK,,"[1, 1, 2, 3, 3, 4]"
LESCHACO,105,OK,OK,,"[1, 2, 3, 3, 3, 3, 3, 3, 3, 3, 3, 3, 4, 4]"
LESCHACO,106,BAD_SEQUENCE,SKIP,Скачок: 1 -> 3,"[1, 1, 3, 4]"
LESCHACO,107,OK,OK,,"[1, 2, 3, 3, 3, 3, 3, 3, 3, 3, 3, 3, 4, 4]"
LESCHACO,108,OK,OK,,"[1, 1, 1, 2, 3, 3, 3, 3, 3, 3, 4]"
LESCHACO,109,BAD_SEQUENCE,SKIP,Скачок: 1 -> 3,"[1, 1, 3, 3, 3, 3, 3, 3, 4]"
LESCHACO,110,BAD_SEQUENCE,SKIP,Скачок: 1 -> 3,"[1, 1, 3, 3, 3, 3, 3, 3, 4]"
LESCHACO,111,BAD_SEQUENCE,SKIP,Скачок: 1 -> 3,"[1, 1, 1, 1, 3, 3, 4]"
LESCHACO,112,OK,OK,,"[1, 3, 4, 5, 5]"
LESCHACO,113,OK,OK,,"[1, 1, 1, 2, 2, 3, 3, 3, 3, 3, 3, 3, 3, 3]"
LESCHACO,114,OK,OK,,"[1, 1, 2, 3, 3, 4]"
LESCHACO,115,BAD_SEQUENCE,SKIP,Скачок: 1 -> 3,"[1, 1, 3, 3, 3, 3, 3, 3, 4]"
LESCHACO,116,OK,OK,,"[1, 1, 1, 2, 2, 3, 4]"
LESCHACO,117,BAD_SEQUENCE,SKIP,Скачок: 1 -> 3,"[1, 1, 3, 4]"
LESCHACO,118,BAD_SEQUENCE,SKIP,Скачок: 1 -> 3,"[1, 1, 1, 1, 3, 3, 4]"
LESCHACO,119,OK,OK,,"[1, 1, 1, 2, 3, 3, 3, 3, 3, 3, 4]"
LESCHACO,120,OK,OK,,"[1, 3, 3, 3, 3, 3, 3, 4]"
LESCHACO,121,OK,OK,,"[1, 2, 3, 3, 3, 3, 3, 3, 4]"
LESCHACO,122,OK,OK,,"[1, 2, 3, 3, 3, 3, 3, 3, 4]"
LESCHACO,123,OK,OK,,"[1, 3, 3, 3, 3, 3, 3, 4]"
LESCHACO,124,OK,OK,,"[1, 3, 3, 3, 3, 3, 3, 4]"
LESCHACO,125,OK,OK,,"[1, 1, 2, 3, 3, 3, 3, 3, 3, 4]"
LESCHACO,126,OK,OK,,"[1, 1, 2, 3, 3, 3, 3, 3, 3, 4]"
LESCHACO,127,OK,OK,,"[1, 3, 3, 3, 3, 3, 3, 4]"
LESCHACO,128,OK,OK,,"[1, 2, 3, 3, 3, 3, 3, 3, 3, 3, 3, 3, 4, 4]"
LESCHACO,129,OK,OK,,"[1, 2, 3, 3, 3, 3, 3, 3, 3, 3, 3, 3, 4, 4]"
LESCHACO,130,OK,OK,,"[1, 2, 3, 3, 3, 3, 3, 3, 3, 3, 3, 3, 4, 4]"
LESCHACO,131,OK,OK,,"[1, 2, 3, 3, 3, 3, 3, 3, 3, 3, 3, 3, 4, 4]"
LESCHACO,132,OK,OK,,"[1, 2, 3, 3, 3, 3, 3, 3, 3, 3, 3, 3, 4, 4]"
LESCHACO,133,OK,OK,,"[1, 2, 3, 3, 3, 3, 3, 3, 3, 3, 3, 3, 4, 4]"
LESCHACO,134,OK,OK,,"[1, 3, 3, 3, 4, 4, 5, 5, 5]"
LESCHACO,135,OK,OK,,"[1, 1, 2, 3, 3, 3, 4]"
LESCHACO,136,BAD_SEQUENCE,SKIP,Скачок: 1 -> 3,"[1, 1, 3, 3]"
LESCHACO,137,OK,OK,,"[1, 3, 4]"
LESCHACO,138,OK,OK,,"[1, 3, 3, 4]"
LESCHACO,139,OK,OK,,"[1, 3, 3]"
LESCHACO,140,OK,OK,,"[1, 1, 1, 2, 3, 3, 3, 3, 3, 3, 3, 3, 3, 3, 3, 3, 3, 3, 3, 3, 3, 3, 3, 3, 3]"
LESCHACO,141,OK,OK,,"[1, 1, 1, 2, 3, 4]"
LESCHACO,142,OK,OK,,"[1, 1, 1, 2, 3, 4]"
LESCHACO,143,OK,OK,,"[1, 1, 1, 2, 2, 3, 4]"
LESCHACO,144,OK,OK,,"[1, 3, 3]"
LESCHACO,145,OK,OK,,"[1, 1, 2, 3, 4, 4, 5]"
LESCHACO,146,OK,OK,,"[1, 1, 2, 3, 4, 4, 5]"
LESCHACO,147,OK,OK,,"[1, 2, 2, 3, 4, 4, 5, 5]"
LESCHACO,148,OK,OK,,"[1, 1, 1, 2, 3, 3, 3, 3, 3, 4, 4, 5]"
LESCHACO,149,BAD_SEQUENCE,SKIP,Скачок: 1 -> 3,"[1, 1, 1, 3, 3, 3, 3, 3, 3, 3, 3, 3, 3, 3, 3]"
LESCHACO,150,BAD_SEQUENCE,SKIP,Скачок: 1 -> 3,"[1, 1, 3, 3, 3, 3]"
LESCHACO,151,OK,OK,,"[1, 3, 3]"
LESCHACO,152,OK,OK,,"[1, 1, 2, 3, 4, 4, 5]"
LESCHACO,153,OK,OK,,"[1, 1, 2, 3, 4, 4, 5]"
LESCHACO,154,OK,OK,,"[1, 3, 3]"
LESCHACO,155,OK,OK,,"[1, 3, 4, 5, 5, 5]"
LESCHACO,156,OK,OK,,"[1, 1, 1, 2, 2, 3, 3, 3, 3, 3, 3, 4, 4, 4, 3, 3, 3]"
LESCHACO,157,OK,OK,,"[1, 2, 2, 3, 4, 4, 3, 3]"
LESCHACO,158,OK,OK,,"[1, 1, 1, 2, 3, 3]"
LESCHACO,159,BAD_SEQUENCE,SKIP,Скачок: 1 -> 3,"[1, 1, 1, 3, 3, 3, 3, 3]"
LESCHACO,160,OK,OK,,"[1, 1, 2, 3, 3, 3, 3]"
LESCHACO,161,BAD_SEQUENCE,SKIP,Скачок: 1 -> 3,"[1, 1, 3, 3]"
LESCHACO,162,OK,OK,,"[1, 1, 2, 2, 3, 3, 3, 3, 3, 4]"
LESCHACO,163,OK,OK,,"[1, 1, 1, 2, 2, 3, 4]"
LESCHACO,164,OK,OK,,"[1, 2, 2, 3, 4, 4, 5, 5]"
LESCHACO,165,OK,OK,,"[1, 3, 4]"
LESCHACO,166,BAD_SEQUENCE,SKIP,Скачок: 1 -> 3,"[1, 1, 3, 3, 3, 3]"
LESCHACO,167,OK,OK,,"[1, 1, 2, 3, 4, 4]"
LESCHACO,168,OK,OK,,"[1, 1, 1, 2, 2, 3, 3, 3, 3, 3, 3, 3, 3, 3]"
LESCHACO,169,BAD_SEQUENCE,SKIP,Скачок: 1 -> 3,"[1, 1, 3, 4]"
LESCHACO,170,OK,OK,,"[1, 1, 1, 2, 3, 3, 3, 3, 3, 3, 4, 4]"
LESCHACO,171,BAD_SEQUENCE,SKIP,Скачок: 1 -> 3,"[1, 1, 1, 1, 3, 3, 3, 3, 3, 3, 3, 3]"
LESCHACO,172,BAD_SEQUENCE,SKIP,Скачок: 1 -> 3,"[1, 1, 3, 4]"
LESCHACO,173,OK,OK,,"[1, 2, 3, 3, 3, 3, 3, 3, 4]"
LESCHACO,174,OK,OK,,"[1, 1, 1, 2, 2, 3, 3, 3, 3, 3]"
LESCHACO,175,OK,OK,,"[1, 1, 1, 2, 2, 3, 3, 3, 3]"
LESCHACO,176,OK,OK,,"[1, 2, 2, 3, 4, 4, 5, 5]"
LESCHACO,177,OK,OK,,"[1, 3, 4]"
LESCHACO,178,OK,OK,,"[1, 1, 1, 2, 3, 3, 3, 3, 3, 4, 4, 5]"
LESCHACO,179,BAD_SEQUENCE,SKIP,Скачок: 1 -> 3,"[1, 1, 1, 1, 3, 4]"
LESCHACO,180,OK,OK,,"[1, 3, 4]"
LESCHACO,181,BAD_SEQUENCE,SKIP,Скачок: 1 -> 3,"[1, 1, 3, 4]"
LESCHACO,182,BAD_SEQUENCE,SKIP,Скачок: 1 -> 3,"[1, 1, 3, 4]"
LESCHACO,183,BAD_SEQUENCE,SKIP,Скачок: 1 -> 3,"[1, 1, 3, 4]"
LESCHACO,184,OK,OK,,"[1, 1, 2, 3, 3, 3, 3, 3, 3]"
LESCHACO,185,OK,OK,,"[1, 3, 4]"
LESCHACO,186,BAD_SEQUENCE,SKIP,Скачок: 1 -> 3,"[1, 1, 3, 4]"
LESCHACO,187,OK,OK,,"[1, 3, 4]"
LESCHACO,188,BAD_SEQUENCE,SKIP,Скачок: 1 -> 3,"[1, 1, 3, 4]"
LESCHACO,189,OK,OK,,"[1, 2, 2, 3, 4]"
LESCHACO,190,OK,OK,,"[1, 1, 1, 2, 2, 3, 4, 4, 5]"
LESCHACO,191,OK,OK,,"[1, 3, 4]"
LESCHACO,192,OK,OK,,"[1, 3, 4]"
LESCHACO,193,OK,OK,,"[1, 2, 3, 4, 4, 5, 5]"
LESCHACO,194,OK,OK,,"[1, 3, 4, 5, 5]"
LESCHACO,195,BAD_SEQUENCE,SKIP,Скачок: 1 -> 3,"[1, 1, 1, 3, 3, 3, 4, 4, 5]"
LESCHACO,196,OK,OK,,"[1, 1, 2, 3, 3, 3, 3, 3, 3, 3, 3, 3, 3, 3]"
LESCHACO,197,BAD_SEQUENCE,SKIP,Скачок: 1 -> 3,"[1, 1, 3, 3, 3, 3, 3, 3, 3, 3, 3]"
LESCHACO,198,OK,OK,,"[1, 3, 4]"
LESCHACO,199,BAD_SEQUENCE,SKIP,Скачок: 1 -> 3,"[1, 1, 3, 3, 3, 4, 4, 3, 3]"
LESCHACO,200,OK,OK,,"[1, 1, 2, 3, 3, 3, 3, 3, 3, 3, 3, 3, 3]"
LESCHACO,201,OK,OK,,"[1, 3, 4]"
LESCHACO,202,OK,OK,,"[1, 3, 4]"
LESCHACO,203,BAD_SEQUENCE,SKIP,Скачок: 1 -> 3,"[1, 1, 3, 3]"
LESCHACO,204,BAD_SEQUENCE,SKIP,Скачок: 1 -> 3,"[1, 1, 3, 3]"
LESCHACO,205,OK,OK,,"[1, 1, 2, 3, 4, 4, 5]"
LESCHACO,206,OK,OK,,"[1, 1, 1, 2, 2, 3, 4, 4, 3, 3]"
LESCHACO,207,OK,OK,,"[1, 1, 2, 2, 3, 3, 3, 3, 3, 3]"
LESCHACO,208,BAD_SEQUENCE,SKIP,Скачок: 1 -> 3,"[1, 1, 3, 4]"
LESCHACO,209,BAD_SEQUENCE,SKIP,Скачок: 1 -> 3,"[1, 1, 3, 4]"
LESCHACO,210,OK,OK,,"[1, 1, 2, 2, 3, 3, 3, 3, 3, 3]"
LESCHACO,211,OK,OK,,"[1, 1, 2, 2, 3, 3, 3, 3, 3, 3]"
LESCHACO,212,OK,OK,,"[1, 3, 4]"
LESCHACO,213,OK,OK,,"[1, 1, 2, 2, 3, 4]"
LESCHACO,214,OK,OK,,"[1, 1, 2, 2, 3, 3, 3, 3, 3, 3, 3, 3, 3, 3, 3, 3, 3]"
LESCHACO,215,OK,OK,,"[1, 3, 3]"
LESCHACO,216,OK,OK,,"[1, 3, 4]"
LESCHACO,217,OK,OK,,"[1, 3, 4]"
LESCHACO,218,OK,OK,,"[1, 1, 2, 2, 3, 3, 3]"
LESCHACO,219,OK,OK,,"[1, 1, 1, 2, 3, 3, 3, 3, 3, 4, 4, 5, 5]"
LESCHACO,220,OK,OK,,"[1, 1, 2, 2, 3, 3, 3, 3, 3]"
LESCHACO,221,OK,OK,,"[1, 1, 2, 2, 3, 4]"
LESCHACO,222,OK,OK,,"[1, 1, 2, 2, 3, 3, 3, 3, 3, 3, 3, 3, 3, 3, 3, 3, 3]"
LESCHACO,223,OK,OK,,"[1, 3, 4, 5, 5]"
LESCHACO,224,OK,OK,,"[1, 3, 3]"
LESCHACO,225,BAD_SEQUENCE,SKIP,Скачок: 1 -> 3,"[1, 1, 3, 3, 3, 4, 4]"
LESCHACO,226,OK,OK,,"[1, 1, 2, 3, 3, 3, 3, 3, 3, 3, 3, 3, 3]"
LESCHACO,227,OK,OK,,"[1, 3, 3, 3, 4, 4, 5, 5, 5]"
LESCHACO,228,OK,OK,,"[1, 1, 1, 2, 3, 4, 4]"
LESCHACO,229,BAD_SEQUENCE,SKIP,Скачок: 1 -> 3,"[1, 1, 3, 3, 3, 4, 4]"
LESCHACO,230,OK,OK,,"[1, 1, 2, 3, 4, 4, 5]"
LESCHACO,231,OK,OK,,"[1, 1, 2, 2, 3, 3, 3]"
LESCHACO,232,BAD_SEQUENCE,SKIP,Скачок: 1 -> 3,"[1, 1, 3, 3, 3, 3, 3, 3, 4, 4, 5]"
LESCHACO,233,OK,OK,,"[1, 3, 4, 5, 5]"
LESCHACO,234,OK,OK,,"[1, 1, 1, 2, 3, 4, 4]"
LESCHACO,235,OK,OK,,"[1, 1, 2, 2, 3, 3, 3, 3, 3]"
LESCHACO,236,OK,OK,,"[1, 1, 2, 2, 3, 3, 3, 3, 3, 3, 3, 3, 3, 3, 3, 3, 3]"
LESCHACO,237,OK,OK,,"[1, 3, 4]"
LESCHACO,238,OK,OK,,"[1, 3, 4]"
LESCHACO,239,BAD_SEQUENCE,SKIP,Скачок: 1 -> 3,"[1, 1, 1, 3, 3, 4]"
LESCHACO,240,OK,OK,,"[1, 1, 1, 2, 3, 4]"
LESCHACO,241,OK,OK,,"[1, 1, 1, 2, 3, 3, 3, 3, 3, 4, 4, 5]"
LESCHACO,242,OK,OK,,"[1, 1, 2, 2, 3, 3, 3, 3, 3]"
LESCHACO,243,BAD_SEQUENCE,SKIP,Скачок: 1 -> 3,"[1, 1, 1, 3, 3, 4]"
LESCHACO,244,OK,OK,,"[1, 2, 2, 3, 4]"
LESCHACO,245,OK,OK,,"[1, 1, 1, 2, 2, 3, 3, 3, 3, 3]"
LESCHACO,246,OK,OK,,"[1, 2, 2, 3, 4, 4, 5, 5]"
LESCHACO,247,OK,OK,,"[1, 1, 1, 2, 2, 3, 3, 3, 3]"
LESCHACO,248,OK,OK,,"[1, 3, 4]"
LESCHACO,249,OK,OK,,"[1, 2, 2, 3, 3, 3, 3, 3]"
LESCHACO,250,OK,OK,,"[1, 1, 2, 2, 2, 3, 3, 3, 3, 3, 4, 4, 5, 5]"
LESCHACO,251,BAD_SEQUENCE,SKIP,Скачок: 1 -> 3,"[1, 1, 3, 4]"
LESCHACO,252,OK,OK,,"[1, 1, 2, 3, 3, 3, 3, 3, 3, 3]"
LESCHACO,253,OK,OK,,"[1, 2, 3, 3, 3, 3, 3, 3, 4]"
LESCHACO,254,OK,OK,,"[1, 1, 1, 2, 3, 3, 3, 3, 3, 4, 4, 5]"
LESCHACO,255,OK,OK,,"[1, 1, 1, 1, 2, 3, 4]"
LESCHACO,256,OK,OK,,"[1, 1, 1, 1, 2, 3, 4]"
LESCHACO,257,BAD_SEQUENCE,SKIP,Скачок: 1 -> 3,"[1, 1, 1, 1, 3, 3, 4]"
LESCHACO,258,OK,OK,,"[1, 1, 1, 1, 1, 2, 3, 4]"
LESCHACO,259,OK,OK,,"[1, 1, 1, 1, 2, 3, 4]"
LESCHACO,260,OK,OK,,"[1, 1, 1, 1, 2, 3, 4]"
LESCHACO,261,OK,OK,,"[1, 1, 1, 1, 2, 3, 4]"
LESCHACO,262,OK,OK,,"[1, 1, 1, 1, 2, 3, 4]"
LESCHACO,263,BAD_SEQUENCE,SKIP,Скачок: 1 -> 3,"[1, 1, 1, 3, 3, 3, 4]"
LESCHACO,264,OK,OK,,"[1, 1, 2, 3, 4]"
LESCHACO,265,OK,OK,,"[1, 1, 1, 1, 2, 3, 4]"
LESCHACO,266,OK,OK,,"[1, 1, 1, 1, 2, 3, 4]"
LESCHACO,267,OK,OK,,"[1, 1, 2, 2, 3, 3, 3, 3, 4, 4]"
LESCHACO,268,BAD_SEQUENCE,SKIP,Скачок: 1 -> 3,"[1, 1, 3, 3, 3, 3, 3, 3, 4]"
LESCHACO,269,BAD_SEQUENCE,SKIP,Скачок: 1 -> 3,"[1, 1, 1, 3, 3, 3, 3, 3, 4]"
LESCHACO,270,OK,OK,,"[1, 3, 3, 3, 3, 4]"
LESCHACO,271,BAD_SEQUENCE,SKIP,Скачок: 1 -> 3,"[1, 1, 1, 3, 3, 3, 3, 4]"
LESCHACO,272,BAD_SEQUENCE,SKIP,Скачок: 1 -> 3,"[1, 1, 3, 3, 3, 4]"
LESCHACO,273,BAD_SEQUENCE,SKIP,Скачок: 1 -> 3,"[1, 1, 3, 3, 3, 3, 3, 3, 4]"
LESCHACO,274,BAD_SEQUENCE,SKIP,Скачок: 1 -> 3,"[1, 1, 1, 3, 3, 3, 3, 4]"
LESCHACO,275,BAD_SEQUENCE,SKIP,Скачок: 1 -> 3,"[1, 1, 1, 3, 3, 3, 4]"
LESCHACO,276,OK,OK,,"[1, 1, 2, 3, 4]"
LESCHACO,277,OK,OK,,"[1, 1, 1, 2, 3, 4]"
LESCHACO,278,BAD_SEQUENCE,SKIP,Скачок: 1 -> 3,"[1, 1, 1, 3, 3, 3, 4]"
LESCHACO,279,BAD_SEQUENCE,SKIP,Скачок: 1 -> 3,"[1, 1, 1, 3, 3, 3, 3, 4]"
LESCHACO,280,BAD_SEQUENCE,SKIP,Скачок: 1 -> 3,"[1, 1, 1, 3, 3, 4]"
LESCHACO,281,OK,OK,,"[1, 1, 2, 3, 3, 3, 4]"
LESCHACO,282,OK,OK,,"[1, 1, 1, 1, 1, 2, 3, 4]"
LESCHACO,283,BAD_SEQUENCE,SKIP,Скачок: 1 -> 3,"[1, 1, 1, 3, 3, 3, 4]"
LESCHACO,284,OK,OK,,"[1, 1, 1, 1, 2, 3, 4]"
LESCHACO,285,BAD_SEQUENCE,SKIP,Скачок: 1 -> 3,"[1, 1, 1, 3, 3, 3, 4]"
LESCHACO,286,OK,OK,,"[1, 1, 2, 2, 3, 3, 3, 3, 4]"
LESCHACO,287,OK,OK,,"[1, 1, 2, 3, 4]"
LESCHACO,288,OK,OK,,"[1, 1, 2, 3, 4]"
LESCHACO,289,BAD_SEQUENCE,SKIP,Скачок: 1 -> 3,"[1, 1, 3, 3, 3, 4]"
LESCHACO,290,BAD_SEQUENCE,SKIP,Скачок: 1 -> 3,"[1, 1, 1, 3, 3, 3, 3, 4]"
LESCHACO,291,OK,OK,,"[1, 3, 3, 3, 3, 4]"
LESCHACO,292,BAD_SEQUENCE,SKIP,Скачок: 1 -> 3,"[1, 1, 1, 3, 3, 3, 3, 4]"
LESCHACO,293,BAD_SEQUENCE,SKIP,Скачок: 1 -> 3,"[1, 1, 1, 3, 3, 3, 3, 4]"
LESCHACO,294,OK,OK,,"[1, 3, 3, 3, 3, 4]"
LESCHACO,295,BAD_SEQUENCE,SKIP,Скачок: 1 -> 3,"[1, 1, 1, 3, 3, 3, 3, 4]"
LESCHACO,296,BAD_SEQUENCE,SKIP,Скачок: 1 -> 3,"[1, 1, 1, 3, 3, 3, 4]"
LESCHACO,297,BAD_SEQUENCE,SKIP,Скачок: 1 -> 3,"[1, 1, 1, 3, 3, 3, 3, 4]"
LESCHACO,298,BAD_SEQUENCE,SKIP,Скачок: 1 -> 3,"[1, 1, 1, 3, 3, 3, 3, 4]"
LESCHACO,299,BAD_SEQUENCE,SKIP,Скачок: 1 -> 3,"[1, 1, 1, 3, 3, 3, 3, 4]"
LESCHACO,300,BAD_SEQUENCE,SKIP,Скачок: 1 -> 3,"[1, 1, 1, 3, 3, 3, 3, 4]"
LESCHACO,301,BAD_SEQUENCE,SKIP,Скачок: 1 -> 3,"[1, 1, 3, 3, 3, 4]"
LESCHACO,302,BAD_SEQUENCE,SKIP,Скачок: 1 -> 3,"[1, 1, 1, 3, 3, 3, 3, 4]"
LESCHACO,303,BAD_SEQUENCE,SKIP,Скачок: 1 -> 3,"[1, 1, 1, 3, 3, 3, 3, 4]"
LESCHACO,304,OK,OK,,"[1, 1, 2, 3, 3, 4]"
LESCHACO,305,BAD_SEQUENCE,SKIP,Скачок: 1 -> 3,"[1, 1, 1, 3, 3, 3, 3, 4]"
LESCHACO,306,OK,OK,,"[1, 1, 1, 1, 1, 2, 3, 4]"
LESCHACO,307,BAD_SEQUENCE,SKIP,Скачок: 1 -> 3,"[1, 1, 1, 3, 3, 3, 4]"
LESCHACO,308,OK,OK,,"[1, 2, 2, 2, 2, 3, 4]"
LESCHACO,309,OK,OK,,"[1, 1, 1, 1, 2, 3, 4]"
LESCHACO,310,OK,OK,,"[1, 1, 1, 1, 2, 3, 4]"
LESCHACO,311,OK,OK,,"[1, 1, 1, 1, 2, 3, 4]"
LESCHACO,312,OK,OK,,"[1, 1, 2, 2, 3, 3, 3, 3, 4, 4]"
LESCHACO,313,OK,OK,,"[1, 1, 2, 3, 3, 3, 3, 3, 3, 4]"
LESCHACO,314,OK,OK,,"[1, 1, 2, 2, 3, 3, 3, 3, 4]"
LESCHACO,315,OK,OK,,"[1, 1, 2, 2, 3, 3, 3, 3, 4, 4]"
LESCHACO,316,OK,OK,,"[1, 1, 2, 3, 4]"
LESCHACO,317,OK,OK,,"[1, 1, 2, 3, 3, 3, 3, 3, 3, 4]"
LESCHACO,318,OK,OK,,"[1, 1, 2, 3, 3, 3, 3, 3, 3, 4]"
LESCHACO,319,OK,OK,,"[1, 1, 1, 1, 1, 2, 3, 4]"
LESCHACO,320,OK,OK,,"[1, 1, 2, 2, 3, 3, 3, 3, 4]"
LESCHACO,321,OK,OK,,"[1, 3, 3, 3, 3, 3, 3, 4]"
LESCHACO,322,OK,OK,,"[1, 1, 2, 2, 3, 4]"
LESCHACO,323,OK,OK,,"[1, 1, 1, 2, 3, 3, 3, 3, 3, 3, 4]"
LESCHACO,324,OK,OK,,"[1, 1, 2, 2, 3, 3, 3, 3, 4, 4]"
LESCHACO,325,OK,OK,,"[1, 1, 2, 3, 3, 3, 4]"
LESCHACO,326,OK,OK,,"[1, 1, 2, 3, 3, 3, 4]"
LESCHACO,327,OK,OK,,"[1, 1, 2, 3, 3, 3, 4]"
LESCHACO,328,OK,OK,,"[1, 1, 2, 3, 3, 3, 4]"
LESCHACO,329,OK,OK,,"[1, 2, 2, 2, 3, 4]"
LESCHACO,330,BAD_SEQUENCE,SKIP,Скачок: 1 -> 3,"[1, 1, 1, 3, 3, 4]"
LESCHACO,331,OK,OK,,"[1, 2, 2, 3, 4]"
LESCHACO,332,BAD_SEQUENCE,SKIP,Скачок: 1 -> 3,"[1, 1, 3, 3, 3, 4]"
LESCHACO,333,OK,OK,,"[1, 1, 1, 2, 3, 4]"
LESCHACO,334,BAD_SEQUENCE,SKIP,Скачок: 1 -> 3,"[1, 1, 1, 1, 3, 3, 4]"
LESCHACO,335,BAD_SEQUENCE,SKIP,Скачок: 1 -> 3,"[1, 1, 1, 3, 3, 3, 4]"
LESCHACO,336,BAD_SEQUENCE,SKIP,Скачок: 1 -> 3,"[1, 1, 3, 3, 3, 4]"
LESCHACO,337,BAD_SEQUENCE,SKIP,Скачок: 1 -> 3,"[1, 1, 3, 3, 4]"
LESCHACO,338,OK,OK,,"[1, 1, 1, 1, 2, 3, 4]"
LESCHACO,339,OK,OK,,"[1, 1, 2, 3, 4]"
LESCHACO,340,OK,OK,,"[1, 1, 2, 3, 4]"
LESCHACO,341,OK,OK,,"[1, 1, 1, 1, 2, 3, 4]"
LESCHACO,342,OK,OK,,"[1, 1, 1, 1, 2, 3, 4]"
LESCHACO,343,OK,OK,,"[1, 1, 1, 1, 2, 3, 4]"
LESCHACO,344,OK,OK,,"[1, 1, 2, 3, 3, 3, 4]"
LESCHACO,345,OK,OK,,"[1, 1, 2, 3, 4]"
LESCHACO,346,OK,OK,,"[1, 1, 2, 3, 4]"
LESCHACO,347,OK,OK,,"[1, 1, 2, 3, 3, 3, 3, 3, 3, 4]"
LESCHACO,348,OK,OK,,"[1, 1, 1, 1, 2, 3, 4]"
LESCHACO,349,OK,OK,,"[1, 1, 1, 1, 2, 3, 4]"
LESCHACO,350,BAD_SEQUENCE,SKIP,Скачок: 1 -> 3,"[1, 1, 1, 3, 3, 3, 3, 3, 4]"
LESCHACO,351,BAD_SEQUENCE,SKIP,Скачок: 1 -> 3,"[1, 1, 1, 3, 3, 3, 3, 4]"
LESCHACO,352,OK,OK,,"[1, 3, 3, 3, 3, 4]"
LESCHACO,353,OK,OK,,"[1, 2, 3, 3, 3, 3, 3, 3, 4]"
LESCHACO,354,OK,OK,,"[1, 2, 3, 3, 3, 3, 3, 3, 4]"
LESCHACO,355,BAD_SEQUENCE,SKIP,Скачок: 1 -> 3,"[1, 1, 3, 3, 4]"
LESCHACO,356,BAD_SEQUENCE,SKIP,Скачок: 1 -> 3,"[1, 1, 1, 1, 3, 3, 4]"
LESCHACO,357,OK,OK,,"[1, 1, 2, 3, 4]"
LESCHACO,358,OK,OK,,"[1, 1, 2, 2, 3, 3, 3, 3, 4, 4]"
LESCHACO,359,OK,OK,,"[1, 1, 1, 2, 2, 3, 4, 4, 5, 5]"
LESCHACO,360,OK,OK,,"[1, 1, 1, 2, 3]"
LESCHACO,361,OK,OK,,"[1, 1, 1, 2, 3, 4]"
LESCHACO,362,OK,OK,,"[1, 1, 1, 1, 2, 3, 4]"
LESCHACO,363,OK,OK,,"[1, 1, 1, 1, 2, 3, 4]"
LESCHACO,364,OK,OK,,"[1, 1, 1, 2, 3, 4]"
LESCHACO,365,BAD_SEQUENCE,SKIP,Скачок: 1 -> 3,"[1, 1, 1, 3, 3, 3, 4]"
LESCHACO,366,BAD_SEQUENCE,SKIP,Скачок: 1 -> 3,"[1, 1, 1, 3, 3, 3, 3, 4]"
LESCHACO,367,BAD_SEQUENCE,SKIP,Скачок: 1 -> 3,"[1, 1, 1, 3, 3, 3, 3, 4]"
LESCHACO,368,BAD_SEQUENCE,SKIP,Скачок: 1 -> 3,"[1, 1, 1, 3, 3, 3, 3, 4]"
LESCHACO,369,BAD_SEQUENCE,SKIP,Скачок: 1 -> 3,"[1, 1, 1, 3, 3, 3, 3, 3, 4]"
LESCHACO,370,OK,OK,,"[1, 1, 2, 3, 4]"
LESCHACO,371,OK,OK,,"[1, 1, 1, 1, 2, 3, 4]"
LESCHACO,372,BAD_SEQUENCE,SKIP,Скачок: 1 -> 3,"[1, 1, 1, 1, 3, 3, 4]"
LESCHACO,373,BAD_SEQUENCE,SKIP,Скачок: 1 -> 3,"[1, 1, 1, 1, 3, 3, 4]"
LESCHACO,374,OK,OK,,"[1, 1, 1, 1, 2, 3, 4]"
LESCHACO,375,OK,OK,,"[1, 1, 1, 1, 2, 3, 4]"
LESCHACO,376,OK,OK,,"[1, 1, 1, 2, 3, 3, 3, 3, 3, 3, 4]"
LESCHACO,377,OK,OK,,"[1, 1, 2, 3, 4]"
LESCHACO,378,OK,OK,,"[1, 1, 2, 3, 3, 4]"
LESCHACO,379,BAD_SEQUENCE,SKIP,Скачок: 1 -> 3,"[1, 1, 1, 3, 3, 3, 3, 4]"
LESCHACO,380,BAD_SEQUENCE,SKIP,Скачок: 1 -> 3,"[1, 1, 3, 3, 3, 4]"
LESCHACO,381,OK,OK,,"[1, 1, 1, 2, 3]"
LESCHACO,382,BAD_SEQUENCE,SKIP,Скачок: 1 -> 3,"[1, 1, 3, 3, 4]"
LESCHACO,383,OK,OK,,"[1, 1, 1, 2, 3, 4]"
LESCHACO,384,OK,OK,,"[1, 1, 2, 3, 3, 3, 4]"
LESCHACO,385,OK,OK,,"[1, 1, 2, 2, 3, 3, 3, 3, 4, 4]"
LESCHACO,386,BAD_SEQUENCE,SKIP,Скачок: 1 -> 3,"[1, 1, 1, 3, 3, 3, 3, 4]"
LESCHACO,387,BAD_SEQUENCE,SKIP,Скачок: 1 -> 3,"[1, 1, 1, 3, 3, 3, 3, 4]"
LESCHACO,388,OK,OK,,"[1, 1, 2, 3, 4]"
LESCHACO,389,OK,OK,,"[1, 3, 3, 3, 3, 4]"
LESCHACO,390,OK,OK,,"[1, 1, 1, 2, 3, 4]"
LESCHACO,391,OK,OK,,"[1, 1, 2, 2, 3, 3, 3, 3, 4]"
LESCHACO,392,OK,OK,,"[1, 3, 3, 3, 3, 3, 3, 4]"
LESCHACO,393,OK,OK,,"[1, 1, 1, 1, 2, 3, 4]"
LESCHACO,394,BAD_SEQUENCE,SKIP,Скачок: 1 -> 3,"[1, 1, 1, 3, 3, 3, 4]"
LESCHACO,395,OK,OK,,"[1, 1, 1, 2, 3, 3, 3, 3, 3, 3, 4]"
LESCHACO,396,OK,OK,,"[1, 1, 2, 3, 3, 3, 4]"
LESCHACO,397,BAD_SEQUENCE,SKIP,Скачок: 1 -> 3,"[1, 1, 3, 3, 3, 4]"
LESCHACO,398,OK,OK,,"[1, 1, 2, 2, 3, 3, 3, 3, 4, 4]"
LESCHACO,399,OK,OK,,"[1, 1, 1, 1, 1, 2, 3, 4]"
LESCHACO,400,OK,OK,,"[1, 1, 2, 3, 4]"
LESCHACO,401,OK,OK,,"[1, 3, 4]"
LESCHACO,402,OK,OK,,"[1, 3, 3, 3, 3, 3]"
LESCHACO,403,OK,OK,,"[1, 3, 3, 3, 3, 4]"
LESCHACO,404,OK,OK,,"[1, 1, 1, 2, 3, 4, 4, 5, 5]"
LESCHACO,405,OK,OK,,"[1, 3, 3, 3, 3]"
LESCHACO,406,BAD_SEQUENCE,SKIP,Скачок: 1 -> 3,"[1, 1, 1, 3, 3, 3, 3, 3, 4]"
LESCHACO,407,BAD_SEQUENCE,SKIP,Скачок: 1 -> 3,"[1, 1, 3, 3, 3, 4]"
LESCHACO,408,OK,OK,,"[1, 3, 3, 3, 3, 4]"
LESCHACO,409,BAD_SEQUENCE,SKIP,Скачок: 1 -> 3,"[1, 1, 1, 3, 3, 3, 3, 3, 4]"
LESCHACO,410,BAD_SEQUENCE,SKIP,Скачок: 1 -> 3,"[1, 1, 1, 3, 3, 4]"
LESCHACO,411,OK,OK,,"[1, 1, 1, 1, 2, 3, 4]"
LESCHACO,412,OK,OK,,"[1, 1, 1, 1, 2, 3, 4]"
LESCHACO,413,OK,OK,,"[1, 1, 1, 2, 3]"
LESCHACO,414,OK,OK,,"[1, 3, 3, 3, 3, 4]"
LESCHACO,415,OK,OK,,"[1, 1, 1, 2, 2, 3, 3, 3, 3, 3, 3, 3, 3, 3]"
LESCHACO,416,OK,OK,,"[1, 1, 1, 2, 3, 4]"
LESCHACO,417,BAD_SEQUENCE,SKIP,Скачок: 1 -> 3,"[1, 1, 1, 3, 3, 4]"
LESCHACO,418,BAD_SEQUENCE,SKIP,Скачок: 1 -> 3,"[1, 1, 1, 3, 3, 4]"
LESCHACO,419,OK,OK,,"[1, 1, 1, 1, 2, 3, 4]"
LESCHACO,420,OK,OK,,"[1, 1, 1, 1, 2, 3, 4]"
LESCHACO,421,OK,OK,,"[1, 2, 3, 3, 3, 3, 3, 3, 4, 4, 5, 5]"
LESCHACO,422,OK,OK,,"[1, 1, 2, 3, 4]"
LESCHACO,423,BAD_SEQUENCE,SKIP,Скачок: 1 -> 3,"[1, 1, 1, 3, 3, 4]"
LESCHACO,424,OK,OK,,"[1, 1, 1, 1, 1, 2, 3, 4]"
LESCHACO,425,OK,OK,,"[1, 1, 1, 1, 2, 3, 4]"
LESCHACO,426,OK,OK,,"[1, 1, 2, 3, 4]"
LESCHACO,427,BAD_SEQUENCE,SKIP,Скачок: 1 -> 3,"[1, 1, 1, 3, 3, 3, 4]"
LESCHACO,428,OK,OK,,"[1, 1, 2, 2, 3, 3, 3, 3, 4, 4]"
LESCHACO,429,OK,OK,,"[1, 1, 2, 2, 3, 3, 3, 3, 4, 4]"
LESCHACO,430,OK,OK,,"[1, 1, 1, 1, 2, 3, 4]"
LESCHACO,431,OK,OK,,"[1, 1, 1, 1, 2, 3, 4]"
LESCHACO,432,OK,OK,,"[1, 1, 2, 3, 4]"
LESCHACO,433,OK,OK,,"[1, 1, 1, 1, 2, 3, 4]"
LESCHACO,434,OK,OK,,"[1, 1, 2, 2, 3, 4]"
LESCHACO,435,OK,OK,,"[1, 1, 2, 2, 3, 4]"
LESCHACO,436,OK,OK,,"[1, 1, 2, 2, 3, 4]"
LESCHACO,437,OK,OK,,"[1, 1, 2, 2, 3, 4]"
LESCHACO,438,OK,OK,,"[1, 1, 2, 2, 3, 4]"
LESCHACO,439,OK,OK,,"[1, 1, 1, 2, 3, 3, 3, 3]"
LESCHACO,440,OK,OK,,"[1, 1, 1, 2, 3, 3, 3, 3]"
LESCHACO,441,BAD_SEQUENCE,SKIP,Скачок: 1 -> 3,"[1, 1, 1, 3, 3, 3, 4]"
LESCHACO,442,OK,OK,,"[1, 3, 3, 3, 3, 3, 3, 4]"
LESCHACO,443,OK,OK,,"[1, 1, 1, 2, 3, 3, 3, 3, 3, 3, 4]"
LESCHACO,444,OK,OK,,"[1, 1, 2, 3, 4]"
LESCHACO,445,OK,OK,,"[1, 1, 2, 2, 3, 3, 3, 3, 4, 4]"
LESCHACO,446,OK,OK,,"[1, 1, 2, 3, 3, 3, 4]"
LESCHACO,447,BAD_SEQUENCE,SKIP,Скачок: 1 -> 3,"[1, 1, 1, 3, 3, 4]"
LESCHACO,448,OK,OK,,"[1, 1, 2, 3, 4]"
LESCHACO,449,OK,OK,,"[1, 1, 1, 1, 1, 2, 3, 4]"
LESCHACO,450,OK,OK,,"[1, 1, 2, 3, 3, 4]"
LESCHACO,451,OK,OK,,"[1, 2, 3, 4]"
LESCHACO,452,OK,OK,,"[1, 1, 2, 2, 3, 3, 3, 3, 4]"
LESCHACO,453,OK,OK,,"[1, 1, 1, 1, 2, 3, 4]"
LESCHACO,454,OK,OK,,"[1, 1, 2, 3, 4]"
LESCHACO,455,OK,OK,,"[1, 1, 1, 2, 3]"
LESCHACO,456,OK,OK,,"[1, 3, 3, 3, 3, 3, 3, 4]"
LESCHACO,457,BAD_SEQUENCE,SKIP,Скачок: 1 -> 3,"[1, 1, 1, 3, 3, 4]"
LESCHACO,458,OK,OK,,"[1, 1, 1, 1, 2, 3, 4]"
LESCHACO,459,OK,OK,,"[1, 1, 2, 3, 3, 3, 3, 3, 3, 4]"
LESCHACO,460,OK,OK,,"[1, 1, 1, 1, 2, 3, 4]"
LESCHACO,461,OK,OK,,"[1, 3, 3, 4]"
LESCHACO,462,OK,OK,,"[1, 3, 4]"
LESCHACO,463,OK,OK,,"[1, 1, 2, 3, 3, 3, 4]"
LESCHACO,464,OK,OK,,"[1, 1, 2, 3, 3, 3, 3, 3, 3, 4]"
LESCHACO,465,OK,OK,,"[1, 1, 2, 3, 4]"
LESCHACO,466,OK,OK,,"[1, 1, 2, 2, 3, 3, 3, 3, 4, 4]"
LESCHACO,467,BAD_SEQUENCE,SKIP,Скачок: 1 -> 3,"[1, 1, 1, 1, 3, 3, 4]"
LESCHACO,468,OK,OK,,"[1, 1, 2, 2, 3, 3, 3, 3, 4, 4]"
LESCHACO,469,OK,OK,,"[1, 1, 1, 1, 2, 3, 4]"
LESCHACO,470,OK,OK,,"[1, 1, 1, 1, 2, 3, 4]"
LESCHACO,471,OK,OK,,"[1, 1, 2, 2, 3, 3, 3, 3, 4, 4]"
LESCHACO,472,OK,OK,,"[1, 1, 1, 1, 1, 2, 3, 4]"
LESCHACO,473,OK,OK,,"[1, 1, 2, 2, 3, 3, 3, 3, 4, 4]"
LESCHACO,474,OK,OK,,"[1, 3, 3, 3, 3, 4]"
LESCHACO,475,OK,OK,,"[1, 1, 1, 1, 2, 3, 4]"
LESCHACO,476,OK,OK,,"[1, 1, 2, 3, 3, 3, 4]"
LESCHACO,477,OK,OK,,"[1, 3, 3, 3, 3, 4]"
LESCHACO,478,BAD_SEQUENCE,SKIP,Скачок: 1 -> 3,"[1, 1, 3, 3, 3, 4]"
LESCHACO,479,BAD_SEQUENCE,SKIP,Скачок: 1 -> 3,"[1, 1, 1, 3, 3, 3, 4]"
LESCHACO,480,BAD_SEQUENCE,SKIP,Скачок: 1 -> 3,"[1, 1, 3, 3, 3, 4]"
LESCHACO,481,OK,OK,,"[1, 3, 3, 4]"
LESCHACO,482,OK,OK,,"[1, 1, 1, 2, 3, 4]"
LESCHACO,483,OK,OK,,"[1, 1, 2, 2, 3, 3, 3, 3, 4, 4]"
LESCHACO,484,OK,OK,,"[1, 1, 1, 2, 3, 3, 3, 3, 3, 3, 4]"
LESCHACO,485,OK,OK,,"[1, 1, 1, 2, 3, 4]"
LESCHACO,486,OK,OK,,"[1, 1, 2, 2, 3, 3, 3, 3, 4, 4]"
LESCHACO,487,OK,OK,,"[1, 1, 2, 3, 4]"
LESCHACO,488,OK,OK,,"[1, 1, 1, 2, 3]"
LESCHACO,489,OK,OK,,"[1, 1, 2, 3, 4]"
LESCHACO,490,BAD_SEQUENCE,SKIP,Скачок: 1 -> 3,"[1, 1, 1, 3, 3, 3, 4]"
LESCHACO,491,OK,OK,,"[1, 1, 1, 1, 2, 3, 4]"
LESCHACO,492,OK,OK,,"[1, 1, 2, 3, 3, 3, 4]"
LESCHACO,493,OK,OK,,"[1, 1, 2, 3, 4]"
LESCHACO,494,OK,OK,,"[1, 1, 2, 3, 4]"
LESCHACO,495,BAD_SEQUENCE,SKIP,Скачок: 1 -> 3,"[1, 1, 1, 3, 3, 4]"
LESCHACO,496,OK,OK,,"[1, 2, 2, 2, 3, 4]"
LESCHACO,497,OK,OK,,"[1, 1, 1, 2, 3, 4]"
LESCHACO,498,OK,OK,,"[1, 1, 1, 1, 1, 2, 3, 4]"
LESCHACO,499,OK,OK,,"[1, 1, 2, 2, 3, 3, 3, 3, 4, 4]"
LESCHACO,500,OK,OK,,"[1, 1, 1, 2, 3, 4]"
LESCHACO,501,OK,OK,,"[1, 1, 2, 3, 4]"
LESCHACO,502,OK,OK,,"[1, 1, 1, 1, 2, 3, 4]"
LESCHACO,503,OK,OK,,"[1, 2, 3, 4]"
LESCHACO,504,OK,OK,,"[1, 1, 1, 2, 3, 3, 3, 3, 3, 3, 4]"
LESCHACO,505,OK,OK,,"[1, 1, 2, 3, 4]"
LESCHACO,506,OK,OK,,"[1, 3, 3, 3, 3, 3, 3, 4]"
LESCHACO,507,OK,OK,,"[1, 1, 1, 2, 3, 3, 3, 3, 3, 3, 4]"
LESCHACO,508,OK,OK,,"[1, 1, 2, 3, 3, 3, 4]"
LESCHACO,509,OK,OK,,"[1, 1, 1, 1, 2, 3, 4]"
LESCHACO,510,OK,OK,,"[1, 1, 2, 2, 3, 3, 3, 3, 4, 4]"
LESCHACO,511,OK,OK,,"[1, 1, 1, 1, 2, 3, 4]"
LESCHACO,512,OK,OK,,"[1, 2, 3, 4]"
LESCHACO,513,OK,OK,,"[1, 1, 2, 3, 4]"
LESCHACO,514,OK,OK,,"[1, 1, 2, 3, 4]"
LESCHACO,515,BAD_SEQUENCE,SKIP,Скачок: 1 -> 3,"[1, 1, 1, 1, 3, 3, 4]"
LESCHACO,516,OK,OK,,"[1, 1, 2, 3, 4]"
LESCHACO,517,OK,OK,,"[1, 1, 2, 3, 4]"
LESCHACO,518,OK,OK,,"[1, 1, 2, 3, 3, 3, 3, 3, 3, 4]"
LESCHACO,519,OK,OK,,"[1, 1, 2, 2, 3, 3, 3, 3, 4, 4]"
LESCHACO,520,OK,OK,,"[1, 1, 1, 1, 1, 2, 3, 4]"
LESCHACO,521,OK,OK,,"[1, 3, 3, 3, 3, 3, 3, 4]"
LESCHACO,522,OK,OK,,"[1, 1, 1, 1, 2, 3, 4]"
LESCHACO,523,BAD_SEQUENCE,SKIP,Скачок: 1 -> 3,"[1, 1, 1, 1, 3, 3, 4]"
LESCHACO,524,OK,OK,,"[1, 1, 1, 1, 2, 3, 4]"
LESCHACO,525,OK,OK,,"[1, 1, 1, 1, 2, 3, 4]"
LESCHACO,526,OK,OK,,"[1, 1, 2, 3, 3, 4]"
LESCHACO,527,BAD_SEQUENCE,SKIP,Скачок: 1 -> 3,"[1, 1, 3, 3, 4]"
LESCHACO,528,BAD_SEQUENCE,SKIP,Скачок: 1 -> 3,"[1, 1, 1, 3, 3, 4]"
LESCHACO,529,OK,OK,,"[1, 1, 2, 3, 3, 4]"
LESCHACO,530,OK,OK,,"[1, 1, 1, 1, 2, 3, 4]"
LESCHACO,531,BAD_SEQUENCE,SKIP,Скачок: 1 -> 3,"[1, 1, 1, 1, 3, 3, 4]"
LESCHACO,532,BAD_SEQUENCE,SKIP,Скачок: 1 -> 3,"[1, 1, 1, 3, 3, 3, 4]"
LESCHACO,533,OK,OK,,"[1, 1, 1, 1, 2, 3, 4]"
LESCHACO,534,OK,OK,,"[1, 1, 1, 1, 2, 3, 4]"
LESCHACO,535,OK,OK,,"[1, 1, 1, 1, 2, 3, 4]"
LESCHACO,536,OK,OK,,"[1, 1, 1, 1, 2, 3, 4]"
LESCHACO,537,OK,OK,,"[1, 1, 2, 2, 3, 3, 3]"
LESCHACO,538,OK,OK,,"[1, 1, 2, 3, 3, 3, 3, 3, 3, 3, 3, 3, 3]"
LESCHACO,539,OK,OK,,"[1, 1, 2, 2, 3, 3, 3, 3, 3]"
LESCHACO,540,OK,OK,,"[1, 1, 1, 2, 3, 3, 3, 3, 3, 4, 4, 5, 5]"
LESCHACO,541,OK,OK,,"[1, 1, 1, 2, 2, 3, 3, 3, 3, 3, 4, 4, 5, 5]"
LESCHACO,542,OK,OK,,"[1, 2, 3, 3, 3, 3, 3, 3]"
LESCHACO,543,OK,OK,,"[1, 1, 2, 3, 4]"
LESCHACO,544,OK,OK,,"[1, 1, 1, 2, 3, 4]"
LESCHACO,545,OK,OK,,"[1, 3, 4]"
LESCHACO,546,OK,OK,,"[1, 3, 4]"
LESCHACO,547,OK,OK,,"[1, 2, 2, 3, 4]"
LESCHACO,548,BAD_SEQUENCE,SKIP,Скачок: 1 -> 3,"[1, 1, 3, 4]"
LESCHACO,549,OK,OK,,"[1, 1, 2, 3, 3, 4, 4, 5, 5]"
LESCHACO,550,OK,OK,,"[1, 3, 4, 5, 5, 5]"
LESCHACO,551,OK,OK,,"[1, 1, 1, 2, 2, 3, 4, 4]"
LESCHACO,552,OK,OK,,"[1, 3, 4]"
LESCHACO,553,BAD_SEQUENCE,SKIP,Скачок: 1 -> 3,"[1, 1, 3, 3]"
LESCHACO,554,OK,OK,,"[1, 3, 4]"
LESCHACO,555,OK,OK,,"[1, 1, 2, 3, 4]"
LESCHACO,556,OK,OK,,"[1, 1, 2, 3, 4, 4]"
LESCHACO,557,OK,OK,,"[1, 1, 1, 2, 3, 4, 4]"
LESCHACO,558,OK,OK,,"[1, 1, 1, 1, 2, 2, 3, 4, 4, 5, 5]"
LESCHACO,559,OK,OK,,"[1, 1, 1, 2, 3, 3, 3, 3, 3, 3, 3, 4]"
LESCHACO,560,BAD_SEQUENCE,SKIP,Скачок: 1 -> 3,"[1, 1, 3, 3, 3, 3]"
LESCHACO,561,OK,OK,,"[1, 1, 2, 3, 3, 3, 3, 3, 4, 4]"
LESCHACO,562,OK,OK,,"[1, 1, 1, 2, 3, 4, 4, 5]"
LESCHACO,563,OK,OK,,"[1, 3, 4, 5, 5, 5]"
LESCHACO,564,OK,OK,,"[1, 2, 2, 3, 3, 3]"
LESCHACO,565,OK,OK,,"[1, 2, 3, 4]"
LESCHACO,566,OK,OK,,"[1, 2, 3, 3, 3, 3, 3, 3, 3, 3, 3, 3, 4, 4]"
LESCHACO,567,OK,OK,,"[1, 2, 2, 2, 2, 3]"
LESCHACO,568,BAD_SEQUENCE,SKIP,Скачок: 1 -> 3,"[1, 1, 1, 3, 3, 3, 3, 3, 3, 3, 4]"
LESCHACO,569,OK,OK,,"[1, 3, 3]"
LESCHACO,570,OK,OK,,"[1, 3, 3]"
LESCHACO,571,BAD_SEQUENCE,SKIP,Скачок: 1 -> 3,"[1, 1, 3, 3, 3, 4]"
LESCHACO,572,BAD_SEQUENCE,SKIP,Скачок: 1 -> 3,"[1, 1, 1, 3, 3, 3, 3, 3, 3, 3, 3]"
LESCHACO,573,OK,OK,,"[1, 1, 2, 2, 3, 3, 3]"
LESCHACO,574,OK,OK,,"[1, 3, 4]"
LESCHACO,575,BAD_SEQUENCE,SKIP,Скачок: 1 -> 3,"[1, 1, 3, 4]"
LESCHACO,576,OK,OK,,"[1, 2, 3, 3, 4]"
LESCHACO,577,OK,OK,,"[1, 2, 3, 3, 4]"
LESCHACO,578,OK,OK,,"[1, 2, 3, 3, 4]"
LESCHACO,579,OK,OK,,"[1, 1, 1, 2, 3, 4]"
LESCHACO,580,OK,OK,,"[1, 1, 2, 2, 3, 4]"
LESCHACO,581,BAD_SEQUENCE,SKIP,Скачок: 1 -> 3,"[1, 1, 1, 3, 3, 3, 4, 4, 5]"
LESCHACO,582,OK,OK,,"[1, 1, 1, 2, 3, 3, 3, 3, 4, 4]"
LESCHACO,583,OK,OK,,"[1, 2, 3, 3, 4]"
LESCHACO,584,OK,OK,,"[1, 3, 3, 3, 3, 4]"
LESCHACO,585,OK,OK,,"[1, 2, 2, 3, 4]"
LESCHACO,586,OK,OK,,"[1, 1, 2, 2, 3, 4]"
LESCHACO,587,OK,OK,,"[1, 3, 3, 3, 3, 3, 3, 4]"
LESCHACO,588,OK,OK,,"[1, 1, 1, 2, 3, 3, 3, 3, 4, 4]"
LESCHACO,589,OK,OK,,"[1, 1, 1, 1, 2, 3, 4]"
LESCHACO,590,OK,OK,,"[1, 2, 2, 2, 2, 3, 4]"
LESCHACO,591,OK,OK,,"[1, 1, 1, 2, 3, 4]"
LESCHACO,592,BAD_SEQUENCE,SKIP,Скачок: 1 -> 3,"[1, 1, 3, 3, 3, 4]"
LESCHACO,593,OK,OK,,"[1, 3, 3, 3, 3]"
LESCHACO,594,OK,OK,,"[1, 1, 2, 3, 4]"
LESCHACO,595,OK,OK,,"[1, 1, 2, 2, 3, 4]"
LESCHACO,596,OK,OK,,"[1, 3, 3, 3, 3, 3]"
LESCHACO,597,OK,OK,,"[1, 3, 4]"
LESCHACO,598,OK,OK,,"[1, 3, 3]"
LESCHACO,599,OK,OK,,"[1, 3, 3, 3, 3, 3]"
LESCHACO,600,OK,OK,,"[1, 3, 3, 3, 3, 3]"
LESCHACO,601,BAD_SEQUENCE,SKIP,Скачок: 1 -> 3,"[1, 1, 3, 3]"
LESCHACO,602,OK,OK,,"[1, 1, 2, 2, 3, 3, 3]"
LESCHACO,603,OK,OK,,"[1, 3, 3, 3, 3, 3]"
LESCHACO,604,OK,OK,,"[1, 3, 3]"
LESCHACO,605,OK,OK,,"[1, 3, 3]"
LESCHACO,606,OK,OK,,"[1, 3, 4]"
LESCHACO,607,OK,OK,,"[1, 3, 4]"
LESCHACO,608,OK,OK,,"[1, 3, 4]"
LESCHACO,609,OK,OK,,"[1, 1, 2, 3, 3, 3, 3, 3, 3, 3, 3]"
LESCHACO,610,BAD_SEQUENCE,SKIP,Скачок: 1 -> 3,"[1, 1, 3, 3, 3, 3]"
LESCHACO,611,OK,OK,,"[1, 1, 2, 3, 3]"
LESCHACO,612,BAD_SEQUENCE,SKIP,Скачок: 1 -> 3,"[1, 1, 3, 3, 3, 3, 3, 3]"
LESCHACO,613,OK,OK,,"[1, 3, 4]"
LESCHACO,614,OK,OK,,"[1, 3, 4]"
LESCHACO,615,OK,OK,,"[1, 3, 4]"
LESCHACO,616,OK,OK,,"[1, 3, 4]"
LESCHACO,617,OK,OK,,"[1, 3, 4]"
LESCHACO,618,OK,OK,,"[1, 2, 2, 2, 2, 3, 4]"
LESCHACO,619,OK,OK,,"[1, 2, 2, 2, 2, 3, 4]"
LESCHACO,620,OK,OK,,"[1, 2, 2, 2, 2, 3, 4]"
LESCHACO,621,OK,OK,,"[1, 2, 2, 2, 2, 3, 4]"
LESCHACO,622,OK,OK,,"[1, 2, 2, 2, 2, 3, 4]"
LESCHACO,623,OK,OK,,"[1, 3, 4]"
LESCHACO,624,OK,OK,,"[1, 3, 3]"
LESCHACO,625,OK,OK,,"[1, 1, 2, 2, 3, 3, 3]"
LESCHACO,626,OK,OK,,"[1, 3, 3, 3, 3, 3]"
LESCHACO,627,OK,OK,,"[1, 3, 4]"
LESCHACO,628,OK,OK,,"[1, 3, 3, 3, 3, 3]"
LESCHACO,629,OK,OK,,"[1, 3, 3]"
LESCHACO,630,OK,OK,,"[1, 3, 3]"
LESCHACO,631,OK,OK,,"[1, 3, 3]"
LESCHACO,632,OK,OK,,"[1, 3, 3, 3, 3, 3]"
LESCHACO,633,OK,OK,,"[1, 3, 3]"
LESCHACO,634,OK,OK,,"[1, 3, 3, 3, 3, 3]"
LESCHACO,635,OK,OK,,"[1, 3, 3, 3, 3, 3]"
LESCHACO,636,OK,OK,,"[1, 3, 3, 3, 3, 3]"
LESCHACO,637,OK,OK,,"[1, 3, 4]"
LESCHACO,638,OK,OK,,"[1, 3, 3, 3, 3, 3]"
LESCHACO,639,OK,OK,,"[1, 3, 3, 3, 3, 3]"
LESCHACO,640,OK,OK,,"[1, 3, 3]"
LESCHACO,641,OK,OK,,"[1, 3, 3, 3, 3, 3]"
LESCHACO,642,OK,OK,,"[1, 3, 4]"
LESCHACO,643,OK,OK,,"[1, 3, 3]"
LESCHACO,644,OK,OK,,"[1, 3, 4]"
LESCHACO,645,OK,OK,,"[1, 3, 3, 3, 3, 3]"
LESCHACO,646,OK,OK,,"[1, 3, 3]"
LESCHACO,647,OK,OK,,"[1, 3, 3, 3, 3, 3]"
LESCHACO,648,OK,OK,,"[1, 3, 4]"
LESCHACO,649,OK,OK,,"[1, 3, 3, 3, 3, 3]"
LESCHACO,650,OK,OK,,"[1, 3, 4]"
LESCHACO,651,OK,OK,,"[1, 3, 3, 3, 3, 3]"
LESCHACO,652,OK,OK,,"[1, 3, 3, 3, 3, 3]"
LESCHACO,653,OK,OK,,"[1, 3, 3, 3, 3, 3]"
LESCHACO,654,OK,OK,,"[1, 3, 3, 3, 3, 3]"
LESCHACO,655,OK,OK,,"[1, 3, 3]"
LESCHACO,656,OK,OK,,"[1, 3, 3, 3, 3, 3]"
LESCHACO,657,OK,OK,,"[1, 3, 3, 3, 3, 3]"
LESCHACO,658,OK,OK,,"[1, 2, 2, 2, 2, 3, 3]"
LESCHACO,659,OK,OK,,"[1, 1, 1, 1, 2, 3, 4]"
LESCHACO,660,OK,OK,,"[1, 3, 3, 3, 3, 4]"
LESCHACO,661,OK,OK,,"[1, 3, 4]"
LESCHACO,662,BAD_SEQUENCE,SKIP,Скачок: 1 -> 3,"[1, 1, 1, 3, 3, 3, 3, 3, 3, 3, 3, 3, 3, 3, 3, 3, 3, 3, 3, 3, 3]"
LESCHACO,663,OK,OK,,"[1, 3, 3, 3, 3, 3]"
LESCHACO,664,BAD_SEQUENCE,SKIP,Скачок: 1 -> 3,"[1, 1, 1, 3, 3, 3, 3, 3]"
LESCHACO,665,OK,OK,,"[1, 3, 3]"
LESCHACO,666,OK,OK,,"[1, 1, 1, 2, 3, 3, 3, 3, 3]"
LESCHACO,667,OK,OK,,"[1, 3, 4]"
LESCHACO,668,OK,OK,,"[1, 3, 3]"
LESCHACO,669,OK,OK,,"[1, 1, 1, 2, 2, 3, 3]"
LESCHACO,670,OK,OK,,"[1, 1, 2, 3, 3]"
LESCHACO,671,OK,OK,,"[1, 3, 3, 3, 3]"
LESCHACO,672,OK,OK,,"[1, 1, 2, 3, 3]"
LESCHACO,673,OK,OK,,"[1, 3, 3, 3, 3]"
LESCHACO,674,OK,OK,,"[1, 3, 3, 3, 3]"
LESCHACO,675,OK,OK,,"[1, 1, 2, 3, 3]"
LESCHACO,676,BAD_SEQUENCE,SKIP,Скачок: 1 -> 3,"[1, 1, 1, 3, 3, 3, 3, 3]"
LESCHACO,677,OK,OK,,"[1, 3, 3, 3, 3]"
LESCHACO,678,OK,OK,,"[1, 1, 1, 1, 2, 3, 3, 3, 3]"
LESCHACO,679,OK,OK,,"[1, 1, 1, 2, 2, 3, 3, 3, 3, 3]"
LESCHACO,680,OK,OK,,"[1, 3, 4]"
LESCHACO,681,OK,OK,,"[1, 3, 4]"
LESCHACO,682,OK,OK,,"[1, 3, 4]"
LESCHACO,683,BAD_SEQUENCE,SKIP,Скачок: 1 -> 3,"[1, 1, 3, 4]"
LESCHACO,684,OK,OK,,"[1, 1, 2, 2, 3, 4]"
LESCHACO,685,OK,OK,,"[1, 1, 1, 2, 2, 3, 3, 3, 3, 3, 3, 3, 4]"
LESCHACO,686,OK,OK,,"[1, 3, 3, 3, 3, 3]"
LESCHACO,687,OK,OK,,"[1, 1, 2, 2, 3, 4]"
LESCHACO,688,BAD_SEQUENCE,SKIP,Скачок: 1 -> 3,"[1, 1, 1, 3, 3, 3, 3, 3, 4]"
LESCHACO,689,OK,OK,,"[1, 2, 3, 4]"
LESCHACO,690,OK,OK,,"[1, 1, 2, 2, 3, 4]"
LESCHACO,691,OK,OK,,"[1, 1, 2, 2, 3, 4]"
LESCHACO,692,OK,OK,,"[1, 3, 3, 3, 3, 3]"
LESCHACO,693,OK,OK,,"[1, 3, 3, 3, 3, 3]"
LESCHACO,694,OK,OK,,"[1, 2, 2, 3, 4]"
LESCHACO,695,OK,OK,,"[1, 1, 2, 2, 3, 4]"
LESCHACO,696,OK,OK,,"[1, 2, 2, 3, 4]"
LESCHACO,697,OK,OK,,"[1, 1, 1, 2, 3, 3, 3, 3, 3, 3, 4]"
LESCHACO,698,BAD_SEQUENCE,SKIP,Скачок: 1 -> 3,"[1, 1, 1, 3, 3, 3, 4, 4, 5]"
LESCHACO,699,OK,OK,,"[1, 2, 2, 2, 2, 3, 4]"
LESCHACO,700,OK,OK,,"[1, 3, 3, 3, 3, 3]"
LESCHACO,701,BAD_SEQUENCE,SKIP,Скачок: 1 -> 3,"[1, 1, 1, 3, 3, 3, 3, 3, 3, 3, 3, 3, 3, 3, 3, 3, 3, 3]"
LESCHACO,702,BAD_SEQUENCE,SKIP,Скачок: 1 -> 3,"[1, 1, 1, 3, 3, 3, 3, 3, 3, 3, 3]"
LESCHACO,703,BAD_SEQUENCE,SKIP,Скачок: 1 -> 3,"[1, 1, 1, 3, 3, 3, 3, 3, 4]"
LESCHACO,704,OK,OK,,"[1, 3, 3, 3, 3, 3]"
LESCHACO,705,OK,OK,,"[1, 3, 3]"
LESCHACO,706,OK,OK,,"[1, 3, 4]"
LESCHACO,707,BAD_SEQUENCE,SKIP,Скачок: 1 -> 3,"[1, 1, 1, 3, 3, 3, 3, 3, 4]"
LESCHACO,708,OK,OK,,"[1, 3, 3, 3, 3, 4]"
LESCHACO,709,OK,OK,,"[1, 3, 3, 3, 3, 3]"
LESCHACO,710,OK,OK,,"[1, 3, 3]"
LESCHACO,711,OK,OK,,"[1, 3, 4]"
LESCHACO,712,OK,OK,,"[1, 3, 4]"
LESCHACO,713,OK,OK,,"[1, 3, 4]"
LESCHACO,714,OK,OK,,"[1, 2, 3, 3, 4, 4, 5, 5]"
LESCHACO,715,OK,OK,,"[1, 3, 3]"
LESCHACO,716,OK,OK,,"[1, 3, 3, 3, 3, 3]"
LESCHACO,717,OK,OK,,"[1, 3, 3, 3, 3, 3]"
LESCHACO,718,OK,OK,,"[1, 3, 3, 3, 3, 3]"
LESCHACO,719,OK,OK,,"[1, 3, 4]"
LESCHACO,720,OK,OK,,"[1, 1, 2, 3, 3, 3, 4]"
LESCHACO,721,OK,OK,,"[1, 3, 4]"
LESCHACO,722,OK,OK,,"[1, 3, 4]"
LESCHACO,723,OK,OK,,"[1, 3, 4]"
LESCHACO,724,OK,OK,,"[1, 3, 4]"
LESCHACO,725,OK,OK,,"[1, 2, 2, 3, 3, 3, 3, 3, 3, 3, 3, 4]"
LESCHACO,726,OK,OK,,"[1, 2, 3, 3]"
LESCHACO,727,OK,OK,,"[1, 1, 2, 2, 3, 3, 3]"
LESCHACO,728,OK,OK,,"[1, 3, 3, 3, 3, 3]"
LESCHACO,729,OK,OK,,"[1, 3, 3, 3, 3, 3]"
LESCHACO,730,OK,OK,,"[1, 3, 4]"
LESCHACO,731,OK,OK,,"[1, 3]"
LESCHACO,732,BAD_SEQUENCE,SKIP,Скачок: 1 -> 3,"[1, 1, 3, 4]"
LESCHACO,733,OK,OK,,"[1, 3, 3]"
LESCHACO,734,OK,OK,,"[1, 3, 3, 3, 3]"
LESCHACO,735,OK,OK,,"[1, 1, 2, 3, 3, 3, 3, 3, 3]"
LESCHACO,736,OK,OK,,"[1, 3, 3]"
LESCHACO,737,OK,OK,,"[1, 1, 1, 1, 2, 3, 4]"
LESCHACO,738,OK,OK,,"[1, 3, 3, 3, 3, 4]"
LESCHACO,739,OK,OK,,"[1, 1, 2, 3, 3, 3, 4]"
LESCHACO,740,OK,OK,,"[1, 1, 1, 2, 2, 3, 3, 3, 3, 3, 3, 3, 3, 3]"
LESCHACO,741,OK,OK,,"[1, 3, 3, 3, 3, 3]"
LESCHACO,742,OK,OK,,"[1, 3, 3, 3, 3, 3]"
LESCHACO,743,OK,OK,,"[1, 3, 3, 3, 3, 3]"
LESCHACO,744,OK,OK,,"[1, 1, 2, 3, 3, 3, 3, 3, 3, 4]"
LESCHACO,745,OK,OK,,"[1, 3, 3]"
LESCHACO,746,OK,OK,,"[1, 1, 1, 2, 3, 3, 3, 3, 3, 3, 3, 3, 3]"
LESCHACO,747,OK,OK,,"[1, 2, 3, 3, 3, 3, 3, 4]"
LESCHACO,748,OK,OK,,"[1, 1, 2, 2, 3, 4]"
LESCHACO,749,OK,OK,,"[1, 1, 2, 2, 3, 4]"
LESCHACO,750,OK,OK,,"[1, 3, 3, 3, 3, 3]"
LESCHACO,751,OK,OK,,"[1, 1, 2, 3, 3, 3]"
LESCHACO,752,OK,OK,,"[1, 2, 3, 4]"
LESCHACO,753,OK,OK,,"[1, 2, 3, 4]"
LESCHACO,754,OK,OK,,"[1, 1, 1, 2, 2, 3, 3, 3, 3, 3, 3, 3, 4]"
LESCHACO,755,OK,OK,,"[1, 1, 2, 2, 3, 4]"
LESCHACO,756,BAD_SEQUENCE,SKIP,Скачок: 1 -> 3,"[1, 1, 1, 3, 3, 3, 3, 3, 4]"
LESCHACO,757,OK,OK,,"[1, 2, 3, 3, 3, 3, 3, 4]"
LESCHACO,758,OK,OK,,"[1, 3, 3]"
LESCHACO,759,OK,OK,,"[1, 2, 3, 3, 3, 3, 3, 4]"
LESCHACO,760,OK,OK,,"[1, 2, 3, 4]"
LESCHACO,761,BAD_SEQUENCE,SKIP,Скачок: 1 -> 3,"[1, 1, 1, 3, 3, 3, 3, 3, 4]"
LESCHACO,762,OK,OK,,"[1, 2, 2, 3, 4]"
LESCHACO,763,OK,OK,,"[1, 1, 2, 2, 3, 4]"
LESCHACO,764,OK,OK,,"[1, 1, 2, 2, 3, 4]"
LESCHACO,765,OK,OK,,"[1, 2, 3, 3, 3, 3, 3, 3, 4]"
LESCHACO,766,OK,OK,,"[1, 2, 3, 4]"
LESCHACO,767,OK,OK,,"[1, 1, 1, 2, 3, 3, 3, 3, 3, 3, 4]"
LESCHACO,768,OK,OK,,"[1, 3, 3, 3, 3, 3]"
LESCHACO,769,OK,OK,,"[1, 2, 3, 3, 3, 3, 3, 4]"
LESCHACO,770,OK,OK,,"[1, 3, 3, 3, 3, 3]"
LESCHACO,771,OK,OK,,"[1, 2, 3, 3, 4]"
LESCHACO,772,OK,OK,,"[1, 1, 2, 2, 3, 4]"
LESCHACO,773,OK,OK,,"[1, 3, 3, 3, 3, 3]"
LESCHACO,774,OK,OK,,"[1, 1, 1, 2, 3, 4]"
LESCHACO,775,OK,OK,,"[1, 1, 2, 3, 3, 3, 4]"
LESCHACO,776,OK,OK,,"[1, 2, 3, 3, 3, 3, 3, 3, 3, 3, 3, 3, 4, 4]"
LESCHACO,777,OK,OK,,"[1, 1, 2, 3, 4]"
LESCHACO,778,OK,OK,,"[1, 1, 2, 3, 3, 3, 4]"
LESCHACO,779,OK,OK,,"[1, 1, 2, 3, 4]"
LESCHACO,780,OK,OK,,"[1, 1, 1, 2, 3, 3, 3, 4]"
LESCHACO,781,OK,OK,,"[1, 1, 2, 3, 3, 3, 4]"
LESCHACO,782,OK,OK,,"[1, 1, 1, 2, 2, 3, 4]"
LESCHACO,783,OK,OK,,"[1, 1, 1, 2, 3, 3, 3, 3, 4, 4]"
LESCHACO,784,OK,OK,,"[1, 1, 2, 3, 4]"
LESCHACO,785,OK,OK,,"[1, 1, 1, 2, 2, 3, 4]"
LESCHACO,786,OK,OK,,"[1, 1, 1, 1, 2, 3, 4]"
LESCHACO,787,OK,OK,,"[1, 3, 4]"
LESCHACO,788,OK,OK,,"[1, 3, 4]"
LESCHACO,789,OK,OK,,"[1, 3, 4]"
LESCHACO,790,OK,OK,,"[1, 3, 4]"
LESCHACO,791,OK,OK,,"[1, 3, 4]"
LESCHACO,792,OK,OK,,"[1, 3, 4]"
LESCHACO,793,OK,OK,,"[1, 3, 4]"
LESCHACO,794,OK,OK,,"[1, 3, 4]"
LESCHACO,795,OK,OK,,"[1, 3, 4]"
LESCHACO,796,OK,OK,,"[1, 1, 1, 2, 3, 3, 3, 3, 3, 3, 4]"
LESCHACO,797,OK,OK,,"[1, 1, 2, 2, 3, 4]"
LESCHACO,798,OK,OK,,"[1, 1, 1, 2, 3, 3, 3, 3, 3, 3, 3, 3, 4]"
LESCHACO,799,OK,OK,,"[1, 1, 2, 2, 3, 4]"
LESCHACO,800,OK,OK,,"[1, 2, 2, 3, 3, 3, 3, 4]"
LESCHACO,801,OK,OK,,"[1, 1, 1, 2, 3, 3, 3]"
LESCHACO,802,OK,OK,,"[1, 2, 3, 4]"
LESCHACO,803,OK,OK,,"[1, 2, 3, 4]"
LESCHACO,804,OK,OK,,"[1, 2, 3, 3, 3, 3, 3, 3, 3, 4]"
LESCHACO,805,OK,OK,,"[1, 1, 2, 2, 3, 4]"
LESCHACO,806,OK,OK,,"[1, 1, 2, 2, 3, 4]"
LESCHACO,807,OK,OK,,"[1, 1, 1, 2, 3, 3, 3, 3, 3, 3, 3, 3, 3, 3, 4]"
LESCHACO,808,OK,OK,,"[1, 1, 2, 2, 3, 3, 3, 3, 4]"
LESCHACO,809,OK,OK,,"[1, 1, 1, 2, 3, 3, 3, 3, 3, 3, 3, 3, 3, 3, 4]"
LESCHACO,810,OK,OK,,"[1, 1, 2, 2, 3, 3, 4]"
LESCHACO,811,OK,OK,,"[1, 1, 1, 2, 3, 3, 3, 3, 3, 3, 3, 3, 3, 3, 4]"
LESCHACO,812,OK,OK,,"[1, 1, 2, 2, 3, 3, 4]"
LESCHACO,813,OK,OK,,"[1, 1, 2, 2, 3, 3, 4]"
LESCHACO,814,OK,OK,,"[1, 1, 1, 2, 3, 3, 3, 3, 3, 3, 3, 3, 3, 3, 4]"
LESCHACO,815,OK,OK,,"[1, 1, 2, 2, 3, 3, 4]"
LESCHACO,816,OK,OK,,"[1, 1, 2, 2, 3, 3, 4]"
LESCHACO,817,OK,OK,,"[1, 1, 1, 2, 3, 3, 3, 3, 3, 3, 3, 3, 3, 3, 4]"
LESCHACO,818,OK,OK,,"[1, 1, 2, 2, 3, 3, 4]"
LESCHACO,819,OK,OK,,"[1, 2, 2, 3, 3, 3, 3, 3, 3, 3, 3, 4]"
LESCHACO,820,OK,OK,,"[1, 2, 3, 4]"
LESCHACO,821,OK,OK,,"[1, 2, 2, 3, 3, 3, 3, 3, 3, 3, 3, 4]"
LESCHACO,822,OK,OK,,"[1, 2, 2, 3, 3, 3, 3, 3, 3, 3, 3, 4]"
LESCHACO,823,OK,OK,,"[1, 1, 2, 3, 3, 3, 3, 3, 3, 4]"
LESCHACO,824,OK,OK,,"[1, 2, 3, 3, 3, 3, 3, 3, 4]"
LESCHACO,825,OK,OK,,"[1, 1, 2, 2, 3, 3, 3]"
LESCHACO,826,OK,OK,,"[1, 3, 4]"
LESCHACO,827,OK,OK,,"[1, 3, 4]"
LESCHACO,828,OK,OK,,"[1, 3, 4]"
LESCHACO,829,OK,OK,,"[1, 3, 4]"
LESCHACO,830,OK,OK,,"[1, 3, 4]"
LESCHACO,831,OK,OK,,"[1, 3, 3]"
LESCHACO,832,OK,OK,,"[1, 2, 2, 3, 4]"
LESCHACO,833,OK,OK,,"[1, 2, 3, 3, 4]"
LESCHACO,834,OK,OK,,"[1, 3, 4]"
LESCHACO,835,OK,OK,,"[1, 2, 3, 3, 3, 3, 3, 3, 4, 4, 5, 5]"
LESCHACO,836,OK,OK,,"[1, 2, 3, 3, 4]"
LESCHACO,837,BAD_SEQUENCE,SKIP,Скачок: 1 -> 3,"[1, 1, 1, 3, 3, 3, 3, 3, 3, 3, 3]"
LESCHACO,838,OK,OK,,"[1, 2, 3, 3, 4]"
LESCHACO,839,OK,OK,,"[1, 2, 3, 3, 4]"
LESCHACO,840,OK,OK,,"[1, 2, 3, 3, 4, 4, 5]"
LESCHACO,841,OK,OK,,"[1, 2, 3, 3, 4, 4, 5, 5]"
LESCHACO,842,OK,OK,,"[1, 2, 3, 3, 4]"
LESCHACO,843,OK,OK,,"[1, 2, 3, 3, 3, 3, 3, 3, 3, 3, 4]"
LESCHACO,844,OK,OK,,"[1, 2, 3, 4]"
LESCHACO,845,OK,OK,,"[1, 2, 3, 3, 4, 4, 5, 5]"
LESCHACO,846,OK,OK,,"[1, 3, 3, 3, 3, 3, 3, 3, 3, 3, 3, 3, 3, 3]"
LESCHACO,847,OK,OK,,"[1, 3, 3, 3, 3, 4]"
LESCHACO,848,OK,OK,,"[1, 1, 2, 3, 3, 3, 4]"
LESCHACO,849,OK,OK,,"[1, 1, 1, 2, 3, 4]"
LESCHACO,850,OK,OK,,"[1, 1, 2, 2, 3, 4]"
LESCHACO,851,OK,OK,,"[1, 1, 2, 3, 4]"
LESCHACO,852,OK,OK,,"[1, 1, 1, 2, 3, 4]"
LESCHACO,853,OK,OK,,"[1, 1, 1, 1, 2, 3, 3, 3, 4]"
LESCHACO,854,OK,OK,,"[1, 1, 2, 3, 3, 4]"
LESCHACO,855,OK,OK,,"[1, 2, 3, 4]"
LESCHACO,856,OK,OK,,"[1, 1, 2, 2, 3, 4]"
LESCHACO,857,OK,OK,,"[1, 1, 1, 2, 3, 4]"
LESCHACO,858,OK,OK,,"[1, 1, 1, 1, 2, 3, 3, 4]"
LESCHACO,859,OK,OK,,"[1, 3, 3, 3, 3, 4]"
LESCHACO,860,OK,OK,,"[1, 1, 1, 1, 2, 3, 3, 3, 4]"
LESCHACO,861,OK,OK,,"[1, 1, 1, 1, 2, 3, 3, 4]"
LESCHACO,862,OK,OK,,"[1, 1, 2, 3, 3, 3, 3, 3, 3, 3]"
LESCHACO,863,OK,OK,,"[1, 1, 1, 2, 3, 4]"
LESCHACO,864,OK,OK,,"[1, 2, 3, 3, 4]"
LESCHACO,865,OK,OK,,"[1, 1, 1, 2, 3, 4]"
LESCHACO,866,OK,OK,,"[1, 1, 1, 2, 2, 3, 4]"
LESCHACO,867,OK,OK,,"[1, 3, 4]"
LESCHACO,868,OK,OK,,"[1, 1, 2, 3, 3, 3, 3, 3, 3, 4]"
LESCHACO,869,OK,OK,,"[1, 1, 1, 1, 2, 3, 4]"
LESCHACO,870,OK,OK,,"[1, 1, 2, 3, 4]"
LESCHACO,871,OK,OK,,"[1, 1, 2, 2, 3, 4]"
LESCHACO,872,OK,OK,,"[1, 1, 1, 2, 2, 3, 4]"
LESCHACO,873,OK,OK,,"[1, 1, 1, 1, 2, 3, 3, 4]"
LESCHACO,874,OK,OK,,"[1, 2, 3, 3, 4]"
LESCHACO,875,OK,OK,,"[1, 1, 1, 2, 2, 3, 4]"
LESCHACO,876,OK,OK,,"[1, 1, 1, 2, 3, 4]"
LESCHACO,877,OK,OK,,"[1, 1, 1, 1, 2, 3, 4]"
LESCHACO,878,OK,OK,,"[1, 1, 1, 2, 3, 4]"
LESCHACO,879,OK,OK,,"[1, 1, 2, 2, 3, 4]"
LESCHACO,880,OK,OK,,"[1, 1, 1, 2, 2, 3, 4]"
LESCHACO,881,OK,OK,,"[1, 1, 1, 1, 2, 3, 4]"
LESCHACO,882,OK,OK,,"[1, 1, 1, 2, 3, 3, 3, 3, 4, 4]"
LESCHACO,883,OK,OK,,"[1, 1, 2, 3, 4]"
LESCHACO,884,OK,OK,,"[1, 1, 1, 2, 3, 3, 3, 4]"
LESCHACO,885,OK,OK,,"[1, 1, 1, 2, 3, 4]"
LESCHACO,886,OK,OK,,"[1, 1, 2, 3, 4]"
LESCHACO,887,OK,OK,,"[1, 1, 2, 3, 4]"
LESCHACO,888,OK,OK,,"[1, 1, 1, 1, 2, 3, 4]"
LESCHACO,889,OK,OK,,"[1, 2, 3, 3, 3, 3, 3, 3, 3, 3, 3, 3, 4, 4]"
LESCHACO,890,BAD_SEQUENCE,SKIP,Скачок: 1 -> 3,"[1, 1, 1, 3, 3, 3, 3, 3, 3, 3, 3]"
LESCHACO,891,OK,OK,,"[1, 2, 3, 3, 4, 4, 5, 5]"
LESCHACO,892,OK,OK,,"[1, 1, 1, 1, 2, 3, 4]"
LESCHACO,893,OK,OK,,"[1, 1, 1, 2, 3, 3, 3, 3, 3, 3, 4]"
LESCHACO,894,OK,OK,,"[1, 1, 1, 2, 2, 3, 4]"
LESCHACO,895,BAD_SEQUENCE,SKIP,Скачок: 1 -> 3,"[1, 1, 3, 3, 3, 4]"
LESCHACO,896,OK,OK,,"[1, 2, 3, 3, 4]"
LESCHACO,897,BAD_SEQUENCE,SKIP,Скачок: 1 -> 3,"[1, 1, 1, 3, 3, 3, 3, 3, 3, 3, 4]"
LESCHACO,898,OK,OK,,"[1, 2, 3, 3, 4, 4, 5, 5]"
LESCHACO,899,BAD_SEQUENCE,SKIP,Скачок: 1 -> 3,"[1, 1, 1, 3, 3, 4]"
LESCHACO,900,OK,OK,,"[1, 2, 3, 3, 4, 4, 5, 5]"
LESCHACO,901,OK,OK,,"[1, 1, 1, 2, 3, 4]"
LESCHACO,902,OK,OK,,"[1, 3, 3, 4, 4, 5]"
LESCHACO,903,OK,OK,,"[1, 1, 1, 2, 2, 3, 4]"
LESCHACO,904,OK,OK,,"[1, 2, 3, 3, 4]"
LESCHACO,905,OK,OK,,"[1, 1, 2, 3, 4]"
LESCHACO,906,OK,OK,,"[1, 1, 1, 1, 2, 3, 4]"
LESCHACO,907,OK,OK,,"[1, 2, 3, 4]"
LESCHACO,908,OK,OK,,"[1, 1, 1, 2, 3, 4]"
LESCHACO,909,OK,OK,,"[1, 3, 3, 3, 3, 3, 3, 4]"
LESCHACO,910,OK,OK,,"[1, 1, 1, 2, 3, 4]"
LESCHACO,911,OK,OK,,"[1, 1, 1, 2, 3, 3, 3, 3, 4, 4]"
LESCHACO,912,OK,OK,,"[1, 2, 3, 4]"
LESCHACO,913,OK,OK,,"[1, 1, 1, 2, 3, 3, 3, 3, 4, 4]"
LESCHACO,914,OK,OK,,"[1, 1, 2, 2, 3, 4]"
LESCHACO,915,OK,OK,,"[1, 1, 1, 2, 3, 4]"
LESCHACO,916,OK,OK,,"[1, 1, 2, 3, 4]"
LESCHACO,917,OK,OK,,"[1, 1, 2, 3, 4]"
LESCHACO,918,OK,OK,,"[1, 1, 1, 2, 3, 3, 3, 3, 4, 4]"
LESCHACO,919,BAD_SEQUENCE,SKIP,Скачок: 1 -> 3,"[1, 1, 3, 3, 3, 4]"
LESCHACO,920,OK,OK,,"[1, 2, 3, 3, 3, 3, 3, 3, 3, 3, 3, 3, 4, 4]"
LESCHACO,921,OK,OK,,"[1, 1, 2, 3, 4]"
LESCHACO,922,OK,OK,,"[1, 1, 1, 1, 2, 3, 3, 3, 4]"
LESCHACO,923,BAD_SEQUENCE,SKIP,Скачок: 1 -> 3,"[1, 1, 1, 1, 3, 4]"
LESCHACO,924,OK,OK,,"[1, 1, 1, 2, 2, 3, 4]"
LESCHACO,925,OK,OK,,"[1, 1, 1, 2, 3, 4]"
LESCHACO,926,BAD_SEQUENCE,SKIP,Скачок: 1 -> 3,"[1, 1, 1, 3, 3, 3, 4]"
LESCHACO,927,OK,OK,,"[1, 1, 2, 2, 3, 4]"
LESCHACO,928,OK,OK,,"[1, 3, 3, 3, 3, 3, 3, 4]"
LESCHACO,929,OK,OK,,"[1, 1, 2, 3, 3, 4]"
LESCHACO,930,OK,OK,,"[1, 1, 2, 3, 3, 4]"
LESCHACO,931,OK,OK,,"[1, 1, 2, 3, 3, 3, 4]"
LESCHACO,932,BAD_SEQUENCE,SKIP,Скачок: 1 -> 3,"[1, 1, 3, 3, 3, 4]"
LESCHACO,933,OK,OK,,"[1, 1, 1, 2, 3, 3, 3, 3, 4, 4]"
LESCHACO,934,OK,OK,,"[1, 1, 2, 3, 4]"
LESCHACO,935,OK,OK,,"[1, 2, 3, 3, 3, 3, 3, 3, 3, 3, 3, 3, 4, 4]"
LESCHACO,936,OK,OK,,"[1, 1, 2, 2, 3, 4]"
LESCHACO,937,OK,OK,,"[1, 3, 4]"
LESCHACO,938,OK,OK,,"[1, 3, 4]"
LESCHACO,939,BAD_SEQUENCE,SKIP,Скачок: 1 -> 3,"[1, 1, 3, 4]"
LESCHACO,940,BAD_SEQUENCE,SKIP,Скачок: 1 -> 3,"[1, 1, 3, 3, 3, 3, 3, 3, 3, 3]"
LESCHACO,941,BAD_SEQUENCE,SKIP,Скачок: 1 -> 3,"[1, 1, 3, 3, 3, 3, 3, 3, 3]"
LESCHACO,942,OK,OK,,"[1, 3, 3, 3, 3, 4]"
LESCHACO,943,OK,OK,,"[1, 2, 2, 2, 2, 3]"
LESCHACO,944,BAD_SEQUENCE,SKIP,Скачок: 1 -> 3,"[1, 1, 3, 4]"
LESCHACO,945,OK,OK,,"[1, 2, 2, 2, 2, 3, 4]"
LESCHACO,946,BAD_SEQUENCE,SKIP,Скачок: 1 -> 3,"[1, 1, 3, 3, 3, 3, 3, 3, 4]"
LESCHACO,947,OK,OK,,"[1, 3, 4]"
LESCHACO,948,OK,OK,,"[1, 1, 2, 3, 3, 4]"
LESCHACO,949,OK,OK,,"[1, 1, 2, 3, 4]"
LESCHACO,950,OK,OK,,"[1, 1, 1, 2, 3, 4]"
LESCHACO,951,OK,OK,,"[1, 1, 1, 2, 3, 4]"
LESCHACO,952,OK,OK,,"[1, 1, 1, 2, 3, 3, 3, 4]"
LESCHACO,953,BAD_SEQUENCE,SKIP,Скачок: 1 -> 3,"[1, 1, 1, 3, 3, 3]"
LESCHACO,954,OK,OK,,"[1, 1, 1, 2, 3, 3, 3, 3, 4, 4]"
LESCHACO,955,OK,OK,,"[1, 3, 3]"
LESCHACO,956,BAD_SEQUENCE,SKIP,Скачок: 1 -> 3,"[1, 1, 3, 3, 3, 3, 3, 3, 3, 3, 3]"
LESCHACO,957,BAD_SEQUENCE,SKIP,Скачок: 1 -> 3,"[1, 1, 1, 3, 3, 3, 3, 3, 3, 3, 3, 3, 3, 3, 4]"
LESCHACO,958,OK,OK,,"[1, 1, 2, 2, 3, 4]"
LESCHACO,959,OK,OK,,"[1, 1, 2, 3, 4]"
LESCHACO,960,OK,OK,,"[1, 1, 2, 3, 4]"
LESCHACO,961,OK,OK,,"[1, 1, 2, 3, 3, 4]"
LESCHACO,962,OK,OK,,"[1, 3, 3]"
LESCHACO,963,OK,OK,,"[1, 1, 1, 2, 3, 3, 4]"
LESCHACO,964,OK,OK,,"[1, 3, 4]"
LESCHACO,965,OK,OK,,"[1, 2, 2, 2, 2, 3]"
LESCHACO,966,OK,OK,,"[1, 3, 3, 3, 3, 4]"
LESCHACO,967,BAD_SEQUENCE,SKIP,Скачок: 1 -> 3,"[1, 1, 3, 3, 3, 4]"
LESCHACO,968,OK,OK,,"[1, 3, 3, 3, 3, 4]"
LESCHACO,969,OK,OK,,"[1, 3, 4]"
LESCHACO,970,OK,OK,,"[1, 3, 4]"
LESCHACO,971,OK,OK,,"[1, 2, 2, 2, 2, 3]"
LESCHACO,972,OK,OK,,"[1, 2, 2, 2, 3, 4]"
LESCHACO,973,OK,OK,,"[1, 1, 2, 3, 3, 4]"
LESCHACO,974,BAD_SEQUENCE,SKIP,Скачок: 1 -> 3,"[1, 1, 3, 3, 3, 3, 3, 3, 3, 3, 3]"
LESCHACO,975,OK,OK,,"[1, 1, 1, 1, 2, 2, 3, 4]"
LESCHACO,976,OK,OK,,"[1, 3, 4]"
LESCHACO,977,OK,OK,,"[1, 2, 2, 2, 2, 3, 4]"
LESCHACO,978,OK,OK,,"[1, 2, 2, 2, 2, 3]"
LESCHACO,979,BAD_SEQUENCE,SKIP,Скачок: 1 -> 3,"[1, 1, 3, 3, 3, 4]"
LESCHACO,980,OK,OK,,"[1, 1, 2, 3, 3, 4]"
LESCHACO,981,OK,OK,,"[1, 1, 2, 2, 3, 3, 3, 3, 3]"
LESCHACO,982,OK,OK,,"[1, 2, 3, 3, 3, 3, 3]"
LESCHACO,983,OK,OK,,"[1, 3, 4]"
LESCHACO,984,OK,OK,,"[1, 1, 2, 3, 3, 3, 3, 3, 3, 3, 3, 3, 3]"
LESCHACO,985,OK,OK,,"[1, 3, 4]"
LESCHACO,986,BAD_SEQUENCE,SKIP,Скачок: 1 -> 3,"[1, 1, 3, 4]"
LESCHACO,987,OK,OK,,"[1, 1, 2, 3, 3, 3, 3, 3, 3, 3, 3, 3, 3]"
LESCHACO,988,OK,OK,,"[1, 1, 1, 1, 2, 2, 3, 4, 4, 5, 5]"
LESCHACO,989,BAD_SEQUENCE,SKIP,Скачок: 1 -> 3,"[1, 1, 3, 4]"
LESCHACO,990,BAD_SEQUENCE,SKIP,Скачок: 1 -> 3,"[1, 1, 3, 4]"
LESCHACO,991,BAD_SEQUENCE,SKIP,Скачок: 1 -> 3,"[1, 1, 3, 4]"
LESCHACO,992,OK,OK,,"[1, 3, 4]"
LESCHACO,993,BAD_SEQUENCE,SKIP,Скачок: 1 -> 3,"[1, 1, 3, 4]"
LESCHACO,994,OK,OK,,"[1, 3, 4, 5, 5]"
LESCHACO,995,OK,OK,,"[1, 1, 2, 3, 3, 3, 3, 3, 3, 3]"
LESCHACO,996,BAD_SEQUENCE,SKIP,Скачок: 1 -> 3,"[1, 1, 3, 4]"
LESCHACO,997,OK,OK,,"[1, 1, 2, 2, 2, 3, 3, 3, 3, 3, 4, 4, 5, 5]"
LESCHACO,998,OK,OK,,"[1, 1, 1, 2, 2, 3, 3, 3, 3, 3]"
LESCHACO,999,OK,OK,,"[1, 2, 2, 3, 4, 4, 5, 5]"
CONCOR,0,OK,OK,,"[1, 1, 1]"
CONCOR,1,OK,OK,,"[1, 1, 1]"
CONCOR,2,OK,OK,,"[1, 1, 1]"
CONCOR,3,OK,OK,,"[1, 2]"
CONCOR,4,OK,OK,,"[1, 1, 1]"
CONCOR,5,OK,OK,,"[1, 1, 1]"
CONCOR,6,OK,OK,,"[1, 1, 1]"
CONCOR,7,OK,OK,,"[1, 1]"
CONCOR,8,OK,OK,,"[1, 2]"
CONCOR,9,OK,OK,,"[1, 1]"
CONCOR,10,OK,OK,,"[1, 2]"
CONCOR,11,OK,OK,,"[1, 1, 1]"
CONCOR,12,OK,OK,,"[1, 1, 1]"
CONCOR,13,OK,OK,,"[1, 1, 1]"
CONCOR,14,OK,OK,,"[1, 1, 1]"
CONCOR,15,OK,OK,,"[1, 1]"
CONCOR,16,OK,OK,,"[1, 2]"
CONCOR,17,OK,OK,,"[1, 1, 1]"
CONCOR,18,OK,OK,,"[1, 2]"
CONCOR,19,OK,OK,,"[1, 1, 1]"
CONCOR,20,OK,OK,,"[1, 1]"
CONCOR,21,OK,OK,,"[1, 1, 1]"
CONCOR,22,OK,OK,,"[1, 2]"
CONCOR,23,OK,OK,,"[1, 2]"
CONCOR,24,OK,OK,,"[1, 2]"
CONCOR,25,OK,OK,,"[1, 1]"
CONCOR,26,OK,OK,,"[1, 2]"
CONCOR,27,OK,OK,,"[1, 2]"
CONCOR,28,OK,OK,,"[1, 2]"
CONCOR,29,OK,OK,,"[1, 2]"
CONCOR,30,OK,OK,,"[1, 2]"
CONCOR,31,OK,OK,,"[1, 2]"
CONCOR,32,OK,OK,,"[1, 2]"
CONCOR,33,OK,OK,,"[1, 2]"
CONCOR,34,OK,OK,,"[1, 2]"
CONCOR,35,OK,OK,,"[1, 2]"
CONCOR,36,OK,OK,,"[1, 1]"
CONCOR,37,OK,OK,,"[1, 2]"
CONCOR,38,OK,OK,,"[1, 2]"
CONCOR,39,OK,OK,,"[1, 2]"
CONCOR,40,OK,OK,,"[1, 2]"
CONCOR,41,OK,OK,,"[1, 1, 1]"
CONCOR,42,OK,OK,,"[1, 1, 1]"
CONCOR,43,OK,OK,,"[1, 1, 1]"
CONCOR,44,OK,OK,,"[1, 2]"
CONCOR,45,OK,OK,,"[1, 1, 1]"
CONCOR,46,OK,OK,,"[1, 2]"
CONCOR,47,OK,OK,,"[1, 2]"
CONCOR,48,OK,OK,,"[1, 2]"
CONCOR,49,OK,OK,,"[1, 2]"
CONCOR,50,OK,OK,,"[1, 2]"
CONCOR,51,OK,OK,,"[1, 2]"
CONCOR,52,OK,OK,,"[1, 2]"
CONCOR,53,OK,OK,,"[1, 2]"
CONCOR,54,OK,OK,,"[1, 1, 1]"
CONCOR,55,OK,OK,,"[1, 2]"
CONCOR,56,OK,OK,,"[1, 2]"
CONCOR,57,OK,OK,,"[1, 2]"
CONCOR,58,OK,OK,,"[1, 2]"
CONCOR,59,OK,OK,,"[1, 1]"
CONCOR,60,OK,OK,,"[1, 2]"
CONCOR,61,OK,OK,,"[1, 2]"
CONCOR,62,OK,OK,,"[1, 2]"
CONCOR,63,OK,OK,,"[1, 2]"
CONCOR,64,OK,OK,,"[1, 2]"
CONCOR,65,OK,OK,,"[1, 1, 1]"
CONCOR,66,OK,OK,,"[1, 1, 1]"
CONCOR,67,OK,OK,,"[1, 1, 1]"
CONCOR,68,OK,OK,,"[1, 2]"
CONCOR,69,OK,OK,,"[1, 1]"
CONCOR,70,OK,OK,,"[1, 2]"
CONCOR,71,OK,OK,,"[1, 2]"
CONCOR,72,OK,OK,,"[1, 2]"
CONCOR,73,OK,OK,,"[1, 1, 1]"
CONCOR,74,OK,OK,,"[1, 1]"
CONCOR,75,OK,OK,,"[1, 2]"
CONCOR,76,OK,OK,,"[1, 1]"
CONCOR,77,OK,OK,,"[1, 2]"
CONCOR,78,OK,OK,,"[1, 1, 1]"
CONCOR,79,OK,OK,,"[1, 1]"
CONCOR,80,OK,OK,,"[1, 1]"
CONCOR,81,OK,OK,,"[1, 1]"
CONCOR,82,OK,OK,,"[1, 1]"
CONCOR,83,OK,OK,,"[1, 1, 1]"
CONCOR,84,OK,OK,,"[1, 1]"
CONCOR,85,OK,OK,,"[1, 1]"
CONCOR,86,OK,OK,,"[1, 1]"
CONCOR,87,OK,OK,,"[1, 1, 1]"
CONCOR,88,OK,OK,,"[1, 2]"
CONCOR,89,OK,OK,,"[1, 1, 1]"
CONCOR,90,OK,OK,,"[1, 1, 1]"
CONCOR,91,OK,OK,,"[1, 1]"
CONCOR,92,OK,OK,,"[1, 1, 1]"
CONCOR,93,OK,OK,,"[1, 2]"
CONCOR,94,OK,OK,,"[1, 1]"
CONCOR,95,OK,OK,,"[1, 1, 1]"
CONCOR,96,OK,OK,,"[1, 1, 1]"
CONCOR,97,OK,OK,,"[1, 1]"
CONCOR,98,OK,OK,,"[1, 1, 1]"
CONCOR,99,OK,OK,,"[1, 2]"
CONCOR,100,OK,OK,,"[1, 1]"
CONCOR,101,OK,OK,,"[1, 2]"
CONCOR,102,OK,OK,,"[1, 1]"
CONCOR,103,OK,OK,,"[1, 1]"
CONCOR,104,OK,OK,,"[1, 1]"
CONCOR,105,OK,OK,,"[1, 1]"
CONCOR,106,OK,OK,,"[1, 2]"
CONCOR,107,OK,OK,,"[1, 2]"
CONCOR,108,OK,OK,,"[1, 2]"
CONCOR,109,OK,OK,,"[1, 2]"
CONCOR,110,OK,OK,,"[1, 1, 1]"
CONCOR,111,OK,OK,,"[1, 1, 1]"
CONCOR,112,OK,OK,,"[1, 1]"
CONCOR,113,OK,OK,,"[1, 1, 1]"
CONCOR,114,OK,OK,,"[1, 2]"
CONCOR,115,OK,OK,,"[1, 2]"
CONCOR,116,OK,OK,,"[1, 2]"
CONCOR,117,OK,OK,,"[1, 2]"
CONCOR,118,OK,OK,,"[1, 2]"
CONCOR,119,OK,OK,,"[1, 1]"
CONCOR,120,OK,OK,,"[1, 1]"
CONCOR,121,OK,OK,,"[1, 2]"
CONCOR,122,OK,OK,,"[1, 2]"
CONCOR,123,OK,OK,,"[1, 2]"
CONCOR,124,OK,OK,,"[1, 1]"
CONCOR,125,OK,OK,,"[1, 2]"
CONCOR,126,OK,OK,,"[1, 2]"
CONCOR,127,OK,OK,,"[1, 1]"
CONCOR,128,OK,OK,,"[1, 1, 1]"
CONCOR,129,OK,OK,,"[1, 1, 1]"
CONCOR,130,OK,OK,,"[1, 1]"
CONCOR,131,OK,OK,,"[1, 2]"
CONCOR,132,OK,OK,,"[1, 1, 1]"
CONCOR,133,OK,OK,,"[1, 1, 1]"
CONCOR,134,OK,OK,,"[1, 2]"
CONCOR,135,OK,OK,,"[1, 1]"
CONCOR,136,OK,OK,,"[1, 1]"
CONCOR,137,OK,OK,,"[1, 1, 1]"
CONCOR,138,OK,OK,,"[1, 2]"
CONCOR,139,OK,OK,,"[1, 1, 1]"
CONCOR,140,OK,OK,,"[1, 1, 1]"
CONCOR,141,OK,OK,,"[1, 1, 1]"
CONCOR,142,OK,OK,,"[1, 1]"
CONCOR,143,OK,OK,,"[1, 1]"
CONCOR,144,OK,OK,,"[1, 1]"
CONCOR,145,OK,OK,,"[1, 2]"
CONCOR,146,OK,OK,,"[1, 2]"
CONCOR,147,OK,OK,,"[1, 1]"
CONCOR,148,OK,OK,,"[1, 1]"
CONCOR,149,OK,OK,,"[1, 1, 1]"
CONCOR,150,OK,OK,,"[1, 1, 1]"
CONCOR,151,OK,OK,,"[1, 1]"
CONCOR,152,OK,OK,,"[1, 1]"
CONCOR,153,OK,OK,,"[1, 2]"
CONCOR,154,OK,OK,,"[1, 1]"
CONCOR,155,OK,OK,,"[1, 2]"
CONCOR,156,OK,OK,,"[1, 1, 1]"
CONCOR,157,OK,OK,,"[1, 1]"
CONCOR,158,OK,OK,,"[1, 2]"
CONCOR,159,OK,OK,,"[1, 2]"
CONCOR,160,OK,OK,,"[1, 1, 1]"
CONCOR,161,OK,OK,,"[1, 1, 1]"
CONCOR,162,OK,OK,,"[1, 2]"
CONCOR,163,OK,OK,,"[1, 2]"
CONCOR,164,OK,OK,,"[1, 1]"
CONCOR,165,OK,OK,,"[1, 1, 1]"
CONCOR,166,OK,OK,,"[1, 1]"
CONCOR,167,OK,OK,,"[1, 1]"
CONCOR,168,OK,OK,,"[1, 2]"
CONCOR,169,OK,OK,,"[1, 1]"
CONCOR,170,OK,OK,,"[1, 2]"
CONCOR,171,OK,OK,,"[1, 1]"
CONCOR,172,OK,OK,,"[1, 1]"
CONCOR,173,OK,OK,,"[1, 1]"
CONCOR,174,OK,OK,,"[1, 1]"
CONCOR,175,OK,OK,,"[1, 1, 1]"
CONCOR,176,OK,OK,,"[1, 1, 1]"
CONCOR,177,OK,OK,,"[1, 1, 1]"
CONCOR,178,OK,OK,,"[1, 1]"
CONCOR,179,OK,OK,,"[1, 1, 1]"
CONCOR,180,OK,OK,,"[1, 1]"
CONCOR,181,OK,OK,,"[1, 1]"
CONCOR,182,OK,OK,,"[1, 1, 1]"
CONCOR,183,OK,OK,,"[1, 1]"
CONCOR,184,OK,OK,,"[1, 2]"
CONCOR,185,OK,OK,,"[1, 2]"
CONCOR,186,OK,OK,,"[1, 1, 1]"
CONCOR,187,OK,OK,,"[1, 1]"
CONCOR,188,OK,OK,,"[1, 1]"
CONCOR,189,OK,OK,,"[1, 1, 1]"
CONCOR,190,OK,OK,,"[1, 1, 1]"
CONCOR,191,OK,OK,,"[1, 1]"
CONCOR,192,OK,OK,,"[1, 1, 1]"
CONCOR,193,OK,OK,,"[1, 1]"
CONCOR,194,OK,OK,,"[1, 2]"
CONCOR,195,OK,OK,,"[1, 1, 1]"
CONCOR,196,OK,OK,,"[1, 1, 1]"
CONCOR,197,OK,OK,,"[1, 2]"
CONCOR,198,OK,OK,,"[1, 2]"
CONCOR,199,OK,OK,,"[1, 1]"
CONCOR,200,OK,OK,,"[1, 1, 1]"
CONCOR,201,OK,OK,,"[1, 1, 1]"
CONCOR,202,OK,OK,,"[1, 1, 1]"
CONCOR,203,OK,OK,,"[1, 1, 1]"
CONCOR,204,OK,OK,,"[1, 1]"
CONCOR,205,OK,OK,,"[1, 1]"
CONCOR,206,OK,OK,,"[1, 1]"
CONCOR,207,OK,OK,,"[1, 1, 1]"
CONCOR,208,OK,OK,,"[1, 1, 1]"
CONCOR,209,OK,OK,,"[1, 1, 1]"
CONCOR,210,OK,OK,,"[1, 1]"
CONCOR,211,OK,OK,,"[1, 2]"
CONCOR,212,OK,OK,,"[1, 1, 1]"
CONCOR,213,OK,OK,,"[1, 1]"
CONCOR,214,OK,OK,,"[1, 1, 1]"
CONCOR,215,OK,OK,,"[1, 2]"
CONCOR,216,OK,OK,,"[1, 2]"
CONCOR,217,OK,OK,,"[1, 2]"
CONCOR,218,OK,OK,,"[1, 1, 1]"
CONCOR,219,OK,OK,,"[1, 1, 1]"
CONCOR,220,OK,OK,,"[1, 1]"
CONCOR,221,OK,OK,,"[1, 2]"
CONCOR,222,OK,OK,,"[1, 1, 1]"
CONCOR,223,OK,OK,,"[1, 2]"
CONCOR,224,OK,OK,,"[1, 1, 1]"
CONCOR,225,OK,OK,,"[1, 1, 1]"
CONCOR,226,OK,OK,,"[1, 1, 1]"
CONCOR,227,OK,OK,,"[1, 1, 1]"
CONCOR,228,OK,OK,,"[1, 1]"
CONCOR,229,OK,OK,,"[1, 2]"
CONCOR,230,OK,OK,,"[1, 2]"
CONCOR,231,OK,OK,,"[1, 2]"
CONCOR,232,OK,OK,,"[1, 2]"
CONCOR,233,OK,OK,,"[1, 1, 1]"
CONCOR,234,OK,OK,,"[1, 2]"
CONCOR,235,OK,OK,,"[1, 1]"
CONCOR,236,OK,OK,,"[1, 2]"
CONCOR,237,OK,OK,,"[1, 1, 1]"
CONCOR,238,OK,OK,,"[1, 2]"
CONCOR,239,OK,OK,,"[1, 2]"
CONCOR,240,OK,OK,,"[1, 2]"
CONCOR,241,OK,OK,,"[1, 2]"
CONCOR,242,OK,OK,,"[1, 2]"
CONCOR,243,OK,OK,,"[1, 2]"
CONCOR,244,OK,OK,,"[1, 2]"
CONCOR,245,OK,OK,,"[1, 1, 1]"
CONCOR,246,OK,OK,,"[1, 2]"
CONCOR,247,OK,OK,,"[1, 2]"
CONCOR,248,OK,OK,,"[1, 2]"
CONCOR,249,OK,OK,,"[1, 1]"
CONCOR,250,OK,OK,,"[1, 1, 1]"
CONCOR,251,OK,OK,,"[1, 2]"
CONCOR,252,OK,OK,,"[1, 2]"
CONCOR,253,OK,OK,,"[1, 2]"
CONCOR,254,OK,OK,,"[1, 1, 1]"
CONCOR,255,OK,OK,,"[1, 2]"
CONCOR,256,OK,OK,,"[1, 2]"
CONCOR,257,OK,OK,,"[1, 2]"
CONCOR,258,OK,OK,,"[1, 1, 1]"
CONCOR,259,OK,OK,,"[1, 2]"
CONCOR,260,OK,OK,,"[1, 2]"
CONCOR,261,OK,OK,,"[1, 1]"
CONCOR,262,OK,OK,,"[1, 1, 1]"
CONCOR,263,OK,OK,,"[1, 1]"
CONCOR,264,OK,OK,,"[1, 1, 1]"
CONCOR,265,OK,OK,,"[1, 2]"
CONCOR,266,OK,OK,,"[1, 2]"
CONCOR,267,OK,OK,,"[1, 2]"
CONCOR,268,OK,OK,,"[1, 2]"
CONCOR,269,OK,OK,,"[1, 2]"
CONCOR,270,OK,OK,,"[1, 2]"
CONCOR,271,OK,OK,,"[1, 2]"
CONCOR,272,OK,OK,,"[1, 1]"
CONCOR,273,OK,OK,,"[1, 1]"
CONCOR,274,OK,OK,,"[1, 1, 1]"
CONCOR,275,OK,OK,,"[1, 1, 1]"
CONCOR,276,OK,OK,,"[1, 1, 1]"
CONCOR,277,OK,OK,,"[1, 1, 1]"
CONCOR,278,OK,OK,,"[1, 1, 1]"
CONCOR,279,OK,OK,,"[1, 1, 1]"
CONCOR,280,OK,OK,,"[1, 1, 1]"
CONCOR,281,OK,OK,,"[1, 1, 1]"
CONCOR,282,OK,OK,,"[1, 2]"
CONCOR,283,OK,OK,,"[1, 1, 1]"
CONCOR,284,OK,OK,,"[1, 1, 1]"
CONCOR,285,OK,OK,,"[1, 1, 1]"
CONCOR,286,OK,OK,,"[1, 2]"
CONCOR,287,OK,OK,,"[1, 2]"
CONCOR,288,OK,OK,,"[1, 1]"
CONCOR,289,OK,OK,,"[1, 1]"
CONCOR,290,OK,OK,,"[1, 2]"
CONCOR,291,OK,OK,,"[1, 1]"
CONCOR,292,OK,OK,,"[1, 2]"
CONCOR,293,OK,OK,,"[1, 1]"
CONCOR,294,OK,OK,,"[1, 1]"
CONCOR,295,OK,OK,,"[1, 2]"
CONCOR,296,OK,OK,,"[1, 2]"
CONCOR,297,OK,OK,,"[1, 1, 1]"
CONCOR,298,OK,OK,,"[1, 1]"
CONCOR,299,OK,OK,,"[1, 1, 1]"
CONCOR,300,OK,OK,,"[1, 1]"
CONCOR,301,OK,OK,,"[1, 1, 1]"
CONCOR,302,OK,OK,,"[1, 1, 1]"
CONCOR,303,OK,OK,,"[1, 1]"
CONCOR,304,OK,OK,,"[1, 1]"
CONCOR,305,OK,OK,,"[1, 1]"
CONCOR,306,OK,OK,,"[1, 1, 1]"
CONCOR,307,OK,OK,,"[1, 2]"
CONCOR,308,OK,OK,,"[1, 2]"
CONCOR,309,OK,OK,,"[1, 1]"
CONCOR,310,OK,OK,,"[1, 1]"
CONCOR,311,OK,OK,,"[1, 1, 1]"
CONCOR,312,OK,OK,,"[1, 1, 1]"
CONCOR,313,OK,OK,,"[1, 1, 1]"
CONCOR,314,OK,OK,,"[1, 1, 1]"
CONCOR,315,OK,OK,,"[1, 1]"
CONCOR,316,OK,OK,,"[1, 1, 1]"
CONCOR,317,OK,OK,,"[1, 1, 1]"
CONCOR,318,OK,OK,,"[1, 1]"
CONCOR,319,OK,OK,,"[1, 2]"
CONCOR,320,OK,OK,,"[1, 2]"
CONCOR,321,OK,OK,,"[1, 1]"
CONCOR,322,OK,OK,,"[1, 1, 1]"
CONCOR,323,OK,OK,,"[1, 1]"
CONCOR,324,OK,OK,,"[1, 1]"
CONCOR,325,OK,OK,,"[1, 1]"
CONCOR,326,OK,OK,,"[1, 1]"
CONCOR,327,OK,OK,,"[1, 1]"
CONCOR,328,OK,OK,,"[1, 1]"
CONCOR,329,OK,OK,,"[1, 1]"
CONCOR,330,OK,OK,,"[1, 1]"
CONCOR,331,OK,OK,,"[1, 1, 1]"
CONCOR,332,OK,OK,,"[1, 1, 1]"
CONCOR,333,OK,OK,,"[1, 1]"
CONCOR,334,OK,OK,,"[1, 1, 1]"
CONCOR,335,OK,OK,,"[1, 1, 1]"
CONCOR,336,OK,OK,,"[1, 1, 1]"
CONCOR,337,OK,OK,,"[1, 1]"
CONCOR,338,OK,OK,,"[1, 1]"
CONCOR,339,OK,OK,,"[1, 1]"
CONCOR,340,OK,OK,,"[1, 1]"
CONCOR,341,OK,OK,,"[1, 2]"
CONCOR,342,OK,OK,,"[1, 1]"
CONCOR,343,OK,OK,,"[1, 1, 1]"
CONCOR,344,OK,OK,,"[1, 1]"
CONCOR,345,OK,OK,,"[1, 1, 1]"
CONCOR,346,OK,OK,,"[1, 2]"
CONCOR,347,OK,OK,,"[1, 1]"
CONCOR,348,OK,OK,,"[1, 2]"
CONCOR,349,OK,OK,,"[1, 2]"
CONCOR,350,OK,OK,,"[1, 1, 1]"
CONCOR,351,OK,OK,,"[1, 1]"
CONCOR,352,OK,OK,,"[1, 1]"
CONCOR,353,OK,OK,,"[1, 1, 1]"
CONCOR,354,OK,OK,,"[1, 1]"
CONCOR,355,OK,OK,,"[1, 1, 1]"
CONCOR,356,OK,OK,,"[1, 1, 1]"
CONCOR,357,OK,OK,,"[1, 1]"
CONCOR,358,OK,OK,,"[1, 1]"
CONCOR,359,OK,OK,,"[1, 1, 1]"
CONCOR,360,OK,OK,,"[1, 2]"
CONCOR,361,OK,OK,,"[1, 1, 1]"
CONCOR,362,OK,OK,,"[1, 2]"
CONCOR,363,OK,OK,,"[1, 1]"
CONCOR,364,OK,OK,,"[1, 1]"
CONCOR,365,OK,OK,,"[1, 1]"
CONCOR,366,OK,OK,,"[1, 1]"
CONCOR,367,OK,OK,,"[1, 2]"
CONCOR,368,OK,OK,,"[1, 2]"
CONCOR,369,OK,OK,,"[1, 2]"
CONCOR,370,OK,OK,,"[1, 2]"
CONCOR,371,OK,OK,,"[1, 2]"
CONCOR,372,OK,OK,,"[1, 2]"
CONCOR,373,OK,OK,,"[1, 2]"
CONCOR,374,OK,OK,,"[1, 2]"
CONCOR,375,OK,OK,,"[1, 1]"
CONCOR,376,OK,OK,,"[1, 1]"
CONCOR,377,OK,OK,,"[1, 1]"
CONCOR,378,OK,OK,,"[1, 2]"
CONCOR,379,OK,OK,,"[1, 1, 1]"
CONCOR,380,OK,OK,,"[1, 1, 1]"
CONCOR,381,OK,OK,,"[1, 1, 1]"
CONCOR,382,OK,OK,,"[1, 2]"
CONCOR,383,OK,OK,,"[1, 1]"
CONCOR,384,OK,OK,,"[1, 1]"
CONCOR,385,OK,OK,,"[1, 1]"
CONCOR,386,OK,OK,,"[1, 1]"
CONCOR,387,OK,OK,,"[1, 1]"
CONCOR,388,OK,OK,,"[1, 1]"
CONCOR,389,OK,OK,,"[1, 1]"
CONCOR,390,OK,OK,,"[1, 1]"
CONCOR,391,OK,OK,,"[1, 1, 1]"
CONCOR,392,OK,OK,,"[1, 1]"
CONCOR,393,OK,OK,,"[1, 2]"
CONCOR,394,OK,OK,,"[1, 1, 1]"
CONCOR,395,OK,OK,,"[1, 1]"
CONCOR,396,OK,OK,,"[1, 2]"
CONCOR,397,OK,OK,,"[1, 1]"
CONCOR,398,OK,OK,,"[1, 2]"
CONCOR,399,OK,OK,,"[1, 2]"
CONCOR,400,OK,OK,,"[1, 2]"
CONCOR,401,OK,OK,,"[1, 2]"
CONCOR,402,OK,OK,,"[1, 1]"
CONCOR,403,OK,OK,,"[1, 2]"
CONCOR,404,OK,OK,,"[1, 1]"
CONCOR,405,OK,OK,,"[1, 2]"
CONCOR,406,OK,OK,,"[1, 2]"
CONCOR,407,OK,OK,,"[1, 2]"
CONCOR,408,OK,OK,,"[1, 2]"
CONCOR,409,OK,OK,,"[1, 1, 1]"
CONCOR,410,OK,OK,,"[1, 1]"
CONCOR,411,OK,OK,,"[1, 1]"
CONCOR,412,OK,OK,,"[1, 1, 1]"
CONCOR,413,OK,OK,,"[1, 1, 1]"
CONCOR,414,OK,OK,,"[1, 1, 1]"
CONCOR,415,OK,OK,,"[1, 1]"
CONCOR,416,OK,OK,,"[1, 2]"
CONCOR,417,OK,OK,,"[1, 1]"
CONCOR,418,OK,OK,,"[1, 1]"
CONCOR,419,OK,OK,,"[1, 1]"
CONCOR,420,OK,OK,,"[1, 1]"
CONCOR,421,OK,OK,,"[1, 1, 1]"
CONCOR,422,OK,OK,,"[1, 1]"
CONCOR,423,OK,OK,,"[1, 2]"
CONCOR,424,OK,OK,,"[1, 1]"
CONCOR,425,OK,OK,,"[1, 1, 1]"
CONCOR,426,OK,OK,,"[1, 2]"
CONCOR,427,OK,OK,,"[1, 2]"
CONCOR,428,OK,OK,,"[1, 1, 1]"
CONCOR,429,OK,OK,,"[1, 2]"
CONCOR,430,OK,OK,,"[1, 2]"
CONCOR,431,OK,OK,,"[1, 2]"
CONCOR,432,OK,OK,,"[1, 1]"
CONCOR,433,OK,OK,,"[1, 1]"
CONCOR,434,OK,OK,,"[1, 1]"
CONCOR,435,OK,OK,,"[1, 1, 1]"
CONCOR,436,OK,OK,,"[1, 1, 1]"
CONCOR,437,OK,OK,,"[1, 1]"
CONCOR,438,OK,OK,,"[1, 1]"
CONCOR,439,OK,OK,,"[1, 1]"
CONCOR,440,OK,OK,,"[1, 1, 1]"
CONCOR,441,OK,OK,,"[1, 1]"
CONCOR,442,OK,OK,,"[1, 1, 1]"
CONCOR,443,OK,OK,,"[1, 2]"
CONCOR,444,OK,OK,,"[1, 1]"
CONCOR,445,OK,OK,,"[1, 1, 1]"
CONCOR,446,OK,OK,,"[1, 1]"
CONCOR,447,OK,OK,,"[1, 1, 1]"
CONCOR,448,OK,OK,,"[1, 1]"
CONCOR,449,OK,OK,,"[1, 1]"
CONCOR,450,OK,OK,,"[1, 1]"
CONCOR,451,OK,OK,,"[1, 2]"
CONCOR,452,OK,OK,,"[1, 2]"
CONCOR,453,OK,OK,,"[1, 1, 1]"
CONCOR,454,OK,OK,,"[1, 2]"
CONCOR,455,OK,OK,,"[1, 1, 1]"
CONCOR,456,OK,OK,,"[1, 1, 1]"
CONCOR,457,OK,OK,,"[1, 1, 1]"
CONCOR,458,OK,OK,,"[1, 1, 1]"
CONCOR,459,OK,OK,,"[1, 1, 1]"
CONCOR,460,OK,OK,,"[1, 1, 1]"
CONCOR,461,OK,OK,,"[1, 1, 1]"
CONCOR,462,OK,OK,,"[1, 1, 1]"
CONCOR,463,OK,OK,,"[1, 1, 1]"
CONCOR,464,OK,OK,,"[1, 2]"
CONCOR,465,OK,OK,,"[1, 1, 1]"
CONCOR,466,OK,OK,,"[1, 1, 1]"
CONCOR,467,OK,OK,,"[1, 2]"
CONCOR,468,OK,OK,,"[1, 1]"
CONCOR,469,OK,OK,,"[1, 2]"
CONCOR,470,OK,OK,,"[1, 1, 1]"
CONCOR,471,OK,OK,,"[1, 2]"
CONCOR,472,OK,OK,,"[1, 2]"
CONCOR,473,OK,OK,,"[1, 1, 1]"
CONCOR,474,OK,OK,,"[1, 2]"
CONCOR,475,OK,OK,,"[1, 1]"
CONCOR,476,OK,OK,,"[1, 1, 1]"
CONCOR,477,OK,OK,,"[1, 2]"
CONCOR,478,OK,OK,,"[1, 1]"
CONCOR,479,OK,OK,,"[1, 1, 1]"
CONCOR,480,OK,OK,,"[1, 1]"
CONCOR,481,OK,OK,,"[1, 2]"
CONCOR,482,OK,OK,,"[1, 1, 1]"
CONCOR,483,OK,OK,,"[1, 1, 1]"
CONCOR,484,OK,OK,,"[1, 1, 1]"
CONCOR,485,OK,OK,,"[1, 1, 1]"
CONCOR,486,OK,OK,,"[1, 2]"
CONCOR,487,OK,OK,,"[1, 1]"
CONCOR,488,OK,OK,,"[1, 1, 1]"
CONCOR,489,OK,OK,,"[1, 1, 1]"
CONCOR,490,OK,OK,,"[1, 1, 1]"
CONCOR,491,OK,OK,,"[1, 1, 1]"
CONCOR,492,OK,OK,,"[1, 1, 1]"
CONCOR,493,OK,OK,,"[1, 2]"
CONCOR,494,OK,OK,,"[1, 1]"
CONCOR,495,OK,OK,,"[1, 1, 1]"
CONCOR,496,OK,OK,,"[1, 1, 1]"
CONCOR,497,OK,OK,,"[1, 1, 1]"
CONCOR,498,OK,OK,,"[1, 1, 1]"
CONCOR,499,OK,OK,,"[1, 2]"
CONCOR,500,OK,OK,,"[1, 1]"
CONCOR,501,OK,OK,,"[1, 1]"
CONCOR,502,OK,OK,,"[1, 2]"
CONCOR,503,OK,OK,,"[1, 1, 1]"
CONCOR,504,OK,OK,,"[1, 1]"
CONCOR,505,OK,OK,,"[1, 1, 1]"
CONCOR,506,OK,OK,,"[1, 1, 1]"
CONCOR,507,OK,OK,,"[1, 1]"
CONCOR,508,OK,OK,,"[1, 1]"
CONCOR,509,OK,OK,,"[1, 2]"
CONCOR,510,OK,OK,,"[1, 1]"
CONCOR,511,OK,OK,,"[1, 1, 1]"
CONCOR,512,OK,OK,,"[1, 2]"
CONCOR,513,OK,OK,,"[1, 2]"
CONCOR,514,OK,OK,,"[1, 2]"
CONCOR,515,OK,OK,,"[1, 2]"
CONCOR,516,OK,OK,,"[1, 1, 1]"
CONCOR,517,OK,OK,,"[1, 1]"
CONCOR,518,OK,OK,,"[1, 2]"
CONCOR,519,OK,OK,,"[1, 2]"
CONCOR,520,OK,OK,,"[1, 2]"
CONCOR,521,OK,OK,,"[1, 2]"
CONCOR,522,OK,OK,,"[1, 2]"
CONCOR,523,OK,OK,,"[1, 1, 1]"
CONCOR,524,OK,OK,,"[1, 1, 1]"
CONCOR,525,OK,OK,,"[1, 2]"
CONCOR,526,OK,OK,,"[1, 1, 1]"
CONCOR,527,OK,OK,,"[1, 1]"
CONCOR,528,OK,OK,,"[1, 1]"
CONCOR,529,OK,OK,,"[1, 2]"
CONCOR,530,OK,OK,,"[1, 1]"
CONCOR,531,OK,OK,,"[1, 2]"
CONCOR,532,OK,OK,,"[1, 2]"
CONCOR,533,OK,OK,,"[1, 2]"
CONCOR,534,OK,OK,,"[1, 1]"
CONCOR,535,OK,OK,,"[1, 1, 1]"
CONCOR,536,OK,OK,,"[1, 2]"
CONCOR,537,OK,OK,,"[1, 2]"
CONCOR,538,OK,OK,,"[1, 1]"
CONCOR,539,OK,OK,,"[1, 1, 1]"
CONCOR,540,OK,OK,,"[1, 2]"
CONCOR,541,OK,OK,,"[1, 1]"
CONCOR,542,OK,OK,,"[1, 1]"
CONCOR,543,OK,OK,,"[1, 1, 1]"
CONCOR,544,OK,OK,,"[1, 2]"
CONCOR,545,OK,OK,,"[1, 1, 1]"
CONCOR,546,OK,OK,,"[1, 1, 1]"
CONCOR,547,OK,OK,,"[1, 2]"
CONCOR,548,OK,OK,,"[1, 1, 1]"
CONCOR,549,OK,OK,,"[1, 1, 1]"
CONCOR,550,OK,OK,,"[1, 1]"
CONCOR,551,OK,OK,,"[1, 1, 1]"
CONCOR,552,OK,OK,,"[1, 1, 1]"
CONCOR,553,OK,OK,,"[1, 1, 1]"
CONCOR,554,OK,OK,,"[1, 1]"
CONCOR,555,OK,OK,,"[1, 2]"
CONCOR,556,OK,OK,,"[1, 1, 1]"
CONCOR,557,OK,OK,,"[1, 1, 1]"
CONCOR,558,OK,OK,,"[1, 2]"
CONCOR,559,OK,OK,,"[1, 2]"
CONCOR,560,OK,OK,,"[1, 2]"
CONCOR,561,OK,OK,,"[1, 2]"
CONCOR,562,OK,OK,,"[1, 1, 1]"
CONCOR,563,OK,OK,,"[1, 1]"
CONCOR,564,OK,OK,,"[1, 1, 1]"
CONCOR,565,OK,OK,,"[1, 1, 1]"
CONCOR,566,OK,OK,,"[1, 1, 1]"
CONCOR,567,OK,OK,,"[1, 2]"
CONCOR,568,OK,OK,,"[1, 2]"
CONCOR,569,OK,OK,,"[1, 1, 1]"
CONCOR,570,OK,OK,,"[1, 2]"
CONCOR,571,OK,OK,,"[1, 1]"
CONCOR,572,OK,OK,,"[1, 1]"
CONCOR,573,OK,OK,,"[1, 2]"
CONCOR,574,OK,OK,,"[1, 1]"
CONCOR,575,OK,OK,,"[1, 1]"
CONCOR,576,OK,OK,,"[1, 1]"
CONCOR,577,OK,OK,,"[1, 1]"
CONCOR,578,OK,OK,,"[1, 1]"
CONCOR,579,OK,OK,,"[1, 1]"
CONCOR,580,OK,OK,,"[1, 1]"
CONCOR,581,OK,OK,,"[1, 1]"
CONCOR,582,OK,OK,,"[1, 1, 1]"
CONCOR,583,OK,OK,,"[1, 1, 1]"
CONCOR,584,OK,OK,,"[1, 2]"
CONCOR,585,OK,OK,,"[1, 2]"
CONCOR,586,OK,OK,,"[1, 2]"
CONCOR,587,OK,OK,,"[1, 2]"
CONCOR,588,OK,OK,,"[1, 1, 1]"
CONCOR,589,OK,OK,,"[1, 2]"
CONCOR,590,OK,OK,,"[1, 1, 1]"
CONCOR,591,OK,OK,,"[1, 1]"
CONCOR,592,OK,OK,,"[1, 1]"
CONCOR,593,OK,OK,,"[1, 1]"
CONCOR,594,OK,OK,,"[1, 2]"
CONCOR,595,OK,OK,,"[1, 1]"
CONCOR,596,OK,OK,,"[1, 1]"
CONCOR,597,OK,OK,,"[1, 1, 1]"
CONCOR,598,OK,OK,,"[1, 2]"
CONCOR,599,OK,OK,,"[1, 1, 1]"
CONCOR,600,OK,OK,,"[1, 1, 1]"
CONCOR,601,OK,OK,,"[1, 1, 1]"
CONCOR,602,OK,OK,,"[1, 1, 1]"
CONCOR,603,OK,OK,,"[1, 2]"
CONCOR,604,OK,OK,,"[1, 1]"
CONCOR,605,OK,OK,,"[1, 1]"
CONCOR,606,OK,OK,,"[1, 1]"
CONCOR,607,OK,OK,,"[1, 1]"
CONCOR,608,OK,OK,,"[1, 2]"
CONCOR,609,OK,OK,,"[1, 1, 1]"
CONCOR,610,OK,OK,,"[1, 1, 1]"
CONCOR,611,OK,OK,,"[1, 2]"
CONCOR,612,OK,OK,,"[1, 1, 1]"
CONCOR,613,OK,OK,,"[1, 2]"
CONCOR,614,OK,OK,,"[1, 1]"
CONCOR,615,OK,OK,,"[1, 1]"
CONCOR,616,OK,OK,,"[1, 1, 1]"
CONCOR,617,OK,OK,,"[1, 2]"
CONCOR,618,OK,OK,,"[1, 2]"
CONCOR,619,OK,OK,,"[1, 1, 1]"
CONCOR,620,OK,OK,,"[1, 2]"
CONCOR,621,OK,OK,,"[1, 1, 1]"
CONCOR,622,OK,OK,,"[1, 1]"
CONCOR,623,OK,OK,,"[1, 2]"
CONCOR,624,OK,OK,,"[1, 2]"
CONCOR,625,OK,OK,,"[1, 2]"
CONCOR,626,OK,OK,,"[1, 2]"
CONCOR,627,OK,OK,,"[1, 2]"
CONCOR,628,OK,OK,,"[1, 1]"
CONCOR,629,OK,OK,,"[1, 2]"
CONCOR,630,OK,OK,,"[1, 1]"
CONCOR,631,OK,OK,,"[1, 2]"
CONCOR,632,OK,OK,,"[1, 2]"
CONCOR,633,OK,OK,,"[1, 1]"
CONCOR,634,OK,OK,,"[1, 1, 1]"
CONCOR,635,OK,OK,,"[1, 1]"
CONCOR,636,OK,OK,,"[1, 1]"
CONCOR,637,OK,OK,,"[1, 2]"
CONCOR,638,OK,OK,,"[1, 1, 1]"
CONCOR,639,OK,OK,,"[1, 2]"
CONCOR,640,OK,OK,,"[1, 1]"
CONCOR,641,OK,OK,,"[1, 1, 1]"
CONCOR,642,OK,OK,,"[1, 1, 1]"
CONCOR,643,OK,OK,,"[1, 1, 1]"
CONCOR,644,OK,OK,,"[1, 1, 1]"
CONCOR,645,OK,OK,,"[1, 2]"
CONCOR,646,OK,OK,,"[1, 2]"
CONCOR,647,OK,OK,,"[1, 2]"
CONCOR,648,OK,OK,,"[1, 2]"
CONCOR,649,OK,OK,,"[1, 1]"
CONCOR,650,OK,OK,,"[1, 2]"
CONCOR,651,OK,OK,,"[1, 1, 1]"
CONCOR,652,OK,OK,,"[1, 1, 1]"
CONCOR,653,OK,OK,,"[1, 2]"
CONCOR,654,OK,OK,,"[1, 1]"
CONCOR,655,OK,OK,,"[1, 1, 1]"
CONCOR,656,OK,OK,,"[1, 2]"
CONCOR,657,OK,OK,,"[1, 2]"
CONCOR,658,OK,OK,,"[1, 1, 1]"
CONCOR,659,OK,OK,,"[1, 1, 1]"
CONCOR,660,OK,OK,,"[1, 2]"
CONCOR,661,OK,OK,,"[1, 1, 1]"
CONCOR,662,OK,OK,,"[1, 1, 1]"
CONCOR,663,OK,OK,,"[1, 1, 1]"
CONCOR,664,OK,OK,,"[1, 1, 1]"
CONCOR,665,OK,OK,,"[1, 1]"
CONCOR,666,OK,OK,,"[1, 1]"
CONCOR,667,OK,OK,,"[1, 1, 1]"
CONCOR,668,OK,OK,,"[1, 1, 1]"
CONCOR,669,OK,OK,,"[1, 1, 1]"
CONCOR,670,OK,OK,,"[1, 1]"
CONCOR,671,OK,OK,,"[1, 1]"
CONCOR,672,OK,OK,,"[1, 1]"
CONCOR,673,OK,OK,,"[1, 1]"
CONCOR,674,OK,OK,,"[1, 2]"
CONCOR,675,OK,OK,,"[1, 1, 1]"
CONCOR,676,OK,OK,,"[1, 2]"
CONCOR,677,OK,OK,,"[1, 2]"
CONCOR,678,OK,OK,,"[1, 1]"
CONCOR,679,OK,OK,,"[1, 2]"
CONCOR,680,OK,OK,,"[1, 1]"
CONCOR,681,OK,OK,,"[1, 1, 1]"
CONCOR,682,OK,OK,,"[1, 1, 1]"
CONCOR,683,OK,OK,,"[1, 1]"
CONCOR,684,OK,OK,,"[1, 2]"
CONCOR,685,OK,OK,,"[1, 2]"
CONCOR,686,OK,OK,,"[1, 2]"
CONCOR,687,OK,OK,,"[1, 1]"
CONCOR,688,OK,OK,,"[1, 1]"
CONCOR,689,OK,OK,,"[1, 1]"
CONCOR,690,OK,OK,,"[1, 1, 1]"
CONCOR,691,OK,OK,,"[1, 1]"
CONCOR,692,OK,OK,,"[1, 2]"
CONCOR,693,OK,OK,,"[1, 2]"
CONCOR,694,OK,OK,,"[1, 2]"
CONCOR,695,OK,OK,,"[1, 1]"
CONCOR,696,OK,OK,,"[1, 1, 1]"
CONCOR,697,OK,OK,,"[1, 1]"
CONCOR,698,OK,OK,,"[1, 1]"
CONCOR,699,OK,OK,,"[1, 1, 1]"
CONCOR,700,OK,OK,,"[1, 2]"
CONCOR,701,OK,OK,,"[1, 1]"
CONCOR,702,OK,OK,,"[1, 2]"
CONCOR,703,OK,OK,,"[1, 2]"
CONCOR,704,OK,OK,,"[1, 1]"
CONCOR,705,OK,OK,,"[1, 1]"
CONCOR,706,OK,OK,,"[1, 1, 1]"
CONCOR,707,OK,OK,,"[1, 1, 1]"
CONCOR,708,OK,OK,,"[1, 1, 1]"
CONCOR,709,OK,OK,,"[1, 2]"
CONCOR,710,OK,OK,,"[1, 2]"
CONCOR,711,OK,OK,,"[1, 1, 1]"
CONCOR,712,OK,OK,,"[1, 2]"
CONCOR,713,OK,OK,,"[1, 1, 1]"
CONCOR,714,OK,OK,,"[1, 1, 1]"
CONCOR,715,OK,OK,,"[1, 1, 1]"
CONCOR,716,OK,OK,,"[1, 1, 1]"
CONCOR,717,OK,OK,,"[1, 1, 1]"
CONCOR,718,OK,OK,,"[1, 1, 1]"
CONCOR,719,OK,OK,,"[1, 1]"
CONCOR,720,OK,OK,,"[1, 1]"
CONCOR,721,OK,OK,,"[1, 1, 1]"
CONCOR,722,OK,OK,,"[1, 1, 1]"
CONCOR,723,OK,OK,,"[1, 1, 1]"
CONCOR,724,OK,OK,,"[1, 1, 1]"
CONCOR,725,OK,OK,,"[1, 1]"
CONCOR,726,OK,OK,,"[1, 1, 1]"
CONCOR,727,OK,OK,,"[1, 1, 1]"
CONCOR,728,OK,OK,,"[1, 1, 1]"
CONCOR,729,OK,OK,,"[1, 1, 1]"
CONCOR,730,OK,OK,,"[1, 2]"
CONCOR,731,OK,OK,,"[1, 1, 1]"
CONCOR,732,OK,OK,,"[1, 1]"
CONCOR,733,OK,OK,,"[1, 1, 1]"
CONCOR,734,OK,OK,,"[1, 1, 1]"
CONCOR,735,OK,OK,,"[1, 2]"
CONCOR,736,OK,OK,,"[1, 1]"
CONCOR,737,OK,OK,,"[1, 2]"
CONCOR,738,OK,OK,,"[1, 2]"
CONCOR,739,OK,OK,,"[1, 1]"
CONCOR,740,OK,OK,,"[1, 1]"
CONCOR,741,OK,OK,,"[1, 1]"
CONCOR,742,OK,OK,,"[1, 2]"
CONCOR,743,OK,OK,,"[1, 2]"
CONCOR,744,OK,OK,,"[1, 2]"
CONCOR,745,OK,OK,,"[1, 2]"
CONCOR,746,OK,OK,,"[1, 1, 1]"
CONCOR,747,OK,OK,,"[1, 1]"
CONCOR,748,OK,OK,,"[1, 1]"
CONCOR,749,OK,OK,,"[1, 1]"
CONCOR,750,OK,OK,,"[1, 1, 1]"
CONCOR,751,OK,OK,,"[1, 1]"
CONCOR,752,OK,OK,,"[1, 1, 1]"
CONCOR,753,OK,OK,,"[1, 1]"
CONCOR,754,OK,OK,,"[1, 1]"
CONCOR,755,OK,OK,,"[1, 1]"
CONCOR,756,OK,OK,,"[1, 1, 1]"
CONCOR,757,OK,OK,,"[1, 2]"
CONCOR,758,OK,OK,,"[1, 1]"
CONCOR,759,OK,OK,,"[1, 1]"
CONCOR,760,OK,OK,,"[1, 1]"
CONCOR,761,OK,OK,,"[1, 1, 1]"
CONCOR,762,OK,OK,,"[1, 1, 1]"
CONCOR,763,OK,OK,,"[1, 1]"
CONCOR,764,OK,OK,,"[1, 1]"
CONCOR,765,OK,OK,,"[1, 1]"
CONCOR,766,OK,OK,,"[1, 1, 1]"
CONCOR,767,OK,OK,,"[1, 1]"
CONCOR,768,OK,OK,,"[1, 1]"
CONCOR,769,OK,OK,,"[1, 1, 1]"
CONCOR,770,OK,OK,,"[1, 1]"
CONCOR,771,OK,OK,,"[1, 2]"
CONCOR,772,OK,OK,,"[1, 2]"
CONCOR,773,OK,OK,,"[1, 2]"
CONCOR,774,OK,OK,,"[1, 2]"
CONCOR,775,OK,OK,,"[1, 1, 1]"
CONCOR,776,OK,OK,,"[1, 2]"
CONCOR,777,OK,OK,,"[1, 1]"
CONCOR,778,OK,OK,,"[1, 1, 1]"
CONCOR,779,OK,OK,,"[1, 2]"
CONCOR,780,OK,OK,,"[1, 1, 1]"
CONCOR,781,OK,OK,,"[1, 1, 1]"
CONCOR,782,OK,OK,,"[1, 1, 1]"
CONCOR,783,OK,OK,,"[1, 2]"
CONCOR,784,OK,OK,,"[1, 1]"
CONCOR,785,OK,OK,,"[1, 1, 1]"
CONCOR,786,OK,OK,,"[1, 1, 1]"
CONCOR,787,OK,OK,,"[1, 1]"
CONCOR,788,OK,OK,,"[1, 1]"
CONCOR,789,OK,OK,,"[1, 1]"
CONCOR,790,OK,OK,,"[1, 1]"
CONCOR,791,OK,OK,,"[1, 1]"
CONCOR,792,OK,OK,,"[1, 2]"
CONCOR,793,OK,OK,,"[1, 1]"
CONCOR,794,OK,OK,,"[1, 1]"
CONCOR,795,OK,OK,,"[1, 2]"
CONCOR,796,OK,OK,,"[1, 1]"
CONCOR,797,OK,OK,,"[1, 1, 1]"
CONCOR,798,OK,OK,,"[1, 1]"
CONCOR,799,OK,OK,,"[1, 1]"
CONCOR,800,OK,OK,,"[1, 2]"
CONCOR,801,OK,OK,,"[1, 1]"
CONCOR,802,OK,OK,,"[1, 2]"
CONCOR,803,OK,OK,,"[1, 2]"
CONCOR,804,OK,OK,,"[1, 1]"
CONCOR,805,OK,OK,,"[1, 1, 1]"
CONCOR,806,OK,OK,,"[1, 1, 1]"
CONCOR,807,OK,OK,,"[1, 1, 1]"
CONCOR,808,OK,OK,,"[1, 2]"
CONCOR,809,OK,OK,,"[1, 1, 1]"
CONCOR,810,OK,OK,,"[1, 2]"
CONCOR,811,OK,OK,,"[1, 2]"
CONCOR,812,OK,OK,,"[1, 2]"
CONCOR,813,OK,OK,,"[1, 2]"
CONCOR,814,OK,OK,,"[1, 1]"
CONCOR,815,OK,OK,,"[1, 1]"
CONCOR,816,OK,OK,,"[1, 1]"
CONCOR,817,OK,OK,,"[1, 1]"
CONCOR,818,OK,OK,,"[1, 1]"
CONCOR,819,OK,OK,,"[1, 1, 1]"
CONCOR,820,OK,OK,,"[1, 1]"
CONCOR,821,OK,OK,,"[1, 1, 1]"
CONCOR,822,OK,OK,,"[1, 2]"
CONCOR,823,OK,OK,,"[1, 1]"
CONCOR,824,OK,OK,,"[1, 1]"
CONCOR,825,OK,OK,,"[1, 1]"
CONCOR,826,OK,OK,,"[1, 1]"
CONCOR,827,OK,OK,,"[1, 1]"
CONCOR,828,OK,OK,,"[1, 1, 1]"
CONCOR,829,OK,OK,,"[1, 1]"
CONCOR,830,OK,OK,,"[1, 2]"
CONCOR,831,OK,OK,,"[1, 2]"
CONCOR,832,OK,OK,,"[1, 2]"
CONCOR,833,OK,OK,,"[1, 1, 1]"
CONCOR,834,OK,OK,,"[1, 1, 1]"
CONCOR,835,OK,OK,,"[1, 1, 1]"
CONCOR,836,OK,OK,,"[1, 2]"
CONCOR,837,OK,OK,,"[1, 2]"
CONCOR,838,OK,OK,,"[1, 1, 1]"
CONCOR,839,OK,OK,,"[1, 2]"
CONCOR,840,OK,OK,,"[1, 2]"
CONCOR,841,OK,OK,,"[1, 2]"
CONCOR,842,OK,OK,,"[1, 1, 1]"
CONCOR,843,OK,OK,,"[1, 2]"
CONCOR,844,OK,OK,,"[1, 2]"
CONCOR,845,OK,OK,,"[1, 1, 1]"
CONCOR,846,OK,OK,,"[1, 2]"
CONCOR,847,OK,OK,,"[1, 1]"
CONCOR,848,OK,OK,,"[1, 1]"
CONCOR,849,OK,OK,,"[1, 2]"
CONCOR,850,OK,OK,,"[1, 1]"
CONCOR,851,OK,OK,,"[1, 1, 1]"
CONCOR,852,OK,OK,,"[1, 1, 1]"
CONCOR,853,OK,OK,,"[1, 1, 1]"
CONCOR,854,OK,OK,,"[1, 1, 1]"
CONCOR,855,OK,OK,,"[1, 1, 1]"
CONCOR,856,OK,OK,,"[1, 1, 1]"
CONCOR,857,OK,OK,,"[1, 1]"
CONCOR,858,OK,OK,,"[1, 1]"
CONCOR,859,OK,OK,,"[1, 2]"
CONCOR,860,OK,OK,,"[1, 2]"
CONCOR,861,OK,OK,,"[1, 1, 1]"
CONCOR,862,OK,OK,,"[1, 1, 1]"
CONCOR,863,OK,OK,,"[1, 1]"
CONCOR,864,OK,OK,,"[1, 2]"
CONCOR,865,OK,OK,,"[1, 1, 1]"
CONCOR,866,OK,OK,,"[1, 1]"
CONCOR,867,OK,OK,,"[1, 1]"
CONCOR,868,OK,OK,,"[1, 1]"
CONCOR,869,OK,OK,,"[1, 1]"
CONCOR,870,OK,OK,,"[1, 1]"
CONCOR,871,OK,OK,,"[1, 1]"
CONCOR,872,OK,OK,,"[1, 1]"
CONCOR,873,OK,OK,,"[1, 1]"
CONCOR,874,OK,OK,,"[1, 2]"
CONCOR,875,OK,OK,,"[1, 1, 1]"
CONCOR,876,OK,OK,,"[1, 1, 1]"
CONCOR,877,OK,OK,,"[1, 1, 1]"
CONCOR,878,OK,OK,,"[1, 1, 1]"
CONCOR,879,OK,OK,,"[1, 1]"
CONCOR,880,OK,OK,,"[1, 1, 1]"
CONCOR,881,OK,OK,,"[1, 1, 1]"
CONCOR,882,OK,OK,,"[1, 1, 1]"
CONCOR,883,OK,OK,,"[1, 1]"
CONCOR,884,OK,OK,,"[1, 1]"
CONCOR,885,OK,OK,,"[1, 1]"
CONCOR,886,OK,OK,,"[1, 2]"
CONCOR,887,OK,OK,,"[1, 2]"
CONCOR,888,OK,OK,,"[1, 2]"
CONCOR,889,OK,OK,,"[1, 2]"
CONCOR,890,OK,OK,,"[1, 1, 1]"
CONCOR,891,OK,OK,,"[1, 2]"
CONCOR,892,OK,OK,,"[1, 1]"
CONCOR,893,OK,OK,,"[1, 1]"
CONCOR,894,OK,OK,,"[1, 1]"
CONCOR,895,OK,OK,,"[1, 1]"
CONCOR,896,OK,OK,,"[1, 2]"
CONCOR,897,OK,OK,,"[1, 1, 1]"
CONCOR,898,OK,OK,,"[1, 1]"
CONCOR,899,OK,OK,,"[1, 2]"
CONCOR,900,OK,OK,,"[1, 1]"
CONCOR,901,OK,OK,,"[1, 1, 1]"
CONCOR,902,OK,OK,,"[1, 1, 1]"
CONCOR,903,OK,OK,,"[1, 1, 1]"
CONCOR,904,OK,OK,,"[1, 2]"
CONCOR,905,OK,OK,,"[1, 2]"
CONCOR,906,OK,OK,,"[1, 1, 1]"
CONCOR,907,OK,OK,,"[1, 1]"
CONCOR,908,OK,OK,,"[1, 1, 1]"
CONCOR,909,OK,OK,,"[1, 1]"
CONCOR,910,OK,OK,,"[1, 2]"
CONCOR,911,OK,OK,,"[1, 2]"
CONCOR,912,OK,OK,,"[1, 2]"
CONCOR,913,OK,OK,,"[1, 1, 1]"
CONCOR,914,OK,OK,,"[1, 1]"
CONCOR,915,OK,OK,,"[1, 1, 1]"
CONCOR,916,OK,OK,,"[1, 1]"
CONCOR,917,OK,OK,,"[1, 2]"
CONCOR,918,OK,OK,,"[1, 1]"
CONCOR,919,OK,OK,,"[1, 2]"
CONCOR,920,OK,OK,,"[1, 1, 1]"
CONCOR,921,OK,OK,,"[1, 2]"
CONCOR,922,OK,OK,,"[1, 1]"
CONCOR,923,OK,OK,,"[1, 2]"
CONCOR,924,OK,OK,,"[1, 1]"
CONCOR,925,OK,OK,,"[1, 1]"
CONCOR,926,OK,OK,,"[1, 2]"
CONCOR,927,OK,OK,,"[1, 1]"
CONCOR,928,OK,OK,,"[1, 1, 1]"
CONCOR,929,OK,OK,,"[1, 1]"
CONCOR,930,OK,OK,,"[1, 1, 1]"
CONCOR,931,OK,OK,,"[1, 1]"
CONCOR,932,OK,OK,,"[1, 2]"
CONCOR,933,OK,OK,,"[1, 1, 1]"
CONCOR,934,OK,OK,,"[1, 1, 1]"
CONCOR,935,OK,OK,,"[1, 1]"
CONCOR,936,OK,OK,,"[1, 1, 1]"
CONCOR,937,OK,OK,,"[1, 2]"
CONCOR,938,OK,OK,,"[1, 2]"
CONCOR,939,OK,OK,,"[1, 1]"
CONCOR,940,OK,OK,,"[1, 1]"
CONCOR,941,OK,OK,,"[1, 1, 1]"
CONCOR,942,OK,OK,,"[1, 1]"
CONCOR,943,OK,OK,,"[1, 2]"
CONCOR,944,OK,OK,,"[1, 1]"
CONCOR,945,OK,OK,,"[1, 2]"
CONCOR,946,OK,OK,,"[1, 1, 1]"
CONCOR,947,OK,OK,,"[1, 1]"
CONCOR,948,OK,OK,,"[1, 1, 1]"
CONCOR,949,OK,OK,,"[1, 1, 1]"
CONCOR,950,OK,OK,,"[1, 1]"
CONCOR,951,OK,OK,,"[1, 1, 1]"
CONCOR,952,OK,OK,,"[1, 1]"
CONCOR,953,OK,OK,,"[1, 1, 1]"
CONCOR,954,OK,OK,,"[1, 1]"
CONCOR,955,OK,OK,,"[1, 1]"
CONCOR,956,OK,OK,,"[1, 1]"
CONCOR,957,OK,OK,,"[1, 1, 1]"
CONCOR,958,OK,OK,,"[1, 1, 1]"
CONCOR,959,OK,OK,,"[1, 2]"
CONCOR,960,OK,OK,,"[1, 1]"
CONCOR,961,OK,OK,,"[1, 2]"
CONCOR,962,OK,OK,,"[1, 2]"
CONCOR,963,OK,OK,,"[1, 2]"
CONCOR,964,OK,OK,,"[1, 2]"
CONCOR,965,OK,OK,,"[1, 2]"
CONCOR,966,OK,OK,,"[1, 2]"
CONCOR,967,OK,OK,,"[1, 2]"
CONCOR,968,OK,OK,,"[1, 1, 1]"
CONCOR,969,OK,OK,,"[1, 1, 1]"
CONCOR,970,OK,OK,,"[1, 1, 1]"
CONCOR,971,OK,OK,,"[1, 1]"
CONCOR,972,OK,OK,,"[1, 2]"
CONCOR,973,OK,OK,,"[1, 2]"
CONCOR,974,OK,OK,,"[1, 1, 1]"
CONCOR,975,OK,OK,,"[1, 2]"
CONCOR,976,OK,OK,,"[1, 2]"
CONCOR,977,OK,OK,,"[1, 1, 1]"
CONCOR,978,OK,OK,,"[1, 1, 1]"
CONCOR,979,OK,OK,,"[1, 1]"
CONCOR,980,OK,OK,,"[1, 1, 1]"
CONCOR,981,OK,OK,,"[1, 1, 1]"
CONCOR,982,OK,OK,,"[1, 1, 1]"
CONCOR,983,OK,OK,,"[1, 1, 1]"
CONCOR,984,OK,OK,,"[1, 2]"
CONCOR,985,OK,OK,,"[1, 1, 1]"
CONCOR,986,OK,OK,,"[1, 1, 1]"
CONCOR,987,OK,OK,,"[1, 1, 1]"
CONCOR,988,OK,OK,,"[1, 1, 1]"
CONCOR,989,OK,OK,,"[1, 1, 1]"
CONCOR,990,OK,OK,,"[1, 2]"
CONCOR,991,OK,OK,,"[1, 2]"
CONCOR,992,OK,OK,,"[1, 1]"
CONCOR,993,OK,OK,,"[1, 1, 1]"
CONCOR,994,OK,OK,,"[1, 1, 1]"
CONCOR,995,OK,OK,,"[1, 2]"
CONCOR,996,OK,OK,,"[1, 1, 1]"
CONCOR,997,OK,OK,,"[1, 1, 1]"
CONCOR,998,OK,OK,,"[1, 1, 1]"
CONCOR,999,OK,OK,,"[1, 1, 1]"
